ISO-10303-21;
HEADER;
FILE_DESCRIPTION((''),'2;1');
FILE_NAME('C-2118718-2','2017-02-27T',('workeradm'),('Tyco Electronics Ltd.'),
'CREO PARAMETRIC BY PTC INC, 2016050','CREO PARAMETRIC BY PTC INC, 2016050','');
FILE_SCHEMA(('AUTOMOTIVE_DESIGN { 1 0 10303 214 1 1 1 1 }'));
ENDSEC;
DATA;
#134=DIRECTION('',(1.E0,0.E0,0.E0));
#135=VECTOR('',#134,2.E-1);
#136=CARTESIAN_POINT('',(-1.3105E1,1.5E0,0.E0));
#137=LINE('',#136,#135);
#138=DIRECTION('',(0.E0,-1.E0,0.E0));
#139=VECTOR('',#138,3.E0);
#140=CARTESIAN_POINT('',(-1.2905E1,1.5E0,0.E0));
#141=LINE('',#140,#139);
#142=DIRECTION('',(1.E0,0.E0,0.E0));
#143=VECTOR('',#142,2.E-1);
#144=CARTESIAN_POINT('',(-1.3105E1,-1.5E0,0.E0));
#145=LINE('',#144,#143);
#146=DIRECTION('',(0.E0,-1.E0,0.E0));
#147=VECTOR('',#146,3.E0);
#148=CARTESIAN_POINT('',(-1.3105E1,1.5E0,0.E0));
#149=LINE('',#148,#147);
#150=DIRECTION('',(1.E0,0.E0,0.E0));
#151=VECTOR('',#150,2.E-1);
#152=CARTESIAN_POINT('',(-1.3105E1,1.05E1,0.E0));
#153=LINE('',#152,#151);
#154=DIRECTION('',(0.E0,-1.E0,0.E0));
#155=VECTOR('',#154,2.605E0);
#156=CARTESIAN_POINT('',(-1.3105E1,1.3105E1,0.E0));
#157=LINE('',#156,#155);
#158=DIRECTION('',(-1.E0,0.E0,0.E0));
#159=VECTOR('',#158,2.605E0);
#160=CARTESIAN_POINT('',(-1.05E1,1.3105E1,0.E0));
#161=LINE('',#160,#159);
#162=DIRECTION('',(0.E0,-1.E0,0.E0));
#163=VECTOR('',#162,2.E-1);
#164=CARTESIAN_POINT('',(-1.05E1,1.3105E1,0.E0));
#165=LINE('',#164,#163);
#166=DIRECTION('',(-1.E0,0.E0,0.E0));
#167=VECTOR('',#166,2.405E0);
#168=CARTESIAN_POINT('',(-1.05E1,1.2905E1,0.E0));
#169=LINE('',#168,#167);
#170=DIRECTION('',(0.E0,-1.E0,0.E0));
#171=VECTOR('',#170,2.405E0);
#172=CARTESIAN_POINT('',(-1.2905E1,1.2905E1,0.E0));
#173=LINE('',#172,#171);
#174=DIRECTION('',(1.E0,0.E0,0.E0));
#175=VECTOR('',#174,2.E-1);
#176=CARTESIAN_POINT('',(-1.3105E1,-1.05E1,0.E0));
#177=LINE('',#176,#175);
#178=DIRECTION('',(0.E0,-1.E0,0.E0));
#179=VECTOR('',#178,2.405E0);
#180=CARTESIAN_POINT('',(-1.2905E1,-1.05E1,0.E0));
#181=LINE('',#180,#179);
#182=DIRECTION('',(1.E0,0.E0,0.E0));
#183=VECTOR('',#182,2.405E0);
#184=CARTESIAN_POINT('',(-1.2905E1,-1.2905E1,0.E0));
#185=LINE('',#184,#183);
#186=DIRECTION('',(0.E0,1.E0,0.E0));
#187=VECTOR('',#186,2.E-1);
#188=CARTESIAN_POINT('',(-1.05E1,-1.3105E1,0.E0));
#189=LINE('',#188,#187);
#190=DIRECTION('',(1.E0,0.E0,0.E0));
#191=VECTOR('',#190,2.605E0);
#192=CARTESIAN_POINT('',(-1.3105E1,-1.3105E1,0.E0));
#193=LINE('',#192,#191);
#194=DIRECTION('',(0.E0,-1.E0,0.E0));
#195=VECTOR('',#194,2.605E0);
#196=CARTESIAN_POINT('',(-1.3105E1,-1.05E1,0.E0));
#197=LINE('',#196,#195);
#198=DIRECTION('',(-1.E0,0.E0,0.E0));
#199=VECTOR('',#198,2.E-1);
#200=CARTESIAN_POINT('',(1.3105E1,1.05E1,0.E0));
#201=LINE('',#200,#199);
#202=DIRECTION('',(0.E0,1.E0,0.E0));
#203=VECTOR('',#202,2.405E0);
#204=CARTESIAN_POINT('',(1.2905E1,1.05E1,0.E0));
#205=LINE('',#204,#203);
#206=DIRECTION('',(-1.E0,0.E0,0.E0));
#207=VECTOR('',#206,2.405E0);
#208=CARTESIAN_POINT('',(1.2905E1,1.2905E1,0.E0));
#209=LINE('',#208,#207);
#210=DIRECTION('',(0.E0,-1.E0,0.E0));
#211=VECTOR('',#210,2.E-1);
#212=CARTESIAN_POINT('',(1.05E1,1.3105E1,0.E0));
#213=LINE('',#212,#211);
#214=DIRECTION('',(-1.E0,0.E0,0.E0));
#215=VECTOR('',#214,2.605E0);
#216=CARTESIAN_POINT('',(1.3105E1,1.3105E1,0.E0));
#217=LINE('',#216,#215);
#218=DIRECTION('',(0.E0,1.E0,0.E0));
#219=VECTOR('',#218,2.605E0);
#220=CARTESIAN_POINT('',(1.3105E1,1.05E1,0.E0));
#221=LINE('',#220,#219);
#222=DIRECTION('',(-1.E0,0.E0,0.E0));
#223=VECTOR('',#222,2.E-1);
#224=CARTESIAN_POINT('',(1.3105E1,1.5E0,0.E0));
#225=LINE('',#224,#223);
#226=DIRECTION('',(0.E0,1.E0,0.E0));
#227=VECTOR('',#226,3.E0);
#228=CARTESIAN_POINT('',(1.3105E1,-1.5E0,0.E0));
#229=LINE('',#228,#227);
#230=DIRECTION('',(-1.E0,0.E0,0.E0));
#231=VECTOR('',#230,2.E-1);
#232=CARTESIAN_POINT('',(1.3105E1,-1.5E0,0.E0));
#233=LINE('',#232,#231);
#234=DIRECTION('',(0.E0,1.E0,0.E0));
#235=VECTOR('',#234,3.E0);
#236=CARTESIAN_POINT('',(1.2905E1,-1.5E0,0.E0));
#237=LINE('',#236,#235);
#238=DIRECTION('',(-1.E0,0.E0,0.E0));
#239=VECTOR('',#238,2.E-1);
#240=CARTESIAN_POINT('',(1.3105E1,-1.05E1,0.E0));
#241=LINE('',#240,#239);
#242=DIRECTION('',(0.E0,1.E0,0.E0));
#243=VECTOR('',#242,2.605E0);
#244=CARTESIAN_POINT('',(1.3105E1,-1.3105E1,0.E0));
#245=LINE('',#244,#243);
#246=DIRECTION('',(1.E0,0.E0,0.E0));
#247=VECTOR('',#246,2.605E0);
#248=CARTESIAN_POINT('',(1.05E1,-1.3105E1,0.E0));
#249=LINE('',#248,#247);
#250=DIRECTION('',(0.E0,1.E0,0.E0));
#251=VECTOR('',#250,2.E-1);
#252=CARTESIAN_POINT('',(1.05E1,-1.3105E1,0.E0));
#253=LINE('',#252,#251);
#254=DIRECTION('',(1.E0,0.E0,0.E0));
#255=VECTOR('',#254,2.405E0);
#256=CARTESIAN_POINT('',(1.05E1,-1.2905E1,0.E0));
#257=LINE('',#256,#255);
#258=DIRECTION('',(0.E0,1.E0,0.E0));
#259=VECTOR('',#258,2.405E0);
#260=CARTESIAN_POINT('',(1.2905E1,-1.2905E1,0.E0));
#261=LINE('',#260,#259);
#262=DIRECTION('',(0.E0,-1.E0,0.E0));
#263=VECTOR('',#262,2.E-1);
#264=CARTESIAN_POINT('',(-1.5E0,1.3105E1,0.E0));
#265=LINE('',#264,#263);
#266=DIRECTION('',(-1.E0,0.E0,0.E0));
#267=VECTOR('',#266,3.E0);
#268=CARTESIAN_POINT('',(1.5E0,1.3105E1,0.E0));
#269=LINE('',#268,#267);
#270=DIRECTION('',(0.E0,-1.E0,0.E0));
#271=VECTOR('',#270,2.E-1);
#272=CARTESIAN_POINT('',(1.5E0,1.3105E1,0.E0));
#273=LINE('',#272,#271);
#274=DIRECTION('',(-1.E0,0.E0,0.E0));
#275=VECTOR('',#274,3.E0);
#276=CARTESIAN_POINT('',(1.5E0,1.2905E1,0.E0));
#277=LINE('',#276,#275);
#278=DIRECTION('',(0.E0,1.E0,0.E0));
#279=VECTOR('',#278,2.E-1);
#280=CARTESIAN_POINT('',(-1.5E0,-1.3105E1,0.E0));
#281=LINE('',#280,#279);
#282=DIRECTION('',(1.E0,0.E0,0.E0));
#283=VECTOR('',#282,3.E0);
#284=CARTESIAN_POINT('',(-1.5E0,-1.2905E1,0.E0));
#285=LINE('',#284,#283);
#286=DIRECTION('',(0.E0,1.E0,0.E0));
#287=VECTOR('',#286,2.E-1);
#288=CARTESIAN_POINT('',(1.5E0,-1.3105E1,0.E0));
#289=LINE('',#288,#287);
#290=DIRECTION('',(1.E0,0.E0,0.E0));
#291=VECTOR('',#290,3.E0);
#292=CARTESIAN_POINT('',(-1.5E0,-1.3105E1,0.E0));
#293=LINE('',#292,#291);
#294=DIRECTION('',(0.E0,-1.E0,0.E0));
#295=VECTOR('',#294,3.E0);
#296=CARTESIAN_POINT('',(-1.3105E1,7.5E0,0.E0));
#297=LINE('',#296,#295);
#298=DIRECTION('',(1.E0,0.E0,0.E0));
#299=VECTOR('',#298,2.E-1);
#300=CARTESIAN_POINT('',(-1.3105E1,7.5E0,0.E0));
#301=LINE('',#300,#299);
#302=DIRECTION('',(0.E0,-1.E0,0.E0));
#303=VECTOR('',#302,3.E0);
#304=CARTESIAN_POINT('',(-1.2905E1,7.5E0,0.E0));
#305=LINE('',#304,#303);
#306=DIRECTION('',(1.E0,0.E0,0.E0));
#307=VECTOR('',#306,2.E-1);
#308=CARTESIAN_POINT('',(-1.3105E1,4.5E0,0.E0));
#309=LINE('',#308,#307);
#310=DIRECTION('',(1.E0,0.E0,0.E0));
#311=VECTOR('',#310,3.E0);
#312=CARTESIAN_POINT('',(-7.5E0,-1.3105E1,0.E0));
#313=LINE('',#312,#311);
#314=DIRECTION('',(0.E0,1.E0,0.E0));
#315=VECTOR('',#314,2.E-1);
#316=CARTESIAN_POINT('',(-7.5E0,-1.3105E1,0.E0));
#317=LINE('',#316,#315);
#318=DIRECTION('',(1.E0,0.E0,0.E0));
#319=VECTOR('',#318,3.E0);
#320=CARTESIAN_POINT('',(-7.5E0,-1.2905E1,0.E0));
#321=LINE('',#320,#319);
#322=DIRECTION('',(0.E0,1.E0,0.E0));
#323=VECTOR('',#322,2.E-1);
#324=CARTESIAN_POINT('',(-4.5E0,-1.3105E1,0.E0));
#325=LINE('',#324,#323);
#326=DIRECTION('',(0.E0,1.E0,0.E0));
#327=VECTOR('',#326,3.E0);
#328=CARTESIAN_POINT('',(1.3105E1,-7.5E0,0.E0));
#329=LINE('',#328,#327);
#330=DIRECTION('',(-1.E0,0.E0,0.E0));
#331=VECTOR('',#330,2.E-1);
#332=CARTESIAN_POINT('',(1.3105E1,-7.5E0,0.E0));
#333=LINE('',#332,#331);
#334=DIRECTION('',(0.E0,1.E0,0.E0));
#335=VECTOR('',#334,3.E0);
#336=CARTESIAN_POINT('',(1.2905E1,-7.5E0,0.E0));
#337=LINE('',#336,#335);
#338=DIRECTION('',(-1.E0,0.E0,0.E0));
#339=VECTOR('',#338,2.E-1);
#340=CARTESIAN_POINT('',(1.3105E1,-4.5E0,0.E0));
#341=LINE('',#340,#339);
#342=DIRECTION('',(-1.E0,0.E0,0.E0));
#343=VECTOR('',#342,3.E0);
#344=CARTESIAN_POINT('',(7.5E0,1.3105E1,0.E0));
#345=LINE('',#344,#343);
#346=DIRECTION('',(0.E0,-1.E0,0.E0));
#347=VECTOR('',#346,2.E-1);
#348=CARTESIAN_POINT('',(7.5E0,1.3105E1,0.E0));
#349=LINE('',#348,#347);
#350=DIRECTION('',(-1.E0,0.E0,0.E0));
#351=VECTOR('',#350,3.E0);
#352=CARTESIAN_POINT('',(7.5E0,1.2905E1,0.E0));
#353=LINE('',#352,#351);
#354=DIRECTION('',(0.E0,-1.E0,0.E0));
#355=VECTOR('',#354,2.E-1);
#356=CARTESIAN_POINT('',(4.5E0,1.3105E1,0.E0));
#357=LINE('',#356,#355);
#358=DIRECTION('',(1.E0,0.E0,0.E0));
#359=VECTOR('',#358,2.E-1);
#360=CARTESIAN_POINT('',(-1.3105E1,-7.5E0,0.E0));
#361=LINE('',#360,#359);
#362=DIRECTION('',(0.E0,-1.E0,0.E0));
#363=VECTOR('',#362,3.E0);
#364=CARTESIAN_POINT('',(-1.3105E1,-4.5E0,0.E0));
#365=LINE('',#364,#363);
#366=DIRECTION('',(1.E0,0.E0,0.E0));
#367=VECTOR('',#366,2.E-1);
#368=CARTESIAN_POINT('',(-1.3105E1,-4.5E0,0.E0));
#369=LINE('',#368,#367);
#370=DIRECTION('',(0.E0,-1.E0,0.E0));
#371=VECTOR('',#370,3.E0);
#372=CARTESIAN_POINT('',(-1.2905E1,-4.5E0,0.E0));
#373=LINE('',#372,#371);
#374=DIRECTION('',(-1.E0,0.E0,0.E0));
#375=VECTOR('',#374,2.E-1);
#376=CARTESIAN_POINT('',(1.3105E1,7.5E0,0.E0));
#377=LINE('',#376,#375);
#378=DIRECTION('',(0.E0,1.E0,0.E0));
#379=VECTOR('',#378,3.E0);
#380=CARTESIAN_POINT('',(1.3105E1,4.5E0,0.E0));
#381=LINE('',#380,#379);
#382=DIRECTION('',(-1.E0,0.E0,0.E0));
#383=VECTOR('',#382,2.E-1);
#384=CARTESIAN_POINT('',(1.3105E1,4.5E0,0.E0));
#385=LINE('',#384,#383);
#386=DIRECTION('',(0.E0,1.E0,0.E0));
#387=VECTOR('',#386,3.E0);
#388=CARTESIAN_POINT('',(1.2905E1,4.5E0,0.E0));
#389=LINE('',#388,#387);
#390=DIRECTION('',(0.E0,-1.E0,0.E0));
#391=VECTOR('',#390,2.E-1);
#392=CARTESIAN_POINT('',(-7.5E0,1.3105E1,0.E0));
#393=LINE('',#392,#391);
#394=DIRECTION('',(-1.E0,0.E0,0.E0));
#395=VECTOR('',#394,3.E0);
#396=CARTESIAN_POINT('',(-4.5E0,1.3105E1,0.E0));
#397=LINE('',#396,#395);
#398=DIRECTION('',(0.E0,-1.E0,0.E0));
#399=VECTOR('',#398,2.E-1);
#400=CARTESIAN_POINT('',(-4.5E0,1.3105E1,0.E0));
#401=LINE('',#400,#399);
#402=DIRECTION('',(-1.E0,0.E0,0.E0));
#403=VECTOR('',#402,3.E0);
#404=CARTESIAN_POINT('',(-4.5E0,1.2905E1,0.E0));
#405=LINE('',#404,#403);
#406=DIRECTION('',(0.E0,1.E0,0.E0));
#407=VECTOR('',#406,2.E-1);
#408=CARTESIAN_POINT('',(7.5E0,-1.3105E1,0.E0));
#409=LINE('',#408,#407);
#410=DIRECTION('',(1.E0,0.E0,0.E0));
#411=VECTOR('',#410,3.E0);
#412=CARTESIAN_POINT('',(4.5E0,-1.3105E1,0.E0));
#413=LINE('',#412,#411);
#414=DIRECTION('',(0.E0,1.E0,0.E0));
#415=VECTOR('',#414,2.E-1);
#416=CARTESIAN_POINT('',(4.5E0,-1.3105E1,0.E0));
#417=LINE('',#416,#415);
#418=DIRECTION('',(1.E0,0.E0,0.E0));
#419=VECTOR('',#418,3.E0);
#420=CARTESIAN_POINT('',(4.5E0,-1.2905E1,0.E0));
#421=LINE('',#420,#419);
#422=CARTESIAN_POINT('',(-1.3105E1,2.E-1,-3.98E0));
#423=DIRECTION('',(1.E0,0.E0,0.E0));
#424=DIRECTION('',(0.E0,0.E0,-1.E0));
#425=AXIS2_PLACEMENT_3D('',#422,#423,#424);
#427=DIRECTION('',(0.E0,1.E0,0.E0));
#428=VECTOR('',#427,4.E-1);
#429=CARTESIAN_POINT('',(-1.3105E1,-2.E-1,-4.33E0));
#430=LINE('',#429,#428);
#431=CARTESIAN_POINT('',(-1.3105E1,-2.E-1,-3.98E0));
#432=DIRECTION('',(1.E0,0.E0,0.E0));
#433=DIRECTION('',(0.E0,2.823138548333E-14,1.E0));
#434=AXIS2_PLACEMENT_3D('',#431,#432,#433);
#436=DIRECTION('',(0.E0,-1.E0,0.E0));
#437=VECTOR('',#436,4.E-1);
#438=CARTESIAN_POINT('',(-1.3105E1,2.E-1,-3.63E0));
#439=LINE('',#438,#437);
#440=DIRECTION('',(0.E0,1.E0,0.E0));
#441=VECTOR('',#440,2.509533054239E1);
#442=CARTESIAN_POINT('',(-1.3105E1,-1.254766527120E1,-4.78E0));
#443=LINE('',#442,#441);
#444=DIRECTION('',(0.E0,-1.E0,0.E0));
#445=VECTOR('',#444,3.35355E-1);
#446=CARTESIAN_POINT('',(-1.3105E1,1.3105E1,-4.645E0));
#447=LINE('',#446,#445);
#448=DIRECTION('',(0.E0,0.E0,-1.E0));
#449=VECTOR('',#448,4.645E0);
#450=CARTESIAN_POINT('',(-1.3105E1,1.3105E1,0.E0));
#451=LINE('',#450,#449);
#452=DIRECTION('',(0.E0,0.E0,-1.E0));
#453=VECTOR('',#452,5.E-1);
#454=CARTESIAN_POINT('',(-1.3105E1,1.05E1,0.E0));
#455=LINE('',#454,#453);
#456=DIRECTION('',(0.E0,-1.E0,0.E0));
#457=VECTOR('',#456,3.E0);
#458=CARTESIAN_POINT('',(-1.3105E1,1.05E1,-5.E-1));
#459=LINE('',#458,#457);
#460=DIRECTION('',(0.E0,0.E0,-1.E0));
#461=VECTOR('',#460,5.E-1);
#462=CARTESIAN_POINT('',(-1.3105E1,7.5E0,0.E0));
#463=LINE('',#462,#461);
#464=DIRECTION('',(0.E0,0.E0,-1.E0));
#465=VECTOR('',#464,5.E-1);
#466=CARTESIAN_POINT('',(-1.3105E1,4.5E0,0.E0));
#467=LINE('',#466,#465);
#468=DIRECTION('',(0.E0,-1.E0,0.E0));
#469=VECTOR('',#468,3.E0);
#470=CARTESIAN_POINT('',(-1.3105E1,4.5E0,-5.E-1));
#471=LINE('',#470,#469);
#472=DIRECTION('',(0.E0,0.E0,-1.E0));
#473=VECTOR('',#472,5.E-1);
#474=CARTESIAN_POINT('',(-1.3105E1,1.5E0,0.E0));
#475=LINE('',#474,#473);
#476=DIRECTION('',(0.E0,0.E0,-1.E0));
#477=VECTOR('',#476,5.E-1);
#478=CARTESIAN_POINT('',(-1.3105E1,-1.5E0,0.E0));
#479=LINE('',#478,#477);
#480=DIRECTION('',(0.E0,-1.E0,0.E0));
#481=VECTOR('',#480,3.E0);
#482=CARTESIAN_POINT('',(-1.3105E1,-1.5E0,-5.E-1));
#483=LINE('',#482,#481);
#484=DIRECTION('',(0.E0,0.E0,-1.E0));
#485=VECTOR('',#484,5.E-1);
#486=CARTESIAN_POINT('',(-1.3105E1,-4.5E0,0.E0));
#487=LINE('',#486,#485);
#488=DIRECTION('',(0.E0,0.E0,-1.E0));
#489=VECTOR('',#488,5.E-1);
#490=CARTESIAN_POINT('',(-1.3105E1,-7.5E0,0.E0));
#491=LINE('',#490,#489);
#492=DIRECTION('',(0.E0,-1.E0,0.E0));
#493=VECTOR('',#492,3.E0);
#494=CARTESIAN_POINT('',(-1.3105E1,-7.5E0,-5.E-1));
#495=LINE('',#494,#493);
#496=DIRECTION('',(0.E0,0.E0,-1.E0));
#497=VECTOR('',#496,5.E-1);
#498=CARTESIAN_POINT('',(-1.3105E1,-1.05E1,0.E0));
#499=LINE('',#498,#497);
#500=DIRECTION('',(0.E0,-1.E0,0.E0));
#501=VECTOR('',#500,3.35355E-1);
#502=CARTESIAN_POINT('',(-1.3105E1,-1.2769645E1,-4.645E0));
#503=LINE('',#502,#501);
#504=DIRECTION('',(0.E0,1.E0,0.E0));
#505=VECTOR('',#504,4.E-1);
#506=CARTESIAN_POINT('',(-1.3105E1,-1.02E1,-4.33E0));
#507=LINE('',#506,#505);
#508=CARTESIAN_POINT('',(-1.3105E1,-1.02E1,-3.98E0));
#509=DIRECTION('',(1.E0,0.E0,0.E0));
#510=DIRECTION('',(0.E0,3.045183153258E-14,1.E0));
#511=AXIS2_PLACEMENT_3D('',#508,#509,#510);
#513=DIRECTION('',(0.E0,-1.E0,0.E0));
#514=VECTOR('',#513,4.E-1);
#515=CARTESIAN_POINT('',(-1.3105E1,-9.8E0,-3.63E0));
#516=LINE('',#515,#514);
#517=CARTESIAN_POINT('',(-1.3105E1,-9.8E0,-3.98E0));
#518=DIRECTION('',(1.E0,0.E0,0.E0));
#519=DIRECTION('',(0.E0,0.E0,-1.E0));
#520=AXIS2_PLACEMENT_3D('',#517,#518,#519);
#522=CARTESIAN_POINT('',(-1.3105E1,1.02E1,-3.98E0));
#523=DIRECTION('',(1.E0,0.E0,0.E0));
#524=DIRECTION('',(0.E0,0.E0,-1.E0));
#525=AXIS2_PLACEMENT_3D('',#522,#523,#524);
#527=DIRECTION('',(0.E0,1.E0,0.E0));
#528=VECTOR('',#527,4.E-1);
#529=CARTESIAN_POINT('',(-1.3105E1,9.8E0,-4.33E0));
#530=LINE('',#529,#528);
#531=CARTESIAN_POINT('',(-1.3105E1,9.8E0,-3.98E0));
#532=DIRECTION('',(1.E0,0.E0,0.E0));
#533=DIRECTION('',(0.E0,2.537652627715E-14,1.E0));
#534=AXIS2_PLACEMENT_3D('',#531,#532,#533);
#536=DIRECTION('',(0.E0,-1.E0,0.E0));
#537=VECTOR('',#536,4.E-1);
#538=CARTESIAN_POINT('',(-1.3105E1,1.02E1,-3.63E0));
#539=LINE('',#538,#537);
#540=DIRECTION('',(-1.E0,0.E0,0.E0));
#541=VECTOR('',#540,2.E-1);
#542=CARTESIAN_POINT('',(-1.2905E1,2.E-1,-4.33E0));
#543=LINE('',#542,#541);
#544=DIRECTION('',(-1.E0,0.E0,0.E0));
#545=VECTOR('',#544,2.E-1);
#546=CARTESIAN_POINT('',(1.3105E1,2.E-1,-4.33E0));
#547=LINE('',#546,#545);
#548=DIRECTION('',(-1.E0,0.E0,0.E0));
#549=VECTOR('',#548,2.E-1);
#550=CARTESIAN_POINT('',(-1.2905E1,2.E-1,-3.63E0));
#551=LINE('',#550,#549);
#552=DIRECTION('',(-1.E0,0.E0,0.E0));
#553=VECTOR('',#552,2.E-1);
#554=CARTESIAN_POINT('',(1.3105E1,2.E-1,-3.63E0));
#555=LINE('',#554,#553);
#556=DIRECTION('',(-1.E0,0.E0,0.E0));
#557=VECTOR('',#556,2.E-1);
#558=CARTESIAN_POINT('',(-1.2905E1,-2.E-1,-3.63E0));
#559=LINE('',#558,#557);
#560=DIRECTION('',(-1.E0,0.E0,0.E0));
#561=VECTOR('',#560,2.E-1);
#562=CARTESIAN_POINT('',(1.3105E1,-2.E-1,-3.63E0));
#563=LINE('',#562,#561);
#564=DIRECTION('',(-1.E0,0.E0,0.E0));
#565=VECTOR('',#564,2.E-1);
#566=CARTESIAN_POINT('',(-1.2905E1,-2.E-1,-4.33E0));
#567=LINE('',#566,#565);
#568=DIRECTION('',(-1.E0,0.E0,0.E0));
#569=VECTOR('',#568,2.E-1);
#570=CARTESIAN_POINT('',(1.3105E1,-2.E-1,-4.33E0));
#571=LINE('',#570,#569);
#572=CARTESIAN_POINT('',(-1.2905E1,2.E-1,-3.98E0));
#573=DIRECTION('',(1.E0,0.E0,0.E0));
#574=DIRECTION('',(0.E0,0.E0,-1.E0));
#575=AXIS2_PLACEMENT_3D('',#572,#573,#574);
#577=DIRECTION('',(0.E0,-1.E0,0.E0));
#578=VECTOR('',#577,4.E-1);
#579=CARTESIAN_POINT('',(-1.2905E1,2.E-1,-3.63E0));
#580=LINE('',#579,#578);
#581=CARTESIAN_POINT('',(-1.2905E1,-2.E-1,-3.98E0));
#582=DIRECTION('',(1.E0,0.E0,0.E0));
#583=DIRECTION('',(0.E0,2.823138548333E-14,1.E0));
#584=AXIS2_PLACEMENT_3D('',#581,#582,#583);
#586=DIRECTION('',(0.E0,1.E0,0.E0));
#587=VECTOR('',#586,4.E-1);
#588=CARTESIAN_POINT('',(-1.2905E1,-2.E-1,-4.33E0));
#589=LINE('',#588,#587);
#590=DIRECTION('',(0.E0,-1.E0,0.E0));
#591=VECTOR('',#590,1.35355E-1);
#592=CARTESIAN_POINT('',(-1.2905E1,1.2905E1,-4.645E0));
#593=LINE('',#592,#591);
#594=DIRECTION('',(0.E0,1.E0,0.E0));
#595=VECTOR('',#594,2.503929E1);
#596=CARTESIAN_POINT('',(-1.2905E1,-1.2519645E1,-4.78E0));
#597=LINE('',#596,#595);
#598=DIRECTION('',(0.E0,-1.E0,0.E0));
#599=VECTOR('',#598,1.35355E-1);
#600=CARTESIAN_POINT('',(-1.2905E1,-1.2769645E1,-4.645E0));
#601=LINE('',#600,#599);
#602=DIRECTION('',(0.E0,0.E0,-1.E0));
#603=VECTOR('',#602,5.E-1);
#604=CARTESIAN_POINT('',(-1.2905E1,-1.05E1,0.E0));
#605=LINE('',#604,#603);
#606=DIRECTION('',(0.E0,-1.E0,0.E0));
#607=VECTOR('',#606,3.E0);
#608=CARTESIAN_POINT('',(-1.2905E1,-7.5E0,-5.E-1));
#609=LINE('',#608,#607);
#610=DIRECTION('',(0.E0,0.E0,-1.E0));
#611=VECTOR('',#610,5.E-1);
#612=CARTESIAN_POINT('',(-1.2905E1,-7.5E0,0.E0));
#613=LINE('',#612,#611);
#614=DIRECTION('',(0.E0,0.E0,-1.E0));
#615=VECTOR('',#614,5.E-1);
#616=CARTESIAN_POINT('',(-1.2905E1,-4.5E0,0.E0));
#617=LINE('',#616,#615);
#618=DIRECTION('',(0.E0,-1.E0,0.E0));
#619=VECTOR('',#618,3.E0);
#620=CARTESIAN_POINT('',(-1.2905E1,-1.5E0,-5.E-1));
#621=LINE('',#620,#619);
#622=DIRECTION('',(0.E0,0.E0,-1.E0));
#623=VECTOR('',#622,5.E-1);
#624=CARTESIAN_POINT('',(-1.2905E1,-1.5E0,0.E0));
#625=LINE('',#624,#623);
#626=DIRECTION('',(0.E0,0.E0,-1.E0));
#627=VECTOR('',#626,5.E-1);
#628=CARTESIAN_POINT('',(-1.2905E1,1.5E0,0.E0));
#629=LINE('',#628,#627);
#630=DIRECTION('',(0.E0,-1.E0,0.E0));
#631=VECTOR('',#630,3.E0);
#632=CARTESIAN_POINT('',(-1.2905E1,4.5E0,-5.E-1));
#633=LINE('',#632,#631);
#634=DIRECTION('',(0.E0,0.E0,-1.E0));
#635=VECTOR('',#634,5.E-1);
#636=CARTESIAN_POINT('',(-1.2905E1,4.5E0,0.E0));
#637=LINE('',#636,#635);
#638=DIRECTION('',(0.E0,0.E0,-1.E0));
#639=VECTOR('',#638,5.E-1);
#640=CARTESIAN_POINT('',(-1.2905E1,7.5E0,0.E0));
#641=LINE('',#640,#639);
#642=DIRECTION('',(0.E0,-1.E0,0.E0));
#643=VECTOR('',#642,3.E0);
#644=CARTESIAN_POINT('',(-1.2905E1,1.05E1,-5.E-1));
#645=LINE('',#644,#643);
#646=DIRECTION('',(0.E0,0.E0,-1.E0));
#647=VECTOR('',#646,5.E-1);
#648=CARTESIAN_POINT('',(-1.2905E1,1.05E1,0.E0));
#649=LINE('',#648,#647);
#650=DIRECTION('',(0.E0,0.E0,-1.E0));
#651=VECTOR('',#650,4.645E0);
#652=CARTESIAN_POINT('',(-1.2905E1,1.2905E1,0.E0));
#653=LINE('',#652,#651);
#654=DIRECTION('',(0.E0,1.E0,0.E0));
#655=VECTOR('',#654,4.E-1);
#656=CARTESIAN_POINT('',(-1.2905E1,-1.02E1,-4.33E0));
#657=LINE('',#656,#655);
#658=CARTESIAN_POINT('',(-1.2905E1,-9.8E0,-3.98E0));
#659=DIRECTION('',(1.E0,0.E0,0.E0));
#660=DIRECTION('',(0.E0,0.E0,-1.E0));
#661=AXIS2_PLACEMENT_3D('',#658,#659,#660);
#663=DIRECTION('',(0.E0,-1.E0,0.E0));
#664=VECTOR('',#663,4.E-1);
#665=CARTESIAN_POINT('',(-1.2905E1,-9.8E0,-3.63E0));
#666=LINE('',#665,#664);
#667=CARTESIAN_POINT('',(-1.2905E1,-1.02E1,-3.98E0));
#668=DIRECTION('',(1.E0,0.E0,0.E0));
#669=DIRECTION('',(0.E0,2.030122102172E-14,1.E0));
#670=AXIS2_PLACEMENT_3D('',#667,#668,#669);
#672=CARTESIAN_POINT('',(-1.2905E1,1.02E1,-3.98E0));
#673=DIRECTION('',(1.E0,0.E0,0.E0));
#674=DIRECTION('',(0.E0,1.015061051086E-14,-1.E0));
#675=AXIS2_PLACEMENT_3D('',#672,#673,#674);
#677=DIRECTION('',(0.E0,-1.E0,0.E0));
#678=VECTOR('',#677,4.E-1);
#679=CARTESIAN_POINT('',(-1.2905E1,1.02E1,-3.63E0));
#680=LINE('',#679,#678);
#681=CARTESIAN_POINT('',(-1.2905E1,9.8E0,-3.98E0));
#682=DIRECTION('',(1.E0,0.E0,0.E0));
#683=DIRECTION('',(0.E0,2.537652627715E-14,1.E0));
#684=AXIS2_PLACEMENT_3D('',#681,#682,#683);
#686=DIRECTION('',(0.E0,1.E0,0.E0));
#687=VECTOR('',#686,4.E-1);
#688=CARTESIAN_POINT('',(-1.2905E1,9.8E0,-4.33E0));
#689=LINE('',#688,#687);
#690=DIRECTION('',(0.E0,-1.E0,0.E0));
#691=VECTOR('',#690,2.E-1);
#692=CARTESIAN_POINT('',(1.2769645E1,-1.2905E1,-4.645E0));
#693=LINE('',#692,#691);
#694=DIRECTION('',(-1.E0,0.E0,0.E0));
#695=VECTOR('',#694,2.E-1);
#696=CARTESIAN_POINT('',(1.3105E1,-1.2769645E1,-4.645E0));
#697=LINE('',#696,#695);
#698=DIRECTION('',(0.E0,1.E0,0.E0));
#699=VECTOR('',#698,2.E-1);
#700=CARTESIAN_POINT('',(-1.2769645E1,-1.3105E1,-4.645E0));
#701=LINE('',#700,#699);
#702=DIRECTION('',(-1.E0,0.E0,0.E0));
#703=VECTOR('',#702,2.E-1);
#704=CARTESIAN_POINT('',(-1.2905E1,-1.2769645E1,-4.645E0));
#705=LINE('',#704,#703);
#706=DIRECTION('',(1.E0,0.E0,0.E0));
#707=VECTOR('',#706,2.E-1);
#708=CARTESIAN_POINT('',(1.2905E1,1.2769645E1,-4.645E0));
#709=LINE('',#708,#707);
#710=DIRECTION('',(0.E0,-1.E0,0.E0));
#711=VECTOR('',#710,2.E-1);
#712=CARTESIAN_POINT('',(1.2769645E1,1.3105E1,-4.645E0));
#713=LINE('',#712,#711);
#714=DIRECTION('',(0.E0,1.E0,0.E0));
#715=VECTOR('',#714,2.E-1);
#716=CARTESIAN_POINT('',(-1.2769645E1,1.2905E1,-4.645E0));
#717=LINE('',#716,#715);
#718=DIRECTION('',(1.E0,0.E0,0.E0));
#719=VECTOR('',#718,2.E-1);
#720=CARTESIAN_POINT('',(-1.3105E1,1.2769645E1,-4.645E0));
#721=LINE('',#720,#719);
#722=CARTESIAN_POINT('',(1.2769645E1,-1.2905E1,-4.895E0));
#723=DIRECTION('',(0.E0,-1.E0,0.E0));
#724=DIRECTION('',(0.E0,0.E0,1.E0));
#725=AXIS2_PLACEMENT_3D('',#722,#723,#724);
#727=CARTESIAN_POINT('',(1.2519645E1,-1.308208302005E1,-4.895E0));
#728=CARTESIAN_POINT('',(1.2519645E1,-1.308606195695E1,-4.885413079544E0));
#729=CARTESIAN_POINT('',(1.252076351756E1,-1.309291812161E1,-4.866049864531E0));
#730=CARTESIAN_POINT('',(1.252578643063E1,-1.309996871971E1,-4.837305744388E0));
#731=CARTESIAN_POINT('',(1.253455952200E1,-1.310415146776E1,-4.808103403952E0));
#732=CARTESIAN_POINT('',(1.254287786875E1,-1.3105E1,-4.789240924318E0));
#733=CARTESIAN_POINT('',(1.254766527120E1,-1.3105E1,-4.78E0));
#735=CARTESIAN_POINT('',(1.2769645E1,-1.3105E1,-4.895E0));
#736=DIRECTION('',(0.E0,1.E0,0.E0));
#737=DIRECTION('',(-8.879189152169E-1,0.E0,4.6E-1));
#738=AXIS2_PLACEMENT_3D('',#735,#736,#737);
#740=CARTESIAN_POINT('',(-2.E-1,-1.2905E1,-3.98E0));
#741=DIRECTION('',(0.E0,1.E0,0.E0));
#742=DIRECTION('',(0.E0,0.E0,-1.E0));
#743=AXIS2_PLACEMENT_3D('',#740,#741,#742);
#745=DIRECTION('',(1.E0,0.E0,0.E0));
#746=VECTOR('',#745,4.E-1);
#747=CARTESIAN_POINT('',(-2.E-1,-1.2905E1,-3.63E0));
#748=LINE('',#747,#746);
#749=CARTESIAN_POINT('',(2.E-1,-1.2905E1,-3.98E0));
#750=DIRECTION('',(0.E0,1.E0,0.E0));
#751=DIRECTION('',(-3.243437264798E-14,0.E0,1.E0));
#752=AXIS2_PLACEMENT_3D('',#749,#750,#751);
#754=DIRECTION('',(-1.E0,0.E0,0.E0));
#755=VECTOR('',#754,4.E-1);
#756=CARTESIAN_POINT('',(2.E-1,-1.2905E1,-4.33E0));
#757=LINE('',#756,#755);
#758=DIRECTION('',(1.E0,0.E0,0.E0));
#759=VECTOR('',#758,1.35355E-1);
#760=CARTESIAN_POINT('',(-1.2905E1,-1.2905E1,-4.645E0));
#761=LINE('',#760,#759);
#762=DIRECTION('',(-1.E0,0.E0,0.E0));
#763=VECTOR('',#762,2.503929E1);
#764=CARTESIAN_POINT('',(1.2519645E1,-1.2905E1,-4.78E0));
#765=LINE('',#764,#763);
#766=DIRECTION('',(1.E0,0.E0,0.E0));
#767=VECTOR('',#766,1.35355E-1);
#768=CARTESIAN_POINT('',(1.2769645E1,-1.2905E1,-4.645E0));
#769=LINE('',#768,#767);
#770=DIRECTION('',(0.E0,0.E0,-1.E0));
#771=VECTOR('',#770,5.E-1);
#772=CARTESIAN_POINT('',(1.05E1,-1.2905E1,0.E0));
#773=LINE('',#772,#771);
#774=DIRECTION('',(1.E0,0.E0,0.E0));
#775=VECTOR('',#774,3.E0);
#776=CARTESIAN_POINT('',(7.5E0,-1.2905E1,-5.E-1));
#777=LINE('',#776,#775);
#778=DIRECTION('',(0.E0,0.E0,-1.E0));
#779=VECTOR('',#778,5.E-1);
#780=CARTESIAN_POINT('',(7.5E0,-1.2905E1,0.E0));
#781=LINE('',#780,#779);
#782=DIRECTION('',(0.E0,0.E0,-1.E0));
#783=VECTOR('',#782,5.E-1);
#784=CARTESIAN_POINT('',(4.5E0,-1.2905E1,0.E0));
#785=LINE('',#784,#783);
#786=DIRECTION('',(1.E0,0.E0,0.E0));
#787=VECTOR('',#786,3.E0);
#788=CARTESIAN_POINT('',(1.5E0,-1.2905E1,-5.E-1));
#789=LINE('',#788,#787);
#790=DIRECTION('',(0.E0,0.E0,-1.E0));
#791=VECTOR('',#790,5.E-1);
#792=CARTESIAN_POINT('',(1.5E0,-1.2905E1,0.E0));
#793=LINE('',#792,#791);
#794=DIRECTION('',(0.E0,0.E0,-1.E0));
#795=VECTOR('',#794,5.E-1);
#796=CARTESIAN_POINT('',(-1.5E0,-1.2905E1,0.E0));
#797=LINE('',#796,#795);
#798=DIRECTION('',(1.E0,0.E0,0.E0));
#799=VECTOR('',#798,3.E0);
#800=CARTESIAN_POINT('',(-4.5E0,-1.2905E1,-5.E-1));
#801=LINE('',#800,#799);
#802=DIRECTION('',(0.E0,0.E0,-1.E0));
#803=VECTOR('',#802,5.E-1);
#804=CARTESIAN_POINT('',(-4.5E0,-1.2905E1,0.E0));
#805=LINE('',#804,#803);
#806=DIRECTION('',(0.E0,0.E0,-1.E0));
#807=VECTOR('',#806,5.E-1);
#808=CARTESIAN_POINT('',(-7.5E0,-1.2905E1,0.E0));
#809=LINE('',#808,#807);
#810=DIRECTION('',(1.E0,0.E0,0.E0));
#811=VECTOR('',#810,3.E0);
#812=CARTESIAN_POINT('',(-1.05E1,-1.2905E1,-5.E-1));
#813=LINE('',#812,#811);
#814=DIRECTION('',(0.E0,0.E0,-1.E0));
#815=VECTOR('',#814,5.E-1);
#816=CARTESIAN_POINT('',(-1.05E1,-1.2905E1,0.E0));
#817=LINE('',#816,#815);
#818=DIRECTION('',(0.E0,0.E0,-1.E0));
#819=VECTOR('',#818,4.645E0);
#820=CARTESIAN_POINT('',(-1.2905E1,-1.2905E1,0.E0));
#821=LINE('',#820,#819);
#822=DIRECTION('',(-1.E0,0.E0,0.E0));
#823=VECTOR('',#822,4.E-1);
#824=CARTESIAN_POINT('',(1.02E1,-1.2905E1,-4.33E0));
#825=LINE('',#824,#823);
#826=CARTESIAN_POINT('',(9.8E0,-1.2905E1,-3.98E0));
#827=DIRECTION('',(0.E0,1.E0,0.E0));
#828=DIRECTION('',(1.522591576629E-14,0.E0,-1.E0));
#829=AXIS2_PLACEMENT_3D('',#826,#827,#828);
#831=DIRECTION('',(1.E0,0.E0,0.E0));
#832=VECTOR('',#831,4.E-1);
#833=CARTESIAN_POINT('',(9.8E0,-1.2905E1,-3.63E0));
#834=LINE('',#833,#832);
#835=CARTESIAN_POINT('',(1.02E1,-1.2905E1,-3.98E0));
#836=DIRECTION('',(0.E0,1.E0,0.E0));
#837=DIRECTION('',(-2.030122102172E-14,0.E0,1.E0));
#838=AXIS2_PLACEMENT_3D('',#835,#836,#837);
#840=CARTESIAN_POINT('',(-1.02E1,-1.2905E1,-3.98E0));
#841=DIRECTION('',(0.E0,1.E0,0.E0));
#842=DIRECTION('',(-1.015061051086E-14,0.E0,-1.E0));
#843=AXIS2_PLACEMENT_3D('',#840,#841,#842);
#845=DIRECTION('',(1.E0,0.E0,0.E0));
#846=VECTOR('',#845,4.E-1);
#847=CARTESIAN_POINT('',(-1.02E1,-1.2905E1,-3.63E0));
#848=LINE('',#847,#846);
#849=CARTESIAN_POINT('',(-9.8E0,-1.2905E1,-3.98E0));
#850=DIRECTION('',(0.E0,1.E0,0.E0));
#851=DIRECTION('',(0.E0,0.E0,1.E0));
#852=AXIS2_PLACEMENT_3D('',#849,#850,#851);
#854=DIRECTION('',(-1.E0,0.E0,0.E0));
#855=VECTOR('',#854,4.E-1);
#856=CARTESIAN_POINT('',(-9.8E0,-1.2905E1,-4.33E0));
#857=LINE('',#856,#855);
#858=DIRECTION('',(0.E0,-1.E0,0.E0));
#859=VECTOR('',#858,2.E-1);
#860=CARTESIAN_POINT('',(-2.E-1,-1.2905E1,-4.33E0));
#861=LINE('',#860,#859);
#862=DIRECTION('',(0.E0,-1.E0,0.E0));
#863=VECTOR('',#862,2.E-1);
#864=CARTESIAN_POINT('',(-2.E-1,1.3105E1,-4.33E0));
#865=LINE('',#864,#863);
#866=CARTESIAN_POINT('',(-2.E-1,-1.3105E1,-3.98E0));
#867=DIRECTION('',(0.E0,1.E0,0.E0));
#868=DIRECTION('',(0.E0,0.E0,-1.E0));
#869=AXIS2_PLACEMENT_3D('',#866,#867,#868);
#871=DIRECTION('',(-1.E0,0.E0,0.E0));
#872=VECTOR('',#871,4.E-1);
#873=CARTESIAN_POINT('',(2.E-1,-1.3105E1,-4.33E0));
#874=LINE('',#873,#872);
#875=CARTESIAN_POINT('',(2.E-1,-1.3105E1,-3.98E0));
#876=DIRECTION('',(0.E0,1.E0,0.E0));
#877=DIRECTION('',(-3.243437264798E-14,0.E0,1.E0));
#878=AXIS2_PLACEMENT_3D('',#875,#876,#877);
#880=DIRECTION('',(1.E0,0.E0,0.E0));
#881=VECTOR('',#880,4.E-1);
#882=CARTESIAN_POINT('',(-2.E-1,-1.3105E1,-3.63E0));
#883=LINE('',#882,#881);
#884=DIRECTION('',(-1.E0,0.E0,0.E0));
#885=VECTOR('',#884,2.509533054239E1);
#886=CARTESIAN_POINT('',(1.254766527120E1,-1.3105E1,-4.78E0));
#887=LINE('',#886,#885);
#888=DIRECTION('',(1.E0,0.E0,0.E0));
#889=VECTOR('',#888,3.35355E-1);
#890=CARTESIAN_POINT('',(-1.3105E1,-1.3105E1,-4.645E0));
#891=LINE('',#890,#889);
#892=DIRECTION('',(0.E0,0.E0,-1.E0));
#893=VECTOR('',#892,4.645E0);
#894=CARTESIAN_POINT('',(-1.3105E1,-1.3105E1,0.E0));
#895=LINE('',#894,#893);
#896=DIRECTION('',(0.E0,0.E0,-1.E0));
#897=VECTOR('',#896,5.E-1);
#898=CARTESIAN_POINT('',(-1.05E1,-1.3105E1,0.E0));
#899=LINE('',#898,#897);
#900=DIRECTION('',(1.E0,0.E0,0.E0));
#901=VECTOR('',#900,3.E0);
#902=CARTESIAN_POINT('',(-1.05E1,-1.3105E1,-5.E-1));
#903=LINE('',#902,#901);
#904=DIRECTION('',(0.E0,0.E0,-1.E0));
#905=VECTOR('',#904,5.E-1);
#906=CARTESIAN_POINT('',(-7.5E0,-1.3105E1,0.E0));
#907=LINE('',#906,#905);
#908=DIRECTION('',(0.E0,0.E0,-1.E0));
#909=VECTOR('',#908,5.E-1);
#910=CARTESIAN_POINT('',(-4.5E0,-1.3105E1,0.E0));
#911=LINE('',#910,#909);
#912=DIRECTION('',(1.E0,0.E0,0.E0));
#913=VECTOR('',#912,3.E0);
#914=CARTESIAN_POINT('',(-4.5E0,-1.3105E1,-5.E-1));
#915=LINE('',#914,#913);
#916=DIRECTION('',(0.E0,0.E0,-1.E0));
#917=VECTOR('',#916,5.E-1);
#918=CARTESIAN_POINT('',(-1.5E0,-1.3105E1,0.E0));
#919=LINE('',#918,#917);
#920=DIRECTION('',(0.E0,0.E0,-1.E0));
#921=VECTOR('',#920,5.E-1);
#922=CARTESIAN_POINT('',(1.5E0,-1.3105E1,0.E0));
#923=LINE('',#922,#921);
#924=DIRECTION('',(1.E0,0.E0,0.E0));
#925=VECTOR('',#924,3.E0);
#926=CARTESIAN_POINT('',(1.5E0,-1.3105E1,-5.E-1));
#927=LINE('',#926,#925);
#928=DIRECTION('',(0.E0,0.E0,-1.E0));
#929=VECTOR('',#928,5.E-1);
#930=CARTESIAN_POINT('',(4.5E0,-1.3105E1,0.E0));
#931=LINE('',#930,#929);
#932=DIRECTION('',(0.E0,0.E0,-1.E0));
#933=VECTOR('',#932,5.E-1);
#934=CARTESIAN_POINT('',(7.5E0,-1.3105E1,0.E0));
#935=LINE('',#934,#933);
#936=DIRECTION('',(1.E0,0.E0,0.E0));
#937=VECTOR('',#936,3.E0);
#938=CARTESIAN_POINT('',(7.5E0,-1.3105E1,-5.E-1));
#939=LINE('',#938,#937);
#940=DIRECTION('',(0.E0,0.E0,-1.E0));
#941=VECTOR('',#940,5.E-1);
#942=CARTESIAN_POINT('',(1.05E1,-1.3105E1,0.E0));
#943=LINE('',#942,#941);
#944=DIRECTION('',(1.E0,0.E0,0.E0));
#945=VECTOR('',#944,3.35355E-1);
#946=CARTESIAN_POINT('',(1.2769645E1,-1.3105E1,-4.645E0));
#947=LINE('',#946,#945);
#948=DIRECTION('',(-1.E0,0.E0,0.E0));
#949=VECTOR('',#948,4.E-1);
#950=CARTESIAN_POINT('',(1.02E1,-1.3105E1,-4.33E0));
#951=LINE('',#950,#949);
#952=CARTESIAN_POINT('',(1.02E1,-1.3105E1,-3.98E0));
#953=DIRECTION('',(0.E0,1.E0,0.E0));
#954=DIRECTION('',(-2.030122102172E-14,0.E0,1.E0));
#955=AXIS2_PLACEMENT_3D('',#952,#953,#954);
#957=DIRECTION('',(1.E0,0.E0,0.E0));
#958=VECTOR('',#957,4.E-1);
#959=CARTESIAN_POINT('',(9.8E0,-1.3105E1,-3.63E0));
#960=LINE('',#959,#958);
#961=CARTESIAN_POINT('',(9.8E0,-1.3105E1,-3.98E0));
#962=DIRECTION('',(0.E0,1.E0,0.E0));
#963=DIRECTION('',(1.522591576629E-14,0.E0,-1.E0));
#964=AXIS2_PLACEMENT_3D('',#961,#962,#963);
#966=CARTESIAN_POINT('',(-1.02E1,-1.3105E1,-3.98E0));
#967=DIRECTION('',(0.E0,1.E0,0.E0));
#968=DIRECTION('',(-1.015061051086E-14,0.E0,-1.E0));
#969=AXIS2_PLACEMENT_3D('',#966,#967,#968);
#971=DIRECTION('',(-1.E0,0.E0,0.E0));
#972=VECTOR('',#971,4.E-1);
#973=CARTESIAN_POINT('',(-9.8E0,-1.3105E1,-4.33E0));
#974=LINE('',#973,#972);
#975=CARTESIAN_POINT('',(-9.8E0,-1.3105E1,-3.98E0));
#976=DIRECTION('',(0.E0,1.E0,0.E0));
#977=DIRECTION('',(0.E0,0.E0,1.E0));
#978=AXIS2_PLACEMENT_3D('',#975,#976,#977);
#980=DIRECTION('',(1.E0,0.E0,0.E0));
#981=VECTOR('',#980,4.E-1);
#982=CARTESIAN_POINT('',(-1.02E1,-1.3105E1,-3.63E0));
#983=LINE('',#982,#981);
#984=DIRECTION('',(0.E0,-1.E0,0.E0));
#985=VECTOR('',#984,2.E-1);
#986=CARTESIAN_POINT('',(2.E-1,-1.2905E1,-4.33E0));
#987=LINE('',#986,#985);
#988=DIRECTION('',(0.E0,-1.E0,0.E0));
#989=VECTOR('',#988,2.E-1);
#990=CARTESIAN_POINT('',(2.E-1,1.3105E1,-4.33E0));
#991=LINE('',#990,#989);
#992=DIRECTION('',(0.E0,-1.E0,0.E0));
#993=VECTOR('',#992,2.E-1);
#994=CARTESIAN_POINT('',(2.E-1,-1.2905E1,-3.63E0));
#995=LINE('',#994,#993);
#996=DIRECTION('',(0.E0,-1.E0,0.E0));
#997=VECTOR('',#996,2.E-1);
#998=CARTESIAN_POINT('',(2.E-1,1.3105E1,-3.63E0));
#999=LINE('',#998,#997);
#1000=DIRECTION('',(0.E0,-1.E0,0.E0));
#1001=VECTOR('',#1000,2.E-1);
#1002=CARTESIAN_POINT('',(-2.E-1,-1.2905E1,-3.63E0));
#1003=LINE('',#1002,#1001);
#1004=DIRECTION('',(0.E0,-1.E0,0.E0));
#1005=VECTOR('',#1004,2.E-1);
#1006=CARTESIAN_POINT('',(-2.E-1,1.3105E1,-3.63E0));
#1007=LINE('',#1006,#1005);
#1008=CARTESIAN_POINT('',(-2.E-1,1.3105E1,-3.98E0));
#1009=DIRECTION('',(0.E0,1.E0,0.E0));
#1010=DIRECTION('',(0.E0,0.E0,-1.E0));
#1011=AXIS2_PLACEMENT_3D('',#1008,#1009,#1010);
#1013=DIRECTION('',(1.E0,0.E0,0.E0));
#1014=VECTOR('',#1013,4.E-1);
#1015=CARTESIAN_POINT('',(-2.E-1,1.3105E1,-3.63E0));
#1016=LINE('',#1015,#1014);
#1017=CARTESIAN_POINT('',(2.E-1,1.3105E1,-3.98E0));
#1018=DIRECTION('',(0.E0,1.E0,0.E0));
#1019=DIRECTION('',(-3.243437264798E-14,0.E0,1.E0));
#1020=AXIS2_PLACEMENT_3D('',#1017,#1018,#1019);
#1022=DIRECTION('',(-1.E0,0.E0,0.E0));
#1023=VECTOR('',#1022,4.E-1);
#1024=CARTESIAN_POINT('',(2.E-1,1.3105E1,-4.33E0));
#1025=LINE('',#1024,#1023);
#1026=DIRECTION('',(-1.E0,0.E0,0.E0));
#1027=VECTOR('',#1026,3.35355E-1);
#1028=CARTESIAN_POINT('',(-1.2769645E1,1.3105E1,-4.645E0));
#1029=LINE('',#1028,#1027);
#1030=DIRECTION('',(-1.E0,0.E0,0.E0));
#1031=VECTOR('',#1030,3.35355E-1);
#1032=CARTESIAN_POINT('',(1.3105E1,1.3105E1,-4.645E0));
#1033=LINE('',#1032,#1031);
#1034=DIRECTION('',(0.E0,0.E0,-1.E0));
#1035=VECTOR('',#1034,4.645E0);
#1036=CARTESIAN_POINT('',(1.3105E1,1.3105E1,0.E0));
#1037=LINE('',#1036,#1035);
#1038=DIRECTION('',(0.E0,0.E0,-1.E0));
#1039=VECTOR('',#1038,5.E-1);
#1040=CARTESIAN_POINT('',(1.05E1,1.3105E1,0.E0));
#1041=LINE('',#1040,#1039);
#1042=DIRECTION('',(-1.E0,0.E0,0.E0));
#1043=VECTOR('',#1042,3.E0);
#1044=CARTESIAN_POINT('',(1.05E1,1.3105E1,-5.E-1));
#1045=LINE('',#1044,#1043);
#1046=DIRECTION('',(0.E0,0.E0,-1.E0));
#1047=VECTOR('',#1046,5.E-1);
#1048=CARTESIAN_POINT('',(7.5E0,1.3105E1,0.E0));
#1049=LINE('',#1048,#1047);
#1050=DIRECTION('',(0.E0,0.E0,-1.E0));
#1051=VECTOR('',#1050,5.E-1);
#1052=CARTESIAN_POINT('',(4.5E0,1.3105E1,0.E0));
#1053=LINE('',#1052,#1051);
#1054=DIRECTION('',(-1.E0,0.E0,0.E0));
#1055=VECTOR('',#1054,3.E0);
#1056=CARTESIAN_POINT('',(4.5E0,1.3105E1,-5.E-1));
#1057=LINE('',#1056,#1055);
#1058=DIRECTION('',(0.E0,0.E0,-1.E0));
#1059=VECTOR('',#1058,5.E-1);
#1060=CARTESIAN_POINT('',(1.5E0,1.3105E1,0.E0));
#1061=LINE('',#1060,#1059);
#1062=DIRECTION('',(0.E0,0.E0,-1.E0));
#1063=VECTOR('',#1062,5.E-1);
#1064=CARTESIAN_POINT('',(-1.5E0,1.3105E1,0.E0));
#1065=LINE('',#1064,#1063);
#1066=DIRECTION('',(-1.E0,0.E0,0.E0));
#1067=VECTOR('',#1066,3.E0);
#1068=CARTESIAN_POINT('',(-1.5E0,1.3105E1,-5.E-1));
#1069=LINE('',#1068,#1067);
#1070=DIRECTION('',(0.E0,0.E0,-1.E0));
#1071=VECTOR('',#1070,5.E-1);
#1072=CARTESIAN_POINT('',(-4.5E0,1.3105E1,0.E0));
#1073=LINE('',#1072,#1071);
#1074=DIRECTION('',(0.E0,0.E0,-1.E0));
#1075=VECTOR('',#1074,5.E-1);
#1076=CARTESIAN_POINT('',(-7.5E0,1.3105E1,0.E0));
#1077=LINE('',#1076,#1075);
#1078=DIRECTION('',(-1.E0,0.E0,0.E0));
#1079=VECTOR('',#1078,3.E0);
#1080=CARTESIAN_POINT('',(-7.5E0,1.3105E1,-5.E-1));
#1081=LINE('',#1080,#1079);
#1082=DIRECTION('',(0.E0,0.E0,-1.E0));
#1083=VECTOR('',#1082,5.E-1);
#1084=CARTESIAN_POINT('',(-1.05E1,1.3105E1,0.E0));
#1085=LINE('',#1084,#1083);
#1086=DIRECTION('',(-1.E0,0.E0,0.E0));
#1087=VECTOR('',#1086,4.E-1);
#1088=CARTESIAN_POINT('',(1.02E1,1.3105E1,-4.33E0));
#1089=LINE('',#1088,#1087);
#1090=CARTESIAN_POINT('',(9.8E0,1.3105E1,-3.98E0));
#1091=DIRECTION('',(0.E0,1.E0,0.E0));
#1092=DIRECTION('',(1.522591576629E-14,0.E0,-1.E0));
#1093=AXIS2_PLACEMENT_3D('',#1090,#1091,#1092);
#1095=DIRECTION('',(1.E0,0.E0,0.E0));
#1096=VECTOR('',#1095,4.E-1);
#1097=CARTESIAN_POINT('',(9.8E0,1.3105E1,-3.63E0));
#1098=LINE('',#1097,#1096);
#1099=CARTESIAN_POINT('',(1.02E1,1.3105E1,-3.98E0));
#1100=DIRECTION('',(0.E0,1.E0,0.E0));
#1101=DIRECTION('',(-2.030122102172E-14,0.E0,1.E0));
#1102=AXIS2_PLACEMENT_3D('',#1099,#1100,#1101);
#1104=CARTESIAN_POINT('',(-1.02E1,1.3105E1,-3.98E0));
#1105=DIRECTION('',(0.E0,1.E0,0.E0));
#1106=DIRECTION('',(0.E0,0.E0,-1.E0));
#1107=AXIS2_PLACEMENT_3D('',#1104,#1105,#1106);
#1109=DIRECTION('',(1.E0,0.E0,0.E0));
#1110=VECTOR('',#1109,4.E-1);
#1111=CARTESIAN_POINT('',(-1.02E1,1.3105E1,-3.63E0));
#1112=LINE('',#1111,#1110);
#1113=CARTESIAN_POINT('',(-9.8E0,1.3105E1,-3.98E0));
#1114=DIRECTION('',(0.E0,1.E0,0.E0));
#1115=DIRECTION('',(0.E0,0.E0,1.E0));
#1116=AXIS2_PLACEMENT_3D('',#1113,#1114,#1115);
#1118=DIRECTION('',(-1.E0,0.E0,0.E0));
#1119=VECTOR('',#1118,4.E-1);
#1120=CARTESIAN_POINT('',(-9.8E0,1.3105E1,-4.33E0));
#1121=LINE('',#1120,#1119);
#1122=CARTESIAN_POINT('',(-1.2769645E1,1.2905E1,-4.895E0));
#1123=DIRECTION('',(0.E0,1.E0,0.E0));
#1124=DIRECTION('',(0.E0,0.E0,1.E0));
#1125=AXIS2_PLACEMENT_3D('',#1122,#1123,#1124);
#1127=CARTESIAN_POINT('',(-1.2519645E1,1.308208302005E1,-4.895E0));
#1128=CARTESIAN_POINT('',(-1.2519645E1,1.308606195695E1,-4.885413079544E0));
#1129=CARTESIAN_POINT('',(-1.252076351756E1,1.309291812161E1,
-4.866049864531E0));
#1130=CARTESIAN_POINT('',(-1.252578643063E1,1.309996871971E1,
-4.837305744388E0));
#1131=CARTESIAN_POINT('',(-1.253455952200E1,1.310415146776E1,
-4.808103403952E0));
#1132=CARTESIAN_POINT('',(-1.254287786875E1,1.3105E1,-4.789240924318E0));
#1133=CARTESIAN_POINT('',(-1.254766527120E1,1.3105E1,-4.78E0));
#1135=CARTESIAN_POINT('',(-1.2769645E1,1.3105E1,-4.895E0));
#1136=DIRECTION('',(0.E0,-1.E0,0.E0));
#1137=DIRECTION('',(8.879189152169E-1,0.E0,4.6E-1));
#1138=AXIS2_PLACEMENT_3D('',#1135,#1136,#1137);
#1140=CARTESIAN_POINT('',(-2.E-1,1.2905E1,-3.98E0));
#1141=DIRECTION('',(0.E0,1.E0,0.E0));
#1142=DIRECTION('',(0.E0,0.E0,-1.E0));
#1143=AXIS2_PLACEMENT_3D('',#1140,#1141,#1142);
#1145=DIRECTION('',(-1.E0,0.E0,0.E0));
#1146=VECTOR('',#1145,4.E-1);
#1147=CARTESIAN_POINT('',(2.E-1,1.2905E1,-4.33E0));
#1148=LINE('',#1147,#1146);
#1149=CARTESIAN_POINT('',(2.E-1,1.2905E1,-3.98E0));
#1150=DIRECTION('',(0.E0,1.E0,0.E0));
#1151=DIRECTION('',(-3.243437264798E-14,0.E0,1.E0));
#1152=AXIS2_PLACEMENT_3D('',#1149,#1150,#1151);
#1154=DIRECTION('',(1.E0,0.E0,0.E0));
#1155=VECTOR('',#1154,4.E-1);
#1156=CARTESIAN_POINT('',(-2.E-1,1.2905E1,-3.63E0));
#1157=LINE('',#1156,#1155);
#1158=DIRECTION('',(1.E0,0.E0,0.E0));
#1159=VECTOR('',#1158,2.503929E1);
#1160=CARTESIAN_POINT('',(-1.2519645E1,1.2905E1,-4.78E0));
#1161=LINE('',#1160,#1159);
#1162=DIRECTION('',(-1.E0,0.E0,0.E0));
#1163=VECTOR('',#1162,1.35355E-1);
#1164=CARTESIAN_POINT('',(-1.2769645E1,1.2905E1,-4.645E0));
#1165=LINE('',#1164,#1163);
#1166=DIRECTION('',(0.E0,0.E0,-1.E0));
#1167=VECTOR('',#1166,5.E-1);
#1168=CARTESIAN_POINT('',(-1.05E1,1.2905E1,0.E0));
#1169=LINE('',#1168,#1167);
#1170=DIRECTION('',(-1.E0,0.E0,0.E0));
#1171=VECTOR('',#1170,3.E0);
#1172=CARTESIAN_POINT('',(-7.5E0,1.2905E1,-5.E-1));
#1173=LINE('',#1172,#1171);
#1174=DIRECTION('',(0.E0,0.E0,-1.E0));
#1175=VECTOR('',#1174,5.E-1);
#1176=CARTESIAN_POINT('',(-7.5E0,1.2905E1,0.E0));
#1177=LINE('',#1176,#1175);
#1178=DIRECTION('',(0.E0,0.E0,-1.E0));
#1179=VECTOR('',#1178,5.E-1);
#1180=CARTESIAN_POINT('',(-4.5E0,1.2905E1,0.E0));
#1181=LINE('',#1180,#1179);
#1182=DIRECTION('',(-1.E0,0.E0,0.E0));
#1183=VECTOR('',#1182,3.E0);
#1184=CARTESIAN_POINT('',(-1.5E0,1.2905E1,-5.E-1));
#1185=LINE('',#1184,#1183);
#1186=DIRECTION('',(0.E0,0.E0,-1.E0));
#1187=VECTOR('',#1186,5.E-1);
#1188=CARTESIAN_POINT('',(-1.5E0,1.2905E1,0.E0));
#1189=LINE('',#1188,#1187);
#1190=DIRECTION('',(0.E0,0.E0,-1.E0));
#1191=VECTOR('',#1190,5.E-1);
#1192=CARTESIAN_POINT('',(1.5E0,1.2905E1,0.E0));
#1193=LINE('',#1192,#1191);
#1194=DIRECTION('',(-1.E0,0.E0,0.E0));
#1195=VECTOR('',#1194,3.E0);
#1196=CARTESIAN_POINT('',(4.5E0,1.2905E1,-5.E-1));
#1197=LINE('',#1196,#1195);
#1198=DIRECTION('',(0.E0,0.E0,-1.E0));
#1199=VECTOR('',#1198,5.E-1);
#1200=CARTESIAN_POINT('',(4.5E0,1.2905E1,0.E0));
#1201=LINE('',#1200,#1199);
#1202=DIRECTION('',(0.E0,0.E0,-1.E0));
#1203=VECTOR('',#1202,5.E-1);
#1204=CARTESIAN_POINT('',(7.5E0,1.2905E1,0.E0));
#1205=LINE('',#1204,#1203);
#1206=DIRECTION('',(-1.E0,0.E0,0.E0));
#1207=VECTOR('',#1206,3.E0);
#1208=CARTESIAN_POINT('',(1.05E1,1.2905E1,-5.E-1));
#1209=LINE('',#1208,#1207);
#1210=DIRECTION('',(0.E0,0.E0,-1.E0));
#1211=VECTOR('',#1210,5.E-1);
#1212=CARTESIAN_POINT('',(1.05E1,1.2905E1,0.E0));
#1213=LINE('',#1212,#1211);
#1214=DIRECTION('',(0.E0,0.E0,-1.E0));
#1215=VECTOR('',#1214,4.645E0);
#1216=CARTESIAN_POINT('',(1.2905E1,1.2905E1,0.E0));
#1217=LINE('',#1216,#1215);
#1218=DIRECTION('',(-1.E0,0.E0,0.E0));
#1219=VECTOR('',#1218,1.35355E-1);
#1220=CARTESIAN_POINT('',(1.2905E1,1.2905E1,-4.645E0));
#1221=LINE('',#1220,#1219);
#1222=DIRECTION('',(-1.E0,0.E0,0.E0));
#1223=VECTOR('',#1222,4.E-1);
#1224=CARTESIAN_POINT('',(1.02E1,1.2905E1,-4.33E0));
#1225=LINE('',#1224,#1223);
#1226=CARTESIAN_POINT('',(1.02E1,1.2905E1,-3.98E0));
#1227=DIRECTION('',(0.E0,1.E0,0.E0));
#1228=DIRECTION('',(-2.030122102172E-14,0.E0,1.E0));
#1229=AXIS2_PLACEMENT_3D('',#1226,#1227,#1228);
#1231=DIRECTION('',(1.E0,0.E0,0.E0));
#1232=VECTOR('',#1231,4.E-1);
#1233=CARTESIAN_POINT('',(9.8E0,1.2905E1,-3.63E0));
#1234=LINE('',#1233,#1232);
#1235=CARTESIAN_POINT('',(9.8E0,1.2905E1,-3.98E0));
#1236=DIRECTION('',(0.E0,1.E0,0.E0));
#1237=DIRECTION('',(1.522591576629E-14,0.E0,-1.E0));
#1238=AXIS2_PLACEMENT_3D('',#1235,#1236,#1237);
#1240=CARTESIAN_POINT('',(-1.02E1,1.2905E1,-3.98E0));
#1241=DIRECTION('',(0.E0,1.E0,0.E0));
#1242=DIRECTION('',(0.E0,0.E0,-1.E0));
#1243=AXIS2_PLACEMENT_3D('',#1240,#1241,#1242);
#1245=DIRECTION('',(-1.E0,0.E0,0.E0));
#1246=VECTOR('',#1245,4.E-1);
#1247=CARTESIAN_POINT('',(-9.8E0,1.2905E1,-4.33E0));
#1248=LINE('',#1247,#1246);
#1249=CARTESIAN_POINT('',(-9.8E0,1.2905E1,-3.98E0));
#1250=DIRECTION('',(0.E0,1.E0,0.E0));
#1251=DIRECTION('',(0.E0,0.E0,1.E0));
#1252=AXIS2_PLACEMENT_3D('',#1249,#1250,#1251);
#1254=DIRECTION('',(1.E0,0.E0,0.E0));
#1255=VECTOR('',#1254,4.E-1);
#1256=CARTESIAN_POINT('',(-1.02E1,1.2905E1,-3.63E0));
#1257=LINE('',#1256,#1255);
#1258=CARTESIAN_POINT('',(1.2519645E1,1.2805E1,-4.78E0));
#1259=DIRECTION('',(1.E0,0.E0,0.E0));
#1260=DIRECTION('',(0.E0,0.E0,-1.E0));
#1261=AXIS2_PLACEMENT_3D('',#1258,#1259,#1260);
#1263=CARTESIAN_POINT('',(-1.2519645E1,1.2805E1,-4.78E0));
#1264=DIRECTION('',(1.E0,0.E0,0.E0));
#1265=DIRECTION('',(0.E0,0.E0,-1.E0));
#1266=AXIS2_PLACEMENT_3D('',#1263,#1264,#1265);
#1268=DIRECTION('',(2.006241862037E-14,-1.E0,-1.504681396527E-14));
#1269=VECTOR('',#1268,1.770830200499E-1);
#1270=CARTESIAN_POINT('',(1.2519645E1,1.308208302005E1,-4.895E0));
#1271=LINE('',#1270,#1269);
#1272=DIRECTION('',(0.E0,0.E0,1.E0));
#1273=VECTOR('',#1272,2.E-1);
#1274=CARTESIAN_POINT('',(1.2519645E1,1.2769645E1,-5.08E0));
#1275=LINE('',#1274,#1273);
#1276=DIRECTION('',(-1.544658121218E-14,-1.544658121218E-14,1.E0));
#1277=VECTOR('',#1276,1.15E-1);
#1278=CARTESIAN_POINT('',(1.2519645E1,1.2905E1,-4.895E0));
#1279=LINE('',#1278,#1277);
#1280=CARTESIAN_POINT('',(1.2769645E1,1.3105E1,-4.895E0));
#1281=DIRECTION('',(0.E0,-1.E0,0.E0));
#1282=DIRECTION('',(0.E0,0.E0,1.E0));
#1283=AXIS2_PLACEMENT_3D('',#1280,#1281,#1282);
#1285=CARTESIAN_POINT('',(1.254766527120E1,1.3105E1,-4.78E0));
#1286=CARTESIAN_POINT('',(1.254287966775E1,1.3105E1,-4.789237451777E0));
#1287=CARTESIAN_POINT('',(1.253456252631E1,1.310415239766E1,-4.808094779386E0));
#1288=CARTESIAN_POINT('',(1.252578599525E1,1.309996873210E1,-4.837306601584E0));
#1289=CARTESIAN_POINT('',(1.252076375153E1,1.309291836675E1,-4.866048758563E0));
#1290=CARTESIAN_POINT('',(1.2519645E1,1.308606203488E1,-4.885412891771E0));
#1291=CARTESIAN_POINT('',(1.2519645E1,1.308208302005E1,-4.895E0));
#1293=CARTESIAN_POINT('',(1.2769645E1,1.2905E1,-4.895E0));
#1294=DIRECTION('',(0.E0,1.E0,0.E0));
#1295=DIRECTION('',(-1.E0,0.E0,-3.907985046681E-14));
#1296=AXIS2_PLACEMENT_3D('',#1293,#1294,#1295);
#1298=DIRECTION('',(-1.E0,0.E0,0.E0));
#1299=VECTOR('',#1298,2.509533054239E1);
#1300=CARTESIAN_POINT('',(1.254766527120E1,1.3105E1,-4.78E0));
#1301=LINE('',#1300,#1299);
#1302=CARTESIAN_POINT('',(-1.2519645E1,1.2805E1,-4.78E0));
#1303=DIRECTION('',(1.E0,0.E0,0.E0));
#1304=DIRECTION('',(0.E0,1.184237892934E-14,-1.E0));
#1305=AXIS2_PLACEMENT_3D('',#1302,#1303,#1304);
#1307=CARTESIAN_POINT('',(1.2519645E1,1.2805E1,-4.78E0));
#1308=DIRECTION('',(1.E0,0.E0,0.E0));
#1309=DIRECTION('',(0.E0,1.184237892934E-14,-1.E0));
#1310=AXIS2_PLACEMENT_3D('',#1307,#1308,#1309);
#1312=DIRECTION('',(0.E0,1.E0,0.E0));
#1313=VECTOR('',#1312,1.770830200499E-1);
#1314=CARTESIAN_POINT('',(-1.2519645E1,1.2905E1,-4.895E0));
#1315=LINE('',#1314,#1313);
#1316=DIRECTION('',(0.E0,0.E0,1.E0));
#1317=VECTOR('',#1316,1.15E-1);
#1318=CARTESIAN_POINT('',(-1.2519645E1,1.2905E1,-4.895E0));
#1319=LINE('',#1318,#1317);
#1320=CARTESIAN_POINT('',(7.5E-1,-1.123E1,-4.88E0));
#1321=DIRECTION('',(0.E0,0.E0,-1.E0));
#1322=DIRECTION('',(-5.684341886081E-14,-1.E0,0.E0));
#1323=AXIS2_PLACEMENT_3D('',#1320,#1321,#1322);
#1325=DIRECTION('',(-1.E0,0.E0,0.E0));
#1326=VECTOR('',#1325,9.855E0);
#1327=CARTESIAN_POINT('',(1.0605E1,-1.1605E1,-4.88E0));
#1328=LINE('',#1327,#1326);
#1329=DIRECTION('',(-7.071067811865E-1,-7.071067811865E-1,0.E0));
#1330=VECTOR('',#1329,1.414213562373E0);
#1331=CARTESIAN_POINT('',(1.1605E1,-1.0605E1,-4.88E0));
#1332=LINE('',#1331,#1330);
#1333=DIRECTION('',(0.E0,-1.E0,0.E0));
#1334=VECTOR('',#1333,9.855E0);
#1335=CARTESIAN_POINT('',(1.1605E1,-7.5E-1,-4.88E0));
#1336=LINE('',#1335,#1334);
#1337=CARTESIAN_POINT('',(1.123E1,-7.5E-1,-4.88E0));
#1338=DIRECTION('',(0.E0,0.E0,-1.E0));
#1339=DIRECTION('',(-1.E0,0.E0,0.E0));
#1340=AXIS2_PLACEMENT_3D('',#1337,#1338,#1339);
#1342=DIRECTION('',(1.E0,0.E0,0.E0));
#1343=VECTOR('',#1342,7.950262490344E0);
#1344=CARTESIAN_POINT('',(2.904737509656E0,-7.5E-1,-4.88E0));
#1345=LINE('',#1344,#1343);
#1346=CARTESIAN_POINT('',(0.E0,0.E0,-4.88E0));
#1347=DIRECTION('',(0.E0,0.E0,-1.E0));
#1348=DIRECTION('',(9.682458365519E-1,-2.5E-1,0.E0));
#1349=AXIS2_PLACEMENT_3D('',#1346,#1347,#1348);
#1351=DIRECTION('',(0.E0,1.E0,0.E0));
#1352=VECTOR('',#1351,7.950262490344E0);
#1353=CARTESIAN_POINT('',(7.5E-1,-1.0855E1,-4.88E0));
#1354=LINE('',#1353,#1352);
#1355=CARTESIAN_POINT('',(7.5E-1,1.123E1,-4.88E0));
#1356=DIRECTION('',(0.E0,0.E0,-1.E0));
#1357=DIRECTION('',(0.E0,-1.E0,0.E0));
#1358=AXIS2_PLACEMENT_3D('',#1355,#1356,#1357);
#1360=DIRECTION('',(0.E0,1.E0,0.E0));
#1361=VECTOR('',#1360,7.950262490344E0);
#1362=CARTESIAN_POINT('',(7.5E-1,2.904737509656E0,-4.88E0));
#1363=LINE('',#1362,#1361);
#1364=CARTESIAN_POINT('',(0.E0,0.E0,-4.88E0));
#1365=DIRECTION('',(0.E0,0.E0,-1.E0));
#1366=DIRECTION('',(2.5E-1,9.682458365519E-1,0.E0));
#1367=AXIS2_PLACEMENT_3D('',#1364,#1365,#1366);
#1369=DIRECTION('',(-1.E0,0.E0,0.E0));
#1370=VECTOR('',#1369,7.950262490344E0);
#1371=CARTESIAN_POINT('',(1.0855E1,7.5E-1,-4.88E0));
#1372=LINE('',#1371,#1370);
#1373=CARTESIAN_POINT('',(1.123E1,7.5E-1,-4.88E0));
#1374=DIRECTION('',(0.E0,0.E0,-1.E0));
#1375=DIRECTION('',(1.E0,-5.684341886081E-14,0.E0));
#1376=AXIS2_PLACEMENT_3D('',#1373,#1374,#1375);
#1378=DIRECTION('',(0.E0,-1.E0,0.E0));
#1379=VECTOR('',#1378,9.855E0);
#1380=CARTESIAN_POINT('',(1.1605E1,1.0605E1,-4.88E0));
#1381=LINE('',#1380,#1379);
#1382=DIRECTION('',(7.071067811865E-1,-7.071067811865E-1,0.E0));
#1383=VECTOR('',#1382,1.414213562373E0);
#1384=CARTESIAN_POINT('',(1.0605E1,1.1605E1,-4.88E0));
#1385=LINE('',#1384,#1383);
#1386=DIRECTION('',(1.E0,0.E0,0.E0));
#1387=VECTOR('',#1386,9.855E0);
#1388=CARTESIAN_POINT('',(7.5E-1,1.1605E1,-4.88E0));
#1389=LINE('',#1388,#1387);
#1390=CARTESIAN_POINT('',(-7.5E-1,-1.123E1,-4.88E0));
#1391=DIRECTION('',(0.E0,0.E0,-1.E0));
#1392=DIRECTION('',(0.E0,1.E0,0.E0));
#1393=AXIS2_PLACEMENT_3D('',#1390,#1391,#1392);
#1395=DIRECTION('',(0.E0,-1.E0,0.E0));
#1396=VECTOR('',#1395,7.950262490344E0);
#1397=CARTESIAN_POINT('',(-7.5E-1,-2.904737509656E0,-4.88E0));
#1398=LINE('',#1397,#1396);
#1399=CARTESIAN_POINT('',(0.E0,0.E0,-4.88E0));
#1400=DIRECTION('',(0.E0,0.E0,-1.E0));
#1401=DIRECTION('',(-2.5E-1,-9.682458365519E-1,0.E0));
#1402=AXIS2_PLACEMENT_3D('',#1399,#1400,#1401);
#1404=DIRECTION('',(1.E0,0.E0,0.E0));
#1405=VECTOR('',#1404,7.950262490344E0);
#1406=CARTESIAN_POINT('',(-1.0855E1,-7.5E-1,-4.88E0));
#1407=LINE('',#1406,#1405);
#1408=CARTESIAN_POINT('',(-1.123E1,-7.5E-1,-4.88E0));
#1409=DIRECTION('',(0.E0,0.E0,-1.E0));
#1410=DIRECTION('',(-1.E0,5.713947833404E-14,0.E0));
#1411=AXIS2_PLACEMENT_3D('',#1408,#1409,#1410);
#1413=DIRECTION('',(0.E0,1.E0,0.E0));
#1414=VECTOR('',#1413,9.855E0);
#1415=CARTESIAN_POINT('',(-1.1605E1,-1.0605E1,-4.88E0));
#1416=LINE('',#1415,#1414);
#1417=DIRECTION('',(-7.071067811865E-1,7.071067811865E-1,0.E0));
#1418=VECTOR('',#1417,1.414213562373E0);
#1419=CARTESIAN_POINT('',(-1.0605E1,-1.1605E1,-4.88E0));
#1420=LINE('',#1419,#1418);
#1421=DIRECTION('',(-1.E0,0.E0,0.E0));
#1422=VECTOR('',#1421,9.855E0);
#1423=CARTESIAN_POINT('',(-7.5E-1,-1.1605E1,-4.88E0));
#1424=LINE('',#1423,#1422);
#1425=DIRECTION('',(7.071067811865E-1,7.071067811865E-1,0.E0));
#1426=VECTOR('',#1425,1.414213562373E0);
#1427=CARTESIAN_POINT('',(-1.1605E1,1.0605E1,-4.88E0));
#1428=LINE('',#1427,#1426);
#1429=DIRECTION('',(0.E0,1.E0,0.E0));
#1430=VECTOR('',#1429,9.855E0);
#1431=CARTESIAN_POINT('',(-1.1605E1,7.5E-1,-4.88E0));
#1432=LINE('',#1431,#1430);
#1433=CARTESIAN_POINT('',(-1.123E1,7.5E-1,-4.88E0));
#1434=DIRECTION('',(0.E0,0.E0,-1.E0));
#1435=DIRECTION('',(1.E0,0.E0,0.E0));
#1436=AXIS2_PLACEMENT_3D('',#1433,#1434,#1435);
#1438=DIRECTION('',(-1.E0,0.E0,0.E0));
#1439=VECTOR('',#1438,7.950262490344E0);
#1440=CARTESIAN_POINT('',(-2.904737509656E0,7.5E-1,-4.88E0));
#1441=LINE('',#1440,#1439);
#1442=CARTESIAN_POINT('',(0.E0,0.E0,-4.88E0));
#1443=DIRECTION('',(0.E0,0.E0,-1.E0));
#1444=DIRECTION('',(-9.682458365519E-1,2.5E-1,0.E0));
#1445=AXIS2_PLACEMENT_3D('',#1442,#1443,#1444);
#1447=DIRECTION('',(0.E0,-1.E0,0.E0));
#1448=VECTOR('',#1447,7.950262490344E0);
#1449=CARTESIAN_POINT('',(-7.5E-1,1.0855E1,-4.88E0));
#1450=LINE('',#1449,#1448);
#1451=CARTESIAN_POINT('',(-7.5E-1,1.123E1,-4.88E0));
#1452=DIRECTION('',(0.E0,0.E0,-1.E0));
#1453=DIRECTION('',(1.139828971948E-13,1.E0,0.E0));
#1454=AXIS2_PLACEMENT_3D('',#1451,#1452,#1453);
#1456=DIRECTION('',(1.E0,0.E0,0.E0));
#1457=VECTOR('',#1456,9.855E0);
#1458=CARTESIAN_POINT('',(-1.0605E1,1.1605E1,-4.88E0));
#1459=LINE('',#1458,#1457);
#1460=CARTESIAN_POINT('',(1.1785E1,1.1785E1,-4.88E0));
#1461=DIRECTION('',(0.E0,0.E0,-1.E0));
#1462=DIRECTION('',(1.E0,0.E0,0.E0));
#1463=AXIS2_PLACEMENT_3D('',#1460,#1461,#1462);
#1465=CARTESIAN_POINT('',(1.1785E1,1.1785E1,-4.88E0));
#1466=DIRECTION('',(0.E0,0.E0,-1.E0));
#1467=DIRECTION('',(-1.E0,0.E0,0.E0));
#1468=AXIS2_PLACEMENT_3D('',#1465,#1466,#1467);
#1470=CARTESIAN_POINT('',(1.2769645E1,-1.2769645E1,-4.88E0));
#1471=DIRECTION('',(0.E0,0.E0,-1.E0));
#1472=DIRECTION('',(-1.E0,0.E0,0.E0));
#1473=AXIS2_PLACEMENT_3D('',#1470,#1471,#1472);
#1475=DIRECTION('',(0.E0,1.E0,0.E0));
#1476=VECTOR('',#1475,3.5355E-2);
#1477=CARTESIAN_POINT('',(1.2519645E1,-1.2805E1,-4.88E0));
#1478=LINE('',#1477,#1476);
#1479=DIRECTION('',(-1.E0,0.E0,0.E0));
#1480=VECTOR('',#1479,2.503929E1);
#1481=CARTESIAN_POINT('',(1.2519645E1,-1.2805E1,-4.88E0));
#1482=LINE('',#1481,#1480);
#1483=DIRECTION('',(-5.024344051478E-14,1.E0,0.E0));
#1484=VECTOR('',#1483,3.5355E-2);
#1485=CARTESIAN_POINT('',(-1.2519645E1,-1.2805E1,-4.88E0));
#1486=LINE('',#1485,#1484);
#1487=CARTESIAN_POINT('',(-1.2769645E1,-1.2769645E1,-4.88E0));
#1488=DIRECTION('',(0.E0,0.E0,-1.E0));
#1489=DIRECTION('',(0.E0,1.E0,0.E0));
#1490=AXIS2_PLACEMENT_3D('',#1487,#1488,#1489);
#1492=DIRECTION('',(1.E0,5.024344051478E-14,0.E0));
#1493=VECTOR('',#1492,3.5355E-2);
#1494=CARTESIAN_POINT('',(-1.2805E1,-1.2519645E1,-4.88E0));
#1495=LINE('',#1494,#1493);
#1496=DIRECTION('',(0.E0,1.E0,0.E0));
#1497=VECTOR('',#1496,2.503929E1);
#1498=CARTESIAN_POINT('',(-1.2805E1,-1.2519645E1,-4.88E0));
#1499=LINE('',#1498,#1497);
#1500=DIRECTION('',(1.E0,-5.024344051478E-14,0.E0));
#1501=VECTOR('',#1500,3.5355E-2);
#1502=CARTESIAN_POINT('',(-1.2805E1,1.2519645E1,-4.88E0));
#1503=LINE('',#1502,#1501);
#1504=CARTESIAN_POINT('',(-1.2769645E1,1.2769645E1,-4.88E0));
#1505=DIRECTION('',(0.E0,0.E0,-1.E0));
#1506=DIRECTION('',(1.E0,0.E0,0.E0));
#1507=AXIS2_PLACEMENT_3D('',#1504,#1505,#1506);
#1509=DIRECTION('',(0.E0,-1.E0,0.E0));
#1510=VECTOR('',#1509,3.5355E-2);
#1511=CARTESIAN_POINT('',(-1.2519645E1,1.2805E1,-4.88E0));
#1512=LINE('',#1511,#1510);
#1513=DIRECTION('',(1.E0,0.E0,0.E0));
#1514=VECTOR('',#1513,2.503929E1);
#1515=CARTESIAN_POINT('',(-1.2519645E1,1.2805E1,-4.88E0));
#1516=LINE('',#1515,#1514);
#1517=DIRECTION('',(5.024344051478E-14,-1.E0,0.E0));
#1518=VECTOR('',#1517,3.5355E-2);
#1519=CARTESIAN_POINT('',(1.2519645E1,1.2805E1,-4.88E0));
#1520=LINE('',#1519,#1518);
#1521=CARTESIAN_POINT('',(1.2769645E1,1.2769645E1,-4.88E0));
#1522=DIRECTION('',(0.E0,0.E0,-1.E0));
#1523=DIRECTION('',(0.E0,-1.E0,0.E0));
#1524=AXIS2_PLACEMENT_3D('',#1521,#1522,#1523);
#1526=DIRECTION('',(-1.E0,-5.024344051479E-14,0.E0));
#1527=VECTOR('',#1526,3.5355E-2);
#1528=CARTESIAN_POINT('',(1.2805E1,1.2519645E1,-4.88E0));
#1529=LINE('',#1528,#1527);
#1530=DIRECTION('',(0.E0,-1.E0,0.E0));
#1531=VECTOR('',#1530,2.503929E1);
#1532=CARTESIAN_POINT('',(1.2805E1,1.2519645E1,-4.88E0));
#1533=LINE('',#1532,#1531);
#1534=DIRECTION('',(-1.E0,5.024344051479E-14,0.E0));
#1535=VECTOR('',#1534,3.5355E-2);
#1536=CARTESIAN_POINT('',(1.2805E1,-1.2519645E1,-4.88E0));
#1537=LINE('',#1536,#1535);
#1538=DIRECTION('',(0.E0,0.E0,1.E0));
#1539=VECTOR('',#1538,2.E-1);
#1540=CARTESIAN_POINT('',(7.5E-1,-1.1605E1,-5.08E0));
#1541=LINE('',#1540,#1539);
#1542=CARTESIAN_POINT('',(7.5E-1,-1.123E1,-5.08E0));
#1543=DIRECTION('',(0.E0,0.E0,-1.E0));
#1544=DIRECTION('',(-5.684341886081E-14,-1.E0,0.E0));
#1545=AXIS2_PLACEMENT_3D('',#1542,#1543,#1544);
#1547=DIRECTION('',(0.E0,1.E0,0.E0));
#1548=VECTOR('',#1547,7.950262490344E0);
#1549=CARTESIAN_POINT('',(7.5E-1,-1.0855E1,-5.08E0));
#1550=LINE('',#1549,#1548);
#1551=CARTESIAN_POINT('',(0.E0,0.E0,-5.08E0));
#1552=DIRECTION('',(0.E0,0.E0,-1.E0));
#1553=DIRECTION('',(9.682458365519E-1,-2.5E-1,0.E0));
#1554=AXIS2_PLACEMENT_3D('',#1551,#1552,#1553);
#1556=DIRECTION('',(1.E0,0.E0,0.E0));
#1557=VECTOR('',#1556,7.950262490344E0);
#1558=CARTESIAN_POINT('',(2.904737509656E0,-7.5E-1,-5.08E0));
#1559=LINE('',#1558,#1557);
#1560=CARTESIAN_POINT('',(1.123E1,-7.5E-1,-5.08E0));
#1561=DIRECTION('',(0.E0,0.E0,-1.E0));
#1562=DIRECTION('',(-1.E0,0.E0,0.E0));
#1563=AXIS2_PLACEMENT_3D('',#1560,#1561,#1562);
#1565=DIRECTION('',(0.E0,-1.E0,0.E0));
#1566=VECTOR('',#1565,9.855E0);
#1567=CARTESIAN_POINT('',(1.1605E1,-7.5E-1,-5.08E0));
#1568=LINE('',#1567,#1566);
#1569=DIRECTION('',(-7.071067811865E-1,-7.071067811865E-1,0.E0));
#1570=VECTOR('',#1569,1.414213562373E0);
#1571=CARTESIAN_POINT('',(1.1605E1,-1.0605E1,-5.08E0));
#1572=LINE('',#1571,#1570);
#1573=DIRECTION('',(-1.E0,0.E0,0.E0));
#1574=VECTOR('',#1573,9.855E0);
#1575=CARTESIAN_POINT('',(1.0605E1,-1.1605E1,-5.08E0));
#1576=LINE('',#1575,#1574);
#1577=CARTESIAN_POINT('',(7.5E-1,1.123E1,-5.08E0));
#1578=DIRECTION('',(0.E0,0.E0,-1.E0));
#1579=DIRECTION('',(0.E0,-1.E0,0.E0));
#1580=AXIS2_PLACEMENT_3D('',#1577,#1578,#1579);
#1582=DIRECTION('',(1.E0,0.E0,0.E0));
#1583=VECTOR('',#1582,9.855E0);
#1584=CARTESIAN_POINT('',(7.5E-1,1.1605E1,-5.08E0));
#1585=LINE('',#1584,#1583);
#1586=DIRECTION('',(7.071067811865E-1,-7.071067811865E-1,0.E0));
#1587=VECTOR('',#1586,1.414213562373E0);
#1588=CARTESIAN_POINT('',(1.0605E1,1.1605E1,-5.08E0));
#1589=LINE('',#1588,#1587);
#1590=DIRECTION('',(0.E0,-1.E0,0.E0));
#1591=VECTOR('',#1590,9.855E0);
#1592=CARTESIAN_POINT('',(1.1605E1,1.0605E1,-5.08E0));
#1593=LINE('',#1592,#1591);
#1594=CARTESIAN_POINT('',(1.123E1,7.5E-1,-5.08E0));
#1595=DIRECTION('',(0.E0,0.E0,-1.E0));
#1596=DIRECTION('',(1.E0,-5.684341886081E-14,0.E0));
#1597=AXIS2_PLACEMENT_3D('',#1594,#1595,#1596);
#1599=DIRECTION('',(-1.E0,0.E0,0.E0));
#1600=VECTOR('',#1599,7.950262490344E0);
#1601=CARTESIAN_POINT('',(1.0855E1,7.5E-1,-5.08E0));
#1602=LINE('',#1601,#1600);
#1603=CARTESIAN_POINT('',(0.E0,0.E0,-5.08E0));
#1604=DIRECTION('',(0.E0,0.E0,-1.E0));
#1605=DIRECTION('',(2.5E-1,9.682458365519E-1,0.E0));
#1606=AXIS2_PLACEMENT_3D('',#1603,#1604,#1605);
#1608=DIRECTION('',(0.E0,1.E0,0.E0));
#1609=VECTOR('',#1608,7.950262490344E0);
#1610=CARTESIAN_POINT('',(7.5E-1,2.904737509656E0,-5.08E0));
#1611=LINE('',#1610,#1609);
#1612=CARTESIAN_POINT('',(-7.5E-1,-1.123E1,-5.08E0));
#1613=DIRECTION('',(0.E0,0.E0,-1.E0));
#1614=DIRECTION('',(0.E0,1.E0,0.E0));
#1615=AXIS2_PLACEMENT_3D('',#1612,#1613,#1614);
#1617=DIRECTION('',(-1.E0,0.E0,0.E0));
#1618=VECTOR('',#1617,9.855E0);
#1619=CARTESIAN_POINT('',(-7.5E-1,-1.1605E1,-5.08E0));
#1620=LINE('',#1619,#1618);
#1621=DIRECTION('',(-7.071067811865E-1,7.071067811865E-1,0.E0));
#1622=VECTOR('',#1621,1.414213562373E0);
#1623=CARTESIAN_POINT('',(-1.0605E1,-1.1605E1,-5.08E0));
#1624=LINE('',#1623,#1622);
#1625=DIRECTION('',(0.E0,1.E0,0.E0));
#1626=VECTOR('',#1625,9.855E0);
#1627=CARTESIAN_POINT('',(-1.1605E1,-1.0605E1,-5.08E0));
#1628=LINE('',#1627,#1626);
#1629=CARTESIAN_POINT('',(-1.123E1,-7.5E-1,-5.08E0));
#1630=DIRECTION('',(0.E0,0.E0,-1.E0));
#1631=DIRECTION('',(-1.E0,5.713947833404E-14,0.E0));
#1632=AXIS2_PLACEMENT_3D('',#1629,#1630,#1631);
#1634=DIRECTION('',(1.E0,0.E0,0.E0));
#1635=VECTOR('',#1634,7.950262490344E0);
#1636=CARTESIAN_POINT('',(-1.0855E1,-7.5E-1,-5.08E0));
#1637=LINE('',#1636,#1635);
#1638=CARTESIAN_POINT('',(0.E0,0.E0,-5.08E0));
#1639=DIRECTION('',(0.E0,0.E0,-1.E0));
#1640=DIRECTION('',(-2.5E-1,-9.682458365519E-1,0.E0));
#1641=AXIS2_PLACEMENT_3D('',#1638,#1639,#1640);
#1643=DIRECTION('',(0.E0,-1.E0,0.E0));
#1644=VECTOR('',#1643,7.950262490344E0);
#1645=CARTESIAN_POINT('',(-7.5E-1,-2.904737509656E0,-5.08E0));
#1646=LINE('',#1645,#1644);
#1647=DIRECTION('',(7.071067811865E-1,7.071067811865E-1,0.E0));
#1648=VECTOR('',#1647,1.414213562373E0);
#1649=CARTESIAN_POINT('',(-1.1605E1,1.0605E1,-5.08E0));
#1650=LINE('',#1649,#1648);
#1651=DIRECTION('',(1.E0,0.E0,0.E0));
#1652=VECTOR('',#1651,9.855E0);
#1653=CARTESIAN_POINT('',(-1.0605E1,1.1605E1,-5.08E0));
#1654=LINE('',#1653,#1652);
#1655=CARTESIAN_POINT('',(-7.5E-1,1.123E1,-5.08E0));
#1656=DIRECTION('',(0.E0,0.E0,-1.E0));
#1657=DIRECTION('',(1.139828971948E-13,1.E0,0.E0));
#1658=AXIS2_PLACEMENT_3D('',#1655,#1656,#1657);
#1660=DIRECTION('',(0.E0,-1.E0,0.E0));
#1661=VECTOR('',#1660,7.950262490344E0);
#1662=CARTESIAN_POINT('',(-7.5E-1,1.0855E1,-5.08E0));
#1663=LINE('',#1662,#1661);
#1664=CARTESIAN_POINT('',(0.E0,0.E0,-5.08E0));
#1665=DIRECTION('',(0.E0,0.E0,-1.E0));
#1666=DIRECTION('',(-9.682458365519E-1,2.5E-1,0.E0));
#1667=AXIS2_PLACEMENT_3D('',#1664,#1665,#1666);
#1669=DIRECTION('',(-1.E0,0.E0,0.E0));
#1670=VECTOR('',#1669,7.950262490344E0);
#1671=CARTESIAN_POINT('',(-2.904737509656E0,7.5E-1,-5.08E0));
#1672=LINE('',#1671,#1670);
#1673=CARTESIAN_POINT('',(-1.123E1,7.5E-1,-5.08E0));
#1674=DIRECTION('',(0.E0,0.E0,-1.E0));
#1675=DIRECTION('',(1.E0,0.E0,0.E0));
#1676=AXIS2_PLACEMENT_3D('',#1673,#1674,#1675);
#1678=DIRECTION('',(0.E0,1.E0,0.E0));
#1679=VECTOR('',#1678,9.855E0);
#1680=CARTESIAN_POINT('',(-1.1605E1,7.5E-1,-5.08E0));
#1681=LINE('',#1680,#1679);
#1682=CARTESIAN_POINT('',(1.1785E1,1.1785E1,-5.08E0));
#1683=DIRECTION('',(0.E0,0.E0,-1.E0));
#1684=DIRECTION('',(1.E0,0.E0,0.E0));
#1685=AXIS2_PLACEMENT_3D('',#1682,#1683,#1684);
#1687=CARTESIAN_POINT('',(1.1785E1,1.1785E1,-5.08E0));
#1688=DIRECTION('',(0.E0,0.E0,-1.E0));
#1689=DIRECTION('',(-1.E0,0.E0,0.E0));
#1690=AXIS2_PLACEMENT_3D('',#1687,#1688,#1689);
#1692=CARTESIAN_POINT('',(1.2769645E1,-1.2769645E1,-5.08E0));
#1693=DIRECTION('',(0.E0,0.E0,-1.E0));
#1694=DIRECTION('',(-1.E0,0.E0,0.E0));
#1695=AXIS2_PLACEMENT_3D('',#1692,#1693,#1694);
#1697=DIRECTION('',(-1.E0,5.024344051478E-14,0.E0));
#1698=VECTOR('',#1697,3.5355E-2);
#1699=CARTESIAN_POINT('',(1.2805E1,-1.2519645E1,-5.08E0));
#1700=LINE('',#1699,#1698);
#1701=DIRECTION('',(0.E0,-1.E0,0.E0));
#1702=VECTOR('',#1701,2.503929E1);
#1703=CARTESIAN_POINT('',(1.2805E1,1.2519645E1,-5.08E0));
#1704=LINE('',#1703,#1702);
#1705=DIRECTION('',(-1.E0,-5.024344051479E-14,0.E0));
#1706=VECTOR('',#1705,3.5355E-2);
#1707=CARTESIAN_POINT('',(1.2805E1,1.2519645E1,-5.08E0));
#1708=LINE('',#1707,#1706);
#1709=CARTESIAN_POINT('',(1.2769645E1,1.2769645E1,-5.08E0));
#1710=DIRECTION('',(0.E0,0.E0,-1.E0));
#1711=DIRECTION('',(0.E0,-1.E0,0.E0));
#1712=AXIS2_PLACEMENT_3D('',#1709,#1710,#1711);
#1714=DIRECTION('',(0.E0,-1.E0,0.E0));
#1715=VECTOR('',#1714,3.5355E-2);
#1716=CARTESIAN_POINT('',(1.2519645E1,1.2805E1,-5.08E0));
#1717=LINE('',#1716,#1715);
#1718=DIRECTION('',(1.E0,0.E0,0.E0));
#1719=VECTOR('',#1718,2.503929E1);
#1720=CARTESIAN_POINT('',(-1.2519645E1,1.2805E1,-5.08E0));
#1721=LINE('',#1720,#1719);
#1722=DIRECTION('',(-5.024344051478E-14,-1.E0,0.E0));
#1723=VECTOR('',#1722,3.5355E-2);
#1724=CARTESIAN_POINT('',(-1.2519645E1,1.2805E1,-5.08E0));
#1725=LINE('',#1724,#1723);
#1726=CARTESIAN_POINT('',(-1.2769645E1,1.2769645E1,-5.08E0));
#1727=DIRECTION('',(0.E0,0.E0,-1.E0));
#1728=DIRECTION('',(1.E0,0.E0,0.E0));
#1729=AXIS2_PLACEMENT_3D('',#1726,#1727,#1728);
#1731=DIRECTION('',(1.E0,-5.024344051478E-14,0.E0));
#1732=VECTOR('',#1731,3.5355E-2);
#1733=CARTESIAN_POINT('',(-1.2805E1,1.2519645E1,-5.08E0));
#1734=LINE('',#1733,#1732);
#1735=DIRECTION('',(0.E0,1.E0,0.E0));
#1736=VECTOR('',#1735,2.503929E1);
#1737=CARTESIAN_POINT('',(-1.2805E1,-1.2519645E1,-5.08E0));
#1738=LINE('',#1737,#1736);
#1739=DIRECTION('',(1.E0,5.024344051478E-14,0.E0));
#1740=VECTOR('',#1739,3.5355E-2);
#1741=CARTESIAN_POINT('',(-1.2805E1,-1.2519645E1,-5.08E0));
#1742=LINE('',#1741,#1740);
#1743=CARTESIAN_POINT('',(-1.2769645E1,-1.2769645E1,-5.08E0));
#1744=DIRECTION('',(0.E0,0.E0,-1.E0));
#1745=DIRECTION('',(0.E0,1.E0,0.E0));
#1746=AXIS2_PLACEMENT_3D('',#1743,#1744,#1745);
#1748=DIRECTION('',(0.E0,1.E0,0.E0));
#1749=VECTOR('',#1748,3.5355E-2);
#1750=CARTESIAN_POINT('',(-1.2519645E1,-1.2805E1,-5.08E0));
#1751=LINE('',#1750,#1749);
#1752=DIRECTION('',(-1.E0,0.E0,0.E0));
#1753=VECTOR('',#1752,2.503929E1);
#1754=CARTESIAN_POINT('',(1.2519645E1,-1.2805E1,-5.08E0));
#1755=LINE('',#1754,#1753);
#1756=DIRECTION('',(5.024344051478E-14,1.E0,0.E0));
#1757=VECTOR('',#1756,3.5355E-2);
#1758=CARTESIAN_POINT('',(1.2519645E1,-1.2805E1,-5.08E0));
#1759=LINE('',#1758,#1757);
#1760=DIRECTION('',(0.E0,0.E0,1.E0));
#1761=VECTOR('',#1760,2.E-1);
#1762=CARTESIAN_POINT('',(7.5E-1,-1.0855E1,-5.08E0));
#1763=LINE('',#1762,#1761);
#1764=DIRECTION('',(0.E0,0.E0,1.E0));
#1765=VECTOR('',#1764,2.E-1);
#1766=CARTESIAN_POINT('',(7.5E-1,-2.904737509656E0,-5.08E0));
#1767=LINE('',#1766,#1765);
#1768=DIRECTION('',(0.E0,0.E0,1.E0));
#1769=VECTOR('',#1768,2.E-1);
#1770=CARTESIAN_POINT('',(2.904737509656E0,-7.5E-1,-5.08E0));
#1771=LINE('',#1770,#1769);
#1772=DIRECTION('',(0.E0,0.E0,1.E0));
#1773=VECTOR('',#1772,2.E-1);
#1774=CARTESIAN_POINT('',(1.0855E1,-7.5E-1,-5.08E0));
#1775=LINE('',#1774,#1773);
#1776=DIRECTION('',(0.E0,0.E0,1.E0));
#1777=VECTOR('',#1776,2.E-1);
#1778=CARTESIAN_POINT('',(1.1605E1,-7.5E-1,-5.08E0));
#1779=LINE('',#1778,#1777);
#1780=DIRECTION('',(0.E0,0.E0,1.E0));
#1781=VECTOR('',#1780,2.E-1);
#1782=CARTESIAN_POINT('',(1.1605E1,-1.0605E1,-5.08E0));
#1783=LINE('',#1782,#1781);
#1784=DIRECTION('',(0.E0,0.E0,1.E0));
#1785=VECTOR('',#1784,2.E-1);
#1786=CARTESIAN_POINT('',(1.0605E1,-1.1605E1,-5.08E0));
#1787=LINE('',#1786,#1785);
#1788=DIRECTION('',(0.E0,0.E0,1.E0));
#1789=VECTOR('',#1788,2.E-1);
#1790=CARTESIAN_POINT('',(7.5E-1,1.0855E1,-5.08E0));
#1791=LINE('',#1790,#1789);
#1792=DIRECTION('',(0.E0,0.E0,1.E0));
#1793=VECTOR('',#1792,2.E-1);
#1794=CARTESIAN_POINT('',(7.5E-1,2.904737509656E0,-5.08E0));
#1795=LINE('',#1794,#1793);
#1796=DIRECTION('',(0.E0,0.E0,1.E0));
#1797=VECTOR('',#1796,2.E-1);
#1798=CARTESIAN_POINT('',(2.904737509656E0,7.5E-1,-5.08E0));
#1799=LINE('',#1798,#1797);
#1800=DIRECTION('',(0.E0,0.E0,1.E0));
#1801=VECTOR('',#1800,2.E-1);
#1802=CARTESIAN_POINT('',(1.0855E1,7.5E-1,-5.08E0));
#1803=LINE('',#1802,#1801);
#1804=DIRECTION('',(0.E0,0.E0,1.E0));
#1805=VECTOR('',#1804,2.E-1);
#1806=CARTESIAN_POINT('',(1.1605E1,7.5E-1,-5.08E0));
#1807=LINE('',#1806,#1805);
#1808=DIRECTION('',(0.E0,0.E0,1.E0));
#1809=VECTOR('',#1808,2.E-1);
#1810=CARTESIAN_POINT('',(1.1605E1,1.0605E1,-5.08E0));
#1811=LINE('',#1810,#1809);
#1812=DIRECTION('',(0.E0,0.E0,1.E0));
#1813=VECTOR('',#1812,2.E-1);
#1814=CARTESIAN_POINT('',(1.0605E1,1.1605E1,-5.08E0));
#1815=LINE('',#1814,#1813);
#1816=DIRECTION('',(0.E0,0.E0,1.E0));
#1817=VECTOR('',#1816,2.E-1);
#1818=CARTESIAN_POINT('',(7.5E-1,1.1605E1,-5.08E0));
#1819=LINE('',#1818,#1817);
#1820=DIRECTION('',(0.E0,0.E0,1.E0));
#1821=VECTOR('',#1820,2.E-1);
#1822=CARTESIAN_POINT('',(-7.5E-1,-1.0855E1,-5.08E0));
#1823=LINE('',#1822,#1821);
#1824=DIRECTION('',(0.E0,0.E0,1.E0));
#1825=VECTOR('',#1824,2.E-1);
#1826=CARTESIAN_POINT('',(-7.5E-1,-2.904737509656E0,-5.08E0));
#1827=LINE('',#1826,#1825);
#1828=DIRECTION('',(0.E0,0.E0,1.E0));
#1829=VECTOR('',#1828,2.E-1);
#1830=CARTESIAN_POINT('',(-2.904737509656E0,-7.5E-1,-5.08E0));
#1831=LINE('',#1830,#1829);
#1832=DIRECTION('',(0.E0,0.E0,1.E0));
#1833=VECTOR('',#1832,2.E-1);
#1834=CARTESIAN_POINT('',(-1.0855E1,-7.5E-1,-5.08E0));
#1835=LINE('',#1834,#1833);
#1836=DIRECTION('',(0.E0,0.E0,1.E0));
#1837=VECTOR('',#1836,2.E-1);
#1838=CARTESIAN_POINT('',(-1.1605E1,-7.5E-1,-5.08E0));
#1839=LINE('',#1838,#1837);
#1840=DIRECTION('',(0.E0,0.E0,1.E0));
#1841=VECTOR('',#1840,2.E-1);
#1842=CARTESIAN_POINT('',(-1.1605E1,-1.0605E1,-5.08E0));
#1843=LINE('',#1842,#1841);
#1844=DIRECTION('',(0.E0,0.E0,1.E0));
#1845=VECTOR('',#1844,2.E-1);
#1846=CARTESIAN_POINT('',(-1.0605E1,-1.1605E1,-5.08E0));
#1847=LINE('',#1846,#1845);
#1848=DIRECTION('',(0.E0,0.E0,1.E0));
#1849=VECTOR('',#1848,2.E-1);
#1850=CARTESIAN_POINT('',(-7.5E-1,-1.1605E1,-5.08E0));
#1851=LINE('',#1850,#1849);
#1852=DIRECTION('',(0.E0,0.E0,1.E0));
#1853=VECTOR('',#1852,2.E-1);
#1854=CARTESIAN_POINT('',(-1.1605E1,1.0605E1,-5.08E0));
#1855=LINE('',#1854,#1853);
#1856=DIRECTION('',(0.E0,0.E0,1.E0));
#1857=VECTOR('',#1856,2.E-1);
#1858=CARTESIAN_POINT('',(-1.1605E1,7.5E-1,-5.08E0));
#1859=LINE('',#1858,#1857);
#1860=DIRECTION('',(0.E0,0.E0,1.E0));
#1861=VECTOR('',#1860,2.E-1);
#1862=CARTESIAN_POINT('',(-1.0855E1,7.5E-1,-5.08E0));
#1863=LINE('',#1862,#1861);
#1864=DIRECTION('',(0.E0,0.E0,1.E0));
#1865=VECTOR('',#1864,2.E-1);
#1866=CARTESIAN_POINT('',(-2.904737509656E0,7.5E-1,-5.08E0));
#1867=LINE('',#1866,#1865);
#1868=DIRECTION('',(0.E0,0.E0,1.E0));
#1869=VECTOR('',#1868,2.E-1);
#1870=CARTESIAN_POINT('',(-7.5E-1,2.904737509656E0,-5.08E0));
#1871=LINE('',#1870,#1869);
#1872=DIRECTION('',(0.E0,0.E0,1.E0));
#1873=VECTOR('',#1872,2.E-1);
#1874=CARTESIAN_POINT('',(-7.5E-1,1.0855E1,-5.08E0));
#1875=LINE('',#1874,#1873);
#1876=DIRECTION('',(0.E0,0.E0,1.E0));
#1877=VECTOR('',#1876,2.E-1);
#1878=CARTESIAN_POINT('',(-7.5E-1,1.1605E1,-5.08E0));
#1879=LINE('',#1878,#1877);
#1880=DIRECTION('',(0.E0,0.E0,1.E0));
#1881=VECTOR('',#1880,2.E-1);
#1882=CARTESIAN_POINT('',(-1.0605E1,1.1605E1,-5.08E0));
#1883=LINE('',#1882,#1881);
#1884=DIRECTION('',(0.E0,0.E0,1.E0));
#1885=VECTOR('',#1884,2.E-1);
#1886=CARTESIAN_POINT('',(1.2285E1,1.1785E1,-5.08E0));
#1887=LINE('',#1886,#1885);
#1888=DIRECTION('',(0.E0,0.E0,1.E0));
#1889=VECTOR('',#1888,2.E-1);
#1890=CARTESIAN_POINT('',(1.1285E1,1.1785E1,-5.08E0));
#1891=LINE('',#1890,#1889);
#1892=DIRECTION('',(0.E0,0.E0,1.E0));
#1893=VECTOR('',#1892,2.E-1);
#1894=CARTESIAN_POINT('',(1.2519645E1,-1.2769645E1,-5.08E0));
#1895=LINE('',#1894,#1893);
#1896=DIRECTION('',(0.E0,-1.E0,-4.012483724073E-14));
#1897=VECTOR('',#1896,1.770830200499E-1);
#1898=CARTESIAN_POINT('',(1.2519645E1,-1.2905E1,-4.895E0));
#1899=LINE('',#1898,#1897);
#1900=DIRECTION('',(0.E0,0.E0,1.E0));
#1901=VECTOR('',#1900,1.15E-1);
#1902=CARTESIAN_POINT('',(1.2519645E1,-1.2905E1,-4.895E0));
#1903=LINE('',#1902,#1901);
#1904=CARTESIAN_POINT('',(-1.2519645E1,-1.2805E1,-4.78E0));
#1905=DIRECTION('',(-1.E0,0.E0,0.E0));
#1906=DIRECTION('',(0.E0,0.E0,-1.E0));
#1907=AXIS2_PLACEMENT_3D('',#1904,#1905,#1906);
#1909=CARTESIAN_POINT('',(1.2519645E1,-1.2805E1,-4.78E0));
#1910=DIRECTION('',(-1.E0,0.E0,0.E0));
#1911=DIRECTION('',(0.E0,0.E0,-1.E0));
#1912=AXIS2_PLACEMENT_3D('',#1909,#1910,#1911);
#1914=DIRECTION('',(3.009362793055E-14,1.E0,0.E0));
#1915=VECTOR('',#1914,1.770830200500E-1);
#1916=CARTESIAN_POINT('',(-1.2519645E1,-1.308208302005E1,-4.895E0));
#1917=LINE('',#1916,#1915);
#1918=DIRECTION('',(0.E0,0.E0,1.E0));
#1919=VECTOR('',#1918,2.E-1);
#1920=CARTESIAN_POINT('',(-1.2519645E1,-1.2769645E1,-5.08E0));
#1921=LINE('',#1920,#1919);
#1922=DIRECTION('',(-1.544658121218E-14,-3.089316242435E-14,1.E0));
#1923=VECTOR('',#1922,1.15E-1);
#1924=CARTESIAN_POINT('',(-1.2519645E1,-1.2905E1,-4.895E0));
#1925=LINE('',#1924,#1923);
#1926=CARTESIAN_POINT('',(-1.2769645E1,-1.3105E1,-4.895E0));
#1927=DIRECTION('',(0.E0,1.E0,0.E0));
#1928=DIRECTION('',(0.E0,0.E0,1.E0));
#1929=AXIS2_PLACEMENT_3D('',#1926,#1927,#1928);
#1931=CARTESIAN_POINT('',(-1.254766527120E1,-1.3105E1,-4.78E0));
#1932=CARTESIAN_POINT('',(-1.254287966775E1,-1.3105E1,-4.789237451777E0));
#1933=CARTESIAN_POINT('',(-1.253456252631E1,-1.310415239766E1,
-4.808094779386E0));
#1934=CARTESIAN_POINT('',(-1.252578599525E1,-1.309996873210E1,
-4.837306601584E0));
#1935=CARTESIAN_POINT('',(-1.252076375153E1,-1.309291836675E1,
-4.866048758563E0));
#1936=CARTESIAN_POINT('',(-1.2519645E1,-1.308606203488E1,-4.885412891771E0));
#1937=CARTESIAN_POINT('',(-1.2519645E1,-1.308208302005E1,-4.895E0));
#1939=CARTESIAN_POINT('',(-1.2769645E1,-1.2905E1,-4.895E0));
#1940=DIRECTION('',(0.E0,-1.E0,0.E0));
#1941=DIRECTION('',(1.E0,0.E0,1.776356839400E-14));
#1942=AXIS2_PLACEMENT_3D('',#1939,#1940,#1941);
#1944=CARTESIAN_POINT('',(-1.2519645E1,-1.2805E1,-4.78E0));
#1945=DIRECTION('',(-1.E0,0.E0,0.E0));
#1946=DIRECTION('',(0.E0,-1.184237892934E-14,-1.E0));
#1947=AXIS2_PLACEMENT_3D('',#1944,#1945,#1946);
#1949=CARTESIAN_POINT('',(1.2519645E1,-1.2805E1,-4.78E0));
#1950=DIRECTION('',(-1.E0,0.E0,0.E0));
#1951=DIRECTION('',(0.E0,-1.184237892934E-14,-1.E0));
#1952=AXIS2_PLACEMENT_3D('',#1949,#1950,#1951);
#1954=DIRECTION('',(0.E0,0.E0,1.E0));
#1955=VECTOR('',#1954,2.E-1);
#1956=CARTESIAN_POINT('',(-1.2769645E1,-1.2519645E1,-5.08E0));
#1957=LINE('',#1956,#1955);
#1958=DIRECTION('',(-1.E0,-4.012483724073E-14,4.012483724073E-14));
#1959=VECTOR('',#1958,1.770830200499E-1);
#1960=CARTESIAN_POINT('',(-1.2905E1,-1.2519645E1,-4.895E0));
#1961=LINE('',#1960,#1959);
#1962=DIRECTION('',(0.E0,-6.178632484870E-14,1.E0));
#1963=VECTOR('',#1962,1.15E-1);
#1964=CARTESIAN_POINT('',(-1.2905E1,-1.2519645E1,-4.895E0));
#1965=LINE('',#1964,#1963);
#1966=CARTESIAN_POINT('',(-1.2905E1,-1.2769645E1,-4.895E0));
#1967=DIRECTION('',(-1.E0,0.E0,0.E0));
#1968=DIRECTION('',(0.E0,0.E0,1.E0));
#1969=AXIS2_PLACEMENT_3D('',#1966,#1967,#1968);
#1971=CARTESIAN_POINT('',(-1.308208302005E1,-1.2519645E1,-4.895E0));
#1972=CARTESIAN_POINT('',(-1.308606195695E1,-1.2519645E1,-4.885413079544E0));
#1973=CARTESIAN_POINT('',(-1.309291812161E1,-1.252076351756E1,
-4.866049864531E0));
#1974=CARTESIAN_POINT('',(-1.309996871971E1,-1.252578643063E1,
-4.837305744388E0));
#1975=CARTESIAN_POINT('',(-1.310415146776E1,-1.253455952200E1,
-4.808103403952E0));
#1976=CARTESIAN_POINT('',(-1.3105E1,-1.254287786875E1,-4.789240924318E0));
#1977=CARTESIAN_POINT('',(-1.3105E1,-1.254766527120E1,-4.78E0));
#1979=CARTESIAN_POINT('',(-1.3105E1,-1.2769645E1,-4.895E0));
#1980=DIRECTION('',(1.E0,0.E0,0.E0));
#1981=DIRECTION('',(0.E0,8.879189152169E-1,4.6E-1));
#1982=AXIS2_PLACEMENT_3D('',#1979,#1980,#1981);
#1984=CARTESIAN_POINT('',(-1.2805E1,1.2519645E1,-4.78E0));
#1985=DIRECTION('',(0.E0,1.E0,0.E0));
#1986=DIRECTION('',(-1.184237892934E-14,0.E0,-1.E0));
#1987=AXIS2_PLACEMENT_3D('',#1984,#1985,#1986);
#1989=CARTESIAN_POINT('',(-1.2805E1,-1.2519645E1,-4.78E0));
#1990=DIRECTION('',(0.E0,1.E0,0.E0));
#1991=DIRECTION('',(-1.184237892934E-14,0.E0,-1.E0));
#1992=AXIS2_PLACEMENT_3D('',#1989,#1990,#1991);
#1994=DIRECTION('',(1.E0,-4.012483724073E-14,1.003120931018E-14));
#1995=VECTOR('',#1994,1.770830200499E-1);
#1996=CARTESIAN_POINT('',(-1.308208302005E1,1.2519645E1,-4.895E0));
#1997=LINE('',#1996,#1995);
#1998=DIRECTION('',(0.E0,0.E0,1.E0));
#1999=VECTOR('',#1998,2.E-1);
#2000=CARTESIAN_POINT('',(-1.2769645E1,1.2519645E1,-5.08E0));
#2001=LINE('',#2000,#1999);
#2002=DIRECTION('',(0.E0,4.633974363653E-14,1.E0));
#2003=VECTOR('',#2002,1.15E-1);
#2004=CARTESIAN_POINT('',(-1.2905E1,1.2519645E1,-4.895E0));
#2005=LINE('',#2004,#2003);
#2006=CARTESIAN_POINT('',(-1.3105E1,1.2769645E1,-4.895E0));
#2007=DIRECTION('',(1.E0,0.E0,0.E0));
#2008=DIRECTION('',(0.E0,0.E0,1.E0));
#2009=AXIS2_PLACEMENT_3D('',#2006,#2007,#2008);
#2011=CARTESIAN_POINT('',(-1.3105E1,1.254766527120E1,-4.78E0));
#2012=CARTESIAN_POINT('',(-1.3105E1,1.254290870129E1,-4.789181409545E0));
#2013=CARTESIAN_POINT('',(-1.310414317968E1,1.253464591207E1,
-4.807951414200E0));
#2014=CARTESIAN_POINT('',(-1.310014157071E1,1.252600385460E1,
-4.836399555748E0));
#2015=CARTESIAN_POINT('',(-1.309300589284E1,1.252076107910E1,
-4.865835722549E0));
#2016=CARTESIAN_POINT('',(-1.308609789401E1,1.2519645E1,-4.885326492152E0));
#2017=CARTESIAN_POINT('',(-1.308208302005E1,1.2519645E1,-4.895E0));
#2019=CARTESIAN_POINT('',(-1.2905E1,1.2769645E1,-4.895E0));
#2020=DIRECTION('',(-1.E0,0.E0,0.E0));
#2021=DIRECTION('',(0.E0,-1.E0,1.776356839400E-14));
#2022=AXIS2_PLACEMENT_3D('',#2019,#2020,#2021);
#2024=DIRECTION('',(0.E0,0.E0,1.E0));
#2025=VECTOR('',#2024,2.E-1);
#2026=CARTESIAN_POINT('',(-1.2519645E1,1.2769645E1,-5.08E0));
#2027=LINE('',#2026,#2025);
#2028=CARTESIAN_POINT('',(-1.2805E1,1.2519645E1,-4.78E0));
#2029=DIRECTION('',(0.E0,1.E0,0.E0));
#2030=DIRECTION('',(0.E0,0.E0,-1.E0));
#2031=AXIS2_PLACEMENT_3D('',#2028,#2029,#2030);
#2033=CARTESIAN_POINT('',(-1.2805E1,-1.2519645E1,-4.78E0));
#2034=DIRECTION('',(0.E0,1.E0,0.E0));
#2035=DIRECTION('',(0.E0,0.E0,-1.E0));
#2036=AXIS2_PLACEMENT_3D('',#2033,#2034,#2035);
#2038=DIRECTION('',(-1.E0,-2.006241862036E-14,-2.006241862036E-14));
#2039=VECTOR('',#2038,1.770830200499E-1);
#2040=CARTESIAN_POINT('',(1.308208302005E1,-1.2519645E1,-4.895E0));
#2041=LINE('',#2040,#2039);
#2042=DIRECTION('',(0.E0,0.E0,1.E0));
#2043=VECTOR('',#2042,2.E-1);
#2044=CARTESIAN_POINT('',(1.2769645E1,-1.2519645E1,-5.08E0));
#2045=LINE('',#2044,#2043);
#2046=DIRECTION('',(1.544658121218E-14,0.E0,1.E0));
#2047=VECTOR('',#2046,1.15E-1);
#2048=CARTESIAN_POINT('',(1.2905E1,-1.2519645E1,-4.895E0));
#2049=LINE('',#2048,#2047);
#2050=CARTESIAN_POINT('',(1.3105E1,-1.2769645E1,-4.895E0));
#2051=DIRECTION('',(-1.E0,0.E0,0.E0));
#2052=DIRECTION('',(0.E0,0.E0,1.E0));
#2053=AXIS2_PLACEMENT_3D('',#2050,#2051,#2052);
#2055=CARTESIAN_POINT('',(1.3105E1,-1.254766527120E1,-4.78E0));
#2056=CARTESIAN_POINT('',(1.3105E1,-1.254290870129E1,-4.789181409545E0));
#2057=CARTESIAN_POINT('',(1.310414317968E1,-1.253464591207E1,
-4.807951414200E0));
#2058=CARTESIAN_POINT('',(1.310014157071E1,-1.252600385460E1,
-4.836399555748E0));
#2059=CARTESIAN_POINT('',(1.309300589284E1,-1.252076107910E1,
-4.865835722549E0));
#2060=CARTESIAN_POINT('',(1.308609789401E1,-1.2519645E1,-4.885326492152E0));
#2061=CARTESIAN_POINT('',(1.308208302005E1,-1.2519645E1,-4.895E0));
#2063=CARTESIAN_POINT('',(1.2905E1,-1.2769645E1,-4.895E0));
#2064=DIRECTION('',(1.E0,0.E0,0.E0));
#2065=DIRECTION('',(0.E0,1.E0,-3.907985046681E-14));
#2066=AXIS2_PLACEMENT_3D('',#2063,#2064,#2065);
#2068=CARTESIAN_POINT('',(1.3105E1,2.E-1,-3.98E0));
#2069=DIRECTION('',(1.E0,0.E0,0.E0));
#2070=DIRECTION('',(0.E0,0.E0,-1.E0));
#2071=AXIS2_PLACEMENT_3D('',#2068,#2069,#2070);
#2073=DIRECTION('',(0.E0,-1.E0,0.E0));
#2074=VECTOR('',#2073,4.E-1);
#2075=CARTESIAN_POINT('',(1.3105E1,2.E-1,-3.63E0));
#2076=LINE('',#2075,#2074);
#2077=CARTESIAN_POINT('',(1.3105E1,-2.E-1,-3.98E0));
#2078=DIRECTION('',(1.E0,0.E0,0.E0));
#2079=DIRECTION('',(0.E0,2.823138548333E-14,1.E0));
#2080=AXIS2_PLACEMENT_3D('',#2077,#2078,#2079);
#2082=DIRECTION('',(0.E0,1.E0,0.E0));
#2083=VECTOR('',#2082,4.E-1);
#2084=CARTESIAN_POINT('',(1.3105E1,-2.E-1,-4.33E0));
#2085=LINE('',#2084,#2083);
#2086=DIRECTION('',(0.E0,1.E0,0.E0));
#2087=VECTOR('',#2086,3.35355E-1);
#2088=CARTESIAN_POINT('',(1.3105E1,1.2769645E1,-4.645E0));
#2089=LINE('',#2088,#2087);
#2090=DIRECTION('',(0.E0,1.E0,0.E0));
#2091=VECTOR('',#2090,3.35355E-1);
#2092=CARTESIAN_POINT('',(1.3105E1,-1.3105E1,-4.645E0));
#2093=LINE('',#2092,#2091);
#2094=DIRECTION('',(0.E0,0.E0,-1.E0));
#2095=VECTOR('',#2094,4.645E0);
#2096=CARTESIAN_POINT('',(1.3105E1,-1.3105E1,0.E0));
#2097=LINE('',#2096,#2095);
#2098=DIRECTION('',(0.E0,0.E0,-1.E0));
#2099=VECTOR('',#2098,5.E-1);
#2100=CARTESIAN_POINT('',(1.3105E1,-1.05E1,0.E0));
#2101=LINE('',#2100,#2099);
#2102=DIRECTION('',(0.E0,1.E0,0.E0));
#2103=VECTOR('',#2102,3.E0);
#2104=CARTESIAN_POINT('',(1.3105E1,-1.05E1,-5.E-1));
#2105=LINE('',#2104,#2103);
#2106=DIRECTION('',(0.E0,0.E0,-1.E0));
#2107=VECTOR('',#2106,5.E-1);
#2108=CARTESIAN_POINT('',(1.3105E1,-7.5E0,0.E0));
#2109=LINE('',#2108,#2107);
#2110=DIRECTION('',(0.E0,0.E0,-1.E0));
#2111=VECTOR('',#2110,5.E-1);
#2112=CARTESIAN_POINT('',(1.3105E1,-4.5E0,0.E0));
#2113=LINE('',#2112,#2111);
#2114=DIRECTION('',(0.E0,1.E0,0.E0));
#2115=VECTOR('',#2114,3.E0);
#2116=CARTESIAN_POINT('',(1.3105E1,-4.5E0,-5.E-1));
#2117=LINE('',#2116,#2115);
#2118=DIRECTION('',(0.E0,0.E0,-1.E0));
#2119=VECTOR('',#2118,5.E-1);
#2120=CARTESIAN_POINT('',(1.3105E1,-1.5E0,0.E0));
#2121=LINE('',#2120,#2119);
#2122=DIRECTION('',(0.E0,0.E0,-1.E0));
#2123=VECTOR('',#2122,5.E-1);
#2124=CARTESIAN_POINT('',(1.3105E1,1.5E0,0.E0));
#2125=LINE('',#2124,#2123);
#2126=DIRECTION('',(0.E0,1.E0,0.E0));
#2127=VECTOR('',#2126,3.E0);
#2128=CARTESIAN_POINT('',(1.3105E1,1.5E0,-5.E-1));
#2129=LINE('',#2128,#2127);
#2130=DIRECTION('',(0.E0,0.E0,-1.E0));
#2131=VECTOR('',#2130,5.E-1);
#2132=CARTESIAN_POINT('',(1.3105E1,4.5E0,0.E0));
#2133=LINE('',#2132,#2131);
#2134=DIRECTION('',(0.E0,0.E0,-1.E0));
#2135=VECTOR('',#2134,5.E-1);
#2136=CARTESIAN_POINT('',(1.3105E1,7.5E0,0.E0));
#2137=LINE('',#2136,#2135);
#2138=DIRECTION('',(0.E0,1.E0,0.E0));
#2139=VECTOR('',#2138,3.E0);
#2140=CARTESIAN_POINT('',(1.3105E1,7.5E0,-5.E-1));
#2141=LINE('',#2140,#2139);
#2142=DIRECTION('',(0.E0,0.E0,-1.E0));
#2143=VECTOR('',#2142,5.E-1);
#2144=CARTESIAN_POINT('',(1.3105E1,1.05E1,0.E0));
#2145=LINE('',#2144,#2143);
#2146=DIRECTION('',(0.E0,1.E0,0.E0));
#2147=VECTOR('',#2146,4.E-1);
#2148=CARTESIAN_POINT('',(1.3105E1,-1.02E1,-4.33E0));
#2149=LINE('',#2148,#2147);
#2150=CARTESIAN_POINT('',(1.3105E1,-9.8E0,-3.98E0));
#2151=DIRECTION('',(1.E0,0.E0,0.E0));
#2152=DIRECTION('',(0.E0,-1.015061051086E-14,-1.E0));
#2153=AXIS2_PLACEMENT_3D('',#2150,#2151,#2152);
#2155=DIRECTION('',(0.E0,-1.E0,0.E0));
#2156=VECTOR('',#2155,4.E-1);
#2157=CARTESIAN_POINT('',(1.3105E1,-9.8E0,-3.63E0));
#2158=LINE('',#2157,#2156);
#2159=CARTESIAN_POINT('',(1.3105E1,-1.02E1,-3.98E0));
#2160=DIRECTION('',(1.E0,0.E0,0.E0));
#2161=DIRECTION('',(0.E0,2.537652627715E-14,1.E0));
#2162=AXIS2_PLACEMENT_3D('',#2159,#2160,#2161);
#2164=CARTESIAN_POINT('',(1.3105E1,1.02E1,-3.98E0));
#2165=DIRECTION('',(1.E0,0.E0,0.E0));
#2166=DIRECTION('',(0.E0,0.E0,-1.E0));
#2167=AXIS2_PLACEMENT_3D('',#2164,#2165,#2166);
#2169=DIRECTION('',(0.E0,-1.E0,0.E0));
#2170=VECTOR('',#2169,4.E-1);
#2171=CARTESIAN_POINT('',(1.3105E1,1.02E1,-3.63E0));
#2172=LINE('',#2171,#2170);
#2173=CARTESIAN_POINT('',(1.3105E1,9.8E0,-3.98E0));
#2174=DIRECTION('',(1.E0,0.E0,0.E0));
#2175=DIRECTION('',(0.E0,1.522591576629E-14,1.E0));
#2176=AXIS2_PLACEMENT_3D('',#2173,#2174,#2175);
#2178=DIRECTION('',(0.E0,1.E0,0.E0));
#2179=VECTOR('',#2178,4.E-1);
#2180=CARTESIAN_POINT('',(1.3105E1,9.8E0,-4.33E0));
#2181=LINE('',#2180,#2179);
#2182=CARTESIAN_POINT('',(1.2905E1,1.2769645E1,-4.895E0));
#2183=DIRECTION('',(1.E0,0.E0,0.E0));
#2184=DIRECTION('',(0.E0,0.E0,1.E0));
#2185=AXIS2_PLACEMENT_3D('',#2182,#2183,#2184);
#2187=CARTESIAN_POINT('',(1.308208302005E1,1.2519645E1,-4.895E0));
#2188=CARTESIAN_POINT('',(1.308606195695E1,1.2519645E1,-4.885413079544E0));
#2189=CARTESIAN_POINT('',(1.309291812161E1,1.252076351756E1,-4.866049864531E0));
#2190=CARTESIAN_POINT('',(1.309996871971E1,1.252578643063E1,-4.837305744388E0));
#2191=CARTESIAN_POINT('',(1.310415146776E1,1.253455952200E1,-4.808103403952E0));
#2192=CARTESIAN_POINT('',(1.3105E1,1.254287786875E1,-4.789240924318E0));
#2193=CARTESIAN_POINT('',(1.3105E1,1.254766527120E1,-4.78E0));
#2195=CARTESIAN_POINT('',(1.3105E1,1.2769645E1,-4.895E0));
#2196=DIRECTION('',(-1.E0,0.E0,0.E0));
#2197=DIRECTION('',(0.E0,-8.879189152169E-1,4.6E-1));
#2198=AXIS2_PLACEMENT_3D('',#2195,#2196,#2197);
#2200=CARTESIAN_POINT('',(1.2905E1,2.E-1,-3.98E0));
#2201=DIRECTION('',(1.E0,0.E0,0.E0));
#2202=DIRECTION('',(0.E0,0.E0,-1.E0));
#2203=AXIS2_PLACEMENT_3D('',#2200,#2201,#2202);
#2205=DIRECTION('',(0.E0,1.E0,0.E0));
#2206=VECTOR('',#2205,4.E-1);
#2207=CARTESIAN_POINT('',(1.2905E1,-2.E-1,-4.33E0));
#2208=LINE('',#2207,#2206);
#2209=CARTESIAN_POINT('',(1.2905E1,-2.E-1,-3.98E0));
#2210=DIRECTION('',(1.E0,0.E0,0.E0));
#2211=DIRECTION('',(0.E0,2.823138548333E-14,1.E0));
#2212=AXIS2_PLACEMENT_3D('',#2209,#2210,#2211);
#2214=DIRECTION('',(0.E0,-1.E0,0.E0));
#2215=VECTOR('',#2214,4.E-1);
#2216=CARTESIAN_POINT('',(1.2905E1,2.E-1,-3.63E0));
#2217=LINE('',#2216,#2215);
#2218=DIRECTION('',(0.E0,-1.E0,0.E0));
#2219=VECTOR('',#2218,2.503929E1);
#2220=CARTESIAN_POINT('',(1.2905E1,1.2519645E1,-4.78E0));
#2221=LINE('',#2220,#2219);
#2222=DIRECTION('',(-2.624737674117E-14,1.E0,0.E0));
#2223=VECTOR('',#2222,1.35355E-1);
#2224=CARTESIAN_POINT('',(1.2905E1,1.2769645E1,-4.645E0));
#2225=LINE('',#2224,#2223);
#2226=DIRECTION('',(0.E0,0.E0,-1.E0));
#2227=VECTOR('',#2226,5.E-1);
#2228=CARTESIAN_POINT('',(1.2905E1,1.05E1,0.E0));
#2229=LINE('',#2228,#2227);
#2230=DIRECTION('',(0.E0,1.E0,0.E0));
#2231=VECTOR('',#2230,3.E0);
#2232=CARTESIAN_POINT('',(1.2905E1,7.5E0,-5.E-1));
#2233=LINE('',#2232,#2231);
#2234=DIRECTION('',(0.E0,0.E0,-1.E0));
#2235=VECTOR('',#2234,5.E-1);
#2236=CARTESIAN_POINT('',(1.2905E1,7.5E0,0.E0));
#2237=LINE('',#2236,#2235);
#2238=DIRECTION('',(0.E0,0.E0,-1.E0));
#2239=VECTOR('',#2238,5.E-1);
#2240=CARTESIAN_POINT('',(1.2905E1,4.5E0,0.E0));
#2241=LINE('',#2240,#2239);
#2242=DIRECTION('',(0.E0,1.E0,0.E0));
#2243=VECTOR('',#2242,3.E0);
#2244=CARTESIAN_POINT('',(1.2905E1,1.5E0,-5.E-1));
#2245=LINE('',#2244,#2243);
#2246=DIRECTION('',(0.E0,0.E0,-1.E0));
#2247=VECTOR('',#2246,5.E-1);
#2248=CARTESIAN_POINT('',(1.2905E1,1.5E0,0.E0));
#2249=LINE('',#2248,#2247);
#2250=DIRECTION('',(0.E0,0.E0,-1.E0));
#2251=VECTOR('',#2250,5.E-1);
#2252=CARTESIAN_POINT('',(1.2905E1,-1.5E0,0.E0));
#2253=LINE('',#2252,#2251);
#2254=DIRECTION('',(0.E0,1.E0,0.E0));
#2255=VECTOR('',#2254,3.E0);
#2256=CARTESIAN_POINT('',(1.2905E1,-4.5E0,-5.E-1));
#2257=LINE('',#2256,#2255);
#2258=DIRECTION('',(0.E0,0.E0,-1.E0));
#2259=VECTOR('',#2258,5.E-1);
#2260=CARTESIAN_POINT('',(1.2905E1,-4.5E0,0.E0));
#2261=LINE('',#2260,#2259);
#2262=DIRECTION('',(0.E0,0.E0,-1.E0));
#2263=VECTOR('',#2262,5.E-1);
#2264=CARTESIAN_POINT('',(1.2905E1,-7.5E0,0.E0));
#2265=LINE('',#2264,#2263);
#2266=DIRECTION('',(0.E0,1.E0,0.E0));
#2267=VECTOR('',#2266,3.E0);
#2268=CARTESIAN_POINT('',(1.2905E1,-1.05E1,-5.E-1));
#2269=LINE('',#2268,#2267);
#2270=DIRECTION('',(0.E0,0.E0,-1.E0));
#2271=VECTOR('',#2270,5.E-1);
#2272=CARTESIAN_POINT('',(1.2905E1,-1.05E1,0.E0));
#2273=LINE('',#2272,#2271);
#2274=DIRECTION('',(0.E0,0.E0,-1.E0));
#2275=VECTOR('',#2274,4.645E0);
#2276=CARTESIAN_POINT('',(1.2905E1,-1.2905E1,0.E0));
#2277=LINE('',#2276,#2275);
#2278=DIRECTION('',(2.624737674117E-14,1.E0,0.E0));
#2279=VECTOR('',#2278,1.35355E-1);
#2280=CARTESIAN_POINT('',(1.2905E1,-1.2905E1,-4.645E0));
#2281=LINE('',#2280,#2279);
#2282=DIRECTION('',(0.E0,1.E0,0.E0));
#2283=VECTOR('',#2282,4.E-1);
#2284=CARTESIAN_POINT('',(1.2905E1,-1.02E1,-4.33E0));
#2285=LINE('',#2284,#2283);
#2286=CARTESIAN_POINT('',(1.2905E1,-1.02E1,-3.98E0));
#2287=DIRECTION('',(1.E0,0.E0,0.E0));
#2288=DIRECTION('',(0.E0,2.537652627715E-14,1.E0));
#2289=AXIS2_PLACEMENT_3D('',#2286,#2287,#2288);
#2291=DIRECTION('',(0.E0,-1.E0,0.E0));
#2292=VECTOR('',#2291,4.E-1);
#2293=CARTESIAN_POINT('',(1.2905E1,-9.8E0,-3.63E0));
#2294=LINE('',#2293,#2292);
#2295=CARTESIAN_POINT('',(1.2905E1,-9.8E0,-3.98E0));
#2296=DIRECTION('',(1.E0,0.E0,0.E0));
#2297=DIRECTION('',(0.E0,-1.015061051086E-14,-1.E0));
#2298=AXIS2_PLACEMENT_3D('',#2295,#2296,#2297);
#2300=CARTESIAN_POINT('',(1.2905E1,1.02E1,-3.98E0));
#2301=DIRECTION('',(1.E0,0.E0,0.E0));
#2302=DIRECTION('',(0.E0,0.E0,-1.E0));
#2303=AXIS2_PLACEMENT_3D('',#2300,#2301,#2302);
#2305=DIRECTION('',(0.E0,1.E0,0.E0));
#2306=VECTOR('',#2305,4.E-1);
#2307=CARTESIAN_POINT('',(1.2905E1,9.8E0,-4.33E0));
#2308=LINE('',#2307,#2306);
#2309=CARTESIAN_POINT('',(1.2905E1,9.8E0,-3.98E0));
#2310=DIRECTION('',(1.E0,0.E0,0.E0));
#2311=DIRECTION('',(0.E0,1.522591576629E-14,1.E0));
#2312=AXIS2_PLACEMENT_3D('',#2309,#2310,#2311);
#2314=DIRECTION('',(0.E0,-1.E0,0.E0));
#2315=VECTOR('',#2314,4.E-1);
#2316=CARTESIAN_POINT('',(1.2905E1,1.02E1,-3.63E0));
#2317=LINE('',#2316,#2315);
#2318=CARTESIAN_POINT('',(1.2805E1,-1.2519645E1,-4.78E0));
#2319=DIRECTION('',(0.E0,-1.E0,0.E0));
#2320=DIRECTION('',(0.E0,0.E0,-1.E0));
#2321=AXIS2_PLACEMENT_3D('',#2318,#2319,#2320);
#2323=CARTESIAN_POINT('',(1.2805E1,1.2519645E1,-4.78E0));
#2324=DIRECTION('',(0.E0,-1.E0,0.E0));
#2325=DIRECTION('',(0.E0,0.E0,-1.E0));
#2326=AXIS2_PLACEMENT_3D('',#2323,#2324,#2325);
#2328=DIRECTION('',(1.E0,1.003120931018E-14,-1.504681396527E-14));
#2329=VECTOR('',#2328,1.770830200499E-1);
#2330=CARTESIAN_POINT('',(1.2905E1,1.2519645E1,-4.895E0));
#2331=LINE('',#2330,#2329);
#2332=DIRECTION('',(-3.089316242435E-14,1.544658121218E-14,1.E0));
#2333=VECTOR('',#2332,1.15E-1);
#2334=CARTESIAN_POINT('',(1.2905E1,1.2519645E1,-4.895E0));
#2335=LINE('',#2334,#2333);
#2336=DIRECTION('',(0.E0,0.E0,1.E0));
#2337=VECTOR('',#2336,2.E-1);
#2338=CARTESIAN_POINT('',(1.2769645E1,1.2519645E1,-5.08E0));
#2339=LINE('',#2338,#2337);
#2340=DIRECTION('',(0.E0,1.E0,0.E0));
#2341=VECTOR('',#2340,2.509533054239E1);
#2342=CARTESIAN_POINT('',(1.3105E1,-1.254766527120E1,-4.78E0));
#2343=LINE('',#2342,#2341);
#2344=CARTESIAN_POINT('',(1.2805E1,1.2519645E1,-4.78E0));
#2345=DIRECTION('',(0.E0,-1.E0,0.E0));
#2346=DIRECTION('',(1.184237892934E-14,0.E0,-1.E0));
#2347=AXIS2_PLACEMENT_3D('',#2344,#2345,#2346);
#2349=CARTESIAN_POINT('',(1.2805E1,-1.2519645E1,-4.78E0));
#2350=DIRECTION('',(0.E0,-1.E0,0.E0));
#2351=DIRECTION('',(1.184237892934E-14,0.E0,-1.E0));
#2352=AXIS2_PLACEMENT_3D('',#2349,#2350,#2351);
#2354=DIRECTION('',(-1.E0,0.E0,0.E0));
#2355=VECTOR('',#2354,2.E-1);
#2356=CARTESIAN_POINT('',(-1.2905E1,1.05E1,-5.E-1));
#2357=LINE('',#2356,#2355);
#2358=DIRECTION('',(1.E0,0.E0,0.E0));
#2359=VECTOR('',#2358,2.E-1);
#2360=CARTESIAN_POINT('',(-1.3105E1,7.5E0,-5.E-1));
#2361=LINE('',#2360,#2359);
#2362=DIRECTION('',(-1.E0,0.E0,0.E0));
#2363=VECTOR('',#2362,2.E-1);
#2364=CARTESIAN_POINT('',(-1.2905E1,4.5E0,-5.E-1));
#2365=LINE('',#2364,#2363);
#2366=DIRECTION('',(1.E0,0.E0,0.E0));
#2367=VECTOR('',#2366,2.E-1);
#2368=CARTESIAN_POINT('',(-1.3105E1,1.5E0,-5.E-1));
#2369=LINE('',#2368,#2367);
#2370=DIRECTION('',(0.E0,-1.E0,0.E0));
#2371=VECTOR('',#2370,2.E-1);
#2372=CARTESIAN_POINT('',(-1.05E1,-1.2905E1,-5.E-1));
#2373=LINE('',#2372,#2371);
#2374=DIRECTION('',(0.E0,1.E0,0.E0));
#2375=VECTOR('',#2374,2.E-1);
#2376=CARTESIAN_POINT('',(-7.5E0,-1.3105E1,-5.E-1));
#2377=LINE('',#2376,#2375);
#2378=DIRECTION('',(0.E0,-1.E0,0.E0));
#2379=VECTOR('',#2378,2.E-1);
#2380=CARTESIAN_POINT('',(-4.5E0,-1.2905E1,-5.E-1));
#2381=LINE('',#2380,#2379);
#2382=DIRECTION('',(0.E0,1.E0,0.E0));
#2383=VECTOR('',#2382,2.E-1);
#2384=CARTESIAN_POINT('',(-1.5E0,-1.3105E1,-5.E-1));
#2385=LINE('',#2384,#2383);
#2386=DIRECTION('',(1.E0,0.E0,0.E0));
#2387=VECTOR('',#2386,2.E-1);
#2388=CARTESIAN_POINT('',(1.2905E1,-1.05E1,-5.E-1));
#2389=LINE('',#2388,#2387);
#2390=DIRECTION('',(-1.E0,0.E0,0.E0));
#2391=VECTOR('',#2390,2.E-1);
#2392=CARTESIAN_POINT('',(1.3105E1,-7.5E0,-5.E-1));
#2393=LINE('',#2392,#2391);
#2394=DIRECTION('',(1.E0,0.E0,0.E0));
#2395=VECTOR('',#2394,2.E-1);
#2396=CARTESIAN_POINT('',(1.2905E1,-4.5E0,-5.E-1));
#2397=LINE('',#2396,#2395);
#2398=DIRECTION('',(-1.E0,0.E0,0.E0));
#2399=VECTOR('',#2398,2.E-1);
#2400=CARTESIAN_POINT('',(1.3105E1,-1.5E0,-5.E-1));
#2401=LINE('',#2400,#2399);
#2402=DIRECTION('',(0.E0,1.E0,0.E0));
#2403=VECTOR('',#2402,2.E-1);
#2404=CARTESIAN_POINT('',(1.05E1,1.2905E1,-5.E-1));
#2405=LINE('',#2404,#2403);
#2406=DIRECTION('',(0.E0,-1.E0,0.E0));
#2407=VECTOR('',#2406,2.E-1);
#2408=CARTESIAN_POINT('',(7.5E0,1.3105E1,-5.E-1));
#2409=LINE('',#2408,#2407);
#2410=DIRECTION('',(0.E0,1.E0,0.E0));
#2411=VECTOR('',#2410,2.E-1);
#2412=CARTESIAN_POINT('',(4.5E0,1.2905E1,-5.E-1));
#2413=LINE('',#2412,#2411);
#2414=DIRECTION('',(0.E0,-1.E0,0.E0));
#2415=VECTOR('',#2414,2.E-1);
#2416=CARTESIAN_POINT('',(1.5E0,1.3105E1,-5.E-1));
#2417=LINE('',#2416,#2415);
#2418=DIRECTION('',(1.E0,0.E0,0.E0));
#2419=VECTOR('',#2418,2.E-1);
#2420=CARTESIAN_POINT('',(-1.3105E1,-1.05E1,-5.E-1));
#2421=LINE('',#2420,#2419);
#2422=DIRECTION('',(-1.E0,0.E0,0.E0));
#2423=VECTOR('',#2422,2.E-1);
#2424=CARTESIAN_POINT('',(-1.2905E1,-7.5E0,-5.E-1));
#2425=LINE('',#2424,#2423);
#2426=DIRECTION('',(-1.E0,0.E0,0.E0));
#2427=VECTOR('',#2426,2.E-1);
#2428=CARTESIAN_POINT('',(-1.2905E1,-1.5E0,-5.E-1));
#2429=LINE('',#2428,#2427);
#2430=DIRECTION('',(1.E0,0.E0,0.E0));
#2431=VECTOR('',#2430,2.E-1);
#2432=CARTESIAN_POINT('',(-1.3105E1,-4.5E0,-5.E-1));
#2433=LINE('',#2432,#2431);
#2434=DIRECTION('',(-1.E0,0.E0,0.E0));
#2435=VECTOR('',#2434,2.E-1);
#2436=CARTESIAN_POINT('',(1.3105E1,1.05E1,-5.E-1));
#2437=LINE('',#2436,#2435);
#2438=DIRECTION('',(1.E0,0.E0,0.E0));
#2439=VECTOR('',#2438,2.E-1);
#2440=CARTESIAN_POINT('',(1.2905E1,7.5E0,-5.E-1));
#2441=LINE('',#2440,#2439);
#2442=DIRECTION('',(1.E0,0.E0,0.E0));
#2443=VECTOR('',#2442,2.E-1);
#2444=CARTESIAN_POINT('',(1.2905E1,1.5E0,-5.E-1));
#2445=LINE('',#2444,#2443);
#2446=DIRECTION('',(-1.E0,0.E0,0.E0));
#2447=VECTOR('',#2446,2.E-1);
#2448=CARTESIAN_POINT('',(1.3105E1,4.5E0,-5.E-1));
#2449=LINE('',#2448,#2447);
#2450=DIRECTION('',(0.E0,-1.E0,0.E0));
#2451=VECTOR('',#2450,2.E-1);
#2452=CARTESIAN_POINT('',(-1.05E1,1.3105E1,-5.E-1));
#2453=LINE('',#2452,#2451);
#2454=DIRECTION('',(0.E0,1.E0,0.E0));
#2455=VECTOR('',#2454,2.E-1);
#2456=CARTESIAN_POINT('',(-7.5E0,1.2905E1,-5.E-1));
#2457=LINE('',#2456,#2455);
#2458=DIRECTION('',(0.E0,1.E0,0.E0));
#2459=VECTOR('',#2458,2.E-1);
#2460=CARTESIAN_POINT('',(-1.5E0,1.2905E1,-5.E-1));
#2461=LINE('',#2460,#2459);
#2462=DIRECTION('',(0.E0,-1.E0,0.E0));
#2463=VECTOR('',#2462,2.E-1);
#2464=CARTESIAN_POINT('',(-4.5E0,1.3105E1,-5.E-1));
#2465=LINE('',#2464,#2463);
#2466=DIRECTION('',(0.E0,1.E0,0.E0));
#2467=VECTOR('',#2466,2.E-1);
#2468=CARTESIAN_POINT('',(1.05E1,-1.3105E1,-5.E-1));
#2469=LINE('',#2468,#2467);
#2470=DIRECTION('',(0.E0,-1.E0,0.E0));
#2471=VECTOR('',#2470,2.E-1);
#2472=CARTESIAN_POINT('',(7.5E0,-1.2905E1,-5.E-1));
#2473=LINE('',#2472,#2471);
#2474=DIRECTION('',(0.E0,-1.E0,0.E0));
#2475=VECTOR('',#2474,2.E-1);
#2476=CARTESIAN_POINT('',(1.5E0,-1.2905E1,-5.E-1));
#2477=LINE('',#2476,#2475);
#2478=DIRECTION('',(0.E0,1.E0,0.E0));
#2479=VECTOR('',#2478,2.E-1);
#2480=CARTESIAN_POINT('',(4.5E0,-1.3105E1,-5.E-1));
#2481=LINE('',#2480,#2479);
#2482=DIRECTION('',(-1.E0,0.E0,0.E0));
#2483=VECTOR('',#2482,2.E-1);
#2484=CARTESIAN_POINT('',(-1.2905E1,-1.02E1,-4.33E0));
#2485=LINE('',#2484,#2483);
#2486=DIRECTION('',(-1.E0,0.E0,0.E0));
#2487=VECTOR('',#2486,2.E-1);
#2488=CARTESIAN_POINT('',(1.3105E1,-1.02E1,-4.33E0));
#2489=LINE('',#2488,#2487);
#2490=DIRECTION('',(-1.E0,0.E0,0.E0));
#2491=VECTOR('',#2490,2.E-1);
#2492=CARTESIAN_POINT('',(-1.2905E1,-9.8E0,-4.33E0));
#2493=LINE('',#2492,#2491);
#2494=DIRECTION('',(-1.E0,0.E0,0.E0));
#2495=VECTOR('',#2494,2.E-1);
#2496=CARTESIAN_POINT('',(1.3105E1,-9.8E0,-4.33E0));
#2497=LINE('',#2496,#2495);
#2498=DIRECTION('',(-1.E0,0.E0,0.E0));
#2499=VECTOR('',#2498,2.E-1);
#2500=CARTESIAN_POINT('',(-1.2905E1,-9.8E0,-3.63E0));
#2501=LINE('',#2500,#2499);
#2502=DIRECTION('',(-1.E0,0.E0,0.E0));
#2503=VECTOR('',#2502,2.E-1);
#2504=CARTESIAN_POINT('',(1.3105E1,-9.8E0,-3.63E0));
#2505=LINE('',#2504,#2503);
#2506=DIRECTION('',(-1.E0,0.E0,0.E0));
#2507=VECTOR('',#2506,2.E-1);
#2508=CARTESIAN_POINT('',(-1.2905E1,-1.02E1,-3.63E0));
#2509=LINE('',#2508,#2507);
#2510=DIRECTION('',(-1.E0,0.E0,0.E0));
#2511=VECTOR('',#2510,2.E-1);
#2512=CARTESIAN_POINT('',(1.3105E1,-1.02E1,-3.63E0));
#2513=LINE('',#2512,#2511);
#2514=DIRECTION('',(-1.E0,0.E0,0.E0));
#2515=VECTOR('',#2514,2.E-1);
#2516=CARTESIAN_POINT('',(-1.2905E1,1.02E1,-4.33E0));
#2517=LINE('',#2516,#2515);
#2518=DIRECTION('',(-1.E0,0.E0,0.E0));
#2519=VECTOR('',#2518,2.E-1);
#2520=CARTESIAN_POINT('',(1.3105E1,1.02E1,-4.33E0));
#2521=LINE('',#2520,#2519);
#2522=DIRECTION('',(-1.E0,0.E0,0.E0));
#2523=VECTOR('',#2522,2.E-1);
#2524=CARTESIAN_POINT('',(-1.2905E1,1.02E1,-3.63E0));
#2525=LINE('',#2524,#2523);
#2526=DIRECTION('',(-1.E0,0.E0,0.E0));
#2527=VECTOR('',#2526,2.E-1);
#2528=CARTESIAN_POINT('',(1.3105E1,1.02E1,-3.63E0));
#2529=LINE('',#2528,#2527);
#2530=DIRECTION('',(-1.E0,0.E0,0.E0));
#2531=VECTOR('',#2530,2.E-1);
#2532=CARTESIAN_POINT('',(-1.2905E1,9.8E0,-3.63E0));
#2533=LINE('',#2532,#2531);
#2534=DIRECTION('',(-1.E0,0.E0,0.E0));
#2535=VECTOR('',#2534,2.E-1);
#2536=CARTESIAN_POINT('',(1.3105E1,9.8E0,-3.63E0));
#2537=LINE('',#2536,#2535);
#2538=DIRECTION('',(-1.E0,0.E0,0.E0));
#2539=VECTOR('',#2538,2.E-1);
#2540=CARTESIAN_POINT('',(-1.2905E1,9.8E0,-4.33E0));
#2541=LINE('',#2540,#2539);
#2542=DIRECTION('',(-1.E0,0.E0,0.E0));
#2543=VECTOR('',#2542,2.E-1);
#2544=CARTESIAN_POINT('',(1.3105E1,9.8E0,-4.33E0));
#2545=LINE('',#2544,#2543);
#2546=DIRECTION('',(0.E0,-1.E0,0.E0));
#2547=VECTOR('',#2546,2.E-1);
#2548=CARTESIAN_POINT('',(1.02E1,-1.2905E1,-4.33E0));
#2549=LINE('',#2548,#2547);
#2550=DIRECTION('',(0.E0,-1.E0,0.E0));
#2551=VECTOR('',#2550,2.E-1);
#2552=CARTESIAN_POINT('',(1.02E1,1.3105E1,-4.33E0));
#2553=LINE('',#2552,#2551);
#2554=DIRECTION('',(0.E0,-1.E0,0.E0));
#2555=VECTOR('',#2554,2.E-1);
#2556=CARTESIAN_POINT('',(9.8E0,-1.2905E1,-4.33E0));
#2557=LINE('',#2556,#2555);
#2558=DIRECTION('',(0.E0,-1.E0,0.E0));
#2559=VECTOR('',#2558,2.E-1);
#2560=CARTESIAN_POINT('',(9.8E0,1.3105E1,-4.33E0));
#2561=LINE('',#2560,#2559);
#2562=DIRECTION('',(0.E0,-1.E0,0.E0));
#2563=VECTOR('',#2562,2.E-1);
#2564=CARTESIAN_POINT('',(9.8E0,-1.2905E1,-3.63E0));
#2565=LINE('',#2564,#2563);
#2566=DIRECTION('',(0.E0,-1.E0,0.E0));
#2567=VECTOR('',#2566,2.E-1);
#2568=CARTESIAN_POINT('',(9.8E0,1.3105E1,-3.63E0));
#2569=LINE('',#2568,#2567);
#2570=DIRECTION('',(0.E0,-1.E0,0.E0));
#2571=VECTOR('',#2570,2.E-1);
#2572=CARTESIAN_POINT('',(1.02E1,-1.2905E1,-3.63E0));
#2573=LINE('',#2572,#2571);
#2574=DIRECTION('',(0.E0,-1.E0,0.E0));
#2575=VECTOR('',#2574,2.E-1);
#2576=CARTESIAN_POINT('',(1.02E1,1.3105E1,-3.63E0));
#2577=LINE('',#2576,#2575);
#2578=DIRECTION('',(0.E0,-1.E0,0.E0));
#2579=VECTOR('',#2578,2.E-1);
#2580=CARTESIAN_POINT('',(-1.02E1,-1.2905E1,-4.33E0));
#2581=LINE('',#2580,#2579);
#2582=DIRECTION('',(0.E0,-1.E0,0.E0));
#2583=VECTOR('',#2582,2.E-1);
#2584=CARTESIAN_POINT('',(-1.02E1,1.3105E1,-4.33E0));
#2585=LINE('',#2584,#2583);
#2586=DIRECTION('',(0.E0,-1.E0,0.E0));
#2587=VECTOR('',#2586,2.E-1);
#2588=CARTESIAN_POINT('',(-1.02E1,-1.2905E1,-3.63E0));
#2589=LINE('',#2588,#2587);
#2590=DIRECTION('',(0.E0,-1.E0,0.E0));
#2591=VECTOR('',#2590,2.E-1);
#2592=CARTESIAN_POINT('',(-1.02E1,1.3105E1,-3.63E0));
#2593=LINE('',#2592,#2591);
#2594=DIRECTION('',(0.E0,-1.E0,0.E0));
#2595=VECTOR('',#2594,2.E-1);
#2596=CARTESIAN_POINT('',(-9.8E0,-1.2905E1,-3.63E0));
#2597=LINE('',#2596,#2595);
#2598=DIRECTION('',(0.E0,-1.E0,0.E0));
#2599=VECTOR('',#2598,2.E-1);
#2600=CARTESIAN_POINT('',(-9.8E0,1.3105E1,-3.63E0));
#2601=LINE('',#2600,#2599);
#2602=DIRECTION('',(0.E0,-1.E0,0.E0));
#2603=VECTOR('',#2602,2.E-1);
#2604=CARTESIAN_POINT('',(-9.8E0,-1.2905E1,-4.33E0));
#2605=LINE('',#2604,#2603);
#2606=DIRECTION('',(0.E0,-1.E0,0.E0));
#2607=VECTOR('',#2606,2.E-1);
#2608=CARTESIAN_POINT('',(-9.8E0,1.3105E1,-4.33E0));
#2609=LINE('',#2608,#2607);
#2610=CARTESIAN_POINT('',(-1.3105E1,1.5E0,0.E0));
#2611=CARTESIAN_POINT('',(-1.2905E1,1.5E0,0.E0));
#2612=VERTEX_POINT('',#2610);
#2613=VERTEX_POINT('',#2611);
#2614=CARTESIAN_POINT('',(-1.3105E1,1.05E1,0.E0));
#2615=CARTESIAN_POINT('',(-1.2905E1,1.05E1,0.E0));
#2616=VERTEX_POINT('',#2614);
#2617=VERTEX_POINT('',#2615);
#2618=CARTESIAN_POINT('',(-1.3105E1,-1.05E1,0.E0));
#2619=CARTESIAN_POINT('',(-1.2905E1,-1.05E1,0.E0));
#2620=VERTEX_POINT('',#2618);
#2621=VERTEX_POINT('',#2619);
#2622=CARTESIAN_POINT('',(-1.3105E1,-1.5E0,0.E0));
#2623=CARTESIAN_POINT('',(-1.2905E1,-1.5E0,0.E0));
#2624=VERTEX_POINT('',#2622);
#2625=VERTEX_POINT('',#2623);
#2626=CARTESIAN_POINT('',(1.3105E1,1.05E1,0.E0));
#2627=CARTESIAN_POINT('',(1.2905E1,1.05E1,0.E0));
#2628=VERTEX_POINT('',#2626);
#2629=VERTEX_POINT('',#2627);
#2630=CARTESIAN_POINT('',(1.3105E1,1.5E0,0.E0));
#2631=CARTESIAN_POINT('',(1.2905E1,1.5E0,0.E0));
#2632=VERTEX_POINT('',#2630);
#2633=VERTEX_POINT('',#2631);
#2634=CARTESIAN_POINT('',(1.3105E1,-1.5E0,0.E0));
#2635=CARTESIAN_POINT('',(1.2905E1,-1.5E0,0.E0));
#2636=VERTEX_POINT('',#2634);
#2637=VERTEX_POINT('',#2635);
#2638=CARTESIAN_POINT('',(1.3105E1,-1.05E1,0.E0));
#2639=CARTESIAN_POINT('',(1.2905E1,-1.05E1,0.E0));
#2640=VERTEX_POINT('',#2638);
#2641=VERTEX_POINT('',#2639);
#2642=CARTESIAN_POINT('',(-1.05E1,1.3105E1,0.E0));
#2643=CARTESIAN_POINT('',(-1.05E1,1.2905E1,0.E0));
#2644=VERTEX_POINT('',#2642);
#2645=VERTEX_POINT('',#2643);
#2646=CARTESIAN_POINT('',(-1.5E0,1.3105E1,0.E0));
#2647=CARTESIAN_POINT('',(-1.5E0,1.2905E1,0.E0));
#2648=VERTEX_POINT('',#2646);
#2649=VERTEX_POINT('',#2647);
#2650=CARTESIAN_POINT('',(1.5E0,1.3105E1,0.E0));
#2651=CARTESIAN_POINT('',(1.5E0,1.2905E1,0.E0));
#2652=VERTEX_POINT('',#2650);
#2653=VERTEX_POINT('',#2651);
#2654=CARTESIAN_POINT('',(1.05E1,1.3105E1,0.E0));
#2655=CARTESIAN_POINT('',(1.05E1,1.2905E1,0.E0));
#2656=VERTEX_POINT('',#2654);
#2657=VERTEX_POINT('',#2655);
#2658=CARTESIAN_POINT('',(-1.5E0,-1.3105E1,0.E0));
#2659=CARTESIAN_POINT('',(-1.5E0,-1.2905E1,0.E0));
#2660=VERTEX_POINT('',#2658);
#2661=VERTEX_POINT('',#2659);
#2662=CARTESIAN_POINT('',(-1.05E1,-1.3105E1,0.E0));
#2663=CARTESIAN_POINT('',(-1.05E1,-1.2905E1,0.E0));
#2664=VERTEX_POINT('',#2662);
#2665=VERTEX_POINT('',#2663);
#2666=CARTESIAN_POINT('',(1.05E1,-1.3105E1,0.E0));
#2667=CARTESIAN_POINT('',(1.05E1,-1.2905E1,0.E0));
#2668=VERTEX_POINT('',#2666);
#2669=VERTEX_POINT('',#2667);
#2670=CARTESIAN_POINT('',(1.5E0,-1.3105E1,0.E0));
#2671=CARTESIAN_POINT('',(1.5E0,-1.2905E1,0.E0));
#2672=VERTEX_POINT('',#2670);
#2673=VERTEX_POINT('',#2671);
#2674=CARTESIAN_POINT('',(-1.3105E1,1.05E1,-5.E-1));
#2675=CARTESIAN_POINT('',(-1.3105E1,7.5E0,-5.E-1));
#2676=VERTEX_POINT('',#2674);
#2677=VERTEX_POINT('',#2675);
#2678=CARTESIAN_POINT('',(-1.3105E1,4.5E0,-5.E-1));
#2679=CARTESIAN_POINT('',(-1.3105E1,1.5E0,-5.E-1));
#2680=VERTEX_POINT('',#2678);
#2681=VERTEX_POINT('',#2679);
#2682=CARTESIAN_POINT('',(-1.3105E1,-1.05E1,-5.E-1));
#2683=VERTEX_POINT('',#2682);
#2684=CARTESIAN_POINT('',(-1.3105E1,-1.5E0,-5.E-1));
#2685=VERTEX_POINT('',#2684);
#2686=CARTESIAN_POINT('',(-1.05E1,-1.3105E1,-5.E-1));
#2687=CARTESIAN_POINT('',(-7.5E0,-1.3105E1,-5.E-1));
#2688=VERTEX_POINT('',#2686);
#2689=VERTEX_POINT('',#2687);
#2690=CARTESIAN_POINT('',(-4.5E0,-1.3105E1,-5.E-1));
#2691=CARTESIAN_POINT('',(-1.5E0,-1.3105E1,-5.E-1));
#2692=VERTEX_POINT('',#2690);
#2693=VERTEX_POINT('',#2691);
#2694=CARTESIAN_POINT('',(1.05E1,-1.3105E1,-5.E-1));
#2695=VERTEX_POINT('',#2694);
#2696=CARTESIAN_POINT('',(1.5E0,-1.3105E1,-5.E-1));
#2697=VERTEX_POINT('',#2696);
#2698=CARTESIAN_POINT('',(1.3105E1,-1.05E1,-5.E-1));
#2699=CARTESIAN_POINT('',(1.3105E1,-7.5E0,-5.E-1));
#2700=VERTEX_POINT('',#2698);
#2701=VERTEX_POINT('',#2699);
#2702=CARTESIAN_POINT('',(1.3105E1,-4.5E0,-5.E-1));
#2703=CARTESIAN_POINT('',(1.3105E1,-1.5E0,-5.E-1));
#2704=VERTEX_POINT('',#2702);
#2705=VERTEX_POINT('',#2703);
#2706=CARTESIAN_POINT('',(1.3105E1,1.05E1,-5.E-1));
#2707=VERTEX_POINT('',#2706);
#2708=CARTESIAN_POINT('',(1.3105E1,1.5E0,-5.E-1));
#2709=VERTEX_POINT('',#2708);
#2710=CARTESIAN_POINT('',(1.05E1,1.3105E1,-5.E-1));
#2711=CARTESIAN_POINT('',(7.5E0,1.3105E1,-5.E-1));
#2712=VERTEX_POINT('',#2710);
#2713=VERTEX_POINT('',#2711);
#2714=CARTESIAN_POINT('',(4.5E0,1.3105E1,-5.E-1));
#2715=CARTESIAN_POINT('',(1.5E0,1.3105E1,-5.E-1));
#2716=VERTEX_POINT('',#2714);
#2717=VERTEX_POINT('',#2715);
#2718=CARTESIAN_POINT('',(-1.05E1,1.3105E1,-5.E-1));
#2719=VERTEX_POINT('',#2718);
#2720=CARTESIAN_POINT('',(-1.5E0,1.3105E1,-5.E-1));
#2721=VERTEX_POINT('',#2720);
#2722=CARTESIAN_POINT('',(-1.2905E1,1.05E1,-5.E-1));
#2723=CARTESIAN_POINT('',(-1.2905E1,7.5E0,-5.E-1));
#2724=VERTEX_POINT('',#2722);
#2725=VERTEX_POINT('',#2723);
#2726=CARTESIAN_POINT('',(-1.2905E1,4.5E0,-5.E-1));
#2727=CARTESIAN_POINT('',(-1.2905E1,1.5E0,-5.E-1));
#2728=VERTEX_POINT('',#2726);
#2729=VERTEX_POINT('',#2727);
#2730=CARTESIAN_POINT('',(-1.2905E1,-1.05E1,-5.E-1));
#2731=VERTEX_POINT('',#2730);
#2732=CARTESIAN_POINT('',(-1.2905E1,-1.5E0,-5.E-1));
#2733=VERTEX_POINT('',#2732);
#2734=CARTESIAN_POINT('',(-1.05E1,-1.2905E1,-5.E-1));
#2735=CARTESIAN_POINT('',(-7.5E0,-1.2905E1,-5.E-1));
#2736=VERTEX_POINT('',#2734);
#2737=VERTEX_POINT('',#2735);
#2738=CARTESIAN_POINT('',(-4.5E0,-1.2905E1,-5.E-1));
#2739=CARTESIAN_POINT('',(-1.5E0,-1.2905E1,-5.E-1));
#2740=VERTEX_POINT('',#2738);
#2741=VERTEX_POINT('',#2739);
#2742=CARTESIAN_POINT('',(1.05E1,-1.2905E1,-5.E-1));
#2743=VERTEX_POINT('',#2742);
#2744=CARTESIAN_POINT('',(1.5E0,-1.2905E1,-5.E-1));
#2745=VERTEX_POINT('',#2744);
#2746=CARTESIAN_POINT('',(1.2905E1,-1.05E1,-5.E-1));
#2747=CARTESIAN_POINT('',(1.2905E1,-7.5E0,-5.E-1));
#2748=VERTEX_POINT('',#2746);
#2749=VERTEX_POINT('',#2747);
#2750=CARTESIAN_POINT('',(1.2905E1,-4.5E0,-5.E-1));
#2751=CARTESIAN_POINT('',(1.2905E1,-1.5E0,-5.E-1));
#2752=VERTEX_POINT('',#2750);
#2753=VERTEX_POINT('',#2751);
#2754=CARTESIAN_POINT('',(1.2905E1,1.05E1,-5.E-1));
#2755=VERTEX_POINT('',#2754);
#2756=CARTESIAN_POINT('',(1.2905E1,1.5E0,-5.E-1));
#2757=VERTEX_POINT('',#2756);
#2758=CARTESIAN_POINT('',(1.05E1,1.2905E1,-5.E-1));
#2759=CARTESIAN_POINT('',(7.5E0,1.2905E1,-5.E-1));
#2760=VERTEX_POINT('',#2758);
#2761=VERTEX_POINT('',#2759);
#2762=CARTESIAN_POINT('',(4.5E0,1.2905E1,-5.E-1));
#2763=CARTESIAN_POINT('',(1.5E0,1.2905E1,-5.E-1));
#2764=VERTEX_POINT('',#2762);
#2765=VERTEX_POINT('',#2763);
#2766=CARTESIAN_POINT('',(-1.05E1,1.2905E1,-5.E-1));
#2767=VERTEX_POINT('',#2766);
#2768=CARTESIAN_POINT('',(-1.5E0,1.2905E1,-5.E-1));
#2769=VERTEX_POINT('',#2768);
#2770=CARTESIAN_POINT('',(-1.3105E1,1.3105E1,0.E0));
#2771=VERTEX_POINT('',#2770);
#2772=CARTESIAN_POINT('',(-1.3105E1,7.5E0,0.E0));
#2773=CARTESIAN_POINT('',(-1.3105E1,4.5E0,0.E0));
#2774=VERTEX_POINT('',#2772);
#2775=VERTEX_POINT('',#2773);
#2776=CARTESIAN_POINT('',(-1.3105E1,-1.3105E1,0.E0));
#2777=VERTEX_POINT('',#2776);
#2778=CARTESIAN_POINT('',(-7.5E0,-1.3105E1,0.E0));
#2779=CARTESIAN_POINT('',(-4.5E0,-1.3105E1,0.E0));
#2780=VERTEX_POINT('',#2778);
#2781=VERTEX_POINT('',#2779);
#2782=CARTESIAN_POINT('',(1.3105E1,-1.3105E1,0.E0));
#2783=VERTEX_POINT('',#2782);
#2784=CARTESIAN_POINT('',(1.3105E1,-7.5E0,0.E0));
#2785=CARTESIAN_POINT('',(1.3105E1,-4.5E0,0.E0));
#2786=VERTEX_POINT('',#2784);
#2787=VERTEX_POINT('',#2785);
#2788=CARTESIAN_POINT('',(1.3105E1,1.3105E1,0.E0));
#2789=VERTEX_POINT('',#2788);
#2790=CARTESIAN_POINT('',(7.5E0,1.3105E1,0.E0));
#2791=CARTESIAN_POINT('',(4.5E0,1.3105E1,0.E0));
#2792=VERTEX_POINT('',#2790);
#2793=VERTEX_POINT('',#2791);
#2794=CARTESIAN_POINT('',(-1.2905E1,1.2905E1,0.E0));
#2795=VERTEX_POINT('',#2794);
#2796=CARTESIAN_POINT('',(-1.2905E1,7.5E0,0.E0));
#2797=CARTESIAN_POINT('',(-1.2905E1,4.5E0,0.E0));
#2798=VERTEX_POINT('',#2796);
#2799=VERTEX_POINT('',#2797);
#2800=CARTESIAN_POINT('',(-1.2905E1,-1.2905E1,0.E0));
#2801=VERTEX_POINT('',#2800);
#2802=CARTESIAN_POINT('',(-7.5E0,-1.2905E1,0.E0));
#2803=CARTESIAN_POINT('',(-4.5E0,-1.2905E1,0.E0));
#2804=VERTEX_POINT('',#2802);
#2805=VERTEX_POINT('',#2803);
#2806=CARTESIAN_POINT('',(1.2905E1,-1.2905E1,0.E0));
#2807=VERTEX_POINT('',#2806);
#2808=CARTESIAN_POINT('',(1.2905E1,-7.5E0,0.E0));
#2809=CARTESIAN_POINT('',(1.2905E1,-4.5E0,0.E0));
#2810=VERTEX_POINT('',#2808);
#2811=VERTEX_POINT('',#2809);
#2812=CARTESIAN_POINT('',(1.2905E1,1.2905E1,0.E0));
#2813=VERTEX_POINT('',#2812);
#2814=CARTESIAN_POINT('',(7.5E0,1.2905E1,0.E0));
#2815=CARTESIAN_POINT('',(4.5E0,1.2905E1,0.E0));
#2816=VERTEX_POINT('',#2814);
#2817=VERTEX_POINT('',#2815);
#2818=CARTESIAN_POINT('',(1.2519645E1,-1.2769645E1,-5.08E0));
#2819=CARTESIAN_POINT('',(1.2769645E1,-1.2519645E1,-5.08E0));
#2820=VERTEX_POINT('',#2818);
#2821=VERTEX_POINT('',#2819);
#2822=CARTESIAN_POINT('',(1.2519645E1,-1.2769645E1,-4.88E0));
#2823=CARTESIAN_POINT('',(1.2769645E1,-1.2519645E1,-4.88E0));
#2824=VERTEX_POINT('',#2822);
#2825=VERTEX_POINT('',#2823);
#2826=CARTESIAN_POINT('',(-1.2519645E1,1.2805E1,-5.08E0));
#2827=CARTESIAN_POINT('',(1.2519645E1,1.2805E1,-5.08E0));
#2828=VERTEX_POINT('',#2826);
#2829=VERTEX_POINT('',#2827);
#2830=CARTESIAN_POINT('',(1.2805E1,1.2519645E1,-5.08E0));
#2831=CARTESIAN_POINT('',(1.2805E1,-1.2519645E1,-5.08E0));
#2832=VERTEX_POINT('',#2830);
#2833=VERTEX_POINT('',#2831);
#2834=CARTESIAN_POINT('',(1.2519645E1,-1.2805E1,-5.08E0));
#2835=CARTESIAN_POINT('',(-1.2519645E1,-1.2805E1,-5.08E0));
#2836=VERTEX_POINT('',#2834);
#2837=VERTEX_POINT('',#2835);
#2838=CARTESIAN_POINT('',(-1.2805E1,-1.2519645E1,-5.08E0));
#2839=CARTESIAN_POINT('',(-1.2805E1,1.2519645E1,-5.08E0));
#2840=VERTEX_POINT('',#2838);
#2841=VERTEX_POINT('',#2839);
#2842=CARTESIAN_POINT('',(-1.3105E1,1.3105E1,-4.645E0));
#2843=VERTEX_POINT('',#2842);
#2844=CARTESIAN_POINT('',(-1.3105E1,-1.3105E1,-4.645E0));
#2845=VERTEX_POINT('',#2844);
#2846=CARTESIAN_POINT('',(1.3105E1,-1.3105E1,-4.645E0));
#2847=VERTEX_POINT('',#2846);
#2848=CARTESIAN_POINT('',(1.3105E1,1.3105E1,-4.645E0));
#2849=VERTEX_POINT('',#2848);
#2850=CARTESIAN_POINT('',(-1.2519645E1,1.2805E1,-4.88E0));
#2851=CARTESIAN_POINT('',(1.2519645E1,1.2805E1,-4.88E0));
#2852=VERTEX_POINT('',#2850);
#2853=VERTEX_POINT('',#2851);
#2854=CARTESIAN_POINT('',(1.2805E1,1.2519645E1,-4.88E0));
#2855=CARTESIAN_POINT('',(1.2805E1,-1.2519645E1,-4.88E0));
#2856=VERTEX_POINT('',#2854);
#2857=VERTEX_POINT('',#2855);
#2858=CARTESIAN_POINT('',(1.2519645E1,-1.2805E1,-4.88E0));
#2859=CARTESIAN_POINT('',(-1.2519645E1,-1.2805E1,-4.88E0));
#2860=VERTEX_POINT('',#2858);
#2861=VERTEX_POINT('',#2859);
#2862=CARTESIAN_POINT('',(-1.2805E1,-1.2519645E1,-4.88E0));
#2863=CARTESIAN_POINT('',(-1.2805E1,1.2519645E1,-4.88E0));
#2864=VERTEX_POINT('',#2862);
#2865=VERTEX_POINT('',#2863);
#2866=CARTESIAN_POINT('',(-1.2905E1,1.2905E1,-4.645E0));
#2867=VERTEX_POINT('',#2866);
#2868=CARTESIAN_POINT('',(-1.2905E1,-1.2905E1,-4.645E0));
#2869=VERTEX_POINT('',#2868);
#2870=CARTESIAN_POINT('',(1.2905E1,-1.2905E1,-4.645E0));
#2871=VERTEX_POINT('',#2870);
#2872=CARTESIAN_POINT('',(1.2905E1,1.2905E1,-4.645E0));
#2873=VERTEX_POINT('',#2872);
#2874=CARTESIAN_POINT('',(1.2769645E1,-1.2905E1,-4.645E0));
#2875=CARTESIAN_POINT('',(1.2769645E1,-1.3105E1,-4.645E0));
#2876=VERTEX_POINT('',#2874);
#2877=VERTEX_POINT('',#2875);
#2878=CARTESIAN_POINT('',(1.2519645E1,-1.2905E1,-4.895E0));
#2879=CARTESIAN_POINT('',(1.2519645E1,-1.308208302005E1,-4.895E0));
#2880=VERTEX_POINT('',#2878);
#2881=VERTEX_POINT('',#2879);
#2882=CARTESIAN_POINT('',(1.3105E1,-1.2769645E1,-4.645E0));
#2883=CARTESIAN_POINT('',(1.2905E1,-1.2769645E1,-4.645E0));
#2884=VERTEX_POINT('',#2882);
#2885=VERTEX_POINT('',#2883);
#2886=CARTESIAN_POINT('',(1.308208302005E1,-1.2519645E1,-4.895E0));
#2887=CARTESIAN_POINT('',(1.2905E1,-1.2519645E1,-4.895E0));
#2888=VERTEX_POINT('',#2886);
#2889=VERTEX_POINT('',#2887);
#2890=CARTESIAN_POINT('',(-1.2769645E1,-1.3105E1,-4.645E0));
#2891=VERTEX_POINT('',#2890);
#2892=CARTESIAN_POINT('',(-1.2769645E1,-1.2905E1,-4.645E0));
#2893=VERTEX_POINT('',#2892);
#2894=CARTESIAN_POINT('',(1.2905E1,1.2519645E1,-4.78E0));
#2895=CARTESIAN_POINT('',(1.2905E1,-1.2519645E1,-4.78E0));
#2896=VERTEX_POINT('',#2894);
#2897=VERTEX_POINT('',#2895);
#2898=CARTESIAN_POINT('',(1.2519645E1,-1.2905E1,-4.78E0));
#2899=CARTESIAN_POINT('',(-1.2519645E1,-1.2905E1,-4.78E0));
#2900=VERTEX_POINT('',#2898);
#2901=VERTEX_POINT('',#2899);
#2902=VERTEX_POINT('',#733);
#2903=CARTESIAN_POINT('',(1.3105E1,-1.254766527120E1,-4.78E0));
#2904=VERTEX_POINT('',#2903);
#2905=CARTESIAN_POINT('',(-1.2769645E1,-1.2519645E1,-5.08E0));
#2906=CARTESIAN_POINT('',(-1.2519645E1,-1.2769645E1,-5.08E0));
#2907=VERTEX_POINT('',#2905);
#2908=VERTEX_POINT('',#2906);
#2909=CARTESIAN_POINT('',(1.2769645E1,1.2519645E1,-5.08E0));
#2910=CARTESIAN_POINT('',(1.2519645E1,1.2769645E1,-5.08E0));
#2911=VERTEX_POINT('',#2909);
#2912=VERTEX_POINT('',#2910);
#2913=CARTESIAN_POINT('',(-1.2519645E1,1.2769645E1,-5.08E0));
#2914=CARTESIAN_POINT('',(-1.2769645E1,1.2519645E1,-5.08E0));
#2915=VERTEX_POINT('',#2913);
#2916=VERTEX_POINT('',#2914);
#2917=CARTESIAN_POINT('',(-1.2769645E1,-1.2519645E1,-4.88E0));
#2918=CARTESIAN_POINT('',(-1.2519645E1,-1.2769645E1,-4.88E0));
#2919=VERTEX_POINT('',#2917);
#2920=VERTEX_POINT('',#2918);
#2921=CARTESIAN_POINT('',(1.2769645E1,1.2519645E1,-4.88E0));
#2922=CARTESIAN_POINT('',(1.2519645E1,1.2769645E1,-4.88E0));
#2923=VERTEX_POINT('',#2921);
#2924=VERTEX_POINT('',#2922);
#2925=CARTESIAN_POINT('',(-1.2519645E1,1.2769645E1,-4.88E0));
#2926=CARTESIAN_POINT('',(-1.2769645E1,1.2519645E1,-4.88E0));
#2927=VERTEX_POINT('',#2925);
#2928=VERTEX_POINT('',#2926);
#2929=CARTESIAN_POINT('',(-1.2519645E1,-1.308208302005E1,-4.895E0));
#2930=CARTESIAN_POINT('',(-1.2519645E1,-1.2905E1,-4.895E0));
#2931=VERTEX_POINT('',#2929);
#2932=VERTEX_POINT('',#2930);
#2933=CARTESIAN_POINT('',(-1.2905E1,-1.2769645E1,-4.645E0));
#2934=CARTESIAN_POINT('',(-1.3105E1,-1.2769645E1,-4.645E0));
#2935=VERTEX_POINT('',#2933);
#2936=VERTEX_POINT('',#2934);
#2937=CARTESIAN_POINT('',(-1.2905E1,-1.2519645E1,-4.895E0));
#2938=CARTESIAN_POINT('',(-1.308208302005E1,-1.2519645E1,-4.895E0));
#2939=VERTEX_POINT('',#2937);
#2940=VERTEX_POINT('',#2938);
#2941=CARTESIAN_POINT('',(-1.2905E1,-1.2519645E1,-4.78E0));
#2942=VERTEX_POINT('',#2941);
#2943=CARTESIAN_POINT('',(1.2905E1,1.2769645E1,-4.645E0));
#2944=CARTESIAN_POINT('',(1.3105E1,1.2769645E1,-4.645E0));
#2945=VERTEX_POINT('',#2943);
#2946=VERTEX_POINT('',#2944);
#2947=CARTESIAN_POINT('',(1.2905E1,1.2519645E1,-4.895E0));
#2948=CARTESIAN_POINT('',(1.308208302005E1,1.2519645E1,-4.895E0));
#2949=VERTEX_POINT('',#2947);
#2950=VERTEX_POINT('',#2948);
#2951=CARTESIAN_POINT('',(1.2769645E1,1.3105E1,-4.645E0));
#2952=CARTESIAN_POINT('',(1.2769645E1,1.2905E1,-4.645E0));
#2953=VERTEX_POINT('',#2951);
#2954=VERTEX_POINT('',#2952);
#2955=CARTESIAN_POINT('',(1.2519645E1,1.308208302005E1,-4.895E0));
#2956=CARTESIAN_POINT('',(1.2519645E1,1.2905E1,-4.895E0));
#2957=VERTEX_POINT('',#2955);
#2958=VERTEX_POINT('',#2956);
#2959=CARTESIAN_POINT('',(1.2519645E1,1.2905E1,-4.78E0));
#2960=VERTEX_POINT('',#2959);
#2961=CARTESIAN_POINT('',(-1.2769645E1,1.2905E1,-4.645E0));
#2962=CARTESIAN_POINT('',(-1.2769645E1,1.3105E1,-4.645E0));
#2963=VERTEX_POINT('',#2961);
#2964=VERTEX_POINT('',#2962);
#2965=CARTESIAN_POINT('',(-1.2519645E1,1.2905E1,-4.895E0));
#2966=CARTESIAN_POINT('',(-1.2519645E1,1.308208302005E1,-4.895E0));
#2967=VERTEX_POINT('',#2965);
#2968=VERTEX_POINT('',#2966);
#2969=CARTESIAN_POINT('',(-1.2519645E1,1.2905E1,-4.78E0));
#2970=VERTEX_POINT('',#2969);
#2971=CARTESIAN_POINT('',(-1.3105E1,1.2769645E1,-4.645E0));
#2972=CARTESIAN_POINT('',(-1.2905E1,1.2769645E1,-4.645E0));
#2973=VERTEX_POINT('',#2971);
#2974=VERTEX_POINT('',#2972);
#2975=CARTESIAN_POINT('',(-1.308208302005E1,1.2519645E1,-4.895E0));
#2976=CARTESIAN_POINT('',(-1.2905E1,1.2519645E1,-4.895E0));
#2977=VERTEX_POINT('',#2975);
#2978=VERTEX_POINT('',#2976);
#2979=CARTESIAN_POINT('',(-1.2905E1,1.2519645E1,-4.78E0));
#2980=VERTEX_POINT('',#2979);
#2981=CARTESIAN_POINT('',(-1.254766527120E1,-1.3105E1,-4.78E0));
#2982=VERTEX_POINT('',#2981);
#2983=VERTEX_POINT('',#1977);
#2984=VERTEX_POINT('',#2193);
#2985=CARTESIAN_POINT('',(1.254766527120E1,1.3105E1,-4.78E0));
#2986=VERTEX_POINT('',#2985);
#2987=VERTEX_POINT('',#1133);
#2988=CARTESIAN_POINT('',(-1.3105E1,1.254766527120E1,-4.78E0));
#2989=VERTEX_POINT('',#2988);
#2990=CARTESIAN_POINT('',(7.5E-1,-1.1605E1,-5.08E0));
#2991=CARTESIAN_POINT('',(7.5E-1,-1.0855E1,-5.08E0));
#2992=VERTEX_POINT('',#2990);
#2993=VERTEX_POINT('',#2991);
#2994=CARTESIAN_POINT('',(7.5E-1,-2.904737509656E0,-5.08E0));
#2995=VERTEX_POINT('',#2994);
#2996=CARTESIAN_POINT('',(2.904737509656E0,-7.5E-1,-5.08E0));
#2997=VERTEX_POINT('',#2996);
#2998=CARTESIAN_POINT('',(1.0855E1,-7.5E-1,-5.08E0));
#2999=VERTEX_POINT('',#2998);
#3000=CARTESIAN_POINT('',(1.1605E1,-7.5E-1,-5.08E0));
#3001=VERTEX_POINT('',#3000);
#3002=CARTESIAN_POINT('',(1.1605E1,-1.0605E1,-5.08E0));
#3003=VERTEX_POINT('',#3002);
#3004=CARTESIAN_POINT('',(1.0605E1,-1.1605E1,-5.08E0));
#3005=VERTEX_POINT('',#3004);
#3006=CARTESIAN_POINT('',(7.5E-1,1.0855E1,-5.08E0));
#3007=CARTESIAN_POINT('',(7.5E-1,1.1605E1,-5.08E0));
#3008=VERTEX_POINT('',#3006);
#3009=VERTEX_POINT('',#3007);
#3010=CARTESIAN_POINT('',(1.0605E1,1.1605E1,-5.08E0));
#3011=VERTEX_POINT('',#3010);
#3012=CARTESIAN_POINT('',(1.1605E1,1.0605E1,-5.08E0));
#3013=VERTEX_POINT('',#3012);
#3014=CARTESIAN_POINT('',(1.1605E1,7.5E-1,-5.08E0));
#3015=VERTEX_POINT('',#3014);
#3016=CARTESIAN_POINT('',(1.0855E1,7.5E-1,-5.08E0));
#3017=VERTEX_POINT('',#3016);
#3018=CARTESIAN_POINT('',(2.904737509656E0,7.5E-1,-5.08E0));
#3019=VERTEX_POINT('',#3018);
#3020=CARTESIAN_POINT('',(7.5E-1,2.904737509656E0,-5.08E0));
#3021=VERTEX_POINT('',#3020);
#3022=CARTESIAN_POINT('',(-7.5E-1,-1.0855E1,-5.08E0));
#3023=CARTESIAN_POINT('',(-7.5E-1,-1.1605E1,-5.08E0));
#3024=VERTEX_POINT('',#3022);
#3025=VERTEX_POINT('',#3023);
#3026=CARTESIAN_POINT('',(-1.0605E1,-1.1605E1,-5.08E0));
#3027=VERTEX_POINT('',#3026);
#3028=CARTESIAN_POINT('',(-1.1605E1,-1.0605E1,-5.08E0));
#3029=VERTEX_POINT('',#3028);
#3030=CARTESIAN_POINT('',(-1.1605E1,-7.5E-1,-5.08E0));
#3031=VERTEX_POINT('',#3030);
#3032=CARTESIAN_POINT('',(-1.1605E1,1.0605E1,-5.08E0));
#3033=CARTESIAN_POINT('',(-1.0605E1,1.1605E1,-5.08E0));
#3034=VERTEX_POINT('',#3032);
#3035=VERTEX_POINT('',#3033);
#3036=CARTESIAN_POINT('',(-7.5E-1,1.1605E1,-5.08E0));
#3037=VERTEX_POINT('',#3036);
#3038=CARTESIAN_POINT('',(-7.5E-1,1.0855E1,-5.08E0));
#3039=VERTEX_POINT('',#3038);
#3040=CARTESIAN_POINT('',(-7.5E-1,2.904737509656E0,-5.08E0));
#3041=VERTEX_POINT('',#3040);
#3042=CARTESIAN_POINT('',(-7.5E-1,-2.904737509656E0,-5.08E0));
#3043=CARTESIAN_POINT('',(-2.904737509656E0,-7.5E-1,-5.08E0));
#3044=VERTEX_POINT('',#3042);
#3045=VERTEX_POINT('',#3043);
#3046=CARTESIAN_POINT('',(7.5E-1,-1.1605E1,-4.88E0));
#3047=CARTESIAN_POINT('',(7.5E-1,-1.0855E1,-4.88E0));
#3048=VERTEX_POINT('',#3046);
#3049=VERTEX_POINT('',#3047);
#3050=CARTESIAN_POINT('',(7.5E-1,-2.904737509656E0,-4.88E0));
#3051=VERTEX_POINT('',#3050);
#3052=CARTESIAN_POINT('',(2.904737509656E0,-7.5E-1,-4.88E0));
#3053=VERTEX_POINT('',#3052);
#3054=CARTESIAN_POINT('',(1.0855E1,-7.5E-1,-4.88E0));
#3055=VERTEX_POINT('',#3054);
#3056=CARTESIAN_POINT('',(1.1605E1,-7.5E-1,-4.88E0));
#3057=VERTEX_POINT('',#3056);
#3058=CARTESIAN_POINT('',(1.1605E1,-1.0605E1,-4.88E0));
#3059=VERTEX_POINT('',#3058);
#3060=CARTESIAN_POINT('',(1.0605E1,-1.1605E1,-4.88E0));
#3061=VERTEX_POINT('',#3060);
#3062=CARTESIAN_POINT('',(7.5E-1,1.0855E1,-4.88E0));
#3063=CARTESIAN_POINT('',(7.5E-1,1.1605E1,-4.88E0));
#3064=VERTEX_POINT('',#3062);
#3065=VERTEX_POINT('',#3063);
#3066=CARTESIAN_POINT('',(1.0605E1,1.1605E1,-4.88E0));
#3067=VERTEX_POINT('',#3066);
#3068=CARTESIAN_POINT('',(1.1605E1,1.0605E1,-4.88E0));
#3069=VERTEX_POINT('',#3068);
#3070=CARTESIAN_POINT('',(1.1605E1,7.5E-1,-4.88E0));
#3071=VERTEX_POINT('',#3070);
#3072=CARTESIAN_POINT('',(1.0855E1,7.5E-1,-4.88E0));
#3073=VERTEX_POINT('',#3072);
#3074=CARTESIAN_POINT('',(2.904737509656E0,7.5E-1,-4.88E0));
#3075=VERTEX_POINT('',#3074);
#3076=CARTESIAN_POINT('',(7.5E-1,2.904737509656E0,-4.88E0));
#3077=VERTEX_POINT('',#3076);
#3078=CARTESIAN_POINT('',(-7.5E-1,-1.0855E1,-4.88E0));
#3079=CARTESIAN_POINT('',(-7.5E-1,-1.1605E1,-4.88E0));
#3080=VERTEX_POINT('',#3078);
#3081=VERTEX_POINT('',#3079);
#3082=CARTESIAN_POINT('',(-1.0605E1,-1.1605E1,-4.88E0));
#3083=VERTEX_POINT('',#3082);
#3084=CARTESIAN_POINT('',(-1.1605E1,-1.0605E1,-4.88E0));
#3085=VERTEX_POINT('',#3084);
#3086=CARTESIAN_POINT('',(-1.1605E1,-7.5E-1,-4.88E0));
#3087=VERTEX_POINT('',#3086);
#3088=CARTESIAN_POINT('',(-1.1605E1,1.0605E1,-4.88E0));
#3089=CARTESIAN_POINT('',(-1.0605E1,1.1605E1,-4.88E0));
#3090=VERTEX_POINT('',#3088);
#3091=VERTEX_POINT('',#3089);
#3092=CARTESIAN_POINT('',(-7.5E-1,1.1605E1,-4.88E0));
#3093=VERTEX_POINT('',#3092);
#3094=CARTESIAN_POINT('',(-7.5E-1,1.0855E1,-4.88E0));
#3095=VERTEX_POINT('',#3094);
#3096=CARTESIAN_POINT('',(-7.5E-1,2.904737509656E0,-4.88E0));
#3097=VERTEX_POINT('',#3096);
#3098=CARTESIAN_POINT('',(-7.5E-1,-2.904737509656E0,-4.88E0));
#3099=CARTESIAN_POINT('',(-2.904737509656E0,-7.5E-1,-4.88E0));
#3100=VERTEX_POINT('',#3098);
#3101=VERTEX_POINT('',#3099);
#3102=CARTESIAN_POINT('',(-2.E-1,-1.3105E1,-4.33E0));
#3103=CARTESIAN_POINT('',(-2.E-1,-1.3105E1,-3.63E0));
#3104=VERTEX_POINT('',#3102);
#3105=VERTEX_POINT('',#3103);
#3106=CARTESIAN_POINT('',(2.E-1,-1.3105E1,-3.63E0));
#3107=VERTEX_POINT('',#3106);
#3108=CARTESIAN_POINT('',(2.E-1,-1.3105E1,-4.33E0));
#3109=VERTEX_POINT('',#3108);
#3110=CARTESIAN_POINT('',(-2.E-1,1.3105E1,-4.33E0));
#3111=CARTESIAN_POINT('',(-2.E-1,1.3105E1,-3.63E0));
#3112=VERTEX_POINT('',#3110);
#3113=VERTEX_POINT('',#3111);
#3114=CARTESIAN_POINT('',(2.E-1,1.3105E1,-3.63E0));
#3115=VERTEX_POINT('',#3114);
#3116=CARTESIAN_POINT('',(2.E-1,1.3105E1,-4.33E0));
#3117=VERTEX_POINT('',#3116);
#3118=CARTESIAN_POINT('',(-2.E-1,-1.2905E1,-4.33E0));
#3119=CARTESIAN_POINT('',(-2.E-1,-1.2905E1,-3.63E0));
#3120=VERTEX_POINT('',#3118);
#3121=VERTEX_POINT('',#3119);
#3122=CARTESIAN_POINT('',(2.E-1,-1.2905E1,-3.63E0));
#3123=VERTEX_POINT('',#3122);
#3124=CARTESIAN_POINT('',(2.E-1,-1.2905E1,-4.33E0));
#3125=VERTEX_POINT('',#3124);
#3126=CARTESIAN_POINT('',(-2.E-1,1.2905E1,-4.33E0));
#3127=CARTESIAN_POINT('',(-2.E-1,1.2905E1,-3.63E0));
#3128=VERTEX_POINT('',#3126);
#3129=VERTEX_POINT('',#3127);
#3130=CARTESIAN_POINT('',(2.E-1,1.2905E1,-3.63E0));
#3131=VERTEX_POINT('',#3130);
#3132=CARTESIAN_POINT('',(2.E-1,1.2905E1,-4.33E0));
#3133=VERTEX_POINT('',#3132);
#3134=CARTESIAN_POINT('',(-1.3105E1,2.E-1,-4.33E0));
#3135=CARTESIAN_POINT('',(-1.3105E1,2.E-1,-3.63E0));
#3136=VERTEX_POINT('',#3134);
#3137=VERTEX_POINT('',#3135);
#3138=CARTESIAN_POINT('',(-1.3105E1,-2.E-1,-3.63E0));
#3139=VERTEX_POINT('',#3138);
#3140=CARTESIAN_POINT('',(-1.3105E1,-2.E-1,-4.33E0));
#3141=VERTEX_POINT('',#3140);
#3142=CARTESIAN_POINT('',(1.3105E1,2.E-1,-4.33E0));
#3143=CARTESIAN_POINT('',(1.3105E1,2.E-1,-3.63E0));
#3144=VERTEX_POINT('',#3142);
#3145=VERTEX_POINT('',#3143);
#3146=CARTESIAN_POINT('',(1.3105E1,-2.E-1,-3.63E0));
#3147=VERTEX_POINT('',#3146);
#3148=CARTESIAN_POINT('',(1.3105E1,-2.E-1,-4.33E0));
#3149=VERTEX_POINT('',#3148);
#3150=CARTESIAN_POINT('',(-1.2905E1,2.E-1,-4.33E0));
#3151=CARTESIAN_POINT('',(-1.2905E1,2.E-1,-3.63E0));
#3152=VERTEX_POINT('',#3150);
#3153=VERTEX_POINT('',#3151);
#3154=CARTESIAN_POINT('',(-1.2905E1,-2.E-1,-3.63E0));
#3155=VERTEX_POINT('',#3154);
#3156=CARTESIAN_POINT('',(-1.2905E1,-2.E-1,-4.33E0));
#3157=VERTEX_POINT('',#3156);
#3158=CARTESIAN_POINT('',(1.2905E1,2.E-1,-4.33E0));
#3159=CARTESIAN_POINT('',(1.2905E1,2.E-1,-3.63E0));
#3160=VERTEX_POINT('',#3158);
#3161=VERTEX_POINT('',#3159);
#3162=CARTESIAN_POINT('',(1.2905E1,-2.E-1,-3.63E0));
#3163=VERTEX_POINT('',#3162);
#3164=CARTESIAN_POINT('',(1.2905E1,-2.E-1,-4.33E0));
#3165=VERTEX_POINT('',#3164);
#3166=CARTESIAN_POINT('',(-1.0855E1,-7.5E-1,-5.08E0));
#3167=VERTEX_POINT('',#3166);
#3168=CARTESIAN_POINT('',(-1.1605E1,7.5E-1,-5.08E0));
#3169=VERTEX_POINT('',#3168);
#3170=CARTESIAN_POINT('',(-2.904737509656E0,7.5E-1,-5.08E0));
#3171=VERTEX_POINT('',#3170);
#3172=CARTESIAN_POINT('',(-1.0855E1,7.5E-1,-5.08E0));
#3173=VERTEX_POINT('',#3172);
#3174=CARTESIAN_POINT('',(-1.0855E1,-7.5E-1,-4.88E0));
#3175=VERTEX_POINT('',#3174);
#3176=CARTESIAN_POINT('',(-1.1605E1,7.5E-1,-4.88E0));
#3177=VERTEX_POINT('',#3176);
#3178=CARTESIAN_POINT('',(-2.904737509656E0,7.5E-1,-4.88E0));
#3179=VERTEX_POINT('',#3178);
#3180=CARTESIAN_POINT('',(-1.0855E1,7.5E-1,-4.88E0));
#3181=VERTEX_POINT('',#3180);
#3182=CARTESIAN_POINT('',(1.2285E1,1.1785E1,-5.08E0));
#3183=CARTESIAN_POINT('',(1.1285E1,1.1785E1,-5.08E0));
#3184=VERTEX_POINT('',#3182);
#3185=VERTEX_POINT('',#3183);
#3186=CARTESIAN_POINT('',(1.2285E1,1.1785E1,-4.88E0));
#3187=CARTESIAN_POINT('',(1.1285E1,1.1785E1,-4.88E0));
#3188=VERTEX_POINT('',#3186);
#3189=VERTEX_POINT('',#3187);
#3190=CARTESIAN_POINT('',(-1.3105E1,-7.5E0,0.E0));
#3191=CARTESIAN_POINT('',(-1.2905E1,-7.5E0,0.E0));
#3192=VERTEX_POINT('',#3190);
#3193=VERTEX_POINT('',#3191);
#3194=CARTESIAN_POINT('',(-1.3105E1,-4.5E0,0.E0));
#3195=CARTESIAN_POINT('',(-1.2905E1,-4.5E0,0.E0));
#3196=VERTEX_POINT('',#3194);
#3197=VERTEX_POINT('',#3195);
#3198=CARTESIAN_POINT('',(1.3105E1,7.5E0,0.E0));
#3199=CARTESIAN_POINT('',(1.2905E1,7.5E0,0.E0));
#3200=VERTEX_POINT('',#3198);
#3201=VERTEX_POINT('',#3199);
#3202=CARTESIAN_POINT('',(1.3105E1,4.5E0,0.E0));
#3203=CARTESIAN_POINT('',(1.2905E1,4.5E0,0.E0));
#3204=VERTEX_POINT('',#3202);
#3205=VERTEX_POINT('',#3203);
#3206=CARTESIAN_POINT('',(-7.5E0,1.3105E1,0.E0));
#3207=CARTESIAN_POINT('',(-7.5E0,1.2905E1,0.E0));
#3208=VERTEX_POINT('',#3206);
#3209=VERTEX_POINT('',#3207);
#3210=CARTESIAN_POINT('',(-4.5E0,1.3105E1,0.E0));
#3211=CARTESIAN_POINT('',(-4.5E0,1.2905E1,0.E0));
#3212=VERTEX_POINT('',#3210);
#3213=VERTEX_POINT('',#3211);
#3214=CARTESIAN_POINT('',(7.5E0,-1.3105E1,0.E0));
#3215=CARTESIAN_POINT('',(7.5E0,-1.2905E1,0.E0));
#3216=VERTEX_POINT('',#3214);
#3217=VERTEX_POINT('',#3215);
#3218=CARTESIAN_POINT('',(4.5E0,-1.3105E1,0.E0));
#3219=CARTESIAN_POINT('',(4.5E0,-1.2905E1,0.E0));
#3220=VERTEX_POINT('',#3218);
#3221=VERTEX_POINT('',#3219);
#3222=CARTESIAN_POINT('',(-1.3105E1,-4.5E0,-5.E-1));
#3223=VERTEX_POINT('',#3222);
#3224=CARTESIAN_POINT('',(-1.3105E1,-7.5E0,-5.E-1));
#3225=VERTEX_POINT('',#3224);
#3226=CARTESIAN_POINT('',(4.5E0,-1.3105E1,-5.E-1));
#3227=VERTEX_POINT('',#3226);
#3228=CARTESIAN_POINT('',(7.5E0,-1.3105E1,-5.E-1));
#3229=VERTEX_POINT('',#3228);
#3230=CARTESIAN_POINT('',(1.3105E1,4.5E0,-5.E-1));
#3231=VERTEX_POINT('',#3230);
#3232=CARTESIAN_POINT('',(1.3105E1,7.5E0,-5.E-1));
#3233=VERTEX_POINT('',#3232);
#3234=CARTESIAN_POINT('',(-4.5E0,1.3105E1,-5.E-1));
#3235=VERTEX_POINT('',#3234);
#3236=CARTESIAN_POINT('',(-7.5E0,1.3105E1,-5.E-1));
#3237=VERTEX_POINT('',#3236);
#3238=CARTESIAN_POINT('',(-1.2905E1,-4.5E0,-5.E-1));
#3239=VERTEX_POINT('',#3238);
#3240=CARTESIAN_POINT('',(-1.2905E1,-7.5E0,-5.E-1));
#3241=VERTEX_POINT('',#3240);
#3242=CARTESIAN_POINT('',(4.5E0,-1.2905E1,-5.E-1));
#3243=VERTEX_POINT('',#3242);
#3244=CARTESIAN_POINT('',(7.5E0,-1.2905E1,-5.E-1));
#3245=VERTEX_POINT('',#3244);
#3246=CARTESIAN_POINT('',(1.2905E1,4.5E0,-5.E-1));
#3247=VERTEX_POINT('',#3246);
#3248=CARTESIAN_POINT('',(1.2905E1,7.5E0,-5.E-1));
#3249=VERTEX_POINT('',#3248);
#3250=CARTESIAN_POINT('',(-4.5E0,1.2905E1,-5.E-1));
#3251=VERTEX_POINT('',#3250);
#3252=CARTESIAN_POINT('',(-7.5E0,1.2905E1,-5.E-1));
#3253=VERTEX_POINT('',#3252);
#3254=CARTESIAN_POINT('',(1.02E1,-1.3105E1,-4.33E0));
#3255=CARTESIAN_POINT('',(9.8E0,-1.3105E1,-4.33E0));
#3256=VERTEX_POINT('',#3254);
#3257=VERTEX_POINT('',#3255);
#3258=CARTESIAN_POINT('',(9.8E0,-1.3105E1,-3.63E0));
#3259=VERTEX_POINT('',#3258);
#3260=CARTESIAN_POINT('',(1.02E1,-1.3105E1,-3.63E0));
#3261=VERTEX_POINT('',#3260);
#3262=CARTESIAN_POINT('',(-1.02E1,-1.3105E1,-4.33E0));
#3263=CARTESIAN_POINT('',(-1.02E1,-1.3105E1,-3.63E0));
#3264=VERTEX_POINT('',#3262);
#3265=VERTEX_POINT('',#3263);
#3266=CARTESIAN_POINT('',(-9.8E0,-1.3105E1,-3.63E0));
#3267=VERTEX_POINT('',#3266);
#3268=CARTESIAN_POINT('',(-9.8E0,-1.3105E1,-4.33E0));
#3269=VERTEX_POINT('',#3268);
#3270=CARTESIAN_POINT('',(1.02E1,1.3105E1,-4.33E0));
#3271=CARTESIAN_POINT('',(9.8E0,1.3105E1,-4.33E0));
#3272=VERTEX_POINT('',#3270);
#3273=VERTEX_POINT('',#3271);
#3274=CARTESIAN_POINT('',(9.8E0,1.3105E1,-3.63E0));
#3275=VERTEX_POINT('',#3274);
#3276=CARTESIAN_POINT('',(1.02E1,1.3105E1,-3.63E0));
#3277=VERTEX_POINT('',#3276);
#3278=CARTESIAN_POINT('',(-1.02E1,1.3105E1,-4.33E0));
#3279=CARTESIAN_POINT('',(-1.02E1,1.3105E1,-3.63E0));
#3280=VERTEX_POINT('',#3278);
#3281=VERTEX_POINT('',#3279);
#3282=CARTESIAN_POINT('',(-9.8E0,1.3105E1,-3.63E0));
#3283=VERTEX_POINT('',#3282);
#3284=CARTESIAN_POINT('',(-9.8E0,1.3105E1,-4.33E0));
#3285=VERTEX_POINT('',#3284);
#3286=CARTESIAN_POINT('',(1.02E1,-1.2905E1,-4.33E0));
#3287=CARTESIAN_POINT('',(9.8E0,-1.2905E1,-4.33E0));
#3288=VERTEX_POINT('',#3286);
#3289=VERTEX_POINT('',#3287);
#3290=CARTESIAN_POINT('',(9.8E0,-1.2905E1,-3.63E0));
#3291=VERTEX_POINT('',#3290);
#3292=CARTESIAN_POINT('',(1.02E1,-1.2905E1,-3.63E0));
#3293=VERTEX_POINT('',#3292);
#3294=CARTESIAN_POINT('',(-1.02E1,-1.2905E1,-4.33E0));
#3295=CARTESIAN_POINT('',(-1.02E1,-1.2905E1,-3.63E0));
#3296=VERTEX_POINT('',#3294);
#3297=VERTEX_POINT('',#3295);
#3298=CARTESIAN_POINT('',(-9.8E0,-1.2905E1,-3.63E0));
#3299=VERTEX_POINT('',#3298);
#3300=CARTESIAN_POINT('',(-9.8E0,-1.2905E1,-4.33E0));
#3301=VERTEX_POINT('',#3300);
#3302=CARTESIAN_POINT('',(1.02E1,1.2905E1,-4.33E0));
#3303=CARTESIAN_POINT('',(9.8E0,1.2905E1,-4.33E0));
#3304=VERTEX_POINT('',#3302);
#3305=VERTEX_POINT('',#3303);
#3306=CARTESIAN_POINT('',(9.8E0,1.2905E1,-3.63E0));
#3307=VERTEX_POINT('',#3306);
#3308=CARTESIAN_POINT('',(1.02E1,1.2905E1,-3.63E0));
#3309=VERTEX_POINT('',#3308);
#3310=CARTESIAN_POINT('',(-1.02E1,1.2905E1,-4.33E0));
#3311=CARTESIAN_POINT('',(-1.02E1,1.2905E1,-3.63E0));
#3312=VERTEX_POINT('',#3310);
#3313=VERTEX_POINT('',#3311);
#3314=CARTESIAN_POINT('',(-9.8E0,1.2905E1,-3.63E0));
#3315=VERTEX_POINT('',#3314);
#3316=CARTESIAN_POINT('',(-9.8E0,1.2905E1,-4.33E0));
#3317=VERTEX_POINT('',#3316);
#3318=CARTESIAN_POINT('',(-1.3105E1,-1.02E1,-4.33E0));
#3319=CARTESIAN_POINT('',(-1.3105E1,-9.8E0,-4.33E0));
#3320=VERTEX_POINT('',#3318);
#3321=VERTEX_POINT('',#3319);
#3322=CARTESIAN_POINT('',(-1.3105E1,-9.8E0,-3.63E0));
#3323=VERTEX_POINT('',#3322);
#3324=CARTESIAN_POINT('',(-1.3105E1,-1.02E1,-3.63E0));
#3325=VERTEX_POINT('',#3324);
#3326=CARTESIAN_POINT('',(-1.3105E1,1.02E1,-4.33E0));
#3327=CARTESIAN_POINT('',(-1.3105E1,1.02E1,-3.63E0));
#3328=VERTEX_POINT('',#3326);
#3329=VERTEX_POINT('',#3327);
#3330=CARTESIAN_POINT('',(-1.3105E1,9.8E0,-3.63E0));
#3331=VERTEX_POINT('',#3330);
#3332=CARTESIAN_POINT('',(-1.3105E1,9.8E0,-4.33E0));
#3333=VERTEX_POINT('',#3332);
#3334=CARTESIAN_POINT('',(1.3105E1,-1.02E1,-4.33E0));
#3335=CARTESIAN_POINT('',(1.3105E1,-9.8E0,-4.33E0));
#3336=VERTEX_POINT('',#3334);
#3337=VERTEX_POINT('',#3335);
#3338=CARTESIAN_POINT('',(1.3105E1,-9.8E0,-3.63E0));
#3339=VERTEX_POINT('',#3338);
#3340=CARTESIAN_POINT('',(1.3105E1,-1.02E1,-3.63E0));
#3341=VERTEX_POINT('',#3340);
#3342=CARTESIAN_POINT('',(1.3105E1,1.02E1,-4.33E0));
#3343=CARTESIAN_POINT('',(1.3105E1,1.02E1,-3.63E0));
#3344=VERTEX_POINT('',#3342);
#3345=VERTEX_POINT('',#3343);
#3346=CARTESIAN_POINT('',(1.3105E1,9.8E0,-3.63E0));
#3347=VERTEX_POINT('',#3346);
#3348=CARTESIAN_POINT('',(1.3105E1,9.8E0,-4.33E0));
#3349=VERTEX_POINT('',#3348);
#3350=CARTESIAN_POINT('',(-1.2905E1,-1.02E1,-4.33E0));
#3351=CARTESIAN_POINT('',(-1.2905E1,-9.8E0,-4.33E0));
#3352=VERTEX_POINT('',#3350);
#3353=VERTEX_POINT('',#3351);
#3354=CARTESIAN_POINT('',(-1.2905E1,-9.8E0,-3.63E0));
#3355=VERTEX_POINT('',#3354);
#3356=CARTESIAN_POINT('',(-1.2905E1,-1.02E1,-3.63E0));
#3357=VERTEX_POINT('',#3356);
#3358=CARTESIAN_POINT('',(-1.2905E1,1.02E1,-4.33E0));
#3359=CARTESIAN_POINT('',(-1.2905E1,1.02E1,-3.63E0));
#3360=VERTEX_POINT('',#3358);
#3361=VERTEX_POINT('',#3359);
#3362=CARTESIAN_POINT('',(-1.2905E1,9.8E0,-3.63E0));
#3363=VERTEX_POINT('',#3362);
#3364=CARTESIAN_POINT('',(-1.2905E1,9.8E0,-4.33E0));
#3365=VERTEX_POINT('',#3364);
#3366=CARTESIAN_POINT('',(1.2905E1,-1.02E1,-4.33E0));
#3367=CARTESIAN_POINT('',(1.2905E1,-9.8E0,-4.33E0));
#3368=VERTEX_POINT('',#3366);
#3369=VERTEX_POINT('',#3367);
#3370=CARTESIAN_POINT('',(1.2905E1,-9.8E0,-3.63E0));
#3371=VERTEX_POINT('',#3370);
#3372=CARTESIAN_POINT('',(1.2905E1,-1.02E1,-3.63E0));
#3373=VERTEX_POINT('',#3372);
#3374=CARTESIAN_POINT('',(1.2905E1,1.02E1,-4.33E0));
#3375=CARTESIAN_POINT('',(1.2905E1,1.02E1,-3.63E0));
#3376=VERTEX_POINT('',#3374);
#3377=VERTEX_POINT('',#3375);
#3378=CARTESIAN_POINT('',(1.2905E1,9.8E0,-3.63E0));
#3379=VERTEX_POINT('',#3378);
#3380=CARTESIAN_POINT('',(1.2905E1,9.8E0,-4.33E0));
#3381=VERTEX_POINT('',#3380);
#3382=CARTESIAN_POINT('',(0.E0,0.E0,0.E0));
#3383=DIRECTION('',(0.E0,0.E0,1.E0));
#3384=DIRECTION('',(1.E0,0.E0,0.E0));
#3385=AXIS2_PLACEMENT_3D('',#3382,#3383,#3384);
#3386=PLANE('',#3385);
#3388=ORIENTED_EDGE('',*,*,#3387,.T.);
#3390=ORIENTED_EDGE('',*,*,#3389,.T.);
#3392=ORIENTED_EDGE('',*,*,#3391,.F.);
#3394=ORIENTED_EDGE('',*,*,#3393,.F.);
#3395=EDGE_LOOP('',(#3388,#3390,#3392,#3394));
#3396=FACE_OUTER_BOUND('',#3395,.F.);
#3398=CARTESIAN_POINT('',(0.E0,0.E0,0.E0));
#3399=DIRECTION('',(0.E0,0.E0,1.E0));
#3400=DIRECTION('',(1.E0,0.E0,0.E0));
#3401=AXIS2_PLACEMENT_3D('',#3398,#3399,#3400);
#3402=PLANE('',#3401);
#3404=ORIENTED_EDGE('',*,*,#3403,.F.);
#3406=ORIENTED_EDGE('',*,*,#3405,.F.);
#3408=ORIENTED_EDGE('',*,*,#3407,.F.);
#3410=ORIENTED_EDGE('',*,*,#3409,.T.);
#3412=ORIENTED_EDGE('',*,*,#3411,.T.);
#3414=ORIENTED_EDGE('',*,*,#3413,.T.);
#3415=EDGE_LOOP('',(#3404,#3406,#3408,#3410,#3412,#3414));
#3416=FACE_OUTER_BOUND('',#3415,.F.);
#3418=CARTESIAN_POINT('',(0.E0,0.E0,0.E0));
#3419=DIRECTION('',(0.E0,0.E0,1.E0));
#3420=DIRECTION('',(1.E0,0.E0,0.E0));
#3421=AXIS2_PLACEMENT_3D('',#3418,#3419,#3420);
#3422=PLANE('',#3421);
#3424=ORIENTED_EDGE('',*,*,#3423,.T.);
#3426=ORIENTED_EDGE('',*,*,#3425,.T.);
#3428=ORIENTED_EDGE('',*,*,#3427,.T.);
#3430=ORIENTED_EDGE('',*,*,#3429,.F.);
#3432=ORIENTED_EDGE('',*,*,#3431,.F.);
#3434=ORIENTED_EDGE('',*,*,#3433,.F.);
#3435=EDGE_LOOP('',(#3424,#3426,#3428,#3430,#3432,#3434));
#3436=FACE_OUTER_BOUND('',#3435,.F.);
#3438=CARTESIAN_POINT('',(0.E0,0.E0,0.E0));
#3439=DIRECTION('',(0.E0,0.E0,1.E0));
#3440=DIRECTION('',(1.E0,0.E0,0.E0));
#3441=AXIS2_PLACEMENT_3D('',#3438,#3439,#3440);
#3442=PLANE('',#3441);
#3444=ORIENTED_EDGE('',*,*,#3443,.T.);
#3446=ORIENTED_EDGE('',*,*,#3445,.T.);
#3448=ORIENTED_EDGE('',*,*,#3447,.T.);
#3450=ORIENTED_EDGE('',*,*,#3449,.F.);
#3452=ORIENTED_EDGE('',*,*,#3451,.F.);
#3454=ORIENTED_EDGE('',*,*,#3453,.F.);
#3455=EDGE_LOOP('',(#3444,#3446,#3448,#3450,#3452,#3454));
#3456=FACE_OUTER_BOUND('',#3455,.F.);
#3458=CARTESIAN_POINT('',(0.E0,0.E0,0.E0));
#3459=DIRECTION('',(0.E0,0.E0,1.E0));
#3460=DIRECTION('',(1.E0,0.E0,0.E0));
#3461=AXIS2_PLACEMENT_3D('',#3458,#3459,#3460);
#3462=PLANE('',#3461);
#3464=ORIENTED_EDGE('',*,*,#3463,.F.);
#3466=ORIENTED_EDGE('',*,*,#3465,.F.);
#3468=ORIENTED_EDGE('',*,*,#3467,.T.);
#3470=ORIENTED_EDGE('',*,*,#3469,.T.);
#3471=EDGE_LOOP('',(#3464,#3466,#3468,#3470));
#3472=FACE_OUTER_BOUND('',#3471,.F.);
#3474=CARTESIAN_POINT('',(0.E0,0.E0,0.E0));
#3475=DIRECTION('',(0.E0,0.E0,1.E0));
#3476=DIRECTION('',(1.E0,0.E0,0.E0));
#3477=AXIS2_PLACEMENT_3D('',#3474,#3475,#3476);
#3478=PLANE('',#3477);
#3480=ORIENTED_EDGE('',*,*,#3479,.F.);
#3482=ORIENTED_EDGE('',*,*,#3481,.F.);
#3484=ORIENTED_EDGE('',*,*,#3483,.F.);
#3486=ORIENTED_EDGE('',*,*,#3485,.T.);
#3488=ORIENTED_EDGE('',*,*,#3487,.T.);
#3490=ORIENTED_EDGE('',*,*,#3489,.T.);
#3491=EDGE_LOOP('',(#3480,#3482,#3484,#3486,#3488,#3490));
#3492=FACE_OUTER_BOUND('',#3491,.F.);
#3494=CARTESIAN_POINT('',(0.E0,0.E0,0.E0));
#3495=DIRECTION('',(0.E0,0.E0,1.E0));
#3496=DIRECTION('',(1.E0,0.E0,0.E0));
#3497=AXIS2_PLACEMENT_3D('',#3494,#3495,#3496);
#3498=PLANE('',#3497);
#3500=ORIENTED_EDGE('',*,*,#3499,.F.);
#3502=ORIENTED_EDGE('',*,*,#3501,.F.);
#3504=ORIENTED_EDGE('',*,*,#3503,.T.);
#3506=ORIENTED_EDGE('',*,*,#3505,.T.);
#3507=EDGE_LOOP('',(#3500,#3502,#3504,#3506));
#3508=FACE_OUTER_BOUND('',#3507,.F.);
#3510=CARTESIAN_POINT('',(0.E0,0.E0,0.E0));
#3511=DIRECTION('',(0.E0,0.E0,1.E0));
#3512=DIRECTION('',(1.E0,0.E0,0.E0));
#3513=AXIS2_PLACEMENT_3D('',#3510,#3511,#3512);
#3514=PLANE('',#3513);
#3516=ORIENTED_EDGE('',*,*,#3515,.T.);
#3518=ORIENTED_EDGE('',*,*,#3517,.T.);
#3520=ORIENTED_EDGE('',*,*,#3519,.F.);
#3522=ORIENTED_EDGE('',*,*,#3521,.F.);
#3523=EDGE_LOOP('',(#3516,#3518,#3520,#3522));
#3524=FACE_OUTER_BOUND('',#3523,.F.);
#3526=CARTESIAN_POINT('',(0.E0,0.E0,0.E0));
#3527=DIRECTION('',(0.E0,0.E0,1.E0));
#3528=DIRECTION('',(1.E0,0.E0,0.E0));
#3529=AXIS2_PLACEMENT_3D('',#3526,#3527,#3528);
#3530=PLANE('',#3529);
#3532=ORIENTED_EDGE('',*,*,#3531,.F.);
#3534=ORIENTED_EDGE('',*,*,#3533,.T.);
#3536=ORIENTED_EDGE('',*,*,#3535,.T.);
#3538=ORIENTED_EDGE('',*,*,#3537,.F.);
#3539=EDGE_LOOP('',(#3532,#3534,#3536,#3538));
#3540=FACE_OUTER_BOUND('',#3539,.F.);
#3542=CARTESIAN_POINT('',(0.E0,0.E0,0.E0));
#3543=DIRECTION('',(0.E0,0.E0,1.E0));
#3544=DIRECTION('',(1.E0,0.E0,0.E0));
#3545=AXIS2_PLACEMENT_3D('',#3542,#3543,#3544);
#3546=PLANE('',#3545);
#3548=ORIENTED_EDGE('',*,*,#3547,.F.);
#3550=ORIENTED_EDGE('',*,*,#3549,.T.);
#3552=ORIENTED_EDGE('',*,*,#3551,.T.);
#3554=ORIENTED_EDGE('',*,*,#3553,.F.);
#3555=EDGE_LOOP('',(#3548,#3550,#3552,#3554));
#3556=FACE_OUTER_BOUND('',#3555,.F.);
#3558=CARTESIAN_POINT('',(0.E0,0.E0,0.E0));
#3559=DIRECTION('',(0.E0,0.E0,1.E0));
#3560=DIRECTION('',(1.E0,0.E0,0.E0));
#3561=AXIS2_PLACEMENT_3D('',#3558,#3559,#3560);
#3562=PLANE('',#3561);
#3564=ORIENTED_EDGE('',*,*,#3563,.F.);
#3566=ORIENTED_EDGE('',*,*,#3565,.T.);
#3568=ORIENTED_EDGE('',*,*,#3567,.T.);
#3570=ORIENTED_EDGE('',*,*,#3569,.F.);
#3571=EDGE_LOOP('',(#3564,#3566,#3568,#3570));
#3572=FACE_OUTER_BOUND('',#3571,.F.);
#3574=CARTESIAN_POINT('',(0.E0,0.E0,0.E0));
#3575=DIRECTION('',(0.E0,0.E0,1.E0));
#3576=DIRECTION('',(1.E0,0.E0,0.E0));
#3577=AXIS2_PLACEMENT_3D('',#3574,#3575,#3576);
#3578=PLANE('',#3577);
#3580=ORIENTED_EDGE('',*,*,#3579,.F.);
#3582=ORIENTED_EDGE('',*,*,#3581,.T.);
#3584=ORIENTED_EDGE('',*,*,#3583,.T.);
#3586=ORIENTED_EDGE('',*,*,#3585,.F.);
#3587=EDGE_LOOP('',(#3580,#3582,#3584,#3586));
#3588=FACE_OUTER_BOUND('',#3587,.F.);
#3590=CARTESIAN_POINT('',(0.E0,0.E0,0.E0));
#3591=DIRECTION('',(0.E0,0.E0,1.E0));
#3592=DIRECTION('',(1.E0,0.E0,0.E0));
#3593=AXIS2_PLACEMENT_3D('',#3590,#3591,#3592);
#3594=PLANE('',#3593);
#3596=ORIENTED_EDGE('',*,*,#3595,.F.);
#3598=ORIENTED_EDGE('',*,*,#3597,.F.);
#3600=ORIENTED_EDGE('',*,*,#3599,.T.);
#3602=ORIENTED_EDGE('',*,*,#3601,.T.);
#3603=EDGE_LOOP('',(#3596,#3598,#3600,#3602));
#3604=FACE_OUTER_BOUND('',#3603,.F.);
#3606=CARTESIAN_POINT('',(0.E0,0.E0,0.E0));
#3607=DIRECTION('',(0.E0,0.E0,1.E0));
#3608=DIRECTION('',(1.E0,0.E0,0.E0));
#3609=AXIS2_PLACEMENT_3D('',#3606,#3607,#3608);
#3610=PLANE('',#3609);
#3612=ORIENTED_EDGE('',*,*,#3611,.F.);
#3614=ORIENTED_EDGE('',*,*,#3613,.F.);
#3616=ORIENTED_EDGE('',*,*,#3615,.T.);
#3618=ORIENTED_EDGE('',*,*,#3617,.T.);
#3619=EDGE_LOOP('',(#3612,#3614,#3616,#3618));
#3620=FACE_OUTER_BOUND('',#3619,.F.);
#3622=CARTESIAN_POINT('',(0.E0,0.E0,0.E0));
#3623=DIRECTION('',(0.E0,0.E0,1.E0));
#3624=DIRECTION('',(1.E0,0.E0,0.E0));
#3625=AXIS2_PLACEMENT_3D('',#3622,#3623,#3624);
#3626=PLANE('',#3625);
#3628=ORIENTED_EDGE('',*,*,#3627,.F.);
#3630=ORIENTED_EDGE('',*,*,#3629,.F.);
#3632=ORIENTED_EDGE('',*,*,#3631,.T.);
#3634=ORIENTED_EDGE('',*,*,#3633,.T.);
#3635=EDGE_LOOP('',(#3628,#3630,#3632,#3634));
#3636=FACE_OUTER_BOUND('',#3635,.F.);
#3638=CARTESIAN_POINT('',(0.E0,0.E0,0.E0));
#3639=DIRECTION('',(0.E0,0.E0,1.E0));
#3640=DIRECTION('',(1.E0,0.E0,0.E0));
#3641=AXIS2_PLACEMENT_3D('',#3638,#3639,#3640);
#3642=PLANE('',#3641);
#3644=ORIENTED_EDGE('',*,*,#3643,.F.);
#3646=ORIENTED_EDGE('',*,*,#3645,.F.);
#3648=ORIENTED_EDGE('',*,*,#3647,.T.);
#3650=ORIENTED_EDGE('',*,*,#3649,.T.);
#3651=EDGE_LOOP('',(#3644,#3646,#3648,#3650));
#3652=FACE_OUTER_BOUND('',#3651,.F.);
#3654=CARTESIAN_POINT('',(-1.3105E1,1.5E0,0.E0));
#3655=DIRECTION('',(0.E0,-1.E0,0.E0));
#3656=DIRECTION('',(1.E0,0.E0,0.E0));
#3657=AXIS2_PLACEMENT_3D('',#3654,#3655,#3656);
#3658=PLANE('',#3657);
#3659=ORIENTED_EDGE('',*,*,#3387,.F.);
#3661=ORIENTED_EDGE('',*,*,#3660,.T.);
#3663=ORIENTED_EDGE('',*,*,#3662,.T.);
#3665=ORIENTED_EDGE('',*,*,#3664,.F.);
#3666=EDGE_LOOP('',(#3659,#3661,#3663,#3665));
#3667=FACE_OUTER_BOUND('',#3666,.F.);
#3669=CARTESIAN_POINT('',(-1.3105E1,1.3105E1,0.E0));
#3670=DIRECTION('',(-1.E0,0.E0,0.E0));
#3671=DIRECTION('',(0.E0,-1.E0,0.E0));
#3672=AXIS2_PLACEMENT_3D('',#3669,#3670,#3671);
#3673=PLANE('',#3672);
#3675=ORIENTED_EDGE('',*,*,#3674,.T.);
#3677=ORIENTED_EDGE('',*,*,#3676,.F.);
#3679=ORIENTED_EDGE('',*,*,#3678,.F.);
#3681=ORIENTED_EDGE('',*,*,#3680,.F.);
#3682=ORIENTED_EDGE('',*,*,#3405,.T.);
#3684=ORIENTED_EDGE('',*,*,#3683,.T.);
#3686=ORIENTED_EDGE('',*,*,#3685,.T.);
#3688=ORIENTED_EDGE('',*,*,#3687,.F.);
#3689=ORIENTED_EDGE('',*,*,#3531,.T.);
#3691=ORIENTED_EDGE('',*,*,#3690,.T.);
#3693=ORIENTED_EDGE('',*,*,#3692,.T.);
#3694=ORIENTED_EDGE('',*,*,#3660,.F.);
#3695=ORIENTED_EDGE('',*,*,#3393,.T.);
#3697=ORIENTED_EDGE('',*,*,#3696,.T.);
#3699=ORIENTED_EDGE('',*,*,#3698,.T.);
#3701=ORIENTED_EDGE('',*,*,#3700,.F.);
#3702=ORIENTED_EDGE('',*,*,#3597,.T.);
#3704=ORIENTED_EDGE('',*,*,#3703,.T.);
#3706=ORIENTED_EDGE('',*,*,#3705,.T.);
#3708=ORIENTED_EDGE('',*,*,#3707,.F.);
#3709=ORIENTED_EDGE('',*,*,#3433,.T.);
#3711=ORIENTED_EDGE('',*,*,#3710,.T.);
#3713=ORIENTED_EDGE('',*,*,#3712,.F.);
#3715=ORIENTED_EDGE('',*,*,#3714,.F.);
#3716=EDGE_LOOP('',(#3675,#3677,#3679,#3681,#3682,#3684,#3686,#3688,#3689,#3691,
#3693,#3694,#3695,#3697,#3699,#3701,#3702,#3704,#3706,#3708,#3709,#3711,#3713,
#3715));
#3717=FACE_OUTER_BOUND('',#3716,.F.);
#3719=ORIENTED_EDGE('',*,*,#3718,.F.);
#3721=ORIENTED_EDGE('',*,*,#3720,.F.);
#3723=ORIENTED_EDGE('',*,*,#3722,.F.);
#3725=ORIENTED_EDGE('',*,*,#3724,.F.);
#3726=EDGE_LOOP('',(#3719,#3721,#3723,#3725));
#3727=FACE_BOUND('',#3726,.F.);
#3729=ORIENTED_EDGE('',*,*,#3728,.F.);
#3731=ORIENTED_EDGE('',*,*,#3730,.F.);
#3733=ORIENTED_EDGE('',*,*,#3732,.F.);
#3735=ORIENTED_EDGE('',*,*,#3734,.F.);
#3736=EDGE_LOOP('',(#3729,#3731,#3733,#3735));
#3737=FACE_BOUND('',#3736,.F.);
#3739=ORIENTED_EDGE('',*,*,#3738,.F.);
#3741=ORIENTED_EDGE('',*,*,#3740,.F.);
#3743=ORIENTED_EDGE('',*,*,#3742,.F.);
#3745=ORIENTED_EDGE('',*,*,#3744,.F.);
#3746=EDGE_LOOP('',(#3739,#3741,#3743,#3745));
#3747=FACE_BOUND('',#3746,.F.);
#3749=CARTESIAN_POINT('',(1.3105E1,2.E-1,-3.98E0));
#3750=DIRECTION('',(1.E0,0.E0,0.E0));
#3751=DIRECTION('',(0.E0,-1.E0,0.E0));
#3752=AXIS2_PLACEMENT_3D('',#3749,#3750,#3751);
#3753=CYLINDRICAL_SURFACE('',#3752,3.5E-1);
#3754=ORIENTED_EDGE('',*,*,#3718,.T.);
#3756=ORIENTED_EDGE('',*,*,#3755,.F.);
#3758=ORIENTED_EDGE('',*,*,#3757,.F.);
#3760=ORIENTED_EDGE('',*,*,#3759,.T.);
#3761=EDGE_LOOP('',(#3754,#3756,#3758,#3760));
#3762=FACE_OUTER_BOUND('',#3761,.F.);
#3764=CARTESIAN_POINT('',(1.3105E1,2.E-1,-3.98E0));
#3765=DIRECTION('',(1.E0,0.E0,0.E0));
#3766=DIRECTION('',(0.E0,-1.E0,0.E0));
#3767=AXIS2_PLACEMENT_3D('',#3764,#3765,#3766);
#3768=CYLINDRICAL_SURFACE('',#3767,3.5E-1);
#3770=ORIENTED_EDGE('',*,*,#3769,.F.);
#3772=ORIENTED_EDGE('',*,*,#3771,.T.);
#3774=ORIENTED_EDGE('',*,*,#3773,.T.);
#3776=ORIENTED_EDGE('',*,*,#3775,.F.);
#3777=EDGE_LOOP('',(#3770,#3772,#3774,#3776));
#3778=FACE_OUTER_BOUND('',#3777,.F.);
#3780=CARTESIAN_POINT('',(1.3105E1,2.E-1,-3.63E0));
#3781=DIRECTION('',(0.E0,0.E0,1.E0));
#3782=DIRECTION('',(0.E0,-1.E0,0.E0));
#3783=AXIS2_PLACEMENT_3D('',#3780,#3781,#3782);
#3784=PLANE('',#3783);
#3785=ORIENTED_EDGE('',*,*,#3724,.T.);
#3787=ORIENTED_EDGE('',*,*,#3786,.F.);
#3789=ORIENTED_EDGE('',*,*,#3788,.F.);
#3790=ORIENTED_EDGE('',*,*,#3755,.T.);
#3791=EDGE_LOOP('',(#3785,#3787,#3789,#3790));
#3792=FACE_OUTER_BOUND('',#3791,.F.);
#3794=CARTESIAN_POINT('',(1.3105E1,2.E-1,-3.63E0));
#3795=DIRECTION('',(0.E0,0.E0,1.E0));
#3796=DIRECTION('',(0.E0,-1.E0,0.E0));
#3797=AXIS2_PLACEMENT_3D('',#3794,#3795,#3796);
#3798=PLANE('',#3797);
#3800=ORIENTED_EDGE('',*,*,#3799,.F.);
#3801=ORIENTED_EDGE('',*,*,#3775,.T.);
#3803=ORIENTED_EDGE('',*,*,#3802,.T.);
#3805=ORIENTED_EDGE('',*,*,#3804,.F.);
#3806=EDGE_LOOP('',(#3800,#3801,#3803,#3805));
#3807=FACE_OUTER_BOUND('',#3806,.F.);
#3809=CARTESIAN_POINT('',(1.3105E1,-2.E-1,-3.98E0));
#3810=DIRECTION('',(1.E0,0.E0,0.E0));
#3811=DIRECTION('',(0.E0,-1.E0,0.E0));
#3812=AXIS2_PLACEMENT_3D('',#3809,#3810,#3811);
#3813=CYLINDRICAL_SURFACE('',#3812,3.5E-1);
#3814=ORIENTED_EDGE('',*,*,#3722,.T.);
#3816=ORIENTED_EDGE('',*,*,#3815,.F.);
#3818=ORIENTED_EDGE('',*,*,#3817,.F.);
#3819=ORIENTED_EDGE('',*,*,#3786,.T.);
#3820=EDGE_LOOP('',(#3814,#3816,#3818,#3819));
#3821=FACE_OUTER_BOUND('',#3820,.F.);
#3823=CARTESIAN_POINT('',(1.3105E1,-2.E-1,-3.98E0));
#3824=DIRECTION('',(1.E0,0.E0,0.E0));
#3825=DIRECTION('',(0.E0,-1.E0,0.E0));
#3826=AXIS2_PLACEMENT_3D('',#3823,#3824,#3825);
#3827=CYLINDRICAL_SURFACE('',#3826,3.5E-1);
#3829=ORIENTED_EDGE('',*,*,#3828,.F.);
#3830=ORIENTED_EDGE('',*,*,#3804,.T.);
#3832=ORIENTED_EDGE('',*,*,#3831,.T.);
#3834=ORIENTED_EDGE('',*,*,#3833,.F.);
#3835=EDGE_LOOP('',(#3829,#3830,#3832,#3834));
#3836=FACE_OUTER_BOUND('',#3835,.F.);
#3838=CARTESIAN_POINT('',(1.3105E1,-2.E-1,-4.33E0));
#3839=DIRECTION('',(0.E0,0.E0,-1.E0));
#3840=DIRECTION('',(0.E0,1.E0,0.E0));
#3841=AXIS2_PLACEMENT_3D('',#3838,#3839,#3840);
#3842=PLANE('',#3841);
#3843=ORIENTED_EDGE('',*,*,#3720,.T.);
#3844=ORIENTED_EDGE('',*,*,#3759,.F.);
#3846=ORIENTED_EDGE('',*,*,#3845,.F.);
#3847=ORIENTED_EDGE('',*,*,#3815,.T.);
#3848=EDGE_LOOP('',(#3843,#3844,#3846,#3847));
#3849=FACE_OUTER_BOUND('',#3848,.F.);
#3851=CARTESIAN_POINT('',(1.3105E1,-2.E-1,-4.33E0));
#3852=DIRECTION('',(0.E0,0.E0,-1.E0));
#3853=DIRECTION('',(0.E0,1.E0,0.E0));
#3854=AXIS2_PLACEMENT_3D('',#3851,#3852,#3853);
#3855=PLANE('',#3854);
#3857=ORIENTED_EDGE('',*,*,#3856,.F.);
#3858=ORIENTED_EDGE('',*,*,#3833,.T.);
#3860=ORIENTED_EDGE('',*,*,#3859,.T.);
#3861=ORIENTED_EDGE('',*,*,#3771,.F.);
#3862=EDGE_LOOP('',(#3857,#3858,#3860,#3861));
#3863=FACE_OUTER_BOUND('',#3862,.F.);
#3865=CARTESIAN_POINT('',(-1.2905E1,1.3105E1,0.E0));
#3866=DIRECTION('',(-1.E0,0.E0,0.E0));
#3867=DIRECTION('',(0.E0,-1.E0,0.E0));
#3868=AXIS2_PLACEMENT_3D('',#3865,#3866,#3867);
#3869=PLANE('',#3868);
#3871=ORIENTED_EDGE('',*,*,#3870,.T.);
#3873=ORIENTED_EDGE('',*,*,#3872,.F.);
#3875=ORIENTED_EDGE('',*,*,#3874,.T.);
#3877=ORIENTED_EDGE('',*,*,#3876,.F.);
#3879=ORIENTED_EDGE('',*,*,#3878,.F.);
#3881=ORIENTED_EDGE('',*,*,#3880,.F.);
#3883=ORIENTED_EDGE('',*,*,#3882,.T.);
#3885=ORIENTED_EDGE('',*,*,#3884,.F.);
#3886=ORIENTED_EDGE('',*,*,#3425,.F.);
#3888=ORIENTED_EDGE('',*,*,#3887,.T.);
#3890=ORIENTED_EDGE('',*,*,#3889,.F.);
#3892=ORIENTED_EDGE('',*,*,#3891,.F.);
#3893=ORIENTED_EDGE('',*,*,#3601,.F.);
#3895=ORIENTED_EDGE('',*,*,#3894,.T.);
#3897=ORIENTED_EDGE('',*,*,#3896,.F.);
#3899=ORIENTED_EDGE('',*,*,#3898,.F.);
#3900=ORIENTED_EDGE('',*,*,#3389,.F.);
#3901=ORIENTED_EDGE('',*,*,#3664,.T.);
#3903=ORIENTED_EDGE('',*,*,#3902,.F.);
#3905=ORIENTED_EDGE('',*,*,#3904,.F.);
#3906=ORIENTED_EDGE('',*,*,#3535,.F.);
#3908=ORIENTED_EDGE('',*,*,#3907,.T.);
#3910=ORIENTED_EDGE('',*,*,#3909,.F.);
#3912=ORIENTED_EDGE('',*,*,#3911,.F.);
#3913=ORIENTED_EDGE('',*,*,#3413,.F.);
#3915=ORIENTED_EDGE('',*,*,#3914,.T.);
#3916=EDGE_LOOP('',(#3871,#3873,#3875,#3877,#3879,#3881,#3883,#3885,#3886,#3888,
#3890,#3892,#3893,#3895,#3897,#3899,#3900,#3901,#3903,#3905,#3906,#3908,#3910,
#3912,#3913,#3915));
#3917=FACE_OUTER_BOUND('',#3916,.F.);
#3918=ORIENTED_EDGE('',*,*,#3757,.T.);
#3919=ORIENTED_EDGE('',*,*,#3788,.T.);
#3920=ORIENTED_EDGE('',*,*,#3817,.T.);
#3921=ORIENTED_EDGE('',*,*,#3845,.T.);
#3922=EDGE_LOOP('',(#3918,#3919,#3920,#3921));
#3923=FACE_BOUND('',#3922,.F.);
#3925=ORIENTED_EDGE('',*,*,#3924,.T.);
#3927=ORIENTED_EDGE('',*,*,#3926,.T.);
#3929=ORIENTED_EDGE('',*,*,#3928,.T.);
#3931=ORIENTED_EDGE('',*,*,#3930,.T.);
#3932=EDGE_LOOP('',(#3925,#3927,#3929,#3931));
#3933=FACE_BOUND('',#3932,.F.);
#3935=ORIENTED_EDGE('',*,*,#3934,.T.);
#3937=ORIENTED_EDGE('',*,*,#3936,.T.);
#3939=ORIENTED_EDGE('',*,*,#3938,.T.);
#3941=ORIENTED_EDGE('',*,*,#3940,.T.);
#3942=EDGE_LOOP('',(#3935,#3937,#3939,#3941));
#3943=FACE_BOUND('',#3942,.F.);
#3945=CARTESIAN_POINT('',(0.E0,0.E0,-4.645E0));
#3946=DIRECTION('',(0.E0,0.E0,-1.E0));
#3947=DIRECTION('',(1.E0,0.E0,0.E0));
#3948=AXIS2_PLACEMENT_3D('',#3945,#3946,#3947);
#3949=PLANE('',#3948);
#3951=ORIENTED_EDGE('',*,*,#3950,.T.);
#3953=ORIENTED_EDGE('',*,*,#3952,.T.);
#3955=ORIENTED_EDGE('',*,*,#3954,.T.);
#3957=ORIENTED_EDGE('',*,*,#3956,.T.);
#3959=ORIENTED_EDGE('',*,*,#3958,.F.);
#3961=ORIENTED_EDGE('',*,*,#3960,.F.);
#3962=EDGE_LOOP('',(#3951,#3953,#3955,#3957,#3959,#3961));
#3963=FACE_OUTER_BOUND('',#3962,.F.);
#3965=CARTESIAN_POINT('',(0.E0,0.E0,-4.645E0));
#3966=DIRECTION('',(0.E0,0.E0,-1.E0));
#3967=DIRECTION('',(1.E0,0.E0,0.E0));
#3968=AXIS2_PLACEMENT_3D('',#3965,#3966,#3967);
#3969=PLANE('',#3968);
#3971=ORIENTED_EDGE('',*,*,#3970,.T.);
#3973=ORIENTED_EDGE('',*,*,#3972,.T.);
#3975=ORIENTED_EDGE('',*,*,#3974,.F.);
#3976=ORIENTED_EDGE('',*,*,#3882,.F.);
#3978=ORIENTED_EDGE('',*,*,#3977,.T.);
#3979=ORIENTED_EDGE('',*,*,#3712,.T.);
#3980=EDGE_LOOP('',(#3971,#3973,#3975,#3976,#3978,#3979));
#3981=FACE_OUTER_BOUND('',#3980,.F.);
#3983=CARTESIAN_POINT('',(0.E0,0.E0,-4.645E0));
#3984=DIRECTION('',(0.E0,0.E0,-1.E0));
#3985=DIRECTION('',(1.E0,0.E0,0.E0));
#3986=AXIS2_PLACEMENT_3D('',#3983,#3984,#3985);
#3987=PLANE('',#3986);
#3989=ORIENTED_EDGE('',*,*,#3988,.T.);
#3991=ORIENTED_EDGE('',*,*,#3990,.T.);
#3993=ORIENTED_EDGE('',*,*,#3992,.T.);
#3995=ORIENTED_EDGE('',*,*,#3994,.T.);
#3997=ORIENTED_EDGE('',*,*,#3996,.F.);
#3999=ORIENTED_EDGE('',*,*,#3998,.F.);
#4000=EDGE_LOOP('',(#3989,#3991,#3993,#3995,#3997,#3999));
#4001=FACE_OUTER_BOUND('',#4000,.F.);
#4003=CARTESIAN_POINT('',(0.E0,0.E0,-4.645E0));
#4004=DIRECTION('',(0.E0,0.E0,-1.E0));
#4005=DIRECTION('',(1.E0,0.E0,0.E0));
#4006=AXIS2_PLACEMENT_3D('',#4003,#4004,#4005);
#4007=PLANE('',#4006);
#4009=ORIENTED_EDGE('',*,*,#4008,.T.);
#4011=ORIENTED_EDGE('',*,*,#4010,.T.);
#4012=ORIENTED_EDGE('',*,*,#3678,.T.);
#4014=ORIENTED_EDGE('',*,*,#4013,.T.);
#4015=ORIENTED_EDGE('',*,*,#3870,.F.);
#4017=ORIENTED_EDGE('',*,*,#4016,.F.);
#4018=EDGE_LOOP('',(#4009,#4011,#4012,#4014,#4015,#4017));
#4019=FACE_OUTER_BOUND('',#4018,.F.);
#4021=CARTESIAN_POINT('',(1.2769645E1,4.079111182100E1,-4.895E0));
#4022=DIRECTION('',(0.E0,-1.E0,0.E0));
#4023=DIRECTION('',(0.E0,0.E0,1.E0));
#4024=AXIS2_PLACEMENT_3D('',#4021,#4022,#4023);
#4025=CYLINDRICAL_SURFACE('',#4024,2.5E-1);
#4026=ORIENTED_EDGE('',*,*,#3950,.F.);
#4028=ORIENTED_EDGE('',*,*,#4027,.T.);
#4030=ORIENTED_EDGE('',*,*,#4029,.T.);
#4032=ORIENTED_EDGE('',*,*,#4031,.T.);
#4034=ORIENTED_EDGE('',*,*,#4033,.T.);
#4035=EDGE_LOOP('',(#4026,#4028,#4030,#4032,#4034));
#4036=FACE_OUTER_BOUND('',#4035,.F.);
#4038=CARTESIAN_POINT('',(-1.3105E1,-1.2905E1,0.E0));
#4039=DIRECTION('',(0.E0,-1.E0,0.E0));
#4040=DIRECTION('',(1.E0,0.E0,0.E0));
#4041=AXIS2_PLACEMENT_3D('',#4038,#4039,#4040);
#4042=PLANE('',#4041);
#4043=ORIENTED_EDGE('',*,*,#3974,.T.);
#4045=ORIENTED_EDGE('',*,*,#4044,.F.);
#4047=ORIENTED_EDGE('',*,*,#4046,.T.);
#4049=ORIENTED_EDGE('',*,*,#4048,.F.);
#4051=ORIENTED_EDGE('',*,*,#4050,.F.);
#4052=ORIENTED_EDGE('',*,*,#4027,.F.);
#4053=ORIENTED_EDGE('',*,*,#3960,.T.);
#4055=ORIENTED_EDGE('',*,*,#4054,.F.);
#4056=ORIENTED_EDGE('',*,*,#3487,.F.);
#4058=ORIENTED_EDGE('',*,*,#4057,.T.);
#4060=ORIENTED_EDGE('',*,*,#4059,.F.);
#4062=ORIENTED_EDGE('',*,*,#4061,.F.);
#4063=ORIENTED_EDGE('',*,*,#3649,.F.);
#4065=ORIENTED_EDGE('',*,*,#4064,.T.);
#4067=ORIENTED_EDGE('',*,*,#4066,.F.);
#4069=ORIENTED_EDGE('',*,*,#4068,.F.);
#4070=ORIENTED_EDGE('',*,*,#3517,.F.);
#4072=ORIENTED_EDGE('',*,*,#4071,.T.);
#4074=ORIENTED_EDGE('',*,*,#4073,.F.);
#4076=ORIENTED_EDGE('',*,*,#4075,.F.);
#4077=ORIENTED_EDGE('',*,*,#3551,.F.);
#4079=ORIENTED_EDGE('',*,*,#4078,.T.);
#4081=ORIENTED_EDGE('',*,*,#4080,.F.);
#4083=ORIENTED_EDGE('',*,*,#4082,.F.);
#4084=ORIENTED_EDGE('',*,*,#3427,.F.);
#4085=ORIENTED_EDGE('',*,*,#3884,.T.);
#4086=EDGE_LOOP('',(#4043,#4045,#4047,#4049,#4051,#4052,#4053,#4055,#4056,#4058,
#4060,#4062,#4063,#4065,#4067,#4069,#4070,#4072,#4074,#4076,#4077,#4079,#4081,
#4083,#4084,#4085));
#4087=FACE_OUTER_BOUND('',#4086,.F.);
#4089=ORIENTED_EDGE('',*,*,#4088,.T.);
#4091=ORIENTED_EDGE('',*,*,#4090,.T.);
#4093=ORIENTED_EDGE('',*,*,#4092,.T.);
#4095=ORIENTED_EDGE('',*,*,#4094,.T.);
#4096=EDGE_LOOP('',(#4089,#4091,#4093,#4095));
#4097=FACE_BOUND('',#4096,.F.);
#4099=ORIENTED_EDGE('',*,*,#4098,.T.);
#4101=ORIENTED_EDGE('',*,*,#4100,.T.);
#4103=ORIENTED_EDGE('',*,*,#4102,.T.);
#4105=ORIENTED_EDGE('',*,*,#4104,.T.);
#4106=EDGE_LOOP('',(#4099,#4101,#4103,#4105));
#4107=FACE_BOUND('',#4106,.F.);
#4109=ORIENTED_EDGE('',*,*,#4108,.T.);
#4111=ORIENTED_EDGE('',*,*,#4110,.T.);
#4113=ORIENTED_EDGE('',*,*,#4112,.T.);
#4115=ORIENTED_EDGE('',*,*,#4114,.T.);
#4116=EDGE_LOOP('',(#4109,#4111,#4113,#4115));
#4117=FACE_BOUND('',#4116,.F.);
#4119=CARTESIAN_POINT('',(-2.E-1,1.3105E1,-3.98E0));
#4120=DIRECTION('',(0.E0,1.E0,0.E0));
#4121=DIRECTION('',(1.E0,0.E0,0.E0));
#4122=AXIS2_PLACEMENT_3D('',#4119,#4120,#4121);
#4123=CYLINDRICAL_SURFACE('',#4122,3.5E-1);
#4125=ORIENTED_EDGE('',*,*,#4124,.T.);
#4127=ORIENTED_EDGE('',*,*,#4126,.F.);
#4128=ORIENTED_EDGE('',*,*,#4088,.F.);
#4130=ORIENTED_EDGE('',*,*,#4129,.T.);
#4131=EDGE_LOOP('',(#4125,#4127,#4128,#4130));
#4132=FACE_OUTER_BOUND('',#4131,.F.);
#4134=CARTESIAN_POINT('',(-2.E-1,1.3105E1,-3.98E0));
#4135=DIRECTION('',(0.E0,1.E0,0.E0));
#4136=DIRECTION('',(1.E0,0.E0,0.E0));
#4137=AXIS2_PLACEMENT_3D('',#4134,#4135,#4136);
#4138=CYLINDRICAL_SURFACE('',#4137,3.5E-1);
#4140=ORIENTED_EDGE('',*,*,#4139,.F.);
#4142=ORIENTED_EDGE('',*,*,#4141,.T.);
#4144=ORIENTED_EDGE('',*,*,#4143,.T.);
#4146=ORIENTED_EDGE('',*,*,#4145,.F.);
#4147=EDGE_LOOP('',(#4140,#4142,#4144,#4146));
#4148=FACE_OUTER_BOUND('',#4147,.F.);
#4150=CARTESIAN_POINT('',(-1.3105E1,-1.3105E1,0.E0));
#4151=DIRECTION('',(0.E0,-1.E0,0.E0));
#4152=DIRECTION('',(1.E0,0.E0,0.E0));
#4153=AXIS2_PLACEMENT_3D('',#4150,#4151,#4152);
#4154=PLANE('',#4153);
#4156=ORIENTED_EDGE('',*,*,#4155,.T.);
#4158=ORIENTED_EDGE('',*,*,#4157,.F.);
#4159=ORIENTED_EDGE('',*,*,#3970,.F.);
#4160=ORIENTED_EDGE('',*,*,#3710,.F.);
#4161=ORIENTED_EDGE('',*,*,#3431,.T.);
#4163=ORIENTED_EDGE('',*,*,#4162,.T.);
#4165=ORIENTED_EDGE('',*,*,#4164,.T.);
#4167=ORIENTED_EDGE('',*,*,#4166,.F.);
#4168=ORIENTED_EDGE('',*,*,#3547,.T.);
#4170=ORIENTED_EDGE('',*,*,#4169,.T.);
#4172=ORIENTED_EDGE('',*,*,#4171,.T.);
#4174=ORIENTED_EDGE('',*,*,#4173,.F.);
#4175=ORIENTED_EDGE('',*,*,#3521,.T.);
#4177=ORIENTED_EDGE('',*,*,#4176,.T.);
#4179=ORIENTED_EDGE('',*,*,#4178,.T.);
#4181=ORIENTED_EDGE('',*,*,#4180,.F.);
#4182=ORIENTED_EDGE('',*,*,#3645,.T.);
#4184=ORIENTED_EDGE('',*,*,#4183,.T.);
#4186=ORIENTED_EDGE('',*,*,#4185,.T.);
#4188=ORIENTED_EDGE('',*,*,#4187,.F.);
#4189=ORIENTED_EDGE('',*,*,#3483,.T.);
#4191=ORIENTED_EDGE('',*,*,#4190,.T.);
#4192=ORIENTED_EDGE('',*,*,#3952,.F.);
#4193=ORIENTED_EDGE('',*,*,#4033,.F.);
#4194=EDGE_LOOP('',(#4156,#4158,#4159,#4160,#4161,#4163,#4165,#4167,#4168,#4170,
#4172,#4174,#4175,#4177,#4179,#4181,#4182,#4184,#4186,#4188,#4189,#4191,#4192,
#4193));
#4195=FACE_OUTER_BOUND('',#4194,.F.);
#4196=ORIENTED_EDGE('',*,*,#4124,.F.);
#4198=ORIENTED_EDGE('',*,*,#4197,.F.);
#4200=ORIENTED_EDGE('',*,*,#4199,.F.);
#4202=ORIENTED_EDGE('',*,*,#4201,.F.);
#4203=EDGE_LOOP('',(#4196,#4198,#4200,#4202));
#4204=FACE_BOUND('',#4203,.F.);
#4206=ORIENTED_EDGE('',*,*,#4205,.F.);
#4208=ORIENTED_EDGE('',*,*,#4207,.F.);
#4210=ORIENTED_EDGE('',*,*,#4209,.F.);
#4212=ORIENTED_EDGE('',*,*,#4211,.F.);
#4213=EDGE_LOOP('',(#4206,#4208,#4210,#4212));
#4214=FACE_BOUND('',#4213,.F.);
#4216=ORIENTED_EDGE('',*,*,#4215,.F.);
#4218=ORIENTED_EDGE('',*,*,#4217,.F.);
#4220=ORIENTED_EDGE('',*,*,#4219,.F.);
#4222=ORIENTED_EDGE('',*,*,#4221,.F.);
#4223=EDGE_LOOP('',(#4216,#4218,#4220,#4222));
#4224=FACE_BOUND('',#4223,.F.);
#4226=CARTESIAN_POINT('',(2.E-1,1.3105E1,-4.33E0));
#4227=DIRECTION('',(0.E0,0.E0,-1.E0));
#4228=DIRECTION('',(-1.E0,0.E0,0.E0));
#4229=AXIS2_PLACEMENT_3D('',#4226,#4227,#4228);
#4230=PLANE('',#4229);
#4231=ORIENTED_EDGE('',*,*,#4197,.T.);
#4232=ORIENTED_EDGE('',*,*,#4129,.F.);
#4233=ORIENTED_EDGE('',*,*,#4094,.F.);
#4235=ORIENTED_EDGE('',*,*,#4234,.T.);
#4236=EDGE_LOOP('',(#4231,#4232,#4233,#4235));
#4237=FACE_OUTER_BOUND('',#4236,.F.);
#4239=CARTESIAN_POINT('',(2.E-1,1.3105E1,-4.33E0));
#4240=DIRECTION('',(0.E0,0.E0,-1.E0));
#4241=DIRECTION('',(-1.E0,0.E0,0.E0));
#4242=AXIS2_PLACEMENT_3D('',#4239,#4240,#4241);
#4243=PLANE('',#4242);
#4245=ORIENTED_EDGE('',*,*,#4244,.F.);
#4247=ORIENTED_EDGE('',*,*,#4246,.T.);
#4249=ORIENTED_EDGE('',*,*,#4248,.T.);
#4250=ORIENTED_EDGE('',*,*,#4141,.F.);
#4251=EDGE_LOOP('',(#4245,#4247,#4249,#4250));
#4252=FACE_OUTER_BOUND('',#4251,.F.);
#4254=CARTESIAN_POINT('',(2.E-1,1.3105E1,-3.98E0));
#4255=DIRECTION('',(0.E0,1.E0,0.E0));
#4256=DIRECTION('',(1.E0,0.E0,0.E0));
#4257=AXIS2_PLACEMENT_3D('',#4254,#4255,#4256);
#4258=CYLINDRICAL_SURFACE('',#4257,3.5E-1);
#4259=ORIENTED_EDGE('',*,*,#4199,.T.);
#4260=ORIENTED_EDGE('',*,*,#4234,.F.);
#4261=ORIENTED_EDGE('',*,*,#4092,.F.);
#4263=ORIENTED_EDGE('',*,*,#4262,.T.);
#4264=EDGE_LOOP('',(#4259,#4260,#4261,#4263));
#4265=FACE_OUTER_BOUND('',#4264,.F.);
#4267=CARTESIAN_POINT('',(2.E-1,1.3105E1,-3.98E0));
#4268=DIRECTION('',(0.E0,1.E0,0.E0));
#4269=DIRECTION('',(1.E0,0.E0,0.E0));
#4270=AXIS2_PLACEMENT_3D('',#4267,#4268,#4269);
#4271=CYLINDRICAL_SURFACE('',#4270,3.5E-1);
#4273=ORIENTED_EDGE('',*,*,#4272,.F.);
#4275=ORIENTED_EDGE('',*,*,#4274,.T.);
#4277=ORIENTED_EDGE('',*,*,#4276,.T.);
#4278=ORIENTED_EDGE('',*,*,#4246,.F.);
#4279=EDGE_LOOP('',(#4273,#4275,#4277,#4278));
#4280=FACE_OUTER_BOUND('',#4279,.F.);
#4282=CARTESIAN_POINT('',(-2.E-1,1.3105E1,-3.63E0));
#4283=DIRECTION('',(0.E0,0.E0,1.E0));
#4284=DIRECTION('',(1.E0,0.E0,0.E0));
#4285=AXIS2_PLACEMENT_3D('',#4282,#4283,#4284);
#4286=PLANE('',#4285);
#4287=ORIENTED_EDGE('',*,*,#4201,.T.);
#4288=ORIENTED_EDGE('',*,*,#4262,.F.);
#4289=ORIENTED_EDGE('',*,*,#4090,.F.);
#4290=ORIENTED_EDGE('',*,*,#4126,.T.);
#4291=EDGE_LOOP('',(#4287,#4288,#4289,#4290));
#4292=FACE_OUTER_BOUND('',#4291,.F.);
#4294=CARTESIAN_POINT('',(-2.E-1,1.3105E1,-3.63E0));
#4295=DIRECTION('',(0.E0,0.E0,1.E0));
#4296=DIRECTION('',(1.E0,0.E0,0.E0));
#4297=AXIS2_PLACEMENT_3D('',#4294,#4295,#4296);
#4298=PLANE('',#4297);
#4300=ORIENTED_EDGE('',*,*,#4299,.F.);
#4301=ORIENTED_EDGE('',*,*,#4145,.T.);
#4303=ORIENTED_EDGE('',*,*,#4302,.T.);
#4304=ORIENTED_EDGE('',*,*,#4274,.F.);
#4305=EDGE_LOOP('',(#4300,#4301,#4303,#4304));
#4306=FACE_OUTER_BOUND('',#4305,.F.);
#4308=CARTESIAN_POINT('',(1.3105E1,1.3105E1,0.E0));
#4309=DIRECTION('',(0.E0,1.E0,0.E0));
#4310=DIRECTION('',(-1.E0,0.E0,0.E0));
#4311=AXIS2_PLACEMENT_3D('',#4308,#4309,#4310);
#4312=PLANE('',#4311);
#4313=ORIENTED_EDGE('',*,*,#4010,.F.);
#4315=ORIENTED_EDGE('',*,*,#4314,.F.);
#4317=ORIENTED_EDGE('',*,*,#4316,.F.);
#4319=ORIENTED_EDGE('',*,*,#4318,.F.);
#4320=ORIENTED_EDGE('',*,*,#3992,.F.);
#4322=ORIENTED_EDGE('',*,*,#4321,.F.);
#4323=ORIENTED_EDGE('',*,*,#3451,.T.);
#4325=ORIENTED_EDGE('',*,*,#4324,.T.);
#4327=ORIENTED_EDGE('',*,*,#4326,.T.);
#4329=ORIENTED_EDGE('',*,*,#4328,.F.);
#4330=ORIENTED_EDGE('',*,*,#3579,.T.);
#4332=ORIENTED_EDGE('',*,*,#4331,.T.);
#4334=ORIENTED_EDGE('',*,*,#4333,.T.);
#4336=ORIENTED_EDGE('',*,*,#4335,.F.);
#4337=ORIENTED_EDGE('',*,*,#3501,.T.);
#4339=ORIENTED_EDGE('',*,*,#4338,.T.);
#4341=ORIENTED_EDGE('',*,*,#4340,.T.);
#4343=ORIENTED_EDGE('',*,*,#4342,.F.);
#4344=ORIENTED_EDGE('',*,*,#3629,.T.);
#4346=ORIENTED_EDGE('',*,*,#4345,.T.);
#4348=ORIENTED_EDGE('',*,*,#4347,.T.);
#4350=ORIENTED_EDGE('',*,*,#4349,.F.);
#4351=ORIENTED_EDGE('',*,*,#3407,.T.);
#4352=ORIENTED_EDGE('',*,*,#3680,.T.);
#4353=EDGE_LOOP('',(#4313,#4315,#4317,#4319,#4320,#4322,#4323,#4325,#4327,#4329,
#4330,#4332,#4334,#4336,#4337,#4339,#4341,#4343,#4344,#4346,#4348,#4350,#4351,
#4352));
#4354=FACE_OUTER_BOUND('',#4353,.F.);
#4355=ORIENTED_EDGE('',*,*,#4139,.T.);
#4356=ORIENTED_EDGE('',*,*,#4299,.T.);
#4357=ORIENTED_EDGE('',*,*,#4272,.T.);
#4358=ORIENTED_EDGE('',*,*,#4244,.T.);
#4359=EDGE_LOOP('',(#4355,#4356,#4357,#4358));
#4360=FACE_BOUND('',#4359,.F.);
#4362=ORIENTED_EDGE('',*,*,#4361,.T.);
#4364=ORIENTED_EDGE('',*,*,#4363,.T.);
#4366=ORIENTED_EDGE('',*,*,#4365,.T.);
#4368=ORIENTED_EDGE('',*,*,#4367,.T.);
#4369=EDGE_LOOP('',(#4362,#4364,#4366,#4368));
#4370=FACE_BOUND('',#4369,.F.);
#4372=ORIENTED_EDGE('',*,*,#4371,.T.);
#4374=ORIENTED_EDGE('',*,*,#4373,.T.);
#4376=ORIENTED_EDGE('',*,*,#4375,.T.);
#4378=ORIENTED_EDGE('',*,*,#4377,.T.);
#4379=EDGE_LOOP('',(#4372,#4374,#4376,#4378));
#4380=FACE_BOUND('',#4379,.F.);
#4382=CARTESIAN_POINT('',(-1.2769645E1,-3.982068547729E1,-4.895E0));
#4383=DIRECTION('',(0.E0,1.E0,0.E0));
#4384=DIRECTION('',(0.E0,0.E0,1.E0));
#4385=AXIS2_PLACEMENT_3D('',#4382,#4383,#4384);
#4386=CYLINDRICAL_SURFACE('',#4385,2.5E-1);
#4387=ORIENTED_EDGE('',*,*,#4008,.F.);
#4389=ORIENTED_EDGE('',*,*,#4388,.T.);
#4391=ORIENTED_EDGE('',*,*,#4390,.T.);
#4393=ORIENTED_EDGE('',*,*,#4392,.T.);
#4394=ORIENTED_EDGE('',*,*,#4314,.T.);
#4395=EDGE_LOOP('',(#4387,#4389,#4391,#4393,#4394));
#4396=FACE_OUTER_BOUND('',#4395,.F.);
#4398=CARTESIAN_POINT('',(1.3105E1,1.2905E1,0.E0));
#4399=DIRECTION('',(0.E0,1.E0,0.E0));
#4400=DIRECTION('',(-1.E0,0.E0,0.E0));
#4401=AXIS2_PLACEMENT_3D('',#4398,#4399,#4400);
#4402=PLANE('',#4401);
#4404=ORIENTED_EDGE('',*,*,#4403,.F.);
#4406=ORIENTED_EDGE('',*,*,#4405,.F.);
#4407=ORIENTED_EDGE('',*,*,#4388,.F.);
#4408=ORIENTED_EDGE('',*,*,#4016,.T.);
#4409=ORIENTED_EDGE('',*,*,#3914,.F.);
#4410=ORIENTED_EDGE('',*,*,#3411,.F.);
#4412=ORIENTED_EDGE('',*,*,#4411,.T.);
#4414=ORIENTED_EDGE('',*,*,#4413,.F.);
#4416=ORIENTED_EDGE('',*,*,#4415,.F.);
#4417=ORIENTED_EDGE('',*,*,#3633,.F.);
#4419=ORIENTED_EDGE('',*,*,#4418,.T.);
#4421=ORIENTED_EDGE('',*,*,#4420,.F.);
#4423=ORIENTED_EDGE('',*,*,#4422,.F.);
#4424=ORIENTED_EDGE('',*,*,#3505,.F.);
#4426=ORIENTED_EDGE('',*,*,#4425,.T.);
#4428=ORIENTED_EDGE('',*,*,#4427,.F.);
#4430=ORIENTED_EDGE('',*,*,#4429,.F.);
#4431=ORIENTED_EDGE('',*,*,#3583,.F.);
#4433=ORIENTED_EDGE('',*,*,#4432,.T.);
#4435=ORIENTED_EDGE('',*,*,#4434,.F.);
#4437=ORIENTED_EDGE('',*,*,#4436,.F.);
#4438=ORIENTED_EDGE('',*,*,#3447,.F.);
#4440=ORIENTED_EDGE('',*,*,#4439,.T.);
#4441=ORIENTED_EDGE('',*,*,#3996,.T.);
#4443=ORIENTED_EDGE('',*,*,#4442,.F.);
#4445=ORIENTED_EDGE('',*,*,#4444,.T.);
#4446=EDGE_LOOP('',(#4404,#4406,#4407,#4408,#4409,#4410,#4412,#4414,#4416,#4417,
#4419,#4421,#4423,#4424,#4426,#4428,#4430,#4431,#4433,#4435,#4437,#4438,#4440,
#4441,#4443,#4445));
#4447=FACE_OUTER_BOUND('',#4446,.F.);
#4448=ORIENTED_EDGE('',*,*,#4143,.F.);
#4449=ORIENTED_EDGE('',*,*,#4248,.F.);
#4450=ORIENTED_EDGE('',*,*,#4276,.F.);
#4451=ORIENTED_EDGE('',*,*,#4302,.F.);
#4452=EDGE_LOOP('',(#4448,#4449,#4450,#4451));
#4453=FACE_BOUND('',#4452,.F.);
#4455=ORIENTED_EDGE('',*,*,#4454,.F.);
#4457=ORIENTED_EDGE('',*,*,#4456,.F.);
#4459=ORIENTED_EDGE('',*,*,#4458,.F.);
#4461=ORIENTED_EDGE('',*,*,#4460,.F.);
#4462=EDGE_LOOP('',(#4455,#4457,#4459,#4461));
#4463=FACE_BOUND('',#4462,.F.);
#4465=ORIENTED_EDGE('',*,*,#4464,.F.);
#4467=ORIENTED_EDGE('',*,*,#4466,.F.);
#4469=ORIENTED_EDGE('',*,*,#4468,.F.);
#4471=ORIENTED_EDGE('',*,*,#4470,.F.);
#4472=EDGE_LOOP('',(#4465,#4467,#4469,#4471));
#4473=FACE_BOUND('',#4472,.F.);
#4475=CARTESIAN_POINT('',(-4.7272356E1,1.2805E1,-4.78E0));
#4476=DIRECTION('',(1.E0,0.E0,0.E0));
#4477=DIRECTION('',(0.E0,0.E0,-1.E0));
#4478=AXIS2_PLACEMENT_3D('',#4475,#4476,#4477);
#4479=CYLINDRICAL_SURFACE('',#4478,1.E-1);
#4480=ORIENTED_EDGE('',*,*,#4403,.T.);
#4482=ORIENTED_EDGE('',*,*,#4481,.F.);
#4484=ORIENTED_EDGE('',*,*,#4483,.F.);
#4486=ORIENTED_EDGE('',*,*,#4485,.T.);
#4487=EDGE_LOOP('',(#4480,#4482,#4484,#4486));
#4488=FACE_OUTER_BOUND('',#4487,.F.);
#4490=CARTESIAN_POINT('',(1.2519645E1,1.2769645E1,-5.08E0));
#4491=DIRECTION('',(-1.E0,0.E0,0.E0));
#4492=DIRECTION('',(0.E0,1.E0,0.E0));
#4493=AXIS2_PLACEMENT_3D('',#4490,#4491,#4492);
#4494=PLANE('',#4493);
#4496=ORIENTED_EDGE('',*,*,#4495,.F.);
#4498=ORIENTED_EDGE('',*,*,#4497,.F.);
#4500=ORIENTED_EDGE('',*,*,#4499,.T.);
#4502=ORIENTED_EDGE('',*,*,#4501,.T.);
#4504=ORIENTED_EDGE('',*,*,#4503,.F.);
#4505=ORIENTED_EDGE('',*,*,#4481,.T.);
#4506=ORIENTED_EDGE('',*,*,#4444,.F.);
#4507=EDGE_LOOP('',(#4496,#4498,#4500,#4502,#4504,#4505,#4506));
#4508=FACE_OUTER_BOUND('',#4507,.F.);
#4510=CARTESIAN_POINT('',(1.2769645E1,4.7272356E1,-4.895E0));
#4511=DIRECTION('',(0.E0,-1.E0,0.E0));
#4512=DIRECTION('',(0.E0,0.E0,1.E0));
#4513=AXIS2_PLACEMENT_3D('',#4510,#4511,#4512);
#4514=CYLINDRICAL_SURFACE('',#4513,2.5E-1);
#4515=ORIENTED_EDGE('',*,*,#3994,.F.);
#4516=ORIENTED_EDGE('',*,*,#4318,.T.);
#4518=ORIENTED_EDGE('',*,*,#4517,.T.);
#4519=ORIENTED_EDGE('',*,*,#4495,.T.);
#4520=ORIENTED_EDGE('',*,*,#4442,.T.);
#4521=EDGE_LOOP('',(#4515,#4516,#4518,#4519,#4520));
#4522=FACE_OUTER_BOUND('',#4521,.F.);
#4524=CARTESIAN_POINT('',(-4.7272356E1,1.2805E1,-4.78E0));
#4525=DIRECTION('',(1.E0,0.E0,0.E0));
#4526=DIRECTION('',(0.E0,0.E0,-1.E0));
#4527=AXIS2_PLACEMENT_3D('',#4524,#4525,#4526);
#4528=CYLINDRICAL_SURFACE('',#4527,3.E-1);
#4529=ORIENTED_EDGE('',*,*,#4316,.T.);
#4530=ORIENTED_EDGE('',*,*,#4392,.F.);
#4532=ORIENTED_EDGE('',*,*,#4531,.F.);
#4534=ORIENTED_EDGE('',*,*,#4533,.T.);
#4535=ORIENTED_EDGE('',*,*,#4497,.T.);
#4536=ORIENTED_EDGE('',*,*,#4517,.F.);
#4537=EDGE_LOOP('',(#4529,#4530,#4532,#4534,#4535,#4536));
#4538=FACE_OUTER_BOUND('',#4537,.F.);
#4540=CARTESIAN_POINT('',(-1.2519645E1,1.3105E1,-5.08E0));
#4541=DIRECTION('',(1.E0,0.E0,0.E0));
#4542=DIRECTION('',(0.E0,-1.E0,0.E0));
#4543=AXIS2_PLACEMENT_3D('',#4540,#4541,#4542);
#4544=PLANE('',#4543);
#4545=ORIENTED_EDGE('',*,*,#4390,.F.);
#4546=ORIENTED_EDGE('',*,*,#4405,.T.);
#4547=ORIENTED_EDGE('',*,*,#4485,.F.);
#4549=ORIENTED_EDGE('',*,*,#4548,.T.);
#4551=ORIENTED_EDGE('',*,*,#4550,.F.);
#4553=ORIENTED_EDGE('',*,*,#4552,.F.);
#4554=ORIENTED_EDGE('',*,*,#4531,.T.);
#4555=EDGE_LOOP('',(#4545,#4546,#4547,#4549,#4551,#4553,#4554));
#4556=FACE_OUTER_BOUND('',#4555,.F.);
#4558=CARTESIAN_POINT('',(0.E0,0.E0,-4.88E0));
#4559=DIRECTION('',(0.E0,0.E0,1.E0));
#4560=DIRECTION('',(1.E0,0.E0,0.E0));
#4561=AXIS2_PLACEMENT_3D('',#4558,#4559,#4560);
#4562=PLANE('',#4561);
#4564=ORIENTED_EDGE('',*,*,#4563,.F.);
#4566=ORIENTED_EDGE('',*,*,#4565,.F.);
#4568=ORIENTED_EDGE('',*,*,#4567,.T.);
#4570=ORIENTED_EDGE('',*,*,#4569,.T.);
#4572=ORIENTED_EDGE('',*,*,#4571,.F.);
#4574=ORIENTED_EDGE('',*,*,#4573,.F.);
#4576=ORIENTED_EDGE('',*,*,#4575,.T.);
#4578=ORIENTED_EDGE('',*,*,#4577,.T.);
#4580=ORIENTED_EDGE('',*,*,#4579,.F.);
#4581=ORIENTED_EDGE('',*,*,#4548,.F.);
#4582=ORIENTED_EDGE('',*,*,#4483,.T.);
#4583=ORIENTED_EDGE('',*,*,#4503,.T.);
#4585=ORIENTED_EDGE('',*,*,#4584,.F.);
#4587=ORIENTED_EDGE('',*,*,#4586,.F.);
#4589=ORIENTED_EDGE('',*,*,#4588,.T.);
#4591=ORIENTED_EDGE('',*,*,#4590,.T.);
#4592=EDGE_LOOP('',(#4564,#4566,#4568,#4570,#4572,#4574,#4576,#4578,#4580,#4581,
#4582,#4583,#4585,#4587,#4589,#4591));
#4593=FACE_OUTER_BOUND('',#4592,.F.);
#4595=ORIENTED_EDGE('',*,*,#4594,.F.);
#4597=ORIENTED_EDGE('',*,*,#4596,.F.);
#4599=ORIENTED_EDGE('',*,*,#4598,.T.);
#4601=ORIENTED_EDGE('',*,*,#4600,.F.);
#4603=ORIENTED_EDGE('',*,*,#4602,.F.);
#4605=ORIENTED_EDGE('',*,*,#4604,.F.);
#4607=ORIENTED_EDGE('',*,*,#4606,.F.);
#4609=ORIENTED_EDGE('',*,*,#4608,.F.);
#4610=EDGE_LOOP('',(#4595,#4597,#4599,#4601,#4603,#4605,#4607,#4609));
#4611=FACE_BOUND('',#4610,.F.);
#4613=ORIENTED_EDGE('',*,*,#4612,.F.);
#4615=ORIENTED_EDGE('',*,*,#4614,.F.);
#4617=ORIENTED_EDGE('',*,*,#4616,.T.);
#4619=ORIENTED_EDGE('',*,*,#4618,.F.);
#4621=ORIENTED_EDGE('',*,*,#4620,.F.);
#4623=ORIENTED_EDGE('',*,*,#4622,.F.);
#4625=ORIENTED_EDGE('',*,*,#4624,.F.);
#4627=ORIENTED_EDGE('',*,*,#4626,.F.);
#4628=EDGE_LOOP('',(#4613,#4615,#4617,#4619,#4621,#4623,#4625,#4627));
#4629=FACE_BOUND('',#4628,.F.);
#4631=ORIENTED_EDGE('',*,*,#4630,.F.);
#4633=ORIENTED_EDGE('',*,*,#4632,.F.);
#4635=ORIENTED_EDGE('',*,*,#4634,.F.);
#4637=ORIENTED_EDGE('',*,*,#4636,.F.);
#4639=ORIENTED_EDGE('',*,*,#4638,.T.);
#4641=ORIENTED_EDGE('',*,*,#4640,.F.);
#4643=ORIENTED_EDGE('',*,*,#4642,.F.);
#4645=ORIENTED_EDGE('',*,*,#4644,.F.);
#4646=EDGE_LOOP('',(#4631,#4633,#4635,#4637,#4639,#4641,#4643,#4645));
#4647=FACE_BOUND('',#4646,.F.);
#4649=ORIENTED_EDGE('',*,*,#4648,.F.);
#4651=ORIENTED_EDGE('',*,*,#4650,.F.);
#4652=EDGE_LOOP('',(#4649,#4651));
#4653=FACE_BOUND('',#4652,.F.);
#4655=ORIENTED_EDGE('',*,*,#4654,.F.);
#4657=ORIENTED_EDGE('',*,*,#4656,.F.);
#4659=ORIENTED_EDGE('',*,*,#4658,.F.);
#4661=ORIENTED_EDGE('',*,*,#4660,.F.);
#4663=ORIENTED_EDGE('',*,*,#4662,.F.);
#4665=ORIENTED_EDGE('',*,*,#4664,.F.);
#4667=ORIENTED_EDGE('',*,*,#4666,.T.);
#4669=ORIENTED_EDGE('',*,*,#4668,.F.);
#4670=EDGE_LOOP('',(#4655,#4657,#4659,#4661,#4663,#4665,#4667,#4669));
#4671=FACE_BOUND('',#4670,.F.);
#4673=CARTESIAN_POINT('',(7.5E-1,-1.123E1,-5.08E0));
#4674=DIRECTION('',(0.E0,0.E0,-1.E0));
#4675=DIRECTION('',(1.E0,0.E0,0.E0));
#4676=AXIS2_PLACEMENT_3D('',#4673,#4674,#4675);
#4677=CYLINDRICAL_SURFACE('',#4676,3.75E-1);
#4679=ORIENTED_EDGE('',*,*,#4678,.F.);
#4681=ORIENTED_EDGE('',*,*,#4680,.T.);
#4682=ORIENTED_EDGE('',*,*,#4654,.T.);
#4684=ORIENTED_EDGE('',*,*,#4683,.F.);
#4685=EDGE_LOOP('',(#4679,#4681,#4682,#4684));
#4686=FACE_OUTER_BOUND('',#4685,.F.);
#4688=CARTESIAN_POINT('',(0.E0,0.E0,-5.08E0));
#4689=DIRECTION('',(0.E0,0.E0,1.E0));
#4690=DIRECTION('',(1.E0,0.E0,0.E0));
#4691=AXIS2_PLACEMENT_3D('',#4688,#4689,#4690);
#4692=PLANE('',#4691);
#4694=ORIENTED_EDGE('',*,*,#4693,.T.);
#4696=ORIENTED_EDGE('',*,*,#4695,.F.);
#4698=ORIENTED_EDGE('',*,*,#4697,.F.);
#4700=ORIENTED_EDGE('',*,*,#4699,.T.);
#4702=ORIENTED_EDGE('',*,*,#4701,.T.);
#4703=ORIENTED_EDGE('',*,*,#4499,.F.);
#4704=ORIENTED_EDGE('',*,*,#4533,.F.);
#4705=ORIENTED_EDGE('',*,*,#4552,.T.);
#4707=ORIENTED_EDGE('',*,*,#4706,.T.);
#4709=ORIENTED_EDGE('',*,*,#4708,.F.);
#4711=ORIENTED_EDGE('',*,*,#4710,.F.);
#4713=ORIENTED_EDGE('',*,*,#4712,.T.);
#4715=ORIENTED_EDGE('',*,*,#4714,.T.);
#4717=ORIENTED_EDGE('',*,*,#4716,.F.);
#4719=ORIENTED_EDGE('',*,*,#4718,.F.);
#4721=ORIENTED_EDGE('',*,*,#4720,.T.);
#4722=EDGE_LOOP('',(#4694,#4696,#4698,#4700,#4702,#4703,#4704,#4705,#4707,#4709,
#4711,#4713,#4715,#4717,#4719,#4721));
#4723=FACE_OUTER_BOUND('',#4722,.F.);
#4725=ORIENTED_EDGE('',*,*,#4724,.T.);
#4727=ORIENTED_EDGE('',*,*,#4726,.T.);
#4729=ORIENTED_EDGE('',*,*,#4728,.T.);
#4731=ORIENTED_EDGE('',*,*,#4730,.T.);
#4733=ORIENTED_EDGE('',*,*,#4732,.T.);
#4735=ORIENTED_EDGE('',*,*,#4734,.T.);
#4737=ORIENTED_EDGE('',*,*,#4736,.F.);
#4739=ORIENTED_EDGE('',*,*,#4738,.T.);
#4740=EDGE_LOOP('',(#4725,#4727,#4729,#4731,#4733,#4735,#4737,#4739));
#4741=FACE_BOUND('',#4740,.F.);
#4743=ORIENTED_EDGE('',*,*,#4742,.T.);
#4745=ORIENTED_EDGE('',*,*,#4744,.T.);
#4747=ORIENTED_EDGE('',*,*,#4746,.T.);
#4749=ORIENTED_EDGE('',*,*,#4748,.T.);
#4751=ORIENTED_EDGE('',*,*,#4750,.T.);
#4753=ORIENTED_EDGE('',*,*,#4752,.T.);
#4755=ORIENTED_EDGE('',*,*,#4754,.F.);
#4757=ORIENTED_EDGE('',*,*,#4756,.T.);
#4758=EDGE_LOOP('',(#4743,#4745,#4747,#4749,#4751,#4753,#4755,#4757));
#4759=FACE_BOUND('',#4758,.F.);
#4761=ORIENTED_EDGE('',*,*,#4760,.T.);
#4763=ORIENTED_EDGE('',*,*,#4762,.T.);
#4765=ORIENTED_EDGE('',*,*,#4764,.T.);
#4767=ORIENTED_EDGE('',*,*,#4766,.T.);
#4769=ORIENTED_EDGE('',*,*,#4768,.F.);
#4771=ORIENTED_EDGE('',*,*,#4770,.T.);
#4773=ORIENTED_EDGE('',*,*,#4772,.T.);
#4775=ORIENTED_EDGE('',*,*,#4774,.T.);
#4776=EDGE_LOOP('',(#4761,#4763,#4765,#4767,#4769,#4771,#4773,#4775));
#4777=FACE_BOUND('',#4776,.F.);
#4779=ORIENTED_EDGE('',*,*,#4778,.T.);
#4781=ORIENTED_EDGE('',*,*,#4780,.T.);
#4782=EDGE_LOOP('',(#4779,#4781));
#4783=FACE_BOUND('',#4782,.F.);
#4784=ORIENTED_EDGE('',*,*,#4678,.T.);
#4786=ORIENTED_EDGE('',*,*,#4785,.T.);
#4788=ORIENTED_EDGE('',*,*,#4787,.F.);
#4790=ORIENTED_EDGE('',*,*,#4789,.T.);
#4792=ORIENTED_EDGE('',*,*,#4791,.T.);
#4794=ORIENTED_EDGE('',*,*,#4793,.T.);
#4796=ORIENTED_EDGE('',*,*,#4795,.T.);
#4798=ORIENTED_EDGE('',*,*,#4797,.T.);
#4799=EDGE_LOOP('',(#4784,#4786,#4788,#4790,#4792,#4794,#4796,#4798));
#4800=FACE_BOUND('',#4799,.F.);
#4802=CARTESIAN_POINT('',(7.5E-1,-1.0855E1,-5.08E0));
#4803=DIRECTION('',(-1.E0,0.E0,0.E0));
#4804=DIRECTION('',(0.E0,1.E0,0.E0));
#4805=AXIS2_PLACEMENT_3D('',#4802,#4803,#4804);
#4806=PLANE('',#4805);
#4807=ORIENTED_EDGE('',*,*,#4785,.F.);
#4808=ORIENTED_EDGE('',*,*,#4683,.T.);
#4809=ORIENTED_EDGE('',*,*,#4668,.T.);
#4811=ORIENTED_EDGE('',*,*,#4810,.F.);
#4812=EDGE_LOOP('',(#4807,#4808,#4809,#4811));
#4813=FACE_OUTER_BOUND('',#4812,.F.);
#4815=CARTESIAN_POINT('',(0.E0,0.E0,-5.08E0));
#4816=DIRECTION('',(0.E0,0.E0,-1.E0));
#4817=DIRECTION('',(1.E0,0.E0,0.E0));
#4818=AXIS2_PLACEMENT_3D('',#4815,#4816,#4817);
#4819=CYLINDRICAL_SURFACE('',#4818,3.E0);
#4820=ORIENTED_EDGE('',*,*,#4787,.T.);
#4821=ORIENTED_EDGE('',*,*,#4810,.T.);
#4822=ORIENTED_EDGE('',*,*,#4666,.F.);
#4824=ORIENTED_EDGE('',*,*,#4823,.F.);
#4825=EDGE_LOOP('',(#4820,#4821,#4822,#4824));
#4826=FACE_OUTER_BOUND('',#4825,.F.);
#4828=CARTESIAN_POINT('',(2.904737509656E0,-7.5E-1,-5.08E0));
#4829=DIRECTION('',(0.E0,1.E0,0.E0));
#4830=DIRECTION('',(1.E0,0.E0,0.E0));
#4831=AXIS2_PLACEMENT_3D('',#4828,#4829,#4830);
#4832=PLANE('',#4831);
#4833=ORIENTED_EDGE('',*,*,#4789,.F.);
#4834=ORIENTED_EDGE('',*,*,#4823,.T.);
#4835=ORIENTED_EDGE('',*,*,#4664,.T.);
#4837=ORIENTED_EDGE('',*,*,#4836,.F.);
#4838=EDGE_LOOP('',(#4833,#4834,#4835,#4837));
#4839=FACE_OUTER_BOUND('',#4838,.F.);
#4841=CARTESIAN_POINT('',(1.123E1,-7.5E-1,-5.08E0));
#4842=DIRECTION('',(0.E0,0.E0,-1.E0));
#4843=DIRECTION('',(1.E0,0.E0,0.E0));
#4844=AXIS2_PLACEMENT_3D('',#4841,#4842,#4843);
#4845=CYLINDRICAL_SURFACE('',#4844,3.75E-1);
#4846=ORIENTED_EDGE('',*,*,#4791,.F.);
#4847=ORIENTED_EDGE('',*,*,#4836,.T.);
#4848=ORIENTED_EDGE('',*,*,#4662,.T.);
#4850=ORIENTED_EDGE('',*,*,#4849,.F.);
#4851=EDGE_LOOP('',(#4846,#4847,#4848,#4850));
#4852=FACE_OUTER_BOUND('',#4851,.F.);
#4854=CARTESIAN_POINT('',(1.1605E1,-7.5E-1,-5.08E0));
#4855=DIRECTION('',(1.E0,0.E0,0.E0));
#4856=DIRECTION('',(0.E0,-1.E0,0.E0));
#4857=AXIS2_PLACEMENT_3D('',#4854,#4855,#4856);
#4858=PLANE('',#4857);
#4859=ORIENTED_EDGE('',*,*,#4793,.F.);
#4860=ORIENTED_EDGE('',*,*,#4849,.T.);
#4861=ORIENTED_EDGE('',*,*,#4660,.T.);
#4863=ORIENTED_EDGE('',*,*,#4862,.F.);
#4864=EDGE_LOOP('',(#4859,#4860,#4861,#4863));
#4865=FACE_OUTER_BOUND('',#4864,.F.);
#4867=CARTESIAN_POINT('',(1.1605E1,-1.0605E1,-5.08E0));
#4868=DIRECTION('',(7.071067811865E-1,-7.071067811865E-1,0.E0));
#4869=DIRECTION('',(-7.071067811865E-1,-7.071067811865E-1,0.E0));
#4870=AXIS2_PLACEMENT_3D('',#4867,#4868,#4869);
#4871=PLANE('',#4870);
#4872=ORIENTED_EDGE('',*,*,#4795,.F.);
#4873=ORIENTED_EDGE('',*,*,#4862,.T.);
#4874=ORIENTED_EDGE('',*,*,#4658,.T.);
#4876=ORIENTED_EDGE('',*,*,#4875,.F.);
#4877=EDGE_LOOP('',(#4872,#4873,#4874,#4876));
#4878=FACE_OUTER_BOUND('',#4877,.F.);
#4880=CARTESIAN_POINT('',(1.0605E1,-1.1605E1,-5.08E0));
#4881=DIRECTION('',(0.E0,-1.E0,0.E0));
#4882=DIRECTION('',(-1.E0,0.E0,0.E0));
#4883=AXIS2_PLACEMENT_3D('',#4880,#4881,#4882);
#4884=PLANE('',#4883);
#4885=ORIENTED_EDGE('',*,*,#4797,.F.);
#4886=ORIENTED_EDGE('',*,*,#4875,.T.);
#4887=ORIENTED_EDGE('',*,*,#4656,.T.);
#4888=ORIENTED_EDGE('',*,*,#4680,.F.);
#4889=EDGE_LOOP('',(#4885,#4886,#4887,#4888));
#4890=FACE_OUTER_BOUND('',#4889,.F.);
#4892=CARTESIAN_POINT('',(7.5E-1,1.123E1,-5.08E0));
#4893=DIRECTION('',(0.E0,0.E0,-1.E0));
#4894=DIRECTION('',(1.E0,0.E0,0.E0));
#4895=AXIS2_PLACEMENT_3D('',#4892,#4893,#4894);
#4896=CYLINDRICAL_SURFACE('',#4895,3.75E-1);
#4897=ORIENTED_EDGE('',*,*,#4724,.F.);
#4899=ORIENTED_EDGE('',*,*,#4898,.T.);
#4900=ORIENTED_EDGE('',*,*,#4594,.T.);
#4902=ORIENTED_EDGE('',*,*,#4901,.F.);
#4903=EDGE_LOOP('',(#4897,#4899,#4900,#4902));
#4904=FACE_OUTER_BOUND('',#4903,.F.);
#4906=CARTESIAN_POINT('',(7.5E-1,2.904737509656E0,-5.08E0));
#4907=DIRECTION('',(-1.E0,0.E0,0.E0));
#4908=DIRECTION('',(0.E0,1.E0,0.E0));
#4909=AXIS2_PLACEMENT_3D('',#4906,#4907,#4908);
#4910=PLANE('',#4909);
#4911=ORIENTED_EDGE('',*,*,#4738,.F.);
#4913=ORIENTED_EDGE('',*,*,#4912,.T.);
#4914=ORIENTED_EDGE('',*,*,#4596,.T.);
#4915=ORIENTED_EDGE('',*,*,#4898,.F.);
#4916=EDGE_LOOP('',(#4911,#4913,#4914,#4915));
#4917=FACE_OUTER_BOUND('',#4916,.F.);
#4919=CARTESIAN_POINT('',(0.E0,0.E0,-5.08E0));
#4920=DIRECTION('',(0.E0,0.E0,-1.E0));
#4921=DIRECTION('',(1.E0,0.E0,0.E0));
#4922=AXIS2_PLACEMENT_3D('',#4919,#4920,#4921);
#4923=CYLINDRICAL_SURFACE('',#4922,3.E0);
#4924=ORIENTED_EDGE('',*,*,#4736,.T.);
#4926=ORIENTED_EDGE('',*,*,#4925,.T.);
#4927=ORIENTED_EDGE('',*,*,#4598,.F.);
#4928=ORIENTED_EDGE('',*,*,#4912,.F.);
#4929=EDGE_LOOP('',(#4924,#4926,#4927,#4928));
#4930=FACE_OUTER_BOUND('',#4929,.F.);
#4932=CARTESIAN_POINT('',(1.0855E1,7.5E-1,-5.08E0));
#4933=DIRECTION('',(0.E0,-1.E0,0.E0));
#4934=DIRECTION('',(-1.E0,0.E0,0.E0));
#4935=AXIS2_PLACEMENT_3D('',#4932,#4933,#4934);
#4936=PLANE('',#4935);
#4937=ORIENTED_EDGE('',*,*,#4734,.F.);
#4939=ORIENTED_EDGE('',*,*,#4938,.T.);
#4940=ORIENTED_EDGE('',*,*,#4600,.T.);
#4941=ORIENTED_EDGE('',*,*,#4925,.F.);
#4942=EDGE_LOOP('',(#4937,#4939,#4940,#4941));
#4943=FACE_OUTER_BOUND('',#4942,.F.);
#4945=CARTESIAN_POINT('',(1.123E1,7.5E-1,-5.08E0));
#4946=DIRECTION('',(0.E0,0.E0,-1.E0));
#4947=DIRECTION('',(1.E0,0.E0,0.E0));
#4948=AXIS2_PLACEMENT_3D('',#4945,#4946,#4947);
#4949=CYLINDRICAL_SURFACE('',#4948,3.75E-1);
#4950=ORIENTED_EDGE('',*,*,#4732,.F.);
#4952=ORIENTED_EDGE('',*,*,#4951,.T.);
#4953=ORIENTED_EDGE('',*,*,#4602,.T.);
#4954=ORIENTED_EDGE('',*,*,#4938,.F.);
#4955=EDGE_LOOP('',(#4950,#4952,#4953,#4954));
#4956=FACE_OUTER_BOUND('',#4955,.F.);
#4958=CARTESIAN_POINT('',(1.1605E1,1.0605E1,-5.08E0));
#4959=DIRECTION('',(1.E0,0.E0,0.E0));
#4960=DIRECTION('',(0.E0,-1.E0,0.E0));
#4961=AXIS2_PLACEMENT_3D('',#4958,#4959,#4960);
#4962=PLANE('',#4961);
#4963=ORIENTED_EDGE('',*,*,#4730,.F.);
#4965=ORIENTED_EDGE('',*,*,#4964,.T.);
#4966=ORIENTED_EDGE('',*,*,#4604,.T.);
#4967=ORIENTED_EDGE('',*,*,#4951,.F.);
#4968=EDGE_LOOP('',(#4963,#4965,#4966,#4967));
#4969=FACE_OUTER_BOUND('',#4968,.F.);
#4971=CARTESIAN_POINT('',(1.0605E1,1.1605E1,-5.08E0));
#4972=DIRECTION('',(7.071067811865E-1,7.071067811865E-1,0.E0));
#4973=DIRECTION('',(7.071067811865E-1,-7.071067811865E-1,0.E0));
#4974=AXIS2_PLACEMENT_3D('',#4971,#4972,#4973);
#4975=PLANE('',#4974);
#4976=ORIENTED_EDGE('',*,*,#4728,.F.);
#4978=ORIENTED_EDGE('',*,*,#4977,.T.);
#4979=ORIENTED_EDGE('',*,*,#4606,.T.);
#4980=ORIENTED_EDGE('',*,*,#4964,.F.);
#4981=EDGE_LOOP('',(#4976,#4978,#4979,#4980));
#4982=FACE_OUTER_BOUND('',#4981,.F.);
#4984=CARTESIAN_POINT('',(7.5E-1,1.1605E1,-5.08E0));
#4985=DIRECTION('',(0.E0,1.E0,0.E0));
#4986=DIRECTION('',(1.E0,0.E0,0.E0));
#4987=AXIS2_PLACEMENT_3D('',#4984,#4985,#4986);
#4988=PLANE('',#4987);
#4989=ORIENTED_EDGE('',*,*,#4726,.F.);
#4990=ORIENTED_EDGE('',*,*,#4901,.T.);
#4991=ORIENTED_EDGE('',*,*,#4608,.T.);
#4992=ORIENTED_EDGE('',*,*,#4977,.F.);
#4993=EDGE_LOOP('',(#4989,#4990,#4991,#4992));
#4994=FACE_OUTER_BOUND('',#4993,.F.);
#4996=CARTESIAN_POINT('',(-7.5E-1,-1.123E1,-5.08E0));
#4997=DIRECTION('',(0.E0,0.E0,-1.E0));
#4998=DIRECTION('',(1.E0,0.E0,0.E0));
#4999=AXIS2_PLACEMENT_3D('',#4996,#4997,#4998);
#5000=CYLINDRICAL_SURFACE('',#4999,3.75E-1);
#5001=ORIENTED_EDGE('',*,*,#4742,.F.);
#5003=ORIENTED_EDGE('',*,*,#5002,.T.);
#5004=ORIENTED_EDGE('',*,*,#4612,.T.);
#5006=ORIENTED_EDGE('',*,*,#5005,.F.);
#5007=EDGE_LOOP('',(#5001,#5003,#5004,#5006));
#5008=FACE_OUTER_BOUND('',#5007,.F.);
#5010=CARTESIAN_POINT('',(-7.5E-1,-2.904737509656E0,-5.08E0));
#5011=DIRECTION('',(1.E0,0.E0,0.E0));
#5012=DIRECTION('',(0.E0,-1.E0,0.E0));
#5013=AXIS2_PLACEMENT_3D('',#5010,#5011,#5012);
#5014=PLANE('',#5013);
#5015=ORIENTED_EDGE('',*,*,#4756,.F.);
#5017=ORIENTED_EDGE('',*,*,#5016,.T.);
#5018=ORIENTED_EDGE('',*,*,#4614,.T.);
#5019=ORIENTED_EDGE('',*,*,#5002,.F.);
#5020=EDGE_LOOP('',(#5015,#5017,#5018,#5019));
#5021=FACE_OUTER_BOUND('',#5020,.F.);
#5023=CARTESIAN_POINT('',(0.E0,0.E0,-5.08E0));
#5024=DIRECTION('',(0.E0,0.E0,-1.E0));
#5025=DIRECTION('',(1.E0,0.E0,0.E0));
#5026=AXIS2_PLACEMENT_3D('',#5023,#5024,#5025);
#5027=CYLINDRICAL_SURFACE('',#5026,3.E0);
#5028=ORIENTED_EDGE('',*,*,#4754,.T.);
#5030=ORIENTED_EDGE('',*,*,#5029,.T.);
#5031=ORIENTED_EDGE('',*,*,#4616,.F.);
#5032=ORIENTED_EDGE('',*,*,#5016,.F.);
#5033=EDGE_LOOP('',(#5028,#5030,#5031,#5032));
#5034=FACE_OUTER_BOUND('',#5033,.F.);
#5036=CARTESIAN_POINT('',(-1.0855E1,-7.5E-1,-5.08E0));
#5037=DIRECTION('',(0.E0,1.E0,0.E0));
#5038=DIRECTION('',(1.E0,0.E0,0.E0));
#5039=AXIS2_PLACEMENT_3D('',#5036,#5037,#5038);
#5040=PLANE('',#5039);
#5041=ORIENTED_EDGE('',*,*,#4752,.F.);
#5043=ORIENTED_EDGE('',*,*,#5042,.T.);
#5044=ORIENTED_EDGE('',*,*,#4618,.T.);
#5045=ORIENTED_EDGE('',*,*,#5029,.F.);
#5046=EDGE_LOOP('',(#5041,#5043,#5044,#5045));
#5047=FACE_OUTER_BOUND('',#5046,.F.);
#5049=CARTESIAN_POINT('',(-1.123E1,-7.5E-1,-5.08E0));
#5050=DIRECTION('',(0.E0,0.E0,-1.E0));
#5051=DIRECTION('',(1.E0,0.E0,0.E0));
#5052=AXIS2_PLACEMENT_3D('',#5049,#5050,#5051);
#5053=CYLINDRICAL_SURFACE('',#5052,3.75E-1);
#5054=ORIENTED_EDGE('',*,*,#4750,.F.);
#5056=ORIENTED_EDGE('',*,*,#5055,.T.);
#5057=ORIENTED_EDGE('',*,*,#4620,.T.);
#5058=ORIENTED_EDGE('',*,*,#5042,.F.);
#5059=EDGE_LOOP('',(#5054,#5056,#5057,#5058));
#5060=FACE_OUTER_BOUND('',#5059,.F.);
#5062=CARTESIAN_POINT('',(-1.1605E1,-1.0605E1,-5.08E0));
#5063=DIRECTION('',(-1.E0,0.E0,0.E0));
#5064=DIRECTION('',(0.E0,1.E0,0.E0));
#5065=AXIS2_PLACEMENT_3D('',#5062,#5063,#5064);
#5066=PLANE('',#5065);
#5067=ORIENTED_EDGE('',*,*,#4748,.F.);
#5069=ORIENTED_EDGE('',*,*,#5068,.T.);
#5070=ORIENTED_EDGE('',*,*,#4622,.T.);
#5071=ORIENTED_EDGE('',*,*,#5055,.F.);
#5072=EDGE_LOOP('',(#5067,#5069,#5070,#5071));
#5073=FACE_OUTER_BOUND('',#5072,.F.);
#5075=CARTESIAN_POINT('',(-1.0605E1,-1.1605E1,-5.08E0));
#5076=DIRECTION('',(-7.071067811865E-1,-7.071067811865E-1,0.E0));
#5077=DIRECTION('',(-7.071067811865E-1,7.071067811865E-1,0.E0));
#5078=AXIS2_PLACEMENT_3D('',#5075,#5076,#5077);
#5079=PLANE('',#5078);
#5080=ORIENTED_EDGE('',*,*,#4746,.F.);
#5082=ORIENTED_EDGE('',*,*,#5081,.T.);
#5083=ORIENTED_EDGE('',*,*,#4624,.T.);
#5084=ORIENTED_EDGE('',*,*,#5068,.F.);
#5085=EDGE_LOOP('',(#5080,#5082,#5083,#5084));
#5086=FACE_OUTER_BOUND('',#5085,.F.);
#5088=CARTESIAN_POINT('',(-7.5E-1,-1.1605E1,-5.08E0));
#5089=DIRECTION('',(0.E0,-1.E0,0.E0));
#5090=DIRECTION('',(-1.E0,0.E0,0.E0));
#5091=AXIS2_PLACEMENT_3D('',#5088,#5089,#5090);
#5092=PLANE('',#5091);
#5093=ORIENTED_EDGE('',*,*,#4744,.F.);
#5094=ORIENTED_EDGE('',*,*,#5005,.T.);
#5095=ORIENTED_EDGE('',*,*,#4626,.T.);
#5096=ORIENTED_EDGE('',*,*,#5081,.F.);
#5097=EDGE_LOOP('',(#5093,#5094,#5095,#5096));
#5098=FACE_OUTER_BOUND('',#5097,.F.);
#5100=CARTESIAN_POINT('',(-1.1605E1,1.0605E1,-5.08E0));
#5101=DIRECTION('',(-7.071067811865E-1,7.071067811865E-1,0.E0));
#5102=DIRECTION('',(7.071067811865E-1,7.071067811865E-1,0.E0));
#5103=AXIS2_PLACEMENT_3D('',#5100,#5101,#5102);
#5104=PLANE('',#5103);
#5105=ORIENTED_EDGE('',*,*,#4760,.F.);
#5107=ORIENTED_EDGE('',*,*,#5106,.T.);
#5108=ORIENTED_EDGE('',*,*,#4630,.T.);
#5110=ORIENTED_EDGE('',*,*,#5109,.F.);
#5111=EDGE_LOOP('',(#5105,#5107,#5108,#5110));
#5112=FACE_OUTER_BOUND('',#5111,.F.);
#5114=CARTESIAN_POINT('',(-1.1605E1,7.5E-1,-5.08E0));
#5115=DIRECTION('',(-1.E0,0.E0,0.E0));
#5116=DIRECTION('',(0.E0,1.E0,0.E0));
#5117=AXIS2_PLACEMENT_3D('',#5114,#5115,#5116);
#5118=PLANE('',#5117);
#5119=ORIENTED_EDGE('',*,*,#4774,.F.);
#5121=ORIENTED_EDGE('',*,*,#5120,.T.);
#5122=ORIENTED_EDGE('',*,*,#4632,.T.);
#5123=ORIENTED_EDGE('',*,*,#5106,.F.);
#5124=EDGE_LOOP('',(#5119,#5121,#5122,#5123));
#5125=FACE_OUTER_BOUND('',#5124,.F.);
#5127=CARTESIAN_POINT('',(-1.123E1,7.5E-1,-5.08E0));
#5128=DIRECTION('',(0.E0,0.E0,-1.E0));
#5129=DIRECTION('',(1.E0,0.E0,0.E0));
#5130=AXIS2_PLACEMENT_3D('',#5127,#5128,#5129);
#5131=CYLINDRICAL_SURFACE('',#5130,3.75E-1);
#5132=ORIENTED_EDGE('',*,*,#4772,.F.);
#5134=ORIENTED_EDGE('',*,*,#5133,.T.);
#5135=ORIENTED_EDGE('',*,*,#4634,.T.);
#5136=ORIENTED_EDGE('',*,*,#5120,.F.);
#5137=EDGE_LOOP('',(#5132,#5134,#5135,#5136));
#5138=FACE_OUTER_BOUND('',#5137,.F.);
#5140=CARTESIAN_POINT('',(-2.904737509656E0,7.5E-1,-5.08E0));
#5141=DIRECTION('',(0.E0,-1.E0,0.E0));
#5142=DIRECTION('',(-1.E0,0.E0,0.E0));
#5143=AXIS2_PLACEMENT_3D('',#5140,#5141,#5142);
#5144=PLANE('',#5143);
#5145=ORIENTED_EDGE('',*,*,#4770,.F.);
#5147=ORIENTED_EDGE('',*,*,#5146,.T.);
#5148=ORIENTED_EDGE('',*,*,#4636,.T.);
#5149=ORIENTED_EDGE('',*,*,#5133,.F.);
#5150=EDGE_LOOP('',(#5145,#5147,#5148,#5149));
#5151=FACE_OUTER_BOUND('',#5150,.F.);
#5153=CARTESIAN_POINT('',(0.E0,0.E0,-5.08E0));
#5154=DIRECTION('',(0.E0,0.E0,-1.E0));
#5155=DIRECTION('',(1.E0,0.E0,0.E0));
#5156=AXIS2_PLACEMENT_3D('',#5153,#5154,#5155);
#5157=CYLINDRICAL_SURFACE('',#5156,3.E0);
#5158=ORIENTED_EDGE('',*,*,#4768,.T.);
#5160=ORIENTED_EDGE('',*,*,#5159,.T.);
#5161=ORIENTED_EDGE('',*,*,#4638,.F.);
#5162=ORIENTED_EDGE('',*,*,#5146,.F.);
#5163=EDGE_LOOP('',(#5158,#5160,#5161,#5162));
#5164=FACE_OUTER_BOUND('',#5163,.F.);
#5166=CARTESIAN_POINT('',(-7.5E-1,1.0855E1,-5.08E0));
#5167=DIRECTION('',(1.E0,0.E0,0.E0));
#5168=DIRECTION('',(0.E0,-1.E0,0.E0));
#5169=AXIS2_PLACEMENT_3D('',#5166,#5167,#5168);
#5170=PLANE('',#5169);
#5171=ORIENTED_EDGE('',*,*,#4766,.F.);
#5173=ORIENTED_EDGE('',*,*,#5172,.T.);
#5174=ORIENTED_EDGE('',*,*,#4640,.T.);
#5175=ORIENTED_EDGE('',*,*,#5159,.F.);
#5176=EDGE_LOOP('',(#5171,#5173,#5174,#5175));
#5177=FACE_OUTER_BOUND('',#5176,.F.);
#5179=CARTESIAN_POINT('',(-7.5E-1,1.123E1,-5.08E0));
#5180=DIRECTION('',(0.E0,0.E0,-1.E0));
#5181=DIRECTION('',(1.E0,0.E0,0.E0));
#5182=AXIS2_PLACEMENT_3D('',#5179,#5180,#5181);
#5183=CYLINDRICAL_SURFACE('',#5182,3.75E-1);
#5184=ORIENTED_EDGE('',*,*,#4764,.F.);
#5186=ORIENTED_EDGE('',*,*,#5185,.T.);
#5187=ORIENTED_EDGE('',*,*,#4642,.T.);
#5188=ORIENTED_EDGE('',*,*,#5172,.F.);
#5189=EDGE_LOOP('',(#5184,#5186,#5187,#5188));
#5190=FACE_OUTER_BOUND('',#5189,.F.);
#5192=CARTESIAN_POINT('',(-1.0605E1,1.1605E1,-5.08E0));
#5193=DIRECTION('',(0.E0,1.E0,0.E0));
#5194=DIRECTION('',(1.E0,0.E0,0.E0));
#5195=AXIS2_PLACEMENT_3D('',#5192,#5193,#5194);
#5196=PLANE('',#5195);
#5197=ORIENTED_EDGE('',*,*,#4762,.F.);
#5198=ORIENTED_EDGE('',*,*,#5109,.T.);
#5199=ORIENTED_EDGE('',*,*,#4644,.T.);
#5200=ORIENTED_EDGE('',*,*,#5185,.F.);
#5201=EDGE_LOOP('',(#5197,#5198,#5199,#5200));
#5202=FACE_OUTER_BOUND('',#5201,.F.);
#5204=CARTESIAN_POINT('',(1.1785E1,1.1785E1,-5.08E0));
#5205=DIRECTION('',(0.E0,0.E0,-1.E0));
#5206=DIRECTION('',(1.E0,0.E0,0.E0));
#5207=AXIS2_PLACEMENT_3D('',#5204,#5205,#5206);
#5208=CYLINDRICAL_SURFACE('',#5207,5.E-1);
#5209=ORIENTED_EDGE('',*,*,#4778,.F.);
#5211=ORIENTED_EDGE('',*,*,#5210,.T.);
#5212=ORIENTED_EDGE('',*,*,#4648,.T.);
#5214=ORIENTED_EDGE('',*,*,#5213,.F.);
#5215=EDGE_LOOP('',(#5209,#5211,#5212,#5214));
#5216=FACE_OUTER_BOUND('',#5215,.F.);
#5218=CARTESIAN_POINT('',(1.1785E1,1.1785E1,-5.08E0));
#5219=DIRECTION('',(0.E0,0.E0,-1.E0));
#5220=DIRECTION('',(1.E0,0.E0,0.E0));
#5221=AXIS2_PLACEMENT_3D('',#5218,#5219,#5220);
#5222=CYLINDRICAL_SURFACE('',#5221,5.E-1);
#5223=ORIENTED_EDGE('',*,*,#4780,.F.);
#5224=ORIENTED_EDGE('',*,*,#5213,.T.);
#5225=ORIENTED_EDGE('',*,*,#4650,.T.);
#5226=ORIENTED_EDGE('',*,*,#5210,.F.);
#5227=EDGE_LOOP('',(#5223,#5224,#5225,#5226));
#5228=FACE_OUTER_BOUND('',#5227,.F.);
#5230=CARTESIAN_POINT('',(1.2769645E1,-1.2769645E1,-5.08E0));
#5231=DIRECTION('',(0.E0,0.E0,-1.E0));
#5232=DIRECTION('',(1.E0,0.E0,0.E0));
#5233=AXIS2_PLACEMENT_3D('',#5230,#5231,#5232);
#5234=CYLINDRICAL_SURFACE('',#5233,2.5E-1);
#5235=ORIENTED_EDGE('',*,*,#4693,.F.);
#5237=ORIENTED_EDGE('',*,*,#5236,.T.);
#5238=ORIENTED_EDGE('',*,*,#4563,.T.);
#5240=ORIENTED_EDGE('',*,*,#5239,.F.);
#5241=EDGE_LOOP('',(#5235,#5237,#5238,#5240));
#5242=FACE_OUTER_BOUND('',#5241,.F.);
#5244=CARTESIAN_POINT('',(1.2519645E1,-1.3105E1,-5.08E0));
#5245=DIRECTION('',(-1.E0,0.E0,0.E0));
#5246=DIRECTION('',(0.E0,1.E0,0.E0));
#5247=AXIS2_PLACEMENT_3D('',#5244,#5245,#5246);
#5248=PLANE('',#5247);
#5249=ORIENTED_EDGE('',*,*,#4029,.F.);
#5250=ORIENTED_EDGE('',*,*,#4050,.T.);
#5252=ORIENTED_EDGE('',*,*,#5251,.F.);
#5253=ORIENTED_EDGE('',*,*,#4565,.T.);
#5254=ORIENTED_EDGE('',*,*,#5236,.F.);
#5255=ORIENTED_EDGE('',*,*,#4720,.F.);
#5257=ORIENTED_EDGE('',*,*,#5256,.T.);
#5258=EDGE_LOOP('',(#5249,#5250,#5252,#5253,#5254,#5255,#5257));
#5259=FACE_OUTER_BOUND('',#5258,.F.);
#5261=CARTESIAN_POINT('',(4.7272356E1,-1.2805E1,-4.78E0));
#5262=DIRECTION('',(-1.E0,0.E0,0.E0));
#5263=DIRECTION('',(0.E0,0.E0,-1.E0));
#5264=AXIS2_PLACEMENT_3D('',#5261,#5262,#5263);
#5265=CYLINDRICAL_SURFACE('',#5264,1.E-1);
#5266=ORIENTED_EDGE('',*,*,#4048,.T.);
#5268=ORIENTED_EDGE('',*,*,#5267,.F.);
#5269=ORIENTED_EDGE('',*,*,#4567,.F.);
#5270=ORIENTED_EDGE('',*,*,#5251,.T.);
#5271=EDGE_LOOP('',(#5266,#5268,#5269,#5270));
#5272=FACE_OUTER_BOUND('',#5271,.F.);
#5274=CARTESIAN_POINT('',(-1.2519645E1,-1.2769645E1,-5.08E0));
#5275=DIRECTION('',(1.E0,0.E0,0.E0));
#5276=DIRECTION('',(0.E0,-1.E0,0.E0));
#5277=AXIS2_PLACEMENT_3D('',#5274,#5275,#5276);
#5278=PLANE('',#5277);
#5280=ORIENTED_EDGE('',*,*,#5279,.F.);
#5282=ORIENTED_EDGE('',*,*,#5281,.F.);
#5283=ORIENTED_EDGE('',*,*,#4716,.T.);
#5285=ORIENTED_EDGE('',*,*,#5284,.T.);
#5286=ORIENTED_EDGE('',*,*,#4569,.F.);
#5287=ORIENTED_EDGE('',*,*,#5267,.T.);
#5288=ORIENTED_EDGE('',*,*,#4046,.F.);
#5289=EDGE_LOOP('',(#5280,#5282,#5283,#5285,#5286,#5287,#5288));
#5290=FACE_OUTER_BOUND('',#5289,.F.);
#5292=CARTESIAN_POINT('',(-1.2769645E1,-4.7272356E1,-4.895E0));
#5293=DIRECTION('',(0.E0,1.E0,0.E0));
#5294=DIRECTION('',(0.E0,0.E0,1.E0));
#5295=AXIS2_PLACEMENT_3D('',#5292,#5293,#5294);
#5296=CYLINDRICAL_SURFACE('',#5295,2.5E-1);
#5297=ORIENTED_EDGE('',*,*,#3972,.F.);
#5298=ORIENTED_EDGE('',*,*,#4157,.T.);
#5300=ORIENTED_EDGE('',*,*,#5299,.T.);
#5301=ORIENTED_EDGE('',*,*,#5279,.T.);
#5302=ORIENTED_EDGE('',*,*,#4044,.T.);
#5303=EDGE_LOOP('',(#5297,#5298,#5300,#5301,#5302));
#5304=FACE_OUTER_BOUND('',#5303,.F.);
#5306=CARTESIAN_POINT('',(4.7272356E1,-1.2805E1,-4.78E0));
#5307=DIRECTION('',(-1.E0,0.E0,0.E0));
#5308=DIRECTION('',(0.E0,0.E0,-1.E0));
#5309=AXIS2_PLACEMENT_3D('',#5306,#5307,#5308);
#5310=CYLINDRICAL_SURFACE('',#5309,3.E-1);
#5311=ORIENTED_EDGE('',*,*,#5281,.T.);
#5312=ORIENTED_EDGE('',*,*,#5299,.F.);
#5313=ORIENTED_EDGE('',*,*,#4155,.F.);
#5314=ORIENTED_EDGE('',*,*,#4031,.F.);
#5315=ORIENTED_EDGE('',*,*,#5256,.F.);
#5316=ORIENTED_EDGE('',*,*,#4718,.T.);
#5317=EDGE_LOOP('',(#5311,#5312,#5313,#5314,#5315,#5316));
#5318=FACE_OUTER_BOUND('',#5317,.F.);
#5320=CARTESIAN_POINT('',(-1.2769645E1,-1.2769645E1,-5.08E0));
#5321=DIRECTION('',(0.E0,0.E0,-1.E0));
#5322=DIRECTION('',(1.E0,0.E0,0.E0));
#5323=AXIS2_PLACEMENT_3D('',#5320,#5321,#5322);
#5324=CYLINDRICAL_SURFACE('',#5323,2.5E-1);
#5325=ORIENTED_EDGE('',*,*,#4714,.F.);
#5327=ORIENTED_EDGE('',*,*,#5326,.T.);
#5328=ORIENTED_EDGE('',*,*,#4571,.T.);
#5329=ORIENTED_EDGE('',*,*,#5284,.F.);
#5330=EDGE_LOOP('',(#5325,#5327,#5328,#5329));
#5331=FACE_OUTER_BOUND('',#5330,.F.);
#5333=CARTESIAN_POINT('',(-1.3105E1,-1.2519645E1,-5.08E0));
#5334=DIRECTION('',(0.E0,1.E0,0.E0));
#5335=DIRECTION('',(1.E0,0.E0,0.E0));
#5336=AXIS2_PLACEMENT_3D('',#5333,#5334,#5335);
#5337=PLANE('',#5336);
#5339=ORIENTED_EDGE('',*,*,#5338,.F.);
#5340=ORIENTED_EDGE('',*,*,#3878,.T.);
#5342=ORIENTED_EDGE('',*,*,#5341,.F.);
#5343=ORIENTED_EDGE('',*,*,#4573,.T.);
#5344=ORIENTED_EDGE('',*,*,#5326,.F.);
#5345=ORIENTED_EDGE('',*,*,#4712,.F.);
#5347=ORIENTED_EDGE('',*,*,#5346,.T.);
#5348=EDGE_LOOP('',(#5339,#5340,#5342,#5343,#5344,#5345,#5347));
#5349=FACE_OUTER_BOUND('',#5348,.F.);
#5351=CARTESIAN_POINT('',(4.7272356E1,-1.2769645E1,-4.895E0));
#5352=DIRECTION('',(-1.E0,0.E0,0.E0));
#5353=DIRECTION('',(0.E0,0.E0,1.E0));
#5354=AXIS2_PLACEMENT_3D('',#5351,#5352,#5353);
#5355=CYLINDRICAL_SURFACE('',#5354,2.5E-1);
#5356=ORIENTED_EDGE('',*,*,#3977,.F.);
#5357=ORIENTED_EDGE('',*,*,#3880,.T.);
#5358=ORIENTED_EDGE('',*,*,#5338,.T.);
#5360=ORIENTED_EDGE('',*,*,#5359,.T.);
#5361=ORIENTED_EDGE('',*,*,#3714,.T.);
#5362=EDGE_LOOP('',(#5356,#5357,#5358,#5360,#5361));
#5363=FACE_OUTER_BOUND('',#5362,.F.);
#5365=CARTESIAN_POINT('',(-1.2805E1,-4.7272356E1,-4.78E0));
#5366=DIRECTION('',(0.E0,1.E0,0.E0));
#5367=DIRECTION('',(0.E0,0.E0,-1.E0));
#5368=AXIS2_PLACEMENT_3D('',#5365,#5366,#5367);
#5369=CYLINDRICAL_SURFACE('',#5368,3.E-1);
#5371=ORIENTED_EDGE('',*,*,#5370,.T.);
#5373=ORIENTED_EDGE('',*,*,#5372,.F.);
#5374=ORIENTED_EDGE('',*,*,#3674,.F.);
#5375=ORIENTED_EDGE('',*,*,#5359,.F.);
#5376=ORIENTED_EDGE('',*,*,#5346,.F.);
#5377=ORIENTED_EDGE('',*,*,#4710,.T.);
#5378=EDGE_LOOP('',(#5371,#5373,#5374,#5375,#5376,#5377));
#5379=FACE_OUTER_BOUND('',#5378,.F.);
#5381=CARTESIAN_POINT('',(-1.2769645E1,1.2519645E1,-5.08E0));
#5382=DIRECTION('',(0.E0,-1.E0,0.E0));
#5383=DIRECTION('',(-1.E0,0.E0,0.E0));
#5384=AXIS2_PLACEMENT_3D('',#5381,#5382,#5383);
#5385=PLANE('',#5384);
#5387=ORIENTED_EDGE('',*,*,#5386,.F.);
#5388=ORIENTED_EDGE('',*,*,#5370,.F.);
#5389=ORIENTED_EDGE('',*,*,#4708,.T.);
#5391=ORIENTED_EDGE('',*,*,#5390,.T.);
#5392=ORIENTED_EDGE('',*,*,#4577,.F.);
#5394=ORIENTED_EDGE('',*,*,#5393,.T.);
#5395=ORIENTED_EDGE('',*,*,#3874,.F.);
#5396=EDGE_LOOP('',(#5387,#5388,#5389,#5391,#5392,#5394,#5395));
#5397=FACE_OUTER_BOUND('',#5396,.F.);
#5399=CARTESIAN_POINT('',(-4.7272356E1,1.2769645E1,-4.895E0));
#5400=DIRECTION('',(1.E0,0.E0,0.E0));
#5401=DIRECTION('',(0.E0,0.E0,1.E0));
#5402=AXIS2_PLACEMENT_3D('',#5399,#5400,#5401);
#5403=CYLINDRICAL_SURFACE('',#5402,2.5E-1);
#5404=ORIENTED_EDGE('',*,*,#4013,.F.);
#5405=ORIENTED_EDGE('',*,*,#3676,.T.);
#5406=ORIENTED_EDGE('',*,*,#5372,.T.);
#5407=ORIENTED_EDGE('',*,*,#5386,.T.);
#5408=ORIENTED_EDGE('',*,*,#3872,.T.);
#5409=EDGE_LOOP('',(#5404,#5405,#5406,#5407,#5408));
#5410=FACE_OUTER_BOUND('',#5409,.F.);
#5412=CARTESIAN_POINT('',(-1.2769645E1,1.2769645E1,-5.08E0));
#5413=DIRECTION('',(0.E0,0.E0,-1.E0));
#5414=DIRECTION('',(1.E0,0.E0,0.E0));
#5415=AXIS2_PLACEMENT_3D('',#5412,#5413,#5414);
#5416=CYLINDRICAL_SURFACE('',#5415,2.5E-1);
#5417=ORIENTED_EDGE('',*,*,#4706,.F.);
#5418=ORIENTED_EDGE('',*,*,#4550,.T.);
#5419=ORIENTED_EDGE('',*,*,#4579,.T.);
#5420=ORIENTED_EDGE('',*,*,#5390,.F.);
#5421=EDGE_LOOP('',(#5417,#5418,#5419,#5420));
#5422=FACE_OUTER_BOUND('',#5421,.F.);
#5424=CARTESIAN_POINT('',(-1.2805E1,-4.7272356E1,-4.78E0));
#5425=DIRECTION('',(0.E0,1.E0,0.E0));
#5426=DIRECTION('',(0.E0,0.E0,-1.E0));
#5427=AXIS2_PLACEMENT_3D('',#5424,#5425,#5426);
#5428=CYLINDRICAL_SURFACE('',#5427,1.E-1);
#5429=ORIENTED_EDGE('',*,*,#3876,.T.);
#5430=ORIENTED_EDGE('',*,*,#5393,.F.);
#5431=ORIENTED_EDGE('',*,*,#4575,.F.);
#5432=ORIENTED_EDGE('',*,*,#5341,.T.);
#5433=EDGE_LOOP('',(#5429,#5430,#5431,#5432));
#5434=FACE_OUTER_BOUND('',#5433,.F.);
#5436=CARTESIAN_POINT('',(1.2769645E1,-1.2519645E1,-5.08E0));
#5437=DIRECTION('',(0.E0,1.E0,0.E0));
#5438=DIRECTION('',(1.E0,0.E0,0.E0));
#5439=AXIS2_PLACEMENT_3D('',#5436,#5437,#5438);
#5440=PLANE('',#5439);
#5442=ORIENTED_EDGE('',*,*,#5441,.F.);
#5444=ORIENTED_EDGE('',*,*,#5443,.F.);
#5445=ORIENTED_EDGE('',*,*,#4695,.T.);
#5446=ORIENTED_EDGE('',*,*,#5239,.T.);
#5447=ORIENTED_EDGE('',*,*,#4590,.F.);
#5449=ORIENTED_EDGE('',*,*,#5448,.T.);
#5451=ORIENTED_EDGE('',*,*,#5450,.F.);
#5452=EDGE_LOOP('',(#5442,#5444,#5445,#5446,#5447,#5449,#5451));
#5453=FACE_OUTER_BOUND('',#5452,.F.);
#5455=CARTESIAN_POINT('',(4.7272356E1,-1.2769645E1,-4.895E0));
#5456=DIRECTION('',(-1.E0,0.E0,0.E0));
#5457=DIRECTION('',(0.E0,0.E0,1.E0));
#5458=AXIS2_PLACEMENT_3D('',#5455,#5456,#5457);
#5459=CYLINDRICAL_SURFACE('',#5458,2.5E-1);
#5460=ORIENTED_EDGE('',*,*,#3956,.F.);
#5462=ORIENTED_EDGE('',*,*,#5461,.T.);
#5464=ORIENTED_EDGE('',*,*,#5463,.T.);
#5465=ORIENTED_EDGE('',*,*,#5441,.T.);
#5467=ORIENTED_EDGE('',*,*,#5466,.T.);
#5468=EDGE_LOOP('',(#5460,#5462,#5464,#5465,#5467));
#5469=FACE_OUTER_BOUND('',#5468,.F.);
#5471=CARTESIAN_POINT('',(1.3105E1,-1.3105E1,0.E0));
#5472=DIRECTION('',(1.E0,0.E0,0.E0));
#5473=DIRECTION('',(0.E0,1.E0,0.E0));
#5474=AXIS2_PLACEMENT_3D('',#5471,#5472,#5473);
#5475=PLANE('',#5474);
#5476=ORIENTED_EDGE('',*,*,#3990,.F.);
#5478=ORIENTED_EDGE('',*,*,#5477,.F.);
#5480=ORIENTED_EDGE('',*,*,#5479,.F.);
#5481=ORIENTED_EDGE('',*,*,#5461,.F.);
#5482=ORIENTED_EDGE('',*,*,#3954,.F.);
#5483=ORIENTED_EDGE('',*,*,#4190,.F.);
#5484=ORIENTED_EDGE('',*,*,#3481,.T.);
#5486=ORIENTED_EDGE('',*,*,#5485,.T.);
#5488=ORIENTED_EDGE('',*,*,#5487,.T.);
#5490=ORIENTED_EDGE('',*,*,#5489,.F.);
#5491=ORIENTED_EDGE('',*,*,#3563,.T.);
#5493=ORIENTED_EDGE('',*,*,#5492,.T.);
#5495=ORIENTED_EDGE('',*,*,#5494,.T.);
#5497=ORIENTED_EDGE('',*,*,#5496,.F.);
#5498=ORIENTED_EDGE('',*,*,#3465,.T.);
#5500=ORIENTED_EDGE('',*,*,#5499,.T.);
#5502=ORIENTED_EDGE('',*,*,#5501,.T.);
#5504=ORIENTED_EDGE('',*,*,#5503,.F.);
#5505=ORIENTED_EDGE('',*,*,#3613,.T.);
#5507=ORIENTED_EDGE('',*,*,#5506,.T.);
#5509=ORIENTED_EDGE('',*,*,#5508,.T.);
#5511=ORIENTED_EDGE('',*,*,#5510,.F.);
#5512=ORIENTED_EDGE('',*,*,#3453,.T.);
#5513=ORIENTED_EDGE('',*,*,#4321,.T.);
#5514=EDGE_LOOP('',(#5476,#5478,#5480,#5481,#5482,#5483,#5484,#5486,#5488,#5490,
#5491,#5493,#5495,#5497,#5498,#5500,#5502,#5504,#5505,#5507,#5509,#5511,#5512,
#5513));
#5515=FACE_OUTER_BOUND('',#5514,.F.);
#5516=ORIENTED_EDGE('',*,*,#3769,.T.);
#5517=ORIENTED_EDGE('',*,*,#3799,.T.);
#5518=ORIENTED_EDGE('',*,*,#3828,.T.);
#5519=ORIENTED_EDGE('',*,*,#3856,.T.);
#5520=EDGE_LOOP('',(#5516,#5517,#5518,#5519));
#5521=FACE_BOUND('',#5520,.F.);
#5523=ORIENTED_EDGE('',*,*,#5522,.T.);
#5525=ORIENTED_EDGE('',*,*,#5524,.T.);
#5527=ORIENTED_EDGE('',*,*,#5526,.T.);
#5529=ORIENTED_EDGE('',*,*,#5528,.T.);
#5530=EDGE_LOOP('',(#5523,#5525,#5527,#5529));
#5531=FACE_BOUND('',#5530,.F.);
#5533=ORIENTED_EDGE('',*,*,#5532,.T.);
#5535=ORIENTED_EDGE('',*,*,#5534,.T.);
#5537=ORIENTED_EDGE('',*,*,#5536,.T.);
#5539=ORIENTED_EDGE('',*,*,#5538,.T.);
#5540=EDGE_LOOP('',(#5533,#5535,#5537,#5539));
#5541=FACE_BOUND('',#5540,.F.);
#5543=CARTESIAN_POINT('',(-4.7272356E1,1.2769645E1,-4.895E0));
#5544=DIRECTION('',(1.E0,0.E0,0.E0));
#5545=DIRECTION('',(0.E0,0.E0,1.E0));
#5546=AXIS2_PLACEMENT_3D('',#5543,#5544,#5545);
#5547=CYLINDRICAL_SURFACE('',#5546,2.5E-1);
#5548=ORIENTED_EDGE('',*,*,#3988,.F.);
#5550=ORIENTED_EDGE('',*,*,#5549,.T.);
#5552=ORIENTED_EDGE('',*,*,#5551,.T.);
#5554=ORIENTED_EDGE('',*,*,#5553,.T.);
#5555=ORIENTED_EDGE('',*,*,#5477,.T.);
#5556=EDGE_LOOP('',(#5548,#5550,#5552,#5554,#5555));
#5557=FACE_OUTER_BOUND('',#5556,.F.);
#5559=CARTESIAN_POINT('',(1.2905E1,-1.3105E1,0.E0));
#5560=DIRECTION('',(1.E0,0.E0,0.E0));
#5561=DIRECTION('',(0.E0,1.E0,0.E0));
#5562=AXIS2_PLACEMENT_3D('',#5559,#5560,#5561);
#5563=PLANE('',#5562);
#5565=ORIENTED_EDGE('',*,*,#5564,.F.);
#5567=ORIENTED_EDGE('',*,*,#5566,.F.);
#5568=ORIENTED_EDGE('',*,*,#5549,.F.);
#5569=ORIENTED_EDGE('',*,*,#3998,.T.);
#5570=ORIENTED_EDGE('',*,*,#4439,.F.);
#5571=ORIENTED_EDGE('',*,*,#3445,.F.);
#5573=ORIENTED_EDGE('',*,*,#5572,.T.);
#5575=ORIENTED_EDGE('',*,*,#5574,.F.);
#5577=ORIENTED_EDGE('',*,*,#5576,.F.);
#5578=ORIENTED_EDGE('',*,*,#3617,.F.);
#5580=ORIENTED_EDGE('',*,*,#5579,.T.);
#5582=ORIENTED_EDGE('',*,*,#5581,.F.);
#5584=ORIENTED_EDGE('',*,*,#5583,.F.);
#5585=ORIENTED_EDGE('',*,*,#3469,.F.);
#5587=ORIENTED_EDGE('',*,*,#5586,.T.);
#5589=ORIENTED_EDGE('',*,*,#5588,.F.);
#5591=ORIENTED_EDGE('',*,*,#5590,.F.);
#5592=ORIENTED_EDGE('',*,*,#3567,.F.);
#5594=ORIENTED_EDGE('',*,*,#5593,.T.);
#5596=ORIENTED_EDGE('',*,*,#5595,.F.);
#5598=ORIENTED_EDGE('',*,*,#5597,.F.);
#5599=ORIENTED_EDGE('',*,*,#3489,.F.);
#5600=ORIENTED_EDGE('',*,*,#4054,.T.);
#5601=ORIENTED_EDGE('',*,*,#3958,.T.);
#5602=ORIENTED_EDGE('',*,*,#5466,.F.);
#5603=ORIENTED_EDGE('',*,*,#5450,.T.);
#5604=EDGE_LOOP('',(#5565,#5567,#5568,#5569,#5570,#5571,#5573,#5575,#5577,#5578,
#5580,#5582,#5584,#5585,#5587,#5589,#5591,#5592,#5594,#5596,#5598,#5599,#5600,
#5601,#5602,#5603));
#5605=FACE_OUTER_BOUND('',#5604,.F.);
#5606=ORIENTED_EDGE('',*,*,#3773,.F.);
#5607=ORIENTED_EDGE('',*,*,#3859,.F.);
#5608=ORIENTED_EDGE('',*,*,#3831,.F.);
#5609=ORIENTED_EDGE('',*,*,#3802,.F.);
#5610=EDGE_LOOP('',(#5606,#5607,#5608,#5609));
#5611=FACE_BOUND('',#5610,.F.);
#5613=ORIENTED_EDGE('',*,*,#5612,.F.);
#5615=ORIENTED_EDGE('',*,*,#5614,.F.);
#5617=ORIENTED_EDGE('',*,*,#5616,.F.);
#5619=ORIENTED_EDGE('',*,*,#5618,.F.);
#5620=EDGE_LOOP('',(#5613,#5615,#5617,#5619));
#5621=FACE_BOUND('',#5620,.F.);
#5623=ORIENTED_EDGE('',*,*,#5622,.F.);
#5625=ORIENTED_EDGE('',*,*,#5624,.F.);
#5627=ORIENTED_EDGE('',*,*,#5626,.F.);
#5629=ORIENTED_EDGE('',*,*,#5628,.F.);
#5630=EDGE_LOOP('',(#5623,#5625,#5627,#5629));
#5631=FACE_BOUND('',#5630,.F.);
#5633=CARTESIAN_POINT('',(1.2805E1,4.7272356E1,-4.78E0));
#5634=DIRECTION('',(0.E0,-1.E0,0.E0));
#5635=DIRECTION('',(0.E0,0.E0,-1.E0));
#5636=AXIS2_PLACEMENT_3D('',#5633,#5634,#5635);
#5637=CYLINDRICAL_SURFACE('',#5636,1.E-1);
#5638=ORIENTED_EDGE('',*,*,#5564,.T.);
#5639=ORIENTED_EDGE('',*,*,#5448,.F.);
#5640=ORIENTED_EDGE('',*,*,#4588,.F.);
#5642=ORIENTED_EDGE('',*,*,#5641,.T.);
#5643=EDGE_LOOP('',(#5638,#5639,#5640,#5642));
#5644=FACE_OUTER_BOUND('',#5643,.F.);
#5646=CARTESIAN_POINT('',(1.3105E1,1.2519645E1,-5.08E0));
#5647=DIRECTION('',(0.E0,-1.E0,0.E0));
#5648=DIRECTION('',(-1.E0,0.E0,0.E0));
#5649=AXIS2_PLACEMENT_3D('',#5646,#5647,#5648);
#5650=PLANE('',#5649);
#5651=ORIENTED_EDGE('',*,*,#5551,.F.);
#5652=ORIENTED_EDGE('',*,*,#5566,.T.);
#5653=ORIENTED_EDGE('',*,*,#5641,.F.);
#5654=ORIENTED_EDGE('',*,*,#4586,.T.);
#5656=ORIENTED_EDGE('',*,*,#5655,.F.);
#5657=ORIENTED_EDGE('',*,*,#4699,.F.);
#5659=ORIENTED_EDGE('',*,*,#5658,.T.);
#5660=EDGE_LOOP('',(#5651,#5652,#5653,#5654,#5656,#5657,#5659));
#5661=FACE_OUTER_BOUND('',#5660,.F.);
#5663=CARTESIAN_POINT('',(1.2769645E1,1.2769645E1,-5.08E0));
#5664=DIRECTION('',(0.E0,0.E0,-1.E0));
#5665=DIRECTION('',(1.E0,0.E0,0.E0));
#5666=AXIS2_PLACEMENT_3D('',#5663,#5664,#5665);
#5667=CYLINDRICAL_SURFACE('',#5666,2.5E-1);
#5668=ORIENTED_EDGE('',*,*,#4701,.F.);
#5669=ORIENTED_EDGE('',*,*,#5655,.T.);
#5670=ORIENTED_EDGE('',*,*,#4584,.T.);
#5671=ORIENTED_EDGE('',*,*,#4501,.F.);
#5672=EDGE_LOOP('',(#5668,#5669,#5670,#5671));
#5673=FACE_OUTER_BOUND('',#5672,.F.);
#5675=CARTESIAN_POINT('',(1.2805E1,4.7272356E1,-4.78E0));
#5676=DIRECTION('',(0.E0,-1.E0,0.E0));
#5677=DIRECTION('',(0.E0,0.E0,-1.E0));
#5678=AXIS2_PLACEMENT_3D('',#5675,#5676,#5677);
#5679=CYLINDRICAL_SURFACE('',#5678,3.E-1);
#5680=ORIENTED_EDGE('',*,*,#5479,.T.);
#5681=ORIENTED_EDGE('',*,*,#5553,.F.);
#5682=ORIENTED_EDGE('',*,*,#5658,.F.);
#5683=ORIENTED_EDGE('',*,*,#4697,.T.);
#5684=ORIENTED_EDGE('',*,*,#5443,.T.);
#5685=ORIENTED_EDGE('',*,*,#5463,.F.);
#5686=EDGE_LOOP('',(#5680,#5681,#5682,#5683,#5684,#5685));
#5687=FACE_OUTER_BOUND('',#5686,.F.);
#5689=CARTESIAN_POINT('',(1.3105E1,1.05E1,0.E0));
#5690=DIRECTION('',(0.E0,1.E0,0.E0));
#5691=DIRECTION('',(-1.E0,0.E0,0.E0));
#5692=AXIS2_PLACEMENT_3D('',#5689,#5690,#5691);
#5693=PLANE('',#5692);
#5694=ORIENTED_EDGE('',*,*,#3443,.F.);
#5695=ORIENTED_EDGE('',*,*,#5510,.T.);
#5697=ORIENTED_EDGE('',*,*,#5696,.T.);
#5698=ORIENTED_EDGE('',*,*,#5572,.F.);
#5699=EDGE_LOOP('',(#5694,#5695,#5697,#5698));
#5700=FACE_OUTER_BOUND('',#5699,.F.);
#5702=CARTESIAN_POINT('',(0.E0,0.E0,-5.E-1));
#5703=DIRECTION('',(0.E0,0.E0,1.E0));
#5704=DIRECTION('',(1.E0,0.E0,0.E0));
#5705=AXIS2_PLACEMENT_3D('',#5702,#5703,#5704);
#5706=PLANE('',#5705);
#5707=ORIENTED_EDGE('',*,*,#3685,.F.);
#5709=ORIENTED_EDGE('',*,*,#5708,.F.);
#5710=ORIENTED_EDGE('',*,*,#3909,.T.);
#5712=ORIENTED_EDGE('',*,*,#5711,.F.);
#5713=EDGE_LOOP('',(#5707,#5709,#5710,#5712));
#5714=FACE_OUTER_BOUND('',#5713,.F.);
#5716=CARTESIAN_POINT('',(0.E0,0.E0,-5.E-1));
#5717=DIRECTION('',(0.E0,0.E0,1.E0));
#5718=DIRECTION('',(1.E0,0.E0,0.E0));
#5719=AXIS2_PLACEMENT_3D('',#5716,#5717,#5718);
#5720=PLANE('',#5719);
#5721=ORIENTED_EDGE('',*,*,#3692,.F.);
#5723=ORIENTED_EDGE('',*,*,#5722,.F.);
#5724=ORIENTED_EDGE('',*,*,#3902,.T.);
#5725=ORIENTED_EDGE('',*,*,#3662,.F.);
#5726=EDGE_LOOP('',(#5721,#5723,#5724,#5725));
#5727=FACE_OUTER_BOUND('',#5726,.F.);
#5729=CARTESIAN_POINT('',(0.E0,0.E0,-5.E-1));
#5730=DIRECTION('',(0.E0,0.E0,1.E0));
#5731=DIRECTION('',(1.E0,0.E0,0.E0));
#5732=AXIS2_PLACEMENT_3D('',#5729,#5730,#5731);
#5733=PLANE('',#5732);
#5734=ORIENTED_EDGE('',*,*,#4164,.F.);
#5736=ORIENTED_EDGE('',*,*,#5735,.F.);
#5737=ORIENTED_EDGE('',*,*,#4080,.T.);
#5739=ORIENTED_EDGE('',*,*,#5738,.F.);
#5740=EDGE_LOOP('',(#5734,#5736,#5737,#5739));
#5741=FACE_OUTER_BOUND('',#5740,.F.);
#5743=CARTESIAN_POINT('',(0.E0,0.E0,-5.E-1));
#5744=DIRECTION('',(0.E0,0.E0,1.E0));
#5745=DIRECTION('',(1.E0,0.E0,0.E0));
#5746=AXIS2_PLACEMENT_3D('',#5743,#5744,#5745);
#5747=PLANE('',#5746);
#5748=ORIENTED_EDGE('',*,*,#4171,.F.);
#5750=ORIENTED_EDGE('',*,*,#5749,.F.);
#5751=ORIENTED_EDGE('',*,*,#4073,.T.);
#5753=ORIENTED_EDGE('',*,*,#5752,.F.);
#5754=EDGE_LOOP('',(#5748,#5750,#5751,#5753));
#5755=FACE_OUTER_BOUND('',#5754,.F.);
#5757=CARTESIAN_POINT('',(0.E0,0.E0,-5.E-1));
#5758=DIRECTION('',(0.E0,0.E0,1.E0));
#5759=DIRECTION('',(1.E0,0.E0,0.E0));
#5760=AXIS2_PLACEMENT_3D('',#5757,#5758,#5759);
#5761=PLANE('',#5760);
#5762=ORIENTED_EDGE('',*,*,#5487,.F.);
#5764=ORIENTED_EDGE('',*,*,#5763,.F.);
#5765=ORIENTED_EDGE('',*,*,#5595,.T.);
#5767=ORIENTED_EDGE('',*,*,#5766,.F.);
#5768=EDGE_LOOP('',(#5762,#5764,#5765,#5767));
#5769=FACE_OUTER_BOUND('',#5768,.F.);
#5771=CARTESIAN_POINT('',(0.E0,0.E0,-5.E-1));
#5772=DIRECTION('',(0.E0,0.E0,1.E0));
#5773=DIRECTION('',(1.E0,0.E0,0.E0));
#5774=AXIS2_PLACEMENT_3D('',#5771,#5772,#5773);
#5775=PLANE('',#5774);
#5776=ORIENTED_EDGE('',*,*,#5494,.F.);
#5778=ORIENTED_EDGE('',*,*,#5777,.F.);
#5779=ORIENTED_EDGE('',*,*,#5588,.T.);
#5781=ORIENTED_EDGE('',*,*,#5780,.F.);
#5782=EDGE_LOOP('',(#5776,#5778,#5779,#5781));
#5783=FACE_OUTER_BOUND('',#5782,.F.);
#5785=CARTESIAN_POINT('',(0.E0,0.E0,-5.E-1));
#5786=DIRECTION('',(0.E0,0.E0,1.E0));
#5787=DIRECTION('',(1.E0,0.E0,0.E0));
#5788=AXIS2_PLACEMENT_3D('',#5785,#5786,#5787);
#5789=PLANE('',#5788);
#5790=ORIENTED_EDGE('',*,*,#4326,.F.);
#5792=ORIENTED_EDGE('',*,*,#5791,.F.);
#5793=ORIENTED_EDGE('',*,*,#4434,.T.);
#5795=ORIENTED_EDGE('',*,*,#5794,.F.);
#5796=EDGE_LOOP('',(#5790,#5792,#5793,#5795));
#5797=FACE_OUTER_BOUND('',#5796,.F.);
#5799=CARTESIAN_POINT('',(0.E0,0.E0,-5.E-1));
#5800=DIRECTION('',(0.E0,0.E0,1.E0));
#5801=DIRECTION('',(1.E0,0.E0,0.E0));
#5802=AXIS2_PLACEMENT_3D('',#5799,#5800,#5801);
#5803=PLANE('',#5802);
#5804=ORIENTED_EDGE('',*,*,#4333,.F.);
#5806=ORIENTED_EDGE('',*,*,#5805,.F.);
#5807=ORIENTED_EDGE('',*,*,#4427,.T.);
#5809=ORIENTED_EDGE('',*,*,#5808,.F.);
#5810=EDGE_LOOP('',(#5804,#5806,#5807,#5809));
#5811=FACE_OUTER_BOUND('',#5810,.F.);
#5813=CARTESIAN_POINT('',(0.E0,0.E0,-5.E-1));
#5814=DIRECTION('',(0.E0,0.E0,1.E0));
#5815=DIRECTION('',(1.E0,0.E0,0.E0));
#5816=AXIS2_PLACEMENT_3D('',#5813,#5814,#5815);
#5817=PLANE('',#5816);
#5819=ORIENTED_EDGE('',*,*,#5818,.F.);
#5820=ORIENTED_EDGE('',*,*,#3705,.F.);
#5822=ORIENTED_EDGE('',*,*,#5821,.F.);
#5823=ORIENTED_EDGE('',*,*,#3889,.T.);
#5824=EDGE_LOOP('',(#5819,#5820,#5822,#5823));
#5825=FACE_OUTER_BOUND('',#5824,.F.);
#5827=CARTESIAN_POINT('',(0.E0,0.E0,-5.E-1));
#5828=DIRECTION('',(0.E0,0.E0,1.E0));
#5829=DIRECTION('',(1.E0,0.E0,0.E0));
#5830=AXIS2_PLACEMENT_3D('',#5827,#5828,#5829);
#5831=PLANE('',#5830);
#5833=ORIENTED_EDGE('',*,*,#5832,.F.);
#5834=ORIENTED_EDGE('',*,*,#3896,.T.);
#5836=ORIENTED_EDGE('',*,*,#5835,.F.);
#5837=ORIENTED_EDGE('',*,*,#3698,.F.);
#5838=EDGE_LOOP('',(#5833,#5834,#5836,#5837));
#5839=FACE_OUTER_BOUND('',#5838,.F.);
#5841=CARTESIAN_POINT('',(0.E0,0.E0,-5.E-1));
#5842=DIRECTION('',(0.E0,0.E0,1.E0));
#5843=DIRECTION('',(1.E0,0.E0,0.E0));
#5844=AXIS2_PLACEMENT_3D('',#5841,#5842,#5843);
#5845=PLANE('',#5844);
#5846=ORIENTED_EDGE('',*,*,#5696,.F.);
#5847=ORIENTED_EDGE('',*,*,#5508,.F.);
#5849=ORIENTED_EDGE('',*,*,#5848,.F.);
#5850=ORIENTED_EDGE('',*,*,#5574,.T.);
#5851=EDGE_LOOP('',(#5846,#5847,#5849,#5850));
#5852=FACE_OUTER_BOUND('',#5851,.F.);
#5854=CARTESIAN_POINT('',(0.E0,0.E0,-5.E-1));
#5855=DIRECTION('',(0.E0,0.E0,1.E0));
#5856=DIRECTION('',(1.E0,0.E0,0.E0));
#5857=AXIS2_PLACEMENT_3D('',#5854,#5855,#5856);
#5858=PLANE('',#5857);
#5860=ORIENTED_EDGE('',*,*,#5859,.F.);
#5861=ORIENTED_EDGE('',*,*,#5581,.T.);
#5863=ORIENTED_EDGE('',*,*,#5862,.F.);
#5864=ORIENTED_EDGE('',*,*,#5501,.F.);
#5865=EDGE_LOOP('',(#5860,#5861,#5863,#5864));
#5866=FACE_OUTER_BOUND('',#5865,.F.);
#5868=CARTESIAN_POINT('',(0.E0,0.E0,-5.E-1));
#5869=DIRECTION('',(0.E0,0.E0,1.E0));
#5870=DIRECTION('',(1.E0,0.E0,0.E0));
#5871=AXIS2_PLACEMENT_3D('',#5868,#5869,#5870);
#5872=PLANE('',#5871);
#5874=ORIENTED_EDGE('',*,*,#5873,.F.);
#5875=ORIENTED_EDGE('',*,*,#4347,.F.);
#5877=ORIENTED_EDGE('',*,*,#5876,.F.);
#5878=ORIENTED_EDGE('',*,*,#4413,.T.);
#5879=EDGE_LOOP('',(#5874,#5875,#5877,#5878));
#5880=FACE_OUTER_BOUND('',#5879,.F.);
#5882=CARTESIAN_POINT('',(0.E0,0.E0,-5.E-1));
#5883=DIRECTION('',(0.E0,0.E0,1.E0));
#5884=DIRECTION('',(1.E0,0.E0,0.E0));
#5885=AXIS2_PLACEMENT_3D('',#5882,#5883,#5884);
#5886=PLANE('',#5885);
#5888=ORIENTED_EDGE('',*,*,#5887,.F.);
#5889=ORIENTED_EDGE('',*,*,#4420,.T.);
#5891=ORIENTED_EDGE('',*,*,#5890,.F.);
#5892=ORIENTED_EDGE('',*,*,#4340,.F.);
#5893=EDGE_LOOP('',(#5888,#5889,#5891,#5892));
#5894=FACE_OUTER_BOUND('',#5893,.F.);
#5896=CARTESIAN_POINT('',(0.E0,0.E0,-5.E-1));
#5897=DIRECTION('',(0.E0,0.E0,1.E0));
#5898=DIRECTION('',(1.E0,0.E0,0.E0));
#5899=AXIS2_PLACEMENT_3D('',#5896,#5897,#5898);
#5900=PLANE('',#5899);
#5902=ORIENTED_EDGE('',*,*,#5901,.F.);
#5903=ORIENTED_EDGE('',*,*,#4185,.F.);
#5905=ORIENTED_EDGE('',*,*,#5904,.F.);
#5906=ORIENTED_EDGE('',*,*,#4059,.T.);
#5907=EDGE_LOOP('',(#5902,#5903,#5905,#5906));
#5908=FACE_OUTER_BOUND('',#5907,.F.);
#5910=CARTESIAN_POINT('',(0.E0,0.E0,-5.E-1));
#5911=DIRECTION('',(0.E0,0.E0,1.E0));
#5912=DIRECTION('',(1.E0,0.E0,0.E0));
#5913=AXIS2_PLACEMENT_3D('',#5910,#5911,#5912);
#5914=PLANE('',#5913);
#5916=ORIENTED_EDGE('',*,*,#5915,.F.);
#5917=ORIENTED_EDGE('',*,*,#4066,.T.);
#5919=ORIENTED_EDGE('',*,*,#5918,.F.);
#5920=ORIENTED_EDGE('',*,*,#4178,.F.);
#5921=EDGE_LOOP('',(#5916,#5917,#5919,#5920));
#5922=FACE_OUTER_BOUND('',#5921,.F.);
#5924=CARTESIAN_POINT('',(-1.2905E1,1.05E1,0.E0));
#5925=DIRECTION('',(0.E0,1.E0,0.E0));
#5926=DIRECTION('',(-1.E0,0.E0,0.E0));
#5927=AXIS2_PLACEMENT_3D('',#5924,#5925,#5926);
#5928=PLANE('',#5927);
#5929=ORIENTED_EDGE('',*,*,#3403,.T.);
#5930=ORIENTED_EDGE('',*,*,#3911,.T.);
#5931=ORIENTED_EDGE('',*,*,#5708,.T.);
#5932=ORIENTED_EDGE('',*,*,#3683,.F.);
#5933=EDGE_LOOP('',(#5929,#5930,#5931,#5932));
#5934=FACE_OUTER_BOUND('',#5933,.F.);
#5936=CARTESIAN_POINT('',(-1.3105E1,7.5E0,0.E0));
#5937=DIRECTION('',(0.E0,-1.E0,0.E0));
#5938=DIRECTION('',(1.E0,0.E0,0.E0));
#5939=AXIS2_PLACEMENT_3D('',#5936,#5937,#5938);
#5940=PLANE('',#5939);
#5941=ORIENTED_EDGE('',*,*,#3533,.F.);
#5942=ORIENTED_EDGE('',*,*,#3687,.T.);
#5943=ORIENTED_EDGE('',*,*,#5711,.T.);
#5944=ORIENTED_EDGE('',*,*,#3907,.F.);
#5945=EDGE_LOOP('',(#5941,#5942,#5943,#5944));
#5946=FACE_OUTER_BOUND('',#5945,.F.);
#5948=CARTESIAN_POINT('',(-1.2905E1,4.5E0,0.E0));
#5949=DIRECTION('',(0.E0,1.E0,0.E0));
#5950=DIRECTION('',(-1.E0,0.E0,0.E0));
#5951=AXIS2_PLACEMENT_3D('',#5948,#5949,#5950);
#5952=PLANE('',#5951);
#5953=ORIENTED_EDGE('',*,*,#3537,.T.);
#5954=ORIENTED_EDGE('',*,*,#3904,.T.);
#5955=ORIENTED_EDGE('',*,*,#5722,.T.);
#5956=ORIENTED_EDGE('',*,*,#3690,.F.);
#5957=EDGE_LOOP('',(#5953,#5954,#5955,#5956));
#5958=FACE_OUTER_BOUND('',#5957,.F.);
#5960=CARTESIAN_POINT('',(-1.05E1,-1.2905E1,0.E0));
#5961=DIRECTION('',(-1.E0,0.E0,0.E0));
#5962=DIRECTION('',(0.E0,-1.E0,0.E0));
#5963=AXIS2_PLACEMENT_3D('',#5960,#5961,#5962);
#5964=PLANE('',#5963);
#5965=ORIENTED_EDGE('',*,*,#3429,.T.);
#5966=ORIENTED_EDGE('',*,*,#4082,.T.);
#5967=ORIENTED_EDGE('',*,*,#5735,.T.);
#5968=ORIENTED_EDGE('',*,*,#4162,.F.);
#5969=EDGE_LOOP('',(#5965,#5966,#5967,#5968));
#5970=FACE_OUTER_BOUND('',#5969,.F.);
#5972=CARTESIAN_POINT('',(-7.5E0,-1.3105E1,0.E0));
#5973=DIRECTION('',(1.E0,0.E0,0.E0));
#5974=DIRECTION('',(0.E0,1.E0,0.E0));
#5975=AXIS2_PLACEMENT_3D('',#5972,#5973,#5974);
#5976=PLANE('',#5975);
#5977=ORIENTED_EDGE('',*,*,#3549,.F.);
#5978=ORIENTED_EDGE('',*,*,#4166,.T.);
#5979=ORIENTED_EDGE('',*,*,#5738,.T.);
#5980=ORIENTED_EDGE('',*,*,#4078,.F.);
#5981=EDGE_LOOP('',(#5977,#5978,#5979,#5980));
#5982=FACE_OUTER_BOUND('',#5981,.F.);
#5984=CARTESIAN_POINT('',(-4.5E0,-1.2905E1,0.E0));
#5985=DIRECTION('',(-1.E0,0.E0,0.E0));
#5986=DIRECTION('',(0.E0,-1.E0,0.E0));
#5987=AXIS2_PLACEMENT_3D('',#5984,#5985,#5986);
#5988=PLANE('',#5987);
#5989=ORIENTED_EDGE('',*,*,#3553,.T.);
#5990=ORIENTED_EDGE('',*,*,#4075,.T.);
#5991=ORIENTED_EDGE('',*,*,#5749,.T.);
#5992=ORIENTED_EDGE('',*,*,#4169,.F.);
#5993=EDGE_LOOP('',(#5989,#5990,#5991,#5992));
#5994=FACE_OUTER_BOUND('',#5993,.F.);
#5996=CARTESIAN_POINT('',(-1.5E0,-1.3105E1,0.E0));
#5997=DIRECTION('',(1.E0,0.E0,0.E0));
#5998=DIRECTION('',(0.E0,1.E0,0.E0));
#5999=AXIS2_PLACEMENT_3D('',#5996,#5997,#5998);
#6000=PLANE('',#5999);
#6001=ORIENTED_EDGE('',*,*,#3515,.F.);
#6002=ORIENTED_EDGE('',*,*,#4173,.T.);
#6003=ORIENTED_EDGE('',*,*,#5752,.T.);
#6004=ORIENTED_EDGE('',*,*,#4071,.F.);
#6005=EDGE_LOOP('',(#6001,#6002,#6003,#6004));
#6006=FACE_OUTER_BOUND('',#6005,.F.);
#6008=CARTESIAN_POINT('',(1.2905E1,-1.05E1,0.E0));
#6009=DIRECTION('',(0.E0,-1.E0,0.E0));
#6010=DIRECTION('',(1.E0,0.E0,0.E0));
#6011=AXIS2_PLACEMENT_3D('',#6008,#6009,#6010);
#6012=PLANE('',#6011);
#6013=ORIENTED_EDGE('',*,*,#3479,.T.);
#6014=ORIENTED_EDGE('',*,*,#5597,.T.);
#6015=ORIENTED_EDGE('',*,*,#5763,.T.);
#6016=ORIENTED_EDGE('',*,*,#5485,.F.);
#6017=EDGE_LOOP('',(#6013,#6014,#6015,#6016));
#6018=FACE_OUTER_BOUND('',#6017,.F.);
#6020=CARTESIAN_POINT('',(1.3105E1,-7.5E0,0.E0));
#6021=DIRECTION('',(0.E0,1.E0,0.E0));
#6022=DIRECTION('',(-1.E0,0.E0,0.E0));
#6023=AXIS2_PLACEMENT_3D('',#6020,#6021,#6022);
#6024=PLANE('',#6023);
#6025=ORIENTED_EDGE('',*,*,#3565,.F.);
#6026=ORIENTED_EDGE('',*,*,#5489,.T.);
#6027=ORIENTED_EDGE('',*,*,#5766,.T.);
#6028=ORIENTED_EDGE('',*,*,#5593,.F.);
#6029=EDGE_LOOP('',(#6025,#6026,#6027,#6028));
#6030=FACE_OUTER_BOUND('',#6029,.F.);
#6032=CARTESIAN_POINT('',(1.2905E1,-4.5E0,0.E0));
#6033=DIRECTION('',(0.E0,-1.E0,0.E0));
#6034=DIRECTION('',(1.E0,0.E0,0.E0));
#6035=AXIS2_PLACEMENT_3D('',#6032,#6033,#6034);
#6036=PLANE('',#6035);
#6037=ORIENTED_EDGE('',*,*,#3569,.T.);
#6038=ORIENTED_EDGE('',*,*,#5590,.T.);
#6039=ORIENTED_EDGE('',*,*,#5777,.T.);
#6040=ORIENTED_EDGE('',*,*,#5492,.F.);
#6041=EDGE_LOOP('',(#6037,#6038,#6039,#6040));
#6042=FACE_OUTER_BOUND('',#6041,.F.);
#6044=CARTESIAN_POINT('',(1.3105E1,-1.5E0,0.E0));
#6045=DIRECTION('',(0.E0,1.E0,0.E0));
#6046=DIRECTION('',(-1.E0,0.E0,0.E0));
#6047=AXIS2_PLACEMENT_3D('',#6044,#6045,#6046);
#6048=PLANE('',#6047);
#6049=ORIENTED_EDGE('',*,*,#3467,.F.);
#6050=ORIENTED_EDGE('',*,*,#5496,.T.);
#6051=ORIENTED_EDGE('',*,*,#5780,.T.);
#6052=ORIENTED_EDGE('',*,*,#5586,.F.);
#6053=EDGE_LOOP('',(#6049,#6050,#6051,#6052));
#6054=FACE_OUTER_BOUND('',#6053,.F.);
#6056=CARTESIAN_POINT('',(1.05E1,1.2905E1,0.E0));
#6057=DIRECTION('',(1.E0,0.E0,0.E0));
#6058=DIRECTION('',(0.E0,1.E0,0.E0));
#6059=AXIS2_PLACEMENT_3D('',#6056,#6057,#6058);
#6060=PLANE('',#6059);
#6061=ORIENTED_EDGE('',*,*,#3449,.T.);
#6062=ORIENTED_EDGE('',*,*,#4436,.T.);
#6063=ORIENTED_EDGE('',*,*,#5791,.T.);
#6064=ORIENTED_EDGE('',*,*,#4324,.F.);
#6065=EDGE_LOOP('',(#6061,#6062,#6063,#6064));
#6066=FACE_OUTER_BOUND('',#6065,.F.);
#6068=CARTESIAN_POINT('',(7.5E0,1.3105E1,0.E0));
#6069=DIRECTION('',(-1.E0,0.E0,0.E0));
#6070=DIRECTION('',(0.E0,-1.E0,0.E0));
#6071=AXIS2_PLACEMENT_3D('',#6068,#6069,#6070);
#6072=PLANE('',#6071);
#6073=ORIENTED_EDGE('',*,*,#3581,.F.);
#6074=ORIENTED_EDGE('',*,*,#4328,.T.);
#6075=ORIENTED_EDGE('',*,*,#5794,.T.);
#6076=ORIENTED_EDGE('',*,*,#4432,.F.);
#6077=EDGE_LOOP('',(#6073,#6074,#6075,#6076));
#6078=FACE_OUTER_BOUND('',#6077,.F.);
#6080=CARTESIAN_POINT('',(4.5E0,1.2905E1,0.E0));
#6081=DIRECTION('',(1.E0,0.E0,0.E0));
#6082=DIRECTION('',(0.E0,1.E0,0.E0));
#6083=AXIS2_PLACEMENT_3D('',#6080,#6081,#6082);
#6084=PLANE('',#6083);
#6085=ORIENTED_EDGE('',*,*,#3585,.T.);
#6086=ORIENTED_EDGE('',*,*,#4429,.T.);
#6087=ORIENTED_EDGE('',*,*,#5805,.T.);
#6088=ORIENTED_EDGE('',*,*,#4331,.F.);
#6089=EDGE_LOOP('',(#6085,#6086,#6087,#6088));
#6090=FACE_OUTER_BOUND('',#6089,.F.);
#6092=CARTESIAN_POINT('',(1.5E0,1.3105E1,0.E0));
#6093=DIRECTION('',(-1.E0,0.E0,0.E0));
#6094=DIRECTION('',(0.E0,-1.E0,0.E0));
#6095=AXIS2_PLACEMENT_3D('',#6092,#6093,#6094);
#6096=PLANE('',#6095);
#6097=ORIENTED_EDGE('',*,*,#3503,.F.);
#6098=ORIENTED_EDGE('',*,*,#4335,.T.);
#6099=ORIENTED_EDGE('',*,*,#5808,.T.);
#6100=ORIENTED_EDGE('',*,*,#4425,.F.);
#6101=EDGE_LOOP('',(#6097,#6098,#6099,#6100));
#6102=FACE_OUTER_BOUND('',#6101,.F.);
#6104=CARTESIAN_POINT('',(-1.3105E1,-1.05E1,0.E0));
#6105=DIRECTION('',(0.E0,-1.E0,0.E0));
#6106=DIRECTION('',(1.E0,0.E0,0.E0));
#6107=AXIS2_PLACEMENT_3D('',#6104,#6105,#6106);
#6108=PLANE('',#6107);
#6109=ORIENTED_EDGE('',*,*,#3423,.F.);
#6110=ORIENTED_EDGE('',*,*,#3707,.T.);
#6111=ORIENTED_EDGE('',*,*,#5818,.T.);
#6112=ORIENTED_EDGE('',*,*,#3887,.F.);
#6113=EDGE_LOOP('',(#6109,#6110,#6111,#6112));
#6114=FACE_OUTER_BOUND('',#6113,.F.);
#6116=CARTESIAN_POINT('',(-1.2905E1,-7.5E0,0.E0));
#6117=DIRECTION('',(0.E0,1.E0,0.E0));
#6118=DIRECTION('',(-1.E0,0.E0,0.E0));
#6119=AXIS2_PLACEMENT_3D('',#6116,#6117,#6118);
#6120=PLANE('',#6119);
#6121=ORIENTED_EDGE('',*,*,#3595,.T.);
#6122=ORIENTED_EDGE('',*,*,#3891,.T.);
#6123=ORIENTED_EDGE('',*,*,#5821,.T.);
#6124=ORIENTED_EDGE('',*,*,#3703,.F.);
#6125=EDGE_LOOP('',(#6121,#6122,#6123,#6124));
#6126=FACE_OUTER_BOUND('',#6125,.F.);
#6128=CARTESIAN_POINT('',(-1.2905E1,-1.5E0,0.E0));
#6129=DIRECTION('',(0.E0,1.E0,0.E0));
#6130=DIRECTION('',(-1.E0,0.E0,0.E0));
#6131=AXIS2_PLACEMENT_3D('',#6128,#6129,#6130);
#6132=PLANE('',#6131);
#6133=ORIENTED_EDGE('',*,*,#3391,.T.);
#6134=ORIENTED_EDGE('',*,*,#3898,.T.);
#6135=ORIENTED_EDGE('',*,*,#5832,.T.);
#6136=ORIENTED_EDGE('',*,*,#3696,.F.);
#6137=EDGE_LOOP('',(#6133,#6134,#6135,#6136));
#6138=FACE_OUTER_BOUND('',#6137,.F.);
#6140=CARTESIAN_POINT('',(-1.3105E1,-4.5E0,0.E0));
#6141=DIRECTION('',(0.E0,-1.E0,0.E0));
#6142=DIRECTION('',(1.E0,0.E0,0.E0));
#6143=AXIS2_PLACEMENT_3D('',#6140,#6141,#6142);
#6144=PLANE('',#6143);
#6145=ORIENTED_EDGE('',*,*,#3599,.F.);
#6146=ORIENTED_EDGE('',*,*,#3700,.T.);
#6147=ORIENTED_EDGE('',*,*,#5835,.T.);
#6148=ORIENTED_EDGE('',*,*,#3894,.F.);
#6149=EDGE_LOOP('',(#6145,#6146,#6147,#6148));
#6150=FACE_OUTER_BOUND('',#6149,.F.);
#6152=CARTESIAN_POINT('',(1.2905E1,7.5E0,0.E0));
#6153=DIRECTION('',(0.E0,-1.E0,0.E0));
#6154=DIRECTION('',(1.E0,0.E0,0.E0));
#6155=AXIS2_PLACEMENT_3D('',#6152,#6153,#6154);
#6156=PLANE('',#6155);
#6157=ORIENTED_EDGE('',*,*,#3611,.T.);
#6158=ORIENTED_EDGE('',*,*,#5576,.T.);
#6159=ORIENTED_EDGE('',*,*,#5848,.T.);
#6160=ORIENTED_EDGE('',*,*,#5506,.F.);
#6161=EDGE_LOOP('',(#6157,#6158,#6159,#6160));
#6162=FACE_OUTER_BOUND('',#6161,.F.);
#6164=CARTESIAN_POINT('',(1.2905E1,1.5E0,0.E0));
#6165=DIRECTION('',(0.E0,-1.E0,0.E0));
#6166=DIRECTION('',(1.E0,0.E0,0.E0));
#6167=AXIS2_PLACEMENT_3D('',#6164,#6165,#6166);
#6168=PLANE('',#6167);
#6169=ORIENTED_EDGE('',*,*,#3463,.T.);
#6170=ORIENTED_EDGE('',*,*,#5583,.T.);
#6171=ORIENTED_EDGE('',*,*,#5859,.T.);
#6172=ORIENTED_EDGE('',*,*,#5499,.F.);
#6173=EDGE_LOOP('',(#6169,#6170,#6171,#6172));
#6174=FACE_OUTER_BOUND('',#6173,.F.);
#6176=CARTESIAN_POINT('',(1.3105E1,4.5E0,0.E0));
#6177=DIRECTION('',(0.E0,1.E0,0.E0));
#6178=DIRECTION('',(-1.E0,0.E0,0.E0));
#6179=AXIS2_PLACEMENT_3D('',#6176,#6177,#6178);
#6180=PLANE('',#6179);
#6181=ORIENTED_EDGE('',*,*,#3615,.F.);
#6182=ORIENTED_EDGE('',*,*,#5503,.T.);
#6183=ORIENTED_EDGE('',*,*,#5862,.T.);
#6184=ORIENTED_EDGE('',*,*,#5579,.F.);
#6185=EDGE_LOOP('',(#6181,#6182,#6183,#6184));
#6186=FACE_OUTER_BOUND('',#6185,.F.);
#6188=CARTESIAN_POINT('',(-1.05E1,1.3105E1,0.E0));
#6189=DIRECTION('',(-1.E0,0.E0,0.E0));
#6190=DIRECTION('',(0.E0,-1.E0,0.E0));
#6191=AXIS2_PLACEMENT_3D('',#6188,#6189,#6190);
#6192=PLANE('',#6191);
#6193=ORIENTED_EDGE('',*,*,#3409,.F.);
#6194=ORIENTED_EDGE('',*,*,#4349,.T.);
#6195=ORIENTED_EDGE('',*,*,#5873,.T.);
#6196=ORIENTED_EDGE('',*,*,#4411,.F.);
#6197=EDGE_LOOP('',(#6193,#6194,#6195,#6196));
#6198=FACE_OUTER_BOUND('',#6197,.F.);
#6200=CARTESIAN_POINT('',(-7.5E0,1.2905E1,0.E0));
#6201=DIRECTION('',(1.E0,0.E0,0.E0));
#6202=DIRECTION('',(0.E0,1.E0,0.E0));
#6203=AXIS2_PLACEMENT_3D('',#6200,#6201,#6202);
#6204=PLANE('',#6203);
#6205=ORIENTED_EDGE('',*,*,#3627,.T.);
#6206=ORIENTED_EDGE('',*,*,#4415,.T.);
#6207=ORIENTED_EDGE('',*,*,#5876,.T.);
#6208=ORIENTED_EDGE('',*,*,#4345,.F.);
#6209=EDGE_LOOP('',(#6205,#6206,#6207,#6208));
#6210=FACE_OUTER_BOUND('',#6209,.F.);
#6212=CARTESIAN_POINT('',(-1.5E0,1.2905E1,0.E0));
#6213=DIRECTION('',(1.E0,0.E0,0.E0));
#6214=DIRECTION('',(0.E0,1.E0,0.E0));
#6215=AXIS2_PLACEMENT_3D('',#6212,#6213,#6214);
#6216=PLANE('',#6215);
#6217=ORIENTED_EDGE('',*,*,#3499,.T.);
#6218=ORIENTED_EDGE('',*,*,#4422,.T.);
#6219=ORIENTED_EDGE('',*,*,#5887,.T.);
#6220=ORIENTED_EDGE('',*,*,#4338,.F.);
#6221=EDGE_LOOP('',(#6217,#6218,#6219,#6220));
#6222=FACE_OUTER_BOUND('',#6221,.F.);
#6224=CARTESIAN_POINT('',(-4.5E0,1.3105E1,0.E0));
#6225=DIRECTION('',(-1.E0,0.E0,0.E0));
#6226=DIRECTION('',(0.E0,-1.E0,0.E0));
#6227=AXIS2_PLACEMENT_3D('',#6224,#6225,#6226);
#6228=PLANE('',#6227);
#6229=ORIENTED_EDGE('',*,*,#3631,.F.);
#6230=ORIENTED_EDGE('',*,*,#4342,.T.);
#6231=ORIENTED_EDGE('',*,*,#5890,.T.);
#6232=ORIENTED_EDGE('',*,*,#4418,.F.);
#6233=EDGE_LOOP('',(#6229,#6230,#6231,#6232));
#6234=FACE_OUTER_BOUND('',#6233,.F.);
#6236=CARTESIAN_POINT('',(1.05E1,-1.3105E1,0.E0));
#6237=DIRECTION('',(1.E0,0.E0,0.E0));
#6238=DIRECTION('',(0.E0,1.E0,0.E0));
#6239=AXIS2_PLACEMENT_3D('',#6236,#6237,#6238);
#6240=PLANE('',#6239);
#6241=ORIENTED_EDGE('',*,*,#3485,.F.);
#6242=ORIENTED_EDGE('',*,*,#4187,.T.);
#6243=ORIENTED_EDGE('',*,*,#5901,.T.);
#6244=ORIENTED_EDGE('',*,*,#4057,.F.);
#6245=EDGE_LOOP('',(#6241,#6242,#6243,#6244));
#6246=FACE_OUTER_BOUND('',#6245,.F.);
#6248=CARTESIAN_POINT('',(7.5E0,-1.2905E1,0.E0));
#6249=DIRECTION('',(-1.E0,0.E0,0.E0));
#6250=DIRECTION('',(0.E0,-1.E0,0.E0));
#6251=AXIS2_PLACEMENT_3D('',#6248,#6249,#6250);
#6252=PLANE('',#6251);
#6253=ORIENTED_EDGE('',*,*,#3643,.T.);
#6254=ORIENTED_EDGE('',*,*,#4061,.T.);
#6255=ORIENTED_EDGE('',*,*,#5904,.T.);
#6256=ORIENTED_EDGE('',*,*,#4183,.F.);
#6257=EDGE_LOOP('',(#6253,#6254,#6255,#6256));
#6258=FACE_OUTER_BOUND('',#6257,.F.);
#6260=CARTESIAN_POINT('',(1.5E0,-1.2905E1,0.E0));
#6261=DIRECTION('',(-1.E0,0.E0,0.E0));
#6262=DIRECTION('',(0.E0,-1.E0,0.E0));
#6263=AXIS2_PLACEMENT_3D('',#6260,#6261,#6262);
#6264=PLANE('',#6263);
#6265=ORIENTED_EDGE('',*,*,#3519,.T.);
#6266=ORIENTED_EDGE('',*,*,#4068,.T.);
#6267=ORIENTED_EDGE('',*,*,#5915,.T.);
#6268=ORIENTED_EDGE('',*,*,#4176,.F.);
#6269=EDGE_LOOP('',(#6265,#6266,#6267,#6268));
#6270=FACE_OUTER_BOUND('',#6269,.F.);
#6272=CARTESIAN_POINT('',(4.5E0,-1.3105E1,0.E0));
#6273=DIRECTION('',(1.E0,0.E0,0.E0));
#6274=DIRECTION('',(0.E0,1.E0,0.E0));
#6275=AXIS2_PLACEMENT_3D('',#6272,#6273,#6274);
#6276=PLANE('',#6275);
#6277=ORIENTED_EDGE('',*,*,#3647,.F.);
#6278=ORIENTED_EDGE('',*,*,#4180,.T.);
#6279=ORIENTED_EDGE('',*,*,#5918,.T.);
#6280=ORIENTED_EDGE('',*,*,#4064,.F.);
#6281=EDGE_LOOP('',(#6277,#6278,#6279,#6280));
#6282=FACE_OUTER_BOUND('',#6281,.F.);
#6284=CARTESIAN_POINT('',(1.3105E1,-1.02E1,-4.33E0));
#6285=DIRECTION('',(0.E0,0.E0,-1.E0));
#6286=DIRECTION('',(0.E0,1.E0,0.E0));
#6287=AXIS2_PLACEMENT_3D('',#6284,#6285,#6286);
#6288=PLANE('',#6287);
#6289=ORIENTED_EDGE('',*,*,#3728,.T.);
#6291=ORIENTED_EDGE('',*,*,#6290,.F.);
#6292=ORIENTED_EDGE('',*,*,#3924,.F.);
#6294=ORIENTED_EDGE('',*,*,#6293,.T.);
#6295=EDGE_LOOP('',(#6289,#6291,#6292,#6294));
#6296=FACE_OUTER_BOUND('',#6295,.F.);
#6298=CARTESIAN_POINT('',(1.3105E1,-1.02E1,-4.33E0));
#6299=DIRECTION('',(0.E0,0.E0,-1.E0));
#6300=DIRECTION('',(0.E0,1.E0,0.E0));
#6301=AXIS2_PLACEMENT_3D('',#6298,#6299,#6300);
#6302=PLANE('',#6301);
#6303=ORIENTED_EDGE('',*,*,#5522,.F.);
#6305=ORIENTED_EDGE('',*,*,#6304,.T.);
#6306=ORIENTED_EDGE('',*,*,#5612,.T.);
#6308=ORIENTED_EDGE('',*,*,#6307,.F.);
#6309=EDGE_LOOP('',(#6303,#6305,#6306,#6308));
#6310=FACE_OUTER_BOUND('',#6309,.F.);
#6312=CARTESIAN_POINT('',(1.3105E1,-9.8E0,-3.98E0));
#6313=DIRECTION('',(1.E0,0.E0,0.E0));
#6314=DIRECTION('',(0.E0,-1.E0,0.E0));
#6315=AXIS2_PLACEMENT_3D('',#6312,#6313,#6314);
#6316=CYLINDRICAL_SURFACE('',#6315,3.5E-1);
#6317=ORIENTED_EDGE('',*,*,#3734,.T.);
#6319=ORIENTED_EDGE('',*,*,#6318,.F.);
#6320=ORIENTED_EDGE('',*,*,#3926,.F.);
#6321=ORIENTED_EDGE('',*,*,#6290,.T.);
#6322=EDGE_LOOP('',(#6317,#6319,#6320,#6321));
#6323=FACE_OUTER_BOUND('',#6322,.F.);
#6325=CARTESIAN_POINT('',(1.3105E1,-9.8E0,-3.98E0));
#6326=DIRECTION('',(1.E0,0.E0,0.E0));
#6327=DIRECTION('',(0.E0,-1.E0,0.E0));
#6328=AXIS2_PLACEMENT_3D('',#6325,#6326,#6327);
#6329=CYLINDRICAL_SURFACE('',#6328,3.5E-1);
#6330=ORIENTED_EDGE('',*,*,#5524,.F.);
#6331=ORIENTED_EDGE('',*,*,#6307,.T.);
#6332=ORIENTED_EDGE('',*,*,#5618,.T.);
#6334=ORIENTED_EDGE('',*,*,#6333,.F.);
#6335=EDGE_LOOP('',(#6330,#6331,#6332,#6334));
#6336=FACE_OUTER_BOUND('',#6335,.F.);
#6338=CARTESIAN_POINT('',(1.3105E1,-9.8E0,-3.63E0));
#6339=DIRECTION('',(0.E0,0.E0,1.E0));
#6340=DIRECTION('',(0.E0,-1.E0,0.E0));
#6341=AXIS2_PLACEMENT_3D('',#6338,#6339,#6340);
#6342=PLANE('',#6341);
#6343=ORIENTED_EDGE('',*,*,#3732,.T.);
#6345=ORIENTED_EDGE('',*,*,#6344,.F.);
#6346=ORIENTED_EDGE('',*,*,#3928,.F.);
#6347=ORIENTED_EDGE('',*,*,#6318,.T.);
#6348=EDGE_LOOP('',(#6343,#6345,#6346,#6347));
#6349=FACE_OUTER_BOUND('',#6348,.F.);
#6351=CARTESIAN_POINT('',(1.3105E1,-9.8E0,-3.63E0));
#6352=DIRECTION('',(0.E0,0.E0,1.E0));
#6353=DIRECTION('',(0.E0,-1.E0,0.E0));
#6354=AXIS2_PLACEMENT_3D('',#6351,#6352,#6353);
#6355=PLANE('',#6354);
#6356=ORIENTED_EDGE('',*,*,#5526,.F.);
#6357=ORIENTED_EDGE('',*,*,#6333,.T.);
#6358=ORIENTED_EDGE('',*,*,#5616,.T.);
#6360=ORIENTED_EDGE('',*,*,#6359,.F.);
#6361=EDGE_LOOP('',(#6356,#6357,#6358,#6360));
#6362=FACE_OUTER_BOUND('',#6361,.F.);
#6364=CARTESIAN_POINT('',(1.3105E1,-1.02E1,-3.98E0));
#6365=DIRECTION('',(1.E0,0.E0,0.E0));
#6366=DIRECTION('',(0.E0,-1.E0,0.E0));
#6367=AXIS2_PLACEMENT_3D('',#6364,#6365,#6366);
#6368=CYLINDRICAL_SURFACE('',#6367,3.5E-1);
#6369=ORIENTED_EDGE('',*,*,#3730,.T.);
#6370=ORIENTED_EDGE('',*,*,#6293,.F.);
#6371=ORIENTED_EDGE('',*,*,#3930,.F.);
#6372=ORIENTED_EDGE('',*,*,#6344,.T.);
#6373=EDGE_LOOP('',(#6369,#6370,#6371,#6372));
#6374=FACE_OUTER_BOUND('',#6373,.F.);
#6376=CARTESIAN_POINT('',(1.3105E1,-1.02E1,-3.98E0));
#6377=DIRECTION('',(1.E0,0.E0,0.E0));
#6378=DIRECTION('',(0.E0,-1.E0,0.E0));
#6379=AXIS2_PLACEMENT_3D('',#6376,#6377,#6378);
#6380=CYLINDRICAL_SURFACE('',#6379,3.5E-1);
#6381=ORIENTED_EDGE('',*,*,#5528,.F.);
#6382=ORIENTED_EDGE('',*,*,#6359,.T.);
#6383=ORIENTED_EDGE('',*,*,#5614,.T.);
#6384=ORIENTED_EDGE('',*,*,#6304,.F.);
#6385=EDGE_LOOP('',(#6381,#6382,#6383,#6384));
#6386=FACE_OUTER_BOUND('',#6385,.F.);
#6388=CARTESIAN_POINT('',(1.3105E1,1.02E1,-3.98E0));
#6389=DIRECTION('',(1.E0,0.E0,0.E0));
#6390=DIRECTION('',(0.E0,-1.E0,0.E0));
#6391=AXIS2_PLACEMENT_3D('',#6388,#6389,#6390);
#6392=CYLINDRICAL_SURFACE('',#6391,3.5E-1);
#6393=ORIENTED_EDGE('',*,*,#3738,.T.);
#6395=ORIENTED_EDGE('',*,*,#6394,.F.);
#6396=ORIENTED_EDGE('',*,*,#3934,.F.);
#6398=ORIENTED_EDGE('',*,*,#6397,.T.);
#6399=EDGE_LOOP('',(#6393,#6395,#6396,#6398));
#6400=FACE_OUTER_BOUND('',#6399,.F.);
#6402=CARTESIAN_POINT('',(1.3105E1,1.02E1,-3.98E0));
#6403=DIRECTION('',(1.E0,0.E0,0.E0));
#6404=DIRECTION('',(0.E0,-1.E0,0.E0));
#6405=AXIS2_PLACEMENT_3D('',#6402,#6403,#6404);
#6406=CYLINDRICAL_SURFACE('',#6405,3.5E-1);
#6407=ORIENTED_EDGE('',*,*,#5532,.F.);
#6409=ORIENTED_EDGE('',*,*,#6408,.T.);
#6410=ORIENTED_EDGE('',*,*,#5622,.T.);
#6412=ORIENTED_EDGE('',*,*,#6411,.F.);
#6413=EDGE_LOOP('',(#6407,#6409,#6410,#6412));
#6414=FACE_OUTER_BOUND('',#6413,.F.);
#6416=CARTESIAN_POINT('',(1.3105E1,1.02E1,-3.63E0));
#6417=DIRECTION('',(0.E0,0.E0,1.E0));
#6418=DIRECTION('',(0.E0,-1.E0,0.E0));
#6419=AXIS2_PLACEMENT_3D('',#6416,#6417,#6418);
#6420=PLANE('',#6419);
#6421=ORIENTED_EDGE('',*,*,#3744,.T.);
#6423=ORIENTED_EDGE('',*,*,#6422,.F.);
#6424=ORIENTED_EDGE('',*,*,#3936,.F.);
#6425=ORIENTED_EDGE('',*,*,#6394,.T.);
#6426=EDGE_LOOP('',(#6421,#6423,#6424,#6425));
#6427=FACE_OUTER_BOUND('',#6426,.F.);
#6429=CARTESIAN_POINT('',(1.3105E1,1.02E1,-3.63E0));
#6430=DIRECTION('',(0.E0,0.E0,1.E0));
#6431=DIRECTION('',(0.E0,-1.E0,0.E0));
#6432=AXIS2_PLACEMENT_3D('',#6429,#6430,#6431);
#6433=PLANE('',#6432);
#6434=ORIENTED_EDGE('',*,*,#5534,.F.);
#6435=ORIENTED_EDGE('',*,*,#6411,.T.);
#6436=ORIENTED_EDGE('',*,*,#5628,.T.);
#6438=ORIENTED_EDGE('',*,*,#6437,.F.);
#6439=EDGE_LOOP('',(#6434,#6435,#6436,#6438));
#6440=FACE_OUTER_BOUND('',#6439,.F.);
#6442=CARTESIAN_POINT('',(1.3105E1,9.8E0,-3.98E0));
#6443=DIRECTION('',(1.E0,0.E0,0.E0));
#6444=DIRECTION('',(0.E0,-1.E0,0.E0));
#6445=AXIS2_PLACEMENT_3D('',#6442,#6443,#6444);
#6446=CYLINDRICAL_SURFACE('',#6445,3.5E-1);
#6447=ORIENTED_EDGE('',*,*,#3742,.T.);
#6449=ORIENTED_EDGE('',*,*,#6448,.F.);
#6450=ORIENTED_EDGE('',*,*,#3938,.F.);
#6451=ORIENTED_EDGE('',*,*,#6422,.T.);
#6452=EDGE_LOOP('',(#6447,#6449,#6450,#6451));
#6453=FACE_OUTER_BOUND('',#6452,.F.);
#6455=CARTESIAN_POINT('',(1.3105E1,9.8E0,-3.98E0));
#6456=DIRECTION('',(1.E0,0.E0,0.E0));
#6457=DIRECTION('',(0.E0,-1.E0,0.E0));
#6458=AXIS2_PLACEMENT_3D('',#6455,#6456,#6457);
#6459=CYLINDRICAL_SURFACE('',#6458,3.5E-1);
#6460=ORIENTED_EDGE('',*,*,#5536,.F.);
#6461=ORIENTED_EDGE('',*,*,#6437,.T.);
#6462=ORIENTED_EDGE('',*,*,#5626,.T.);
#6464=ORIENTED_EDGE('',*,*,#6463,.F.);
#6465=EDGE_LOOP('',(#6460,#6461,#6462,#6464));
#6466=FACE_OUTER_BOUND('',#6465,.F.);
#6468=CARTESIAN_POINT('',(1.3105E1,9.8E0,-4.33E0));
#6469=DIRECTION('',(0.E0,0.E0,-1.E0));
#6470=DIRECTION('',(0.E0,1.E0,0.E0));
#6471=AXIS2_PLACEMENT_3D('',#6468,#6469,#6470);
#6472=PLANE('',#6471);
#6473=ORIENTED_EDGE('',*,*,#3740,.T.);
#6474=ORIENTED_EDGE('',*,*,#6397,.F.);
#6475=ORIENTED_EDGE('',*,*,#3940,.F.);
#6476=ORIENTED_EDGE('',*,*,#6448,.T.);
#6477=EDGE_LOOP('',(#6473,#6474,#6475,#6476));
#6478=FACE_OUTER_BOUND('',#6477,.F.);
#6480=CARTESIAN_POINT('',(1.3105E1,9.8E0,-4.33E0));
#6481=DIRECTION('',(0.E0,0.E0,-1.E0));
#6482=DIRECTION('',(0.E0,1.E0,0.E0));
#6483=AXIS2_PLACEMENT_3D('',#6480,#6481,#6482);
#6484=PLANE('',#6483);
#6485=ORIENTED_EDGE('',*,*,#5538,.F.);
#6486=ORIENTED_EDGE('',*,*,#6463,.T.);
#6487=ORIENTED_EDGE('',*,*,#5624,.T.);
#6488=ORIENTED_EDGE('',*,*,#6408,.F.);
#6489=EDGE_LOOP('',(#6485,#6486,#6487,#6488));
#6490=FACE_OUTER_BOUND('',#6489,.F.);
#6492=CARTESIAN_POINT('',(1.02E1,1.3105E1,-4.33E0));
#6493=DIRECTION('',(0.E0,0.E0,-1.E0));
#6494=DIRECTION('',(-1.E0,0.E0,0.E0));
#6495=AXIS2_PLACEMENT_3D('',#6492,#6493,#6494);
#6496=PLANE('',#6495);
#6497=ORIENTED_EDGE('',*,*,#4205,.T.);
#6499=ORIENTED_EDGE('',*,*,#6498,.F.);
#6500=ORIENTED_EDGE('',*,*,#4098,.F.);
#6502=ORIENTED_EDGE('',*,*,#6501,.T.);
#6503=EDGE_LOOP('',(#6497,#6499,#6500,#6502));
#6504=FACE_OUTER_BOUND('',#6503,.F.);
#6506=CARTESIAN_POINT('',(1.02E1,1.3105E1,-4.33E0));
#6507=DIRECTION('',(0.E0,0.E0,-1.E0));
#6508=DIRECTION('',(-1.E0,0.E0,0.E0));
#6509=AXIS2_PLACEMENT_3D('',#6506,#6507,#6508);
#6510=PLANE('',#6509);
#6511=ORIENTED_EDGE('',*,*,#4361,.F.);
#6513=ORIENTED_EDGE('',*,*,#6512,.T.);
#6514=ORIENTED_EDGE('',*,*,#4454,.T.);
#6516=ORIENTED_EDGE('',*,*,#6515,.F.);
#6517=EDGE_LOOP('',(#6511,#6513,#6514,#6516));
#6518=FACE_OUTER_BOUND('',#6517,.F.);
#6520=CARTESIAN_POINT('',(9.8E0,1.3105E1,-3.98E0));
#6521=DIRECTION('',(0.E0,1.E0,0.E0));
#6522=DIRECTION('',(1.E0,0.E0,0.E0));
#6523=AXIS2_PLACEMENT_3D('',#6520,#6521,#6522);
#6524=CYLINDRICAL_SURFACE('',#6523,3.5E-1);
#6525=ORIENTED_EDGE('',*,*,#4211,.T.);
#6527=ORIENTED_EDGE('',*,*,#6526,.F.);
#6528=ORIENTED_EDGE('',*,*,#4100,.F.);
#6529=ORIENTED_EDGE('',*,*,#6498,.T.);
#6530=EDGE_LOOP('',(#6525,#6527,#6528,#6529));
#6531=FACE_OUTER_BOUND('',#6530,.F.);
#6533=CARTESIAN_POINT('',(9.8E0,1.3105E1,-3.98E0));
#6534=DIRECTION('',(0.E0,1.E0,0.E0));
#6535=DIRECTION('',(1.E0,0.E0,0.E0));
#6536=AXIS2_PLACEMENT_3D('',#6533,#6534,#6535);
#6537=CYLINDRICAL_SURFACE('',#6536,3.5E-1);
#6538=ORIENTED_EDGE('',*,*,#4363,.F.);
#6539=ORIENTED_EDGE('',*,*,#6515,.T.);
#6540=ORIENTED_EDGE('',*,*,#4460,.T.);
#6542=ORIENTED_EDGE('',*,*,#6541,.F.);
#6543=EDGE_LOOP('',(#6538,#6539,#6540,#6542));
#6544=FACE_OUTER_BOUND('',#6543,.F.);
#6546=CARTESIAN_POINT('',(9.8E0,1.3105E1,-3.63E0));
#6547=DIRECTION('',(0.E0,0.E0,1.E0));
#6548=DIRECTION('',(1.E0,0.E0,0.E0));
#6549=AXIS2_PLACEMENT_3D('',#6546,#6547,#6548);
#6550=PLANE('',#6549);
#6551=ORIENTED_EDGE('',*,*,#4209,.T.);
#6553=ORIENTED_EDGE('',*,*,#6552,.F.);
#6554=ORIENTED_EDGE('',*,*,#4102,.F.);
#6555=ORIENTED_EDGE('',*,*,#6526,.T.);
#6556=EDGE_LOOP('',(#6551,#6553,#6554,#6555));
#6557=FACE_OUTER_BOUND('',#6556,.F.);
#6559=CARTESIAN_POINT('',(9.8E0,1.3105E1,-3.63E0));
#6560=DIRECTION('',(0.E0,0.E0,1.E0));
#6561=DIRECTION('',(1.E0,0.E0,0.E0));
#6562=AXIS2_PLACEMENT_3D('',#6559,#6560,#6561);
#6563=PLANE('',#6562);
#6564=ORIENTED_EDGE('',*,*,#4365,.F.);
#6565=ORIENTED_EDGE('',*,*,#6541,.T.);
#6566=ORIENTED_EDGE('',*,*,#4458,.T.);
#6568=ORIENTED_EDGE('',*,*,#6567,.F.);
#6569=EDGE_LOOP('',(#6564,#6565,#6566,#6568));
#6570=FACE_OUTER_BOUND('',#6569,.F.);
#6572=CARTESIAN_POINT('',(1.02E1,1.3105E1,-3.98E0));
#6573=DIRECTION('',(0.E0,1.E0,0.E0));
#6574=DIRECTION('',(1.E0,0.E0,0.E0));
#6575=AXIS2_PLACEMENT_3D('',#6572,#6573,#6574);
#6576=CYLINDRICAL_SURFACE('',#6575,3.5E-1);
#6577=ORIENTED_EDGE('',*,*,#4207,.T.);
#6578=ORIENTED_EDGE('',*,*,#6501,.F.);
#6579=ORIENTED_EDGE('',*,*,#4104,.F.);
#6580=ORIENTED_EDGE('',*,*,#6552,.T.);
#6581=EDGE_LOOP('',(#6577,#6578,#6579,#6580));
#6582=FACE_OUTER_BOUND('',#6581,.F.);
#6584=CARTESIAN_POINT('',(1.02E1,1.3105E1,-3.98E0));
#6585=DIRECTION('',(0.E0,1.E0,0.E0));
#6586=DIRECTION('',(1.E0,0.E0,0.E0));
#6587=AXIS2_PLACEMENT_3D('',#6584,#6585,#6586);
#6588=CYLINDRICAL_SURFACE('',#6587,3.5E-1);
#6589=ORIENTED_EDGE('',*,*,#4367,.F.);
#6590=ORIENTED_EDGE('',*,*,#6567,.T.);
#6591=ORIENTED_EDGE('',*,*,#4456,.T.);
#6592=ORIENTED_EDGE('',*,*,#6512,.F.);
#6593=EDGE_LOOP('',(#6589,#6590,#6591,#6592));
#6594=FACE_OUTER_BOUND('',#6593,.F.);
#6596=CARTESIAN_POINT('',(-1.02E1,1.3105E1,-3.98E0));
#6597=DIRECTION('',(0.E0,1.E0,0.E0));
#6598=DIRECTION('',(1.E0,0.E0,0.E0));
#6599=AXIS2_PLACEMENT_3D('',#6596,#6597,#6598);
#6600=CYLINDRICAL_SURFACE('',#6599,3.5E-1);
#6601=ORIENTED_EDGE('',*,*,#4215,.T.);
#6603=ORIENTED_EDGE('',*,*,#6602,.F.);
#6604=ORIENTED_EDGE('',*,*,#4108,.F.);
#6606=ORIENTED_EDGE('',*,*,#6605,.T.);
#6607=EDGE_LOOP('',(#6601,#6603,#6604,#6606));
#6608=FACE_OUTER_BOUND('',#6607,.F.);
#6610=CARTESIAN_POINT('',(-1.02E1,1.3105E1,-3.98E0));
#6611=DIRECTION('',(0.E0,1.E0,0.E0));
#6612=DIRECTION('',(1.E0,0.E0,0.E0));
#6613=AXIS2_PLACEMENT_3D('',#6610,#6611,#6612);
#6614=CYLINDRICAL_SURFACE('',#6613,3.5E-1);
#6615=ORIENTED_EDGE('',*,*,#4371,.F.);
#6617=ORIENTED_EDGE('',*,*,#6616,.T.);
#6618=ORIENTED_EDGE('',*,*,#4464,.T.);
#6620=ORIENTED_EDGE('',*,*,#6619,.F.);
#6621=EDGE_LOOP('',(#6615,#6617,#6618,#6620));
#6622=FACE_OUTER_BOUND('',#6621,.F.);
#6624=CARTESIAN_POINT('',(-1.02E1,1.3105E1,-3.63E0));
#6625=DIRECTION('',(0.E0,0.E0,1.E0));
#6626=DIRECTION('',(1.E0,0.E0,0.E0));
#6627=AXIS2_PLACEMENT_3D('',#6624,#6625,#6626);
#6628=PLANE('',#6627);
#6629=ORIENTED_EDGE('',*,*,#4221,.T.);
#6631=ORIENTED_EDGE('',*,*,#6630,.F.);
#6632=ORIENTED_EDGE('',*,*,#4110,.F.);
#6633=ORIENTED_EDGE('',*,*,#6602,.T.);
#6634=EDGE_LOOP('',(#6629,#6631,#6632,#6633));
#6635=FACE_OUTER_BOUND('',#6634,.F.);
#6637=CARTESIAN_POINT('',(-1.02E1,1.3105E1,-3.63E0));
#6638=DIRECTION('',(0.E0,0.E0,1.E0));
#6639=DIRECTION('',(1.E0,0.E0,0.E0));
#6640=AXIS2_PLACEMENT_3D('',#6637,#6638,#6639);
#6641=PLANE('',#6640);
#6642=ORIENTED_EDGE('',*,*,#4373,.F.);
#6643=ORIENTED_EDGE('',*,*,#6619,.T.);
#6644=ORIENTED_EDGE('',*,*,#4470,.T.);
#6646=ORIENTED_EDGE('',*,*,#6645,.F.);
#6647=EDGE_LOOP('',(#6642,#6643,#6644,#6646));
#6648=FACE_OUTER_BOUND('',#6647,.F.);
#6650=CARTESIAN_POINT('',(-9.8E0,1.3105E1,-3.98E0));
#6651=DIRECTION('',(0.E0,1.E0,0.E0));
#6652=DIRECTION('',(1.E0,0.E0,0.E0));
#6653=AXIS2_PLACEMENT_3D('',#6650,#6651,#6652);
#6654=CYLINDRICAL_SURFACE('',#6653,3.5E-1);
#6655=ORIENTED_EDGE('',*,*,#4219,.T.);
#6657=ORIENTED_EDGE('',*,*,#6656,.F.);
#6658=ORIENTED_EDGE('',*,*,#4112,.F.);
#6659=ORIENTED_EDGE('',*,*,#6630,.T.);
#6660=EDGE_LOOP('',(#6655,#6657,#6658,#6659));
#6661=FACE_OUTER_BOUND('',#6660,.F.);
#6663=CARTESIAN_POINT('',(-9.8E0,1.3105E1,-3.98E0));
#6664=DIRECTION('',(0.E0,1.E0,0.E0));
#6665=DIRECTION('',(1.E0,0.E0,0.E0));
#6666=AXIS2_PLACEMENT_3D('',#6663,#6664,#6665);
#6667=CYLINDRICAL_SURFACE('',#6666,3.5E-1);
#6668=ORIENTED_EDGE('',*,*,#4375,.F.);
#6669=ORIENTED_EDGE('',*,*,#6645,.T.);
#6670=ORIENTED_EDGE('',*,*,#4468,.T.);
#6672=ORIENTED_EDGE('',*,*,#6671,.F.);
#6673=EDGE_LOOP('',(#6668,#6669,#6670,#6672));
#6674=FACE_OUTER_BOUND('',#6673,.F.);
#6676=CARTESIAN_POINT('',(-9.8E0,1.3105E1,-4.33E0));
#6677=DIRECTION('',(0.E0,0.E0,-1.E0));
#6678=DIRECTION('',(-1.E0,0.E0,0.E0));
#6679=AXIS2_PLACEMENT_3D('',#6676,#6677,#6678);
#6680=PLANE('',#6679);
#6681=ORIENTED_EDGE('',*,*,#4217,.T.);
#6682=ORIENTED_EDGE('',*,*,#6605,.F.);
#6683=ORIENTED_EDGE('',*,*,#4114,.F.);
#6684=ORIENTED_EDGE('',*,*,#6656,.T.);
#6685=EDGE_LOOP('',(#6681,#6682,#6683,#6684));
#6686=FACE_OUTER_BOUND('',#6685,.F.);
#6688=CARTESIAN_POINT('',(-9.8E0,1.3105E1,-4.33E0));
#6689=DIRECTION('',(0.E0,0.E0,-1.E0));
#6690=DIRECTION('',(-1.E0,0.E0,0.E0));
#6691=AXIS2_PLACEMENT_3D('',#6688,#6689,#6690);
#6692=PLANE('',#6691);
#6693=ORIENTED_EDGE('',*,*,#4377,.F.);
#6694=ORIENTED_EDGE('',*,*,#6671,.T.);
#6695=ORIENTED_EDGE('',*,*,#4466,.T.);
#6696=ORIENTED_EDGE('',*,*,#6616,.F.);
#6697=EDGE_LOOP('',(#6693,#6694,#6695,#6696));
#6698=FACE_OUTER_BOUND('',#6697,.F.);
#6700=CLOSED_SHELL('',(#3397,#3417,#3437,#3457,#3473,#3493,#3509,#3525,#3541,
#3557,#3573,#3589,#3605,#3621,#3637,#3653,#3668,#3748,#3763,#3779,#3793,#3808,
#3822,#3837,#3850,#3864,#3944,#3964,#3982,#4002,#4020,#4037,#4118,#4133,#4149,
#4225,#4238,#4253,#4266,#4281,#4293,#4307,#4381,#4397,#4474,#4489,#4509,#4523,
#4539,#4557,#4672,#4687,#4801,#4814,#4827,#4840,#4853,#4866,#4879,#4891,#4905,
#4918,#4931,#4944,#4957,#4970,#4983,#4995,#5009,#5022,#5035,#5048,#5061,#5074,
#5087,#5099,#5113,#5126,#5139,#5152,#5165,#5178,#5191,#5203,#5217,#5229,#5243,
#5260,#5273,#5291,#5305,#5319,#5332,#5350,#5364,#5380,#5398,#5411,#5423,#5435,
#5454,#5470,#5542,#5558,#5632,#5645,#5662,#5674,#5688,#5701,#5715,#5728,#5742,
#5756,#5770,#5784,#5798,#5812,#5826,#5840,#5853,#5867,#5881,#5895,#5909,#5923,
#5935,#5947,#5959,#5971,#5983,#5995,#6007,#6019,#6031,#6043,#6055,#6067,#6079,
#6091,#6103,#6115,#6127,#6139,#6151,#6163,#6175,#6187,#6199,#6211,#6223,#6235,
#6247,#6259,#6271,#6283,#6297,#6311,#6324,#6337,#6350,#6363,#6375,#6387,#6401,
#6415,#6428,#6441,#6454,#6467,#6479,#6491,#6505,#6519,#6532,#6545,#6558,#6571,
#6583,#6595,#6609,#6623,#6636,#6649,#6662,#6675,#6687,#6699));
#6701=MANIFOLD_SOLID_BREP('',#6700);
#6704=PLANE_ANGLE_MEASURE_WITH_UNIT(PLANE_ANGLE_MEASURE(1.745329251994E-2),
#6703);
#6705=(CONVERSION_BASED_UNIT('DEGREE',#6704)NAMED_UNIT(*)PLANE_ANGLE_UNIT());
#6707=UNCERTAINTY_MEASURE_WITH_UNIT(LENGTH_MEASURE(1.E-3),#6702,
'distance_accuracy_value',
'Maximum model space distance between geometric entities at asserted connectivities');
#6710=APPLICATION_CONTEXT('automotive_design');
#6711=APPLICATION_PROTOCOL_DEFINITION('international standard',
'automotive_design',2001,#6710);
#6712=PRODUCT_DEFINITION_CONTEXT('part definition',#6710,'design');
#6713=PRODUCT_CONTEXT('',#6710,'mechanical');
#6714=PRODUCT('C-2118718-2','C-2118718-2','NOT SPECIFIED',(#6713));
#6715=PRODUCT_DEFINITION_FORMATION('1','LAST_VERSION',#6714);
#6723=DERIVED_UNIT_ELEMENT(#6722,2.E0);
#6724=DERIVED_UNIT((#6723));
#6725=MEASURE_REPRESENTATION_ITEM('surface area measure',AREA_MEASURE(
1.453227252600E3),#6724);
#6730=DERIVED_UNIT_ELEMENT(#6729,3.E0);
#6731=DERIVED_UNIT((#6730));
#6732=MEASURE_REPRESENTATION_ITEM('volume measure',VOLUME_MEASURE(
1.385636870580E2),#6731);
#6736=CARTESIAN_POINT('centre point',(-1.335976038396E-2,-1.335981714371E-2,
-3.293583424368E0));
#6741=DERIVED_UNIT_ELEMENT(#6740,2.E0);
#6742=DERIVED_UNIT((#6741));
#6743=MEASURE_REPRESENTATION_ITEM('surface area measure',AREA_MEASURE(
1.453227252600E3),#6742);
#6748=DERIVED_UNIT_ELEMENT(#6747,3.E0);
#6749=DERIVED_UNIT((#6748));
#6750=MEASURE_REPRESENTATION_ITEM('volume measure',VOLUME_MEASURE(
1.385636870580E2),#6749);
#6754=CARTESIAN_POINT('centre point',(-1.335976038396E-2,-1.335981714371E-2,
-3.293583424368E0));
#6759=PRODUCT_RELATED_PRODUCT_CATEGORY('part','',(#6714));
#1=DRAUGHTING_PRE_DEFINED_COLOUR('black');
#2=COLOUR_RGB('',0.E0,0.E0,3.6E-1);
#3=COLOUR_RGB('',0.E0,0.E0,4.8E-1);
#4=DRAUGHTING_PRE_DEFINED_COLOUR('blue');
#5=COLOUR_RGB('',0.E0,5.8824E-2,4.58824E-1);
#6=COLOUR_RGB('',0.E0,1.80392E-1,4.78431E-1);
#7=COLOUR_RGB('',0.E0,3.6E-1,9.E-2);
#8=COLOUR_RGB('',0.E0,3.6E-1,2.7E-1);
#9=COLOUR_RGB('',0.E0,5.6E-1,6.4E-1);
#10=COLOUR_RGB('',0.E0,5.8E-1,8.E-1);
#11=COLOUR_RGB('',0.E0,7.1E-1,6.6E-1);
#12=COLOUR_RGB('',0.E0,7.13E-1,0.E0);
#13=COLOUR_RGB('',0.E0,9.5E-1,8.4E-1);
#14=DRAUGHTING_PRE_DEFINED_COLOUR('green');
#15=DRAUGHTING_PRE_DEFINED_COLOUR('cyan');
#16=COLOUR_RGB('',1.1765E-2,1.9608E-2,3.9216E-2);
#17=COLOUR_RGB('',4.E-2,0.E0,1.6E-1);
#18=COLOUR_RGB('',3.9216E-2,2.19608E-1,1.21569E-1);
#19=COLOUR_RGB('',3.9216E-2,3.60784E-1,2.E-1);
#20=COLOUR_RGB('',5.098E-2,7.0588E-2,1.01961E-1);
#21=COLOUR_RGB('',9.E-2,0.E0,1.2E-1);
#22=COLOUR_RGB('',9.0196E-2,1.60784E-1,1.09804E-1);
#23=COLOUR_RGB('',9.0196E-2,3.80392E-1,6.70588E-1);
#24=COLOUR_RGB('',1.E-1,0.E0,2.5E-1);
#25=COLOUR_RGB('',1.01961E-1,4.78431E-1,3.88235E-1);
#26=COLOUR_RGB('',1.09804E-1,1.4902E-1,9.0196E-2);
#27=COLOUR_RGB('',1.4902E-1,3.09804E-1,5.29412E-1);
#28=COLOUR_RGB('',1.4902E-1,4.E-1,1.60784E-1);
#29=COLOUR_RGB('',1.6E-1,3.2E-2,0.E0);
#30=COLOUR_RGB('',1.60784E-1,4.5098E-1,7.21569E-1);
#31=COLOUR_RGB('',1.6E-1,4.6E-1,6.5E-1);
#32=COLOUR_RGB('',1.6E-1,1.E0,1.6E-1);
#33=COLOUR_RGB('',2.E-1,3.2E-2,0.E0);
#34=COLOUR_RGB('',2.11765E-1,4.11765E-1,1.4902E-1);
#35=COLOUR_RGB('',2.39216E-1,2.39216E-1,2.31373E-1);
#36=COLOUR_RGB('',2.39216E-1,2.70588E-1,1.80392E-1);
#37=COLOUR_RGB('',2.5098E-1,2.90196E-1,3.29412E-1);
#38=COLOUR_RGB('',2.90196E-1,4.31373E-1,2.E-1);
#39=COLOUR_RGB('',3.1E-1,3.1E-1,5.6E-1);
#40=COLOUR_RGB('',3.09804E-1,6.58824E-1,2.E-1);
#41=COLOUR_RGB('',3.2E-1,1.5E-1,0.E0);
#42=COLOUR_RGB('',3.60784E-1,3.1373E-2,1.68627E-1);
#43=COLOUR_RGB('',3.68627E-1,2.E-1,1.21569E-1);
#44=COLOUR_RGB('',3.88235E-1,2.39216E-1,6.11765E-1);
#45=COLOUR_RGB('',4.E-1,4.E-1,4.E-1);
#46=COLOUR_RGB('',4.11765E-1,5.8824E-2,7.8431E-2);
#47=COLOUR_RGB('',4.11765E-1,3.29412E-1,2.19608E-1);
#48=COLOUR_RGB('',4.2E-1,4.2E-1,1.E0);
#49=COLOUR_RGB('',4.4E-1,8.5E-1,1.E0);
#50=COLOUR_RGB('',4.58824E-1,4.5098E-1,3.09804E-1);
#51=COLOUR_RGB('',4.70588E-1,5.09804E-1,5.4902E-1);
#52=COLOUR_RGB('',4.78431E-1,4.90196E-1,4.58824E-1);
#53=COLOUR_RGB('',4.90196E-1,3.60784E-1,2.19608E-1);
#54=COLOUR_RGB('',4.9E-1,4.9E-1,0.E0);
#55=COLOUR_RGB('',4.9E-1,1.E0,0.E0);
#56=COLOUR_RGB('',5.E-1,0.E0,0.E0);
#57=COLOUR_RGB('',5.E-1,0.E0,2.3E-1);
#58=COLOUR_RGB('',5.E-1,5.E-1,5.E-1);
#59=COLOUR_RGB('',5.21569E-1,2.19608E-1,1.68627E-1);
#60=COLOUR_RGB('',5.3E-1,0.E0,0.E0);
#61=COLOUR_RGB('',5.29412E-1,5.80392E-1,6.5098E-1);
#62=COLOUR_RGB('',5.4E-1,0.E0,4.4E-1);
#63=COLOUR_RGB('',5.5E-1,3.E-1,0.E0);
#64=COLOUR_RGB('',5.6E-1,1.E-1,5.E-2);
#65=COLOUR_RGB('',5.60784E-1,5.80392E-1,6.19608E-1);
#66=COLOUR_RGB('',5.68627E-1,5.8824E-2,4.E-1);
#67=COLOUR_RGB('',5.8E-1,2.2E-1,1.E-2);
#68=COLOUR_RGB('',5.88235E-1,1.21569E-1,1.09804E-1);
#69=COLOUR_RGB('',6.E-1,6.E-1,6.E-1);
#70=COLOUR_RGB('',6.11765E-1,5.60784E-1,3.80392E-1);
#71=COLOUR_RGB('',6.11765E-1,6.11765E-1,6.5098E-1);
#72=COLOUR_RGB('',6.2E-1,0.E0,5.5E-1);
#73=COLOUR_RGB('',6.19608E-1,6.39216E-1,6.90196E-1);
#74=COLOUR_RGB('',6.4E-1,0.E0,2.5E-1);
#75=COLOUR_RGB('',6.4E-1,1.E-2,0.E0);
#76=COLOUR_RGB('',6.39216E-1,5.4902E-1,4.78431E-1);
#77=COLOUR_RGB('',6.5098E-1,6.70588E-1,7.09804E-1);
#78=COLOUR_RGB('',6.70588E-1,1.21569E-1,1.09804E-1);
#79=COLOUR_RGB('',6.78431E-1,4.78431E-1,3.09804E-1);
#80=COLOUR_RGB('',6.8E-1,7.5E-1,1.E0);
#81=COLOUR_RGB('',6.952E-1,7.426E-1,7.9E-1);
#82=COLOUR_RGB('',7.09804E-1,7.0588E-2,2.E-1);
#83=COLOUR_RGB('',7.1E-1,3.1E-1,0.E0);
#84=COLOUR_RGB('',7.2E-1,7.2E-1,7.2E-1);
#85=COLOUR_RGB('',7.29412E-1,7.41176E-1,7.29412E-1);
#86=COLOUR_RGB('',7.41176E-1,7.29412E-1,6.70588E-1);
#87=COLOUR_RGB('',7.4E-1,1.E0,2.6E-1);
#88=COLOUR_RGB('',7.5E-1,3.E-2,0.E0);
#89=COLOUR_RGB('',7.4902E-1,8.90196E-1,7.29412E-1);
#90=COLOUR_RGB('',7.6E-1,0.E0,4.7E-1);
#91=COLOUR_RGB('',7.80392E-1,9.0196E-2,7.0588E-2);
#92=COLOUR_RGB('',7.88235E-1,2.19608E-1,5.4902E-1);
#93=COLOUR_RGB('',8.1E-1,4.E-2,0.E0);
#94=COLOUR_RGB('',8.1E-1,6.1E-1,0.E0);
#95=COLOUR_RGB('',8.2E-1,4.E-2,6.6E-1);
#96=COLOUR_RGB('',8.31373E-1,8.5098E-1,8.58824E-1);
#97=COLOUR_RGB('',8.5098E-1,7.29412E-1,5.4902E-1);
#98=COLOUR_RGB('',8.5E-1,8.5E-1,8.5E-1);
#99=COLOUR_RGB('',8.78431E-1,3.68627E-1,1.21569E-1);
#100=COLOUR_RGB('',8.784E-1,9.49E-1,1.E0);
#101=COLOUR_RGB('',8.90196E-1,5.88235E-1,1.41176E-1);
#102=COLOUR_RGB('',9.E-1,1.E0,0.E0);
#103=COLOUR_RGB('',9.09804E-1,6.11765E-1,7.09804E-1);
#104=COLOUR_RGB('',9.37E-1,7.85E-1,0.E0);
#105=COLOUR_RGB('',9.41176E-1,9.29412E-1,9.01961E-1);
#106=COLOUR_RGB('',9.5E-1,2.2E-1,8.1E-1);
#107=COLOUR_RGB('',9.6E-1,3.7E-1,3.E-1);
#108=COLOUR_RGB('',9.6E-1,7.1E-1,3.75E-1);
#109=COLOUR_RGB('',9.80392E-1,1.E0,1.E0);
#110=COLOUR_RGB('',9.88235E-1,1.09804E-1,7.8431E-2);
#111=COLOUR_RGB('',9.88235E-1,7.21569E-1,1.29412E-1);
#112=COLOUR_RGB('',9.88235E-1,9.21569E-1,8.E-1);
#113=DRAUGHTING_PRE_DEFINED_COLOUR('red');
#114=COLOUR_RGB('',1.E0,0.E0,6.1E-1);
#115=COLOUR_RGB('',1.E0,4.E-2,0.E0);
#116=COLOUR_RGB('',1.E0,2.3E-1,0.E0);
#117=COLOUR_RGB('',1.E0,3.5E-1,5.2E-1);
#118=COLOUR_RGB('',1.E0,3.6E-1,0.E0);
#119=COLOUR_RGB('',1.E0,3.88235E-1,2.11765E-1);
#120=COLOUR_RGB('',1.E0,4.9E-1,3.7E-1);
#121=COLOUR_RGB('',1.E0,5.E-1,0.E0);
#122=COLOUR_RGB('',1.E0,5.6E-1,7.8E-1);
#123=COLOUR_RGB('',1.E0,6.4E-1,4.9E-1);
#124=COLOUR_RGB('',1.E0,6.7E-1,0.E0);
#125=COLOUR_RGB('',1.E0,7.6E-1,6.5E-1);
#126=COLOUR_RGB('',1.E0,8.39216E-1,3.01961E-1);
#127=COLOUR_RGB('',1.E0,8.6E-1,4.E-2);
#128=COLOUR_RGB('',1.E0,9.60784E-1,2.58824E-1);
#129=COLOUR_RGB('',1.E0,9.60784E-1,8.90196E-1);
#130=COLOUR_RGB('',1.E0,9.8E-1,7.2E-1);
#131=DRAUGHTING_PRE_DEFINED_COLOUR('yellow');
#132=COLOUR_RGB('',1.E0,1.E0,3.9216E-2);
#133=DRAUGHTING_PRE_DEFINED_COLOUR('white');
#426=CIRCLE('',#425,3.5E-1);
#435=CIRCLE('',#434,3.5E-1);
#512=CIRCLE('',#511,3.5E-1);
#521=CIRCLE('',#520,3.5E-1);
#526=CIRCLE('',#525,3.5E-1);
#535=CIRCLE('',#534,3.5E-1);
#576=CIRCLE('',#575,3.5E-1);
#585=CIRCLE('',#584,3.5E-1);
#662=CIRCLE('',#661,3.5E-1);
#671=CIRCLE('',#670,3.5E-1);
#676=CIRCLE('',#675,3.5E-1);
#685=CIRCLE('',#684,3.5E-1);
#726=CIRCLE('',#725,2.5E-1);
#734=B_SPLINE_CURVE_WITH_KNOTS('',3,(#727,#728,#729,#730,#731,#732,#733),
.UNSPECIFIED.,.F.,.F.,(4,1,1,1,4),(0.E0,2.5E-1,5.E-1,7.5E-1,1.E0),
.UNSPECIFIED.);
#739=CIRCLE('',#738,2.5E-1);
#744=CIRCLE('',#743,3.5E-1);
#753=CIRCLE('',#752,3.5E-1);
#830=CIRCLE('',#829,3.5E-1);
#839=CIRCLE('',#838,3.5E-1);
#844=CIRCLE('',#843,3.5E-1);
#853=CIRCLE('',#852,3.5E-1);
#870=CIRCLE('',#869,3.5E-1);
#879=CIRCLE('',#878,3.5E-1);
#956=CIRCLE('',#955,3.5E-1);
#965=CIRCLE('',#964,3.5E-1);
#970=CIRCLE('',#969,3.5E-1);
#979=CIRCLE('',#978,3.5E-1);
#1012=CIRCLE('',#1011,3.5E-1);
#1021=CIRCLE('',#1020,3.5E-1);
#1094=CIRCLE('',#1093,3.5E-1);
#1103=CIRCLE('',#1102,3.5E-1);
#1108=CIRCLE('',#1107,3.5E-1);
#1117=CIRCLE('',#1116,3.5E-1);
#1126=CIRCLE('',#1125,2.5E-1);
#1134=B_SPLINE_CURVE_WITH_KNOTS('',3,(#1127,#1128,#1129,#1130,#1131,#1132,
#1133),.UNSPECIFIED.,.F.,.F.,(4,1,1,1,4),(0.E0,2.5E-1,5.E-1,7.5E-1,1.E0),
.UNSPECIFIED.);
#1139=CIRCLE('',#1138,2.5E-1);
#1144=CIRCLE('',#1143,3.5E-1);
#1153=CIRCLE('',#1152,3.5E-1);
#1230=CIRCLE('',#1229,3.5E-1);
#1239=CIRCLE('',#1238,3.5E-1);
#1244=CIRCLE('',#1243,3.5E-1);
#1253=CIRCLE('',#1252,3.5E-1);
#1262=CIRCLE('',#1261,1.E-1);
#1267=CIRCLE('',#1266,1.E-1);
#1284=CIRCLE('',#1283,2.5E-1);
#1292=B_SPLINE_CURVE_WITH_KNOTS('',3,(#1285,#1286,#1287,#1288,#1289,#1290,
#1291),.UNSPECIFIED.,.F.,.F.,(4,1,1,1,4),(0.E0,2.5E-1,5.E-1,7.5E-1,1.E0),
.UNSPECIFIED.);
#1297=CIRCLE('',#1296,2.5E-1);
#1306=CIRCLE('',#1305,3.E-1);
#1311=CIRCLE('',#1310,3.E-1);
#1324=CIRCLE('',#1323,3.75E-1);
#1341=CIRCLE('',#1340,3.75E-1);
#1350=CIRCLE('',#1349,3.E0);
#1359=CIRCLE('',#1358,3.75E-1);
#1368=CIRCLE('',#1367,3.E0);
#1377=CIRCLE('',#1376,3.75E-1);
#1394=CIRCLE('',#1393,3.75E-1);
#1403=CIRCLE('',#1402,3.E0);
#1412=CIRCLE('',#1411,3.75E-1);
#1437=CIRCLE('',#1436,3.75E-1);
#1446=CIRCLE('',#1445,3.E0);
#1455=CIRCLE('',#1454,3.75E-1);
#1464=CIRCLE('',#1463,5.E-1);
#1469=CIRCLE('',#1468,5.E-1);
#1474=CIRCLE('',#1473,2.5E-1);
#1491=CIRCLE('',#1490,2.5E-1);
#1508=CIRCLE('',#1507,2.5E-1);
#1525=CIRCLE('',#1524,2.5E-1);
#1546=CIRCLE('',#1545,3.75E-1);
#1555=CIRCLE('',#1554,3.E0);
#1564=CIRCLE('',#1563,3.75E-1);
#1581=CIRCLE('',#1580,3.75E-1);
#1598=CIRCLE('',#1597,3.75E-1);
#1607=CIRCLE('',#1606,3.E0);
#1616=CIRCLE('',#1615,3.75E-1);
#1633=CIRCLE('',#1632,3.75E-1);
#1642=CIRCLE('',#1641,3.E0);
#1659=CIRCLE('',#1658,3.75E-1);
#1668=CIRCLE('',#1667,3.E0);
#1677=CIRCLE('',#1676,3.75E-1);
#1686=CIRCLE('',#1685,5.E-1);
#1691=CIRCLE('',#1690,5.E-1);
#1696=CIRCLE('',#1695,2.5E-1);
#1713=CIRCLE('',#1712,2.5E-1);
#1730=CIRCLE('',#1729,2.5E-1);
#1747=CIRCLE('',#1746,2.5E-1);
#1908=CIRCLE('',#1907,1.E-1);
#1913=CIRCLE('',#1912,1.E-1);
#1930=CIRCLE('',#1929,2.5E-1);
#1938=B_SPLINE_CURVE_WITH_KNOTS('',3,(#1931,#1932,#1933,#1934,#1935,#1936,
#1937),.UNSPECIFIED.,.F.,.F.,(4,1,1,1,4),(0.E0,2.5E-1,5.E-1,7.5E-1,1.E0),
.UNSPECIFIED.);
#1943=CIRCLE('',#1942,2.5E-1);
#1948=CIRCLE('',#1947,3.E-1);
#1953=CIRCLE('',#1952,3.E-1);
#1970=CIRCLE('',#1969,2.5E-1);
#1978=B_SPLINE_CURVE_WITH_KNOTS('',3,(#1971,#1972,#1973,#1974,#1975,#1976,
#1977),.UNSPECIFIED.,.F.,.F.,(4,1,1,1,4),(0.E0,2.5E-1,5.E-1,7.5E-1,1.E0),
.UNSPECIFIED.);
#1983=CIRCLE('',#1982,2.5E-1);
#1988=CIRCLE('',#1987,3.E-1);
#1993=CIRCLE('',#1992,3.E-1);
#2010=CIRCLE('',#2009,2.5E-1);
#2018=B_SPLINE_CURVE_WITH_KNOTS('',3,(#2011,#2012,#2013,#2014,#2015,#2016,
#2017),.UNSPECIFIED.,.F.,.F.,(4,1,1,1,4),(0.E0,2.5E-1,5.E-1,7.5E-1,1.E0),
.UNSPECIFIED.);
#2023=CIRCLE('',#2022,2.5E-1);
#2032=CIRCLE('',#2031,1.E-1);
#2037=CIRCLE('',#2036,1.E-1);
#2054=CIRCLE('',#2053,2.5E-1);
#2062=B_SPLINE_CURVE_WITH_KNOTS('',3,(#2055,#2056,#2057,#2058,#2059,#2060,
#2061),.UNSPECIFIED.,.F.,.F.,(4,1,1,1,4),(0.E0,2.5E-1,5.E-1,7.5E-1,1.E0),
.UNSPECIFIED.);
#2067=CIRCLE('',#2066,2.5E-1);
#2072=CIRCLE('',#2071,3.5E-1);
#2081=CIRCLE('',#2080,3.5E-1);
#2154=CIRCLE('',#2153,3.5E-1);
#2163=CIRCLE('',#2162,3.5E-1);
#2168=CIRCLE('',#2167,3.5E-1);
#2177=CIRCLE('',#2176,3.5E-1);
#2186=CIRCLE('',#2185,2.5E-1);
#2194=B_SPLINE_CURVE_WITH_KNOTS('',3,(#2187,#2188,#2189,#2190,#2191,#2192,
#2193),.UNSPECIFIED.,.F.,.F.,(4,1,1,1,4),(0.E0,2.5E-1,5.E-1,7.5E-1,1.E0),
.UNSPECIFIED.);
#2199=CIRCLE('',#2198,2.5E-1);
#2204=CIRCLE('',#2203,3.5E-1);
#2213=CIRCLE('',#2212,3.5E-1);
#2290=CIRCLE('',#2289,3.5E-1);
#2299=CIRCLE('',#2298,3.5E-1);
#2304=CIRCLE('',#2303,3.5E-1);
#2313=CIRCLE('',#2312,3.5E-1);
#2322=CIRCLE('',#2321,1.E-1);
#2327=CIRCLE('',#2326,1.E-1);
#2348=CIRCLE('',#2347,3.E-1);
#2353=CIRCLE('',#2352,3.E-1);
#3387=EDGE_CURVE('',#2612,#2613,#137,.T.);
#3389=EDGE_CURVE('',#2613,#2625,#141,.T.);
#3391=EDGE_CURVE('',#2624,#2625,#145,.T.);
#3393=EDGE_CURVE('',#2612,#2624,#149,.T.);
#3397=ADVANCED_FACE('',(#3396),#3386,.T.);
#3403=EDGE_CURVE('',#2616,#2617,#153,.T.);
#3405=EDGE_CURVE('',#2771,#2616,#157,.T.);
#3407=EDGE_CURVE('',#2644,#2771,#161,.T.);
#3409=EDGE_CURVE('',#2644,#2645,#165,.T.);
#3411=EDGE_CURVE('',#2645,#2795,#169,.T.);
#3413=EDGE_CURVE('',#2795,#2617,#173,.T.);
#3417=ADVANCED_FACE('',(#3416),#3402,.T.);
#3423=EDGE_CURVE('',#2620,#2621,#177,.T.);
#3425=EDGE_CURVE('',#2621,#2801,#181,.T.);
#3427=EDGE_CURVE('',#2801,#2665,#185,.T.);
#3429=EDGE_CURVE('',#2664,#2665,#189,.T.);
#3431=EDGE_CURVE('',#2777,#2664,#193,.T.);
#3433=EDGE_CURVE('',#2620,#2777,#197,.T.);
#3437=ADVANCED_FACE('',(#3436),#3422,.T.);
#3443=EDGE_CURVE('',#2628,#2629,#201,.T.);
#3445=EDGE_CURVE('',#2629,#2813,#205,.T.);
#3447=EDGE_CURVE('',#2813,#2657,#209,.T.);
#3449=EDGE_CURVE('',#2656,#2657,#213,.T.);
#3451=EDGE_CURVE('',#2789,#2656,#217,.T.);
#3453=EDGE_CURVE('',#2628,#2789,#221,.T.);
#3457=ADVANCED_FACE('',(#3456),#3442,.T.);
#3463=EDGE_CURVE('',#2632,#2633,#225,.T.);
#3465=EDGE_CURVE('',#2636,#2632,#229,.T.);
#3467=EDGE_CURVE('',#2636,#2637,#233,.T.);
#3469=EDGE_CURVE('',#2637,#2633,#237,.T.);
#3473=ADVANCED_FACE('',(#3472),#3462,.T.);
#3479=EDGE_CURVE('',#2640,#2641,#241,.T.);
#3481=EDGE_CURVE('',#2783,#2640,#245,.T.);
#3483=EDGE_CURVE('',#2668,#2783,#249,.T.);
#3485=EDGE_CURVE('',#2668,#2669,#253,.T.);
#3487=EDGE_CURVE('',#2669,#2807,#257,.T.);
#3489=EDGE_CURVE('',#2807,#2641,#261,.T.);
#3493=ADVANCED_FACE('',(#3492),#3478,.T.);
#3499=EDGE_CURVE('',#2648,#2649,#265,.T.);
#3501=EDGE_CURVE('',#2652,#2648,#269,.T.);
#3503=EDGE_CURVE('',#2652,#2653,#273,.T.);
#3505=EDGE_CURVE('',#2653,#2649,#277,.T.);
#3509=ADVANCED_FACE('',(#3508),#3498,.T.);
#3515=EDGE_CURVE('',#2660,#2661,#281,.T.);
#3517=EDGE_CURVE('',#2661,#2673,#285,.T.);
#3519=EDGE_CURVE('',#2672,#2673,#289,.T.);
#3521=EDGE_CURVE('',#2660,#2672,#293,.T.);
#3525=ADVANCED_FACE('',(#3524),#3514,.T.);
#3531=EDGE_CURVE('',#2774,#2775,#297,.T.);
#3533=EDGE_CURVE('',#2774,#2798,#301,.T.);
#3535=EDGE_CURVE('',#2798,#2799,#305,.T.);
#3537=EDGE_CURVE('',#2775,#2799,#309,.T.);
#3541=ADVANCED_FACE('',(#3540),#3530,.T.);
#3547=EDGE_CURVE('',#2780,#2781,#313,.T.);
#3549=EDGE_CURVE('',#2780,#2804,#317,.T.);
#3551=EDGE_CURVE('',#2804,#2805,#321,.T.);
#3553=EDGE_CURVE('',#2781,#2805,#325,.T.);
#3557=ADVANCED_FACE('',(#3556),#3546,.T.);
#3563=EDGE_CURVE('',#2786,#2787,#329,.T.);
#3565=EDGE_CURVE('',#2786,#2810,#333,.T.);
#3567=EDGE_CURVE('',#2810,#2811,#337,.T.);
#3569=EDGE_CURVE('',#2787,#2811,#341,.T.);
#3573=ADVANCED_FACE('',(#3572),#3562,.T.);
#3579=EDGE_CURVE('',#2792,#2793,#345,.T.);
#3581=EDGE_CURVE('',#2792,#2816,#349,.T.);
#3583=EDGE_CURVE('',#2816,#2817,#353,.T.);
#3585=EDGE_CURVE('',#2793,#2817,#357,.T.);
#3589=ADVANCED_FACE('',(#3588),#3578,.T.);
#3595=EDGE_CURVE('',#3192,#3193,#361,.T.);
#3597=EDGE_CURVE('',#3196,#3192,#365,.T.);
#3599=EDGE_CURVE('',#3196,#3197,#369,.T.);
#3601=EDGE_CURVE('',#3197,#3193,#373,.T.);
#3605=ADVANCED_FACE('',(#3604),#3594,.T.);
#3611=EDGE_CURVE('',#3200,#3201,#377,.T.);
#3613=EDGE_CURVE('',#3204,#3200,#381,.T.);
#3615=EDGE_CURVE('',#3204,#3205,#385,.T.);
#3617=EDGE_CURVE('',#3205,#3201,#389,.T.);
#3621=ADVANCED_FACE('',(#3620),#3610,.T.);
#3627=EDGE_CURVE('',#3208,#3209,#393,.T.);
#3629=EDGE_CURVE('',#3212,#3208,#397,.T.);
#3631=EDGE_CURVE('',#3212,#3213,#401,.T.);
#3633=EDGE_CURVE('',#3213,#3209,#405,.T.);
#3637=ADVANCED_FACE('',(#3636),#3626,.T.);
#3643=EDGE_CURVE('',#3216,#3217,#409,.T.);
#3645=EDGE_CURVE('',#3220,#3216,#413,.T.);
#3647=EDGE_CURVE('',#3220,#3221,#417,.T.);
#3649=EDGE_CURVE('',#3221,#3217,#421,.T.);
#3653=ADVANCED_FACE('',(#3652),#3642,.T.);
#3660=EDGE_CURVE('',#2612,#2681,#475,.T.);
#3662=EDGE_CURVE('',#2681,#2729,#2369,.T.);
#3664=EDGE_CURVE('',#2613,#2729,#629,.T.);
#3668=ADVANCED_FACE('',(#3667),#3658,.F.);
#3674=EDGE_CURVE('',#2983,#2989,#443,.T.);
#3676=EDGE_CURVE('',#2973,#2989,#2010,.T.);
#3678=EDGE_CURVE('',#2843,#2973,#447,.T.);
#3680=EDGE_CURVE('',#2771,#2843,#451,.T.);
#3683=EDGE_CURVE('',#2616,#2676,#455,.T.);
#3685=EDGE_CURVE('',#2676,#2677,#459,.T.);
#3687=EDGE_CURVE('',#2774,#2677,#463,.T.);
#3690=EDGE_CURVE('',#2775,#2680,#467,.T.);
#3692=EDGE_CURVE('',#2680,#2681,#471,.T.);
#3696=EDGE_CURVE('',#2624,#2685,#479,.T.);
#3698=EDGE_CURVE('',#2685,#3223,#483,.T.);
#3700=EDGE_CURVE('',#3196,#3223,#487,.T.);
#3703=EDGE_CURVE('',#3192,#3225,#491,.T.);
#3705=EDGE_CURVE('',#3225,#2683,#495,.T.);
#3707=EDGE_CURVE('',#2620,#2683,#499,.T.);
#3710=EDGE_CURVE('',#2777,#2845,#895,.T.);
#3712=EDGE_CURVE('',#2936,#2845,#503,.T.);
#3714=EDGE_CURVE('',#2983,#2936,#1983,.T.);
#3718=EDGE_CURVE('',#3136,#3137,#426,.T.);
#3720=EDGE_CURVE('',#3141,#3136,#430,.T.);
#3722=EDGE_CURVE('',#3139,#3141,#435,.T.);
#3724=EDGE_CURVE('',#3137,#3139,#439,.T.);
#3728=EDGE_CURVE('',#3320,#3321,#507,.T.);
#3730=EDGE_CURVE('',#3325,#3320,#512,.T.);
#3732=EDGE_CURVE('',#3323,#3325,#516,.T.);
#3734=EDGE_CURVE('',#3321,#3323,#521,.T.);
#3738=EDGE_CURVE('',#3328,#3329,#526,.T.);
#3740=EDGE_CURVE('',#3333,#3328,#530,.T.);
#3742=EDGE_CURVE('',#3331,#3333,#535,.T.);
#3744=EDGE_CURVE('',#3329,#3331,#539,.T.);
#3748=ADVANCED_FACE('',(#3717,#3727,#3737,#3747),#3673,.T.);
#3755=EDGE_CURVE('',#3153,#3137,#551,.T.);
#3757=EDGE_CURVE('',#3152,#3153,#576,.T.);
#3759=EDGE_CURVE('',#3152,#3136,#543,.T.);
#3763=ADVANCED_FACE('',(#3762),#3753,.F.);
#3769=EDGE_CURVE('',#3144,#3145,#2072,.T.);
#3771=EDGE_CURVE('',#3144,#3160,#547,.T.);
#3773=EDGE_CURVE('',#3160,#3161,#2204,.T.);
#3775=EDGE_CURVE('',#3145,#3161,#555,.T.);
#3779=ADVANCED_FACE('',(#3778),#3768,.F.);
#3786=EDGE_CURVE('',#3155,#3139,#559,.T.);
#3788=EDGE_CURVE('',#3153,#3155,#580,.T.);
#3793=ADVANCED_FACE('',(#3792),#3784,.F.);
#3799=EDGE_CURVE('',#3145,#3147,#2076,.T.);
#3802=EDGE_CURVE('',#3161,#3163,#2217,.T.);
#3804=EDGE_CURVE('',#3147,#3163,#563,.T.);
#3808=ADVANCED_FACE('',(#3807),#3798,.F.);
#3815=EDGE_CURVE('',#3157,#3141,#567,.T.);
#3817=EDGE_CURVE('',#3155,#3157,#585,.T.);
#3822=ADVANCED_FACE('',(#3821),#3813,.F.);
#3828=EDGE_CURVE('',#3147,#3149,#2081,.T.);
#3831=EDGE_CURVE('',#3163,#3165,#2213,.T.);
#3833=EDGE_CURVE('',#3149,#3165,#571,.T.);
#3837=ADVANCED_FACE('',(#3836),#3827,.F.);
#3845=EDGE_CURVE('',#3157,#3152,#589,.T.);
#3850=ADVANCED_FACE('',(#3849),#3842,.F.);
#3856=EDGE_CURVE('',#3149,#3144,#2085,.T.);
#3859=EDGE_CURVE('',#3165,#3160,#2208,.T.);
#3864=ADVANCED_FACE('',(#3863),#3855,.F.);
#3870=EDGE_CURVE('',#2867,#2974,#593,.T.);
#3872=EDGE_CURVE('',#2978,#2974,#2023,.T.);
#3874=EDGE_CURVE('',#2978,#2980,#2005,.T.);
#3876=EDGE_CURVE('',#2942,#2980,#597,.T.);
#3878=EDGE_CURVE('',#2939,#2942,#1965,.T.);
#3880=EDGE_CURVE('',#2935,#2939,#1970,.T.);
#3882=EDGE_CURVE('',#2935,#2869,#601,.T.);
#3884=EDGE_CURVE('',#2801,#2869,#821,.T.);
#3887=EDGE_CURVE('',#2621,#2731,#605,.T.);
#3889=EDGE_CURVE('',#3241,#2731,#609,.T.);
#3891=EDGE_CURVE('',#3193,#3241,#613,.T.);
#3894=EDGE_CURVE('',#3197,#3239,#617,.T.);
#3896=EDGE_CURVE('',#2733,#3239,#621,.T.);
#3898=EDGE_CURVE('',#2625,#2733,#625,.T.);
#3902=EDGE_CURVE('',#2728,#2729,#633,.T.);
#3904=EDGE_CURVE('',#2799,#2728,#637,.T.);
#3907=EDGE_CURVE('',#2798,#2725,#641,.T.);
#3909=EDGE_CURVE('',#2724,#2725,#645,.T.);
#3911=EDGE_CURVE('',#2617,#2724,#649,.T.);
#3914=EDGE_CURVE('',#2795,#2867,#653,.T.);
#3924=EDGE_CURVE('',#3352,#3353,#657,.T.);
#3926=EDGE_CURVE('',#3353,#3355,#662,.T.);
#3928=EDGE_CURVE('',#3355,#3357,#666,.T.);
#3930=EDGE_CURVE('',#3357,#3352,#671,.T.);
#3934=EDGE_CURVE('',#3360,#3361,#676,.T.);
#3936=EDGE_CURVE('',#3361,#3363,#680,.T.);
#3938=EDGE_CURVE('',#3363,#3365,#685,.T.);
#3940=EDGE_CURVE('',#3365,#3360,#689,.T.);
#3944=ADVANCED_FACE('',(#3917,#3923,#3933,#3943),#3869,.F.);
#3950=EDGE_CURVE('',#2876,#2877,#693,.T.);
#3952=EDGE_CURVE('',#2877,#2847,#947,.T.);
#3954=EDGE_CURVE('',#2847,#2884,#2093,.T.);
#3956=EDGE_CURVE('',#2884,#2885,#697,.T.);
#3958=EDGE_CURVE('',#2871,#2885,#2281,.T.);
#3960=EDGE_CURVE('',#2876,#2871,#769,.T.);
#3964=ADVANCED_FACE('',(#3963),#3949,.T.);
#3970=EDGE_CURVE('',#2845,#2891,#891,.T.);
#3972=EDGE_CURVE('',#2891,#2893,#701,.T.);
#3974=EDGE_CURVE('',#2869,#2893,#761,.T.);
#3977=EDGE_CURVE('',#2935,#2936,#705,.T.);
#3982=ADVANCED_FACE('',(#3981),#3969,.T.);
#3988=EDGE_CURVE('',#2945,#2946,#709,.T.);
#3990=EDGE_CURVE('',#2946,#2849,#2089,.T.);
#3992=EDGE_CURVE('',#2849,#2953,#1033,.T.);
#3994=EDGE_CURVE('',#2953,#2954,#713,.T.);
#3996=EDGE_CURVE('',#2873,#2954,#1221,.T.);
#3998=EDGE_CURVE('',#2945,#2873,#2225,.T.);
#4002=ADVANCED_FACE('',(#4001),#3987,.T.);
#4008=EDGE_CURVE('',#2963,#2964,#717,.T.);
#4010=EDGE_CURVE('',#2964,#2843,#1029,.T.);
#4013=EDGE_CURVE('',#2973,#2974,#721,.T.);
#4016=EDGE_CURVE('',#2963,#2867,#1165,.T.);
#4020=ADVANCED_FACE('',(#4019),#4007,.T.);
#4027=EDGE_CURVE('',#2876,#2880,#726,.T.);
#4029=EDGE_CURVE('',#2880,#2881,#1899,.T.);
#4031=EDGE_CURVE('',#2881,#2902,#734,.T.);
#4033=EDGE_CURVE('',#2902,#2877,#739,.T.);
#4037=ADVANCED_FACE('',(#4036),#4025,.F.);
#4044=EDGE_CURVE('',#2932,#2893,#1943,.T.);
#4046=EDGE_CURVE('',#2932,#2901,#1925,.T.);
#4048=EDGE_CURVE('',#2900,#2901,#765,.T.);
#4050=EDGE_CURVE('',#2880,#2900,#1903,.T.);
#4054=EDGE_CURVE('',#2807,#2871,#2277,.T.);
#4057=EDGE_CURVE('',#2669,#2743,#773,.T.);
#4059=EDGE_CURVE('',#3245,#2743,#777,.T.);
#4061=EDGE_CURVE('',#3217,#3245,#781,.T.);
#4064=EDGE_CURVE('',#3221,#3243,#785,.T.);
#4066=EDGE_CURVE('',#2745,#3243,#789,.T.);
#4068=EDGE_CURVE('',#2673,#2745,#793,.T.);
#4071=EDGE_CURVE('',#2661,#2741,#797,.T.);
#4073=EDGE_CURVE('',#2740,#2741,#801,.T.);
#4075=EDGE_CURVE('',#2805,#2740,#805,.T.);
#4078=EDGE_CURVE('',#2804,#2737,#809,.T.);
#4080=EDGE_CURVE('',#2736,#2737,#813,.T.);
#4082=EDGE_CURVE('',#2665,#2736,#817,.T.);
#4088=EDGE_CURVE('',#3120,#3121,#744,.T.);
#4090=EDGE_CURVE('',#3121,#3123,#748,.T.);
#4092=EDGE_CURVE('',#3123,#3125,#753,.T.);
#4094=EDGE_CURVE('',#3125,#3120,#757,.T.);
#4098=EDGE_CURVE('',#3288,#3289,#825,.T.);
#4100=EDGE_CURVE('',#3289,#3291,#830,.T.);
#4102=EDGE_CURVE('',#3291,#3293,#834,.T.);
#4104=EDGE_CURVE('',#3293,#3288,#839,.T.);
#4108=EDGE_CURVE('',#3296,#3297,#844,.T.);
#4110=EDGE_CURVE('',#3297,#3299,#848,.T.);
#4112=EDGE_CURVE('',#3299,#3301,#853,.T.);
#4114=EDGE_CURVE('',#3301,#3296,#857,.T.);
#4118=ADVANCED_FACE('',(#4087,#4097,#4107,#4117),#4042,.F.);
#4124=EDGE_CURVE('',#3104,#3105,#870,.T.);
#4126=EDGE_CURVE('',#3121,#3105,#1003,.T.);
#4129=EDGE_CURVE('',#3120,#3104,#861,.T.);
#4133=ADVANCED_FACE('',(#4132),#4123,.F.);
#4139=EDGE_CURVE('',#3112,#3113,#1012,.T.);
#4141=EDGE_CURVE('',#3112,#3128,#865,.T.);
#4143=EDGE_CURVE('',#3128,#3129,#1144,.T.);
#4145=EDGE_CURVE('',#3113,#3129,#1007,.T.);
#4149=ADVANCED_FACE('',(#4148),#4138,.F.);
#4155=EDGE_CURVE('',#2902,#2982,#887,.T.);
#4157=EDGE_CURVE('',#2891,#2982,#1930,.T.);
#4162=EDGE_CURVE('',#2664,#2688,#899,.T.);
#4164=EDGE_CURVE('',#2688,#2689,#903,.T.);
#4166=EDGE_CURVE('',#2780,#2689,#907,.T.);
#4169=EDGE_CURVE('',#2781,#2692,#911,.T.);
#4171=EDGE_CURVE('',#2692,#2693,#915,.T.);
#4173=EDGE_CURVE('',#2660,#2693,#919,.T.);
#4176=EDGE_CURVE('',#2672,#2697,#923,.T.);
#4178=EDGE_CURVE('',#2697,#3227,#927,.T.);
#4180=EDGE_CURVE('',#3220,#3227,#931,.T.);
#4183=EDGE_CURVE('',#3216,#3229,#935,.T.);
#4185=EDGE_CURVE('',#3229,#2695,#939,.T.);
#4187=EDGE_CURVE('',#2668,#2695,#943,.T.);
#4190=EDGE_CURVE('',#2783,#2847,#2097,.T.);
#4197=EDGE_CURVE('',#3109,#3104,#874,.T.);
#4199=EDGE_CURVE('',#3107,#3109,#879,.T.);
#4201=EDGE_CURVE('',#3105,#3107,#883,.T.);
#4205=EDGE_CURVE('',#3256,#3257,#951,.T.);
#4207=EDGE_CURVE('',#3261,#3256,#956,.T.);
#4209=EDGE_CURVE('',#3259,#3261,#960,.T.);
#4211=EDGE_CURVE('',#3257,#3259,#965,.T.);
#4215=EDGE_CURVE('',#3264,#3265,#970,.T.);
#4217=EDGE_CURVE('',#3269,#3264,#974,.T.);
#4219=EDGE_CURVE('',#3267,#3269,#979,.T.);
#4221=EDGE_CURVE('',#3265,#3267,#983,.T.);
#4225=ADVANCED_FACE('',(#4195,#4204,#4214,#4224),#4154,.T.);
#4234=EDGE_CURVE('',#3125,#3109,#987,.T.);
#4238=ADVANCED_FACE('',(#4237),#4230,.F.);
#4244=EDGE_CURVE('',#3117,#3112,#1025,.T.);
#4246=EDGE_CURVE('',#3117,#3133,#991,.T.);
#4248=EDGE_CURVE('',#3133,#3128,#1148,.T.);
#4253=ADVANCED_FACE('',(#4252),#4243,.F.);
#4262=EDGE_CURVE('',#3123,#3107,#995,.T.);
#4266=ADVANCED_FACE('',(#4265),#4258,.F.);
#4272=EDGE_CURVE('',#3115,#3117,#1021,.T.);
#4274=EDGE_CURVE('',#3115,#3131,#999,.T.);
#4276=EDGE_CURVE('',#3131,#3133,#1153,.T.);
#4281=ADVANCED_FACE('',(#4280),#4271,.F.);
#4293=ADVANCED_FACE('',(#4292),#4286,.F.);
#4299=EDGE_CURVE('',#3113,#3115,#1016,.T.);
#4302=EDGE_CURVE('',#3129,#3131,#1157,.T.);
#4307=ADVANCED_FACE('',(#4306),#4298,.F.);
#4314=EDGE_CURVE('',#2987,#2964,#1139,.T.);
#4316=EDGE_CURVE('',#2986,#2987,#1301,.T.);
#4318=EDGE_CURVE('',#2953,#2986,#1284,.T.);
#4321=EDGE_CURVE('',#2789,#2849,#1037,.T.);
#4324=EDGE_CURVE('',#2656,#2712,#1041,.T.);
#4326=EDGE_CURVE('',#2712,#2713,#1045,.T.);
#4328=EDGE_CURVE('',#2792,#2713,#1049,.T.);
#4331=EDGE_CURVE('',#2793,#2716,#1053,.T.);
#4333=EDGE_CURVE('',#2716,#2717,#1057,.T.);
#4335=EDGE_CURVE('',#2652,#2717,#1061,.T.);
#4338=EDGE_CURVE('',#2648,#2721,#1065,.T.);
#4340=EDGE_CURVE('',#2721,#3235,#1069,.T.);
#4342=EDGE_CURVE('',#3212,#3235,#1073,.T.);
#4345=EDGE_CURVE('',#3208,#3237,#1077,.T.);
#4347=EDGE_CURVE('',#3237,#2719,#1081,.T.);
#4349=EDGE_CURVE('',#2644,#2719,#1085,.T.);
#4361=EDGE_CURVE('',#3272,#3273,#1089,.T.);
#4363=EDGE_CURVE('',#3273,#3275,#1094,.T.);
#4365=EDGE_CURVE('',#3275,#3277,#1098,.T.);
#4367=EDGE_CURVE('',#3277,#3272,#1103,.T.);
#4371=EDGE_CURVE('',#3280,#3281,#1108,.T.);
#4373=EDGE_CURVE('',#3281,#3283,#1112,.T.);
#4375=EDGE_CURVE('',#3283,#3285,#1117,.T.);
#4377=EDGE_CURVE('',#3285,#3280,#1121,.T.);
#4381=ADVANCED_FACE('',(#4354,#4360,#4370,#4380),#4312,.T.);
#4388=EDGE_CURVE('',#2963,#2967,#1126,.T.);
#4390=EDGE_CURVE('',#2967,#2968,#1315,.T.);
#4392=EDGE_CURVE('',#2968,#2987,#1134,.T.);
#4397=ADVANCED_FACE('',(#4396),#4386,.F.);
#4403=EDGE_CURVE('',#2970,#2960,#1161,.T.);
#4405=EDGE_CURVE('',#2967,#2970,#1319,.T.);
#4411=EDGE_CURVE('',#2645,#2767,#1169,.T.);
#4413=EDGE_CURVE('',#3253,#2767,#1173,.T.);
#4415=EDGE_CURVE('',#3209,#3253,#1177,.T.);
#4418=EDGE_CURVE('',#3213,#3251,#1181,.T.);
#4420=EDGE_CURVE('',#2769,#3251,#1185,.T.);
#4422=EDGE_CURVE('',#2649,#2769,#1189,.T.);
#4425=EDGE_CURVE('',#2653,#2765,#1193,.T.);
#4427=EDGE_CURVE('',#2764,#2765,#1197,.T.);
#4429=EDGE_CURVE('',#2817,#2764,#1201,.T.);
#4432=EDGE_CURVE('',#2816,#2761,#1205,.T.);
#4434=EDGE_CURVE('',#2760,#2761,#1209,.T.);
#4436=EDGE_CURVE('',#2657,#2760,#1213,.T.);
#4439=EDGE_CURVE('',#2813,#2873,#1217,.T.);
#4442=EDGE_CURVE('',#2958,#2954,#1297,.T.);
#4444=EDGE_CURVE('',#2958,#2960,#1279,.T.);
#4454=EDGE_CURVE('',#3304,#3305,#1225,.T.);
#4456=EDGE_CURVE('',#3309,#3304,#1230,.T.);
#4458=EDGE_CURVE('',#3307,#3309,#1234,.T.);
#4460=EDGE_CURVE('',#3305,#3307,#1239,.T.);
#4464=EDGE_CURVE('',#3312,#3313,#1244,.T.);
#4466=EDGE_CURVE('',#3317,#3312,#1248,.T.);
#4468=EDGE_CURVE('',#3315,#3317,#1253,.T.);
#4470=EDGE_CURVE('',#3313,#3315,#1257,.T.);
#4474=ADVANCED_FACE('',(#4447,#4453,#4463,#4473),#4402,.F.);
#4481=EDGE_CURVE('',#2853,#2960,#1262,.T.);
#4483=EDGE_CURVE('',#2852,#2853,#1516,.T.);
#4485=EDGE_CURVE('',#2852,#2970,#1267,.T.);
#4489=ADVANCED_FACE('',(#4488),#4479,.F.);
#4495=EDGE_CURVE('',#2957,#2958,#1271,.T.);
#4497=EDGE_CURVE('',#2829,#2957,#1311,.T.);
#4499=EDGE_CURVE('',#2829,#2912,#1717,.T.);
#4501=EDGE_CURVE('',#2912,#2924,#1275,.T.);
#4503=EDGE_CURVE('',#2853,#2924,#1520,.T.);
#4509=ADVANCED_FACE('',(#4508),#4494,.F.);
#4517=EDGE_CURVE('',#2986,#2957,#1292,.T.);
#4523=ADVANCED_FACE('',(#4522),#4514,.F.);
#4531=EDGE_CURVE('',#2828,#2968,#1306,.T.);
#4533=EDGE_CURVE('',#2828,#2829,#1721,.T.);
#4539=ADVANCED_FACE('',(#4538),#4528,.T.);
#4548=EDGE_CURVE('',#2852,#2927,#1512,.T.);
#4550=EDGE_CURVE('',#2915,#2927,#2027,.T.);
#4552=EDGE_CURVE('',#2828,#2915,#1725,.T.);
#4557=ADVANCED_FACE('',(#4556),#4544,.F.);
#4563=EDGE_CURVE('',#2824,#2825,#1474,.T.);
#4565=EDGE_CURVE('',#2860,#2824,#1478,.T.);
#4567=EDGE_CURVE('',#2860,#2861,#1482,.T.);
#4569=EDGE_CURVE('',#2861,#2920,#1486,.T.);
#4571=EDGE_CURVE('',#2919,#2920,#1491,.T.);
#4573=EDGE_CURVE('',#2864,#2919,#1495,.T.);
#4575=EDGE_CURVE('',#2864,#2865,#1499,.T.);
#4577=EDGE_CURVE('',#2865,#2928,#1503,.T.);
#4579=EDGE_CURVE('',#2927,#2928,#1508,.T.);
#4584=EDGE_CURVE('',#2923,#2924,#1525,.T.);
#4586=EDGE_CURVE('',#2856,#2923,#1529,.T.);
#4588=EDGE_CURVE('',#2856,#2857,#1533,.T.);
#4590=EDGE_CURVE('',#2857,#2825,#1537,.T.);
#4594=EDGE_CURVE('',#3064,#3065,#1359,.T.);
#4596=EDGE_CURVE('',#3077,#3064,#1363,.T.);
#4598=EDGE_CURVE('',#3077,#3075,#1368,.T.);
#4600=EDGE_CURVE('',#3073,#3075,#1372,.T.);
#4602=EDGE_CURVE('',#3071,#3073,#1377,.T.);
#4604=EDGE_CURVE('',#3069,#3071,#1381,.T.);
#4606=EDGE_CURVE('',#3067,#3069,#1385,.T.);
#4608=EDGE_CURVE('',#3065,#3067,#1389,.T.);
#4612=EDGE_CURVE('',#3080,#3081,#1394,.T.);
#4614=EDGE_CURVE('',#3100,#3080,#1398,.T.);
#4616=EDGE_CURVE('',#3100,#3101,#1403,.T.);
#4618=EDGE_CURVE('',#3175,#3101,#1407,.T.);
#4620=EDGE_CURVE('',#3087,#3175,#1412,.T.);
#4622=EDGE_CURVE('',#3085,#3087,#1416,.T.);
#4624=EDGE_CURVE('',#3083,#3085,#1420,.T.);
#4626=EDGE_CURVE('',#3081,#3083,#1424,.T.);
#4630=EDGE_CURVE('',#3090,#3091,#1428,.T.);
#4632=EDGE_CURVE('',#3177,#3090,#1432,.T.);
#4634=EDGE_CURVE('',#3181,#3177,#1437,.T.);
#4636=EDGE_CURVE('',#3179,#3181,#1441,.T.);
#4638=EDGE_CURVE('',#3179,#3097,#1446,.T.);
#4640=EDGE_CURVE('',#3095,#3097,#1450,.T.);
#4642=EDGE_CURVE('',#3093,#3095,#1455,.T.);
#4644=EDGE_CURVE('',#3091,#3093,#1459,.T.);
#4648=EDGE_CURVE('',#3188,#3189,#1464,.T.);
#4650=EDGE_CURVE('',#3189,#3188,#1469,.T.);
#4654=EDGE_CURVE('',#3048,#3049,#1324,.T.);
#4656=EDGE_CURVE('',#3061,#3048,#1328,.T.);
#4658=EDGE_CURVE('',#3059,#3061,#1332,.T.);
#4660=EDGE_CURVE('',#3057,#3059,#1336,.T.);
#4662=EDGE_CURVE('',#3055,#3057,#1341,.T.);
#4664=EDGE_CURVE('',#3053,#3055,#1345,.T.);
#4666=EDGE_CURVE('',#3053,#3051,#1350,.T.);
#4668=EDGE_CURVE('',#3049,#3051,#1354,.T.);
#4672=ADVANCED_FACE('',(#4593,#4611,#4629,#4647,#4653,#4671),#4562,.T.);
#4678=EDGE_CURVE('',#2992,#2993,#1546,.T.);
#4680=EDGE_CURVE('',#2992,#3048,#1541,.T.);
#4683=EDGE_CURVE('',#2993,#3049,#1763,.T.);
#4687=ADVANCED_FACE('',(#4686),#4677,.F.);
#4693=EDGE_CURVE('',#2820,#2821,#1696,.T.);
#4695=EDGE_CURVE('',#2833,#2821,#1700,.T.);
#4697=EDGE_CURVE('',#2832,#2833,#1704,.T.);
#4699=EDGE_CURVE('',#2832,#2911,#1708,.T.);
#4701=EDGE_CURVE('',#2911,#2912,#1713,.T.);
#4706=EDGE_CURVE('',#2915,#2916,#1730,.T.);
#4708=EDGE_CURVE('',#2841,#2916,#1734,.T.);
#4710=EDGE_CURVE('',#2840,#2841,#1738,.T.);
#4712=EDGE_CURVE('',#2840,#2907,#1742,.T.);
#4714=EDGE_CURVE('',#2907,#2908,#1747,.T.);
#4716=EDGE_CURVE('',#2837,#2908,#1751,.T.);
#4718=EDGE_CURVE('',#2836,#2837,#1755,.T.);
#4720=EDGE_CURVE('',#2836,#2820,#1759,.T.);
#4724=EDGE_CURVE('',#3008,#3009,#1581,.T.);
#4726=EDGE_CURVE('',#3009,#3011,#1585,.T.);
#4728=EDGE_CURVE('',#3011,#3013,#1589,.T.);
#4730=EDGE_CURVE('',#3013,#3015,#1593,.T.);
#4732=EDGE_CURVE('',#3015,#3017,#1598,.T.);
#4734=EDGE_CURVE('',#3017,#3019,#1602,.T.);
#4736=EDGE_CURVE('',#3021,#3019,#1607,.T.);
#4738=EDGE_CURVE('',#3021,#3008,#1611,.T.);
#4742=EDGE_CURVE('',#3024,#3025,#1616,.T.);
#4744=EDGE_CURVE('',#3025,#3027,#1620,.T.);
#4746=EDGE_CURVE('',#3027,#3029,#1624,.T.);
#4748=EDGE_CURVE('',#3029,#3031,#1628,.T.);
#4750=EDGE_CURVE('',#3031,#3167,#1633,.T.);
#4752=EDGE_CURVE('',#3167,#3045,#1637,.T.);
#4754=EDGE_CURVE('',#3044,#3045,#1642,.T.);
#4756=EDGE_CURVE('',#3044,#3024,#1646,.T.);
#4760=EDGE_CURVE('',#3034,#3035,#1650,.T.);
#4762=EDGE_CURVE('',#3035,#3037,#1654,.T.);
#4764=EDGE_CURVE('',#3037,#3039,#1659,.T.);
#4766=EDGE_CURVE('',#3039,#3041,#1663,.T.);
#4768=EDGE_CURVE('',#3171,#3041,#1668,.T.);
#4770=EDGE_CURVE('',#3171,#3173,#1672,.T.);
#4772=EDGE_CURVE('',#3173,#3169,#1677,.T.);
#4774=EDGE_CURVE('',#3169,#3034,#1681,.T.);
#4778=EDGE_CURVE('',#3184,#3185,#1686,.T.);
#4780=EDGE_CURVE('',#3185,#3184,#1691,.T.);
#4785=EDGE_CURVE('',#2993,#2995,#1550,.T.);
#4787=EDGE_CURVE('',#2997,#2995,#1555,.T.);
#4789=EDGE_CURVE('',#2997,#2999,#1559,.T.);
#4791=EDGE_CURVE('',#2999,#3001,#1564,.T.);
#4793=EDGE_CURVE('',#3001,#3003,#1568,.T.);
#4795=EDGE_CURVE('',#3003,#3005,#1572,.T.);
#4797=EDGE_CURVE('',#3005,#2992,#1576,.T.);
#4801=ADVANCED_FACE('',(#4723,#4741,#4759,#4777,#4783,#4800),#4692,.F.);
#4810=EDGE_CURVE('',#2995,#3051,#1767,.T.);
#4814=ADVANCED_FACE('',(#4813),#4806,.F.);
#4823=EDGE_CURVE('',#2997,#3053,#1771,.T.);
#4827=ADVANCED_FACE('',(#4826),#4819,.T.);
#4836=EDGE_CURVE('',#2999,#3055,#1775,.T.);
#4840=ADVANCED_FACE('',(#4839),#4832,.F.);
#4849=EDGE_CURVE('',#3001,#3057,#1779,.T.);
#4853=ADVANCED_FACE('',(#4852),#4845,.F.);
#4862=EDGE_CURVE('',#3003,#3059,#1783,.T.);
#4866=ADVANCED_FACE('',(#4865),#4858,.F.);
#4875=EDGE_CURVE('',#3005,#3061,#1787,.T.);
#4879=ADVANCED_FACE('',(#4878),#4871,.F.);
#4891=ADVANCED_FACE('',(#4890),#4884,.F.);
#4898=EDGE_CURVE('',#3008,#3064,#1791,.T.);
#4901=EDGE_CURVE('',#3009,#3065,#1819,.T.);
#4905=ADVANCED_FACE('',(#4904),#4896,.F.);
#4912=EDGE_CURVE('',#3021,#3077,#1795,.T.);
#4918=ADVANCED_FACE('',(#4917),#4910,.F.);
#4925=EDGE_CURVE('',#3019,#3075,#1799,.T.);
#4931=ADVANCED_FACE('',(#4930),#4923,.T.);
#4938=EDGE_CURVE('',#3017,#3073,#1803,.T.);
#4944=ADVANCED_FACE('',(#4943),#4936,.F.);
#4951=EDGE_CURVE('',#3015,#3071,#1807,.T.);
#4957=ADVANCED_FACE('',(#4956),#4949,.F.);
#4964=EDGE_CURVE('',#3013,#3069,#1811,.T.);
#4970=ADVANCED_FACE('',(#4969),#4962,.F.);
#4977=EDGE_CURVE('',#3011,#3067,#1815,.T.);
#4983=ADVANCED_FACE('',(#4982),#4975,.F.);
#4995=ADVANCED_FACE('',(#4994),#4988,.F.);
#5002=EDGE_CURVE('',#3024,#3080,#1823,.T.);
#5005=EDGE_CURVE('',#3025,#3081,#1851,.T.);
#5009=ADVANCED_FACE('',(#5008),#5000,.F.);
#5016=EDGE_CURVE('',#3044,#3100,#1827,.T.);
#5022=ADVANCED_FACE('',(#5021),#5014,.F.);
#5029=EDGE_CURVE('',#3045,#3101,#1831,.T.);
#5035=ADVANCED_FACE('',(#5034),#5027,.T.);
#5042=EDGE_CURVE('',#3167,#3175,#1835,.T.);
#5048=ADVANCED_FACE('',(#5047),#5040,.F.);
#5055=EDGE_CURVE('',#3031,#3087,#1839,.T.);
#5061=ADVANCED_FACE('',(#5060),#5053,.F.);
#5068=EDGE_CURVE('',#3029,#3085,#1843,.T.);
#5074=ADVANCED_FACE('',(#5073),#5066,.F.);
#5081=EDGE_CURVE('',#3027,#3083,#1847,.T.);
#5087=ADVANCED_FACE('',(#5086),#5079,.F.);
#5099=ADVANCED_FACE('',(#5098),#5092,.F.);
#5106=EDGE_CURVE('',#3034,#3090,#1855,.T.);
#5109=EDGE_CURVE('',#3035,#3091,#1883,.T.);
#5113=ADVANCED_FACE('',(#5112),#5104,.F.);
#5120=EDGE_CURVE('',#3169,#3177,#1859,.T.);
#5126=ADVANCED_FACE('',(#5125),#5118,.F.);
#5133=EDGE_CURVE('',#3173,#3181,#1863,.T.);
#5139=ADVANCED_FACE('',(#5138),#5131,.F.);
#5146=EDGE_CURVE('',#3171,#3179,#1867,.T.);
#5152=ADVANCED_FACE('',(#5151),#5144,.F.);
#5159=EDGE_CURVE('',#3041,#3097,#1871,.T.);
#5165=ADVANCED_FACE('',(#5164),#5157,.T.);
#5172=EDGE_CURVE('',#3039,#3095,#1875,.T.);
#5178=ADVANCED_FACE('',(#5177),#5170,.F.);
#5185=EDGE_CURVE('',#3037,#3093,#1879,.T.);
#5191=ADVANCED_FACE('',(#5190),#5183,.F.);
#5203=ADVANCED_FACE('',(#5202),#5196,.F.);
#5210=EDGE_CURVE('',#3184,#3188,#1887,.T.);
#5213=EDGE_CURVE('',#3185,#3189,#1891,.T.);
#5217=ADVANCED_FACE('',(#5216),#5208,.F.);
#5229=ADVANCED_FACE('',(#5228),#5222,.F.);
#5236=EDGE_CURVE('',#2820,#2824,#1895,.T.);
#5239=EDGE_CURVE('',#2821,#2825,#2045,.T.);
#5243=ADVANCED_FACE('',(#5242),#5234,.F.);
#5251=EDGE_CURVE('',#2860,#2900,#1913,.T.);
#5256=EDGE_CURVE('',#2836,#2881,#1953,.T.);
#5260=ADVANCED_FACE('',(#5259),#5248,.F.);
#5267=EDGE_CURVE('',#2861,#2901,#1908,.T.);
#5273=ADVANCED_FACE('',(#5272),#5265,.F.);
#5279=EDGE_CURVE('',#2931,#2932,#1917,.T.);
#5281=EDGE_CURVE('',#2837,#2931,#1948,.T.);
#5284=EDGE_CURVE('',#2908,#2920,#1921,.T.);
#5291=ADVANCED_FACE('',(#5290),#5278,.F.);
#5299=EDGE_CURVE('',#2982,#2931,#1938,.T.);
#5305=ADVANCED_FACE('',(#5304),#5296,.F.);
#5319=ADVANCED_FACE('',(#5318),#5310,.T.);
#5326=EDGE_CURVE('',#2907,#2919,#1957,.T.);
#5332=ADVANCED_FACE('',(#5331),#5324,.F.);
#5338=EDGE_CURVE('',#2939,#2940,#1961,.T.);
#5341=EDGE_CURVE('',#2864,#2942,#2037,.T.);
#5346=EDGE_CURVE('',#2840,#2940,#1993,.T.);
#5350=ADVANCED_FACE('',(#5349),#5337,.F.);
#5359=EDGE_CURVE('',#2940,#2983,#1978,.T.);
#5364=ADVANCED_FACE('',(#5363),#5355,.F.);
#5370=EDGE_CURVE('',#2841,#2977,#1988,.T.);
#5372=EDGE_CURVE('',#2989,#2977,#2018,.T.);
#5380=ADVANCED_FACE('',(#5379),#5369,.T.);
#5386=EDGE_CURVE('',#2977,#2978,#1997,.T.);
#5390=EDGE_CURVE('',#2916,#2928,#2001,.T.);
#5393=EDGE_CURVE('',#2865,#2980,#2032,.T.);
#5398=ADVANCED_FACE('',(#5397),#5385,.F.);
#5411=ADVANCED_FACE('',(#5410),#5403,.F.);
#5423=ADVANCED_FACE('',(#5422),#5416,.F.);
#5435=ADVANCED_FACE('',(#5434),#5428,.F.);
#5441=EDGE_CURVE('',#2888,#2889,#2041,.T.);
#5443=EDGE_CURVE('',#2833,#2888,#2353,.T.);
#5448=EDGE_CURVE('',#2857,#2897,#2322,.T.);
#5450=EDGE_CURVE('',#2889,#2897,#2049,.T.);
#5454=ADVANCED_FACE('',(#5453),#5440,.F.);
#5461=EDGE_CURVE('',#2884,#2904,#2054,.T.);
#5463=EDGE_CURVE('',#2904,#2888,#2062,.T.);
#5466=EDGE_CURVE('',#2889,#2885,#2067,.T.);
#5470=ADVANCED_FACE('',(#5469),#5459,.F.);
#5477=EDGE_CURVE('',#2984,#2946,#2199,.T.);
#5479=EDGE_CURVE('',#2904,#2984,#2343,.T.);
#5485=EDGE_CURVE('',#2640,#2700,#2101,.T.);
#5487=EDGE_CURVE('',#2700,#2701,#2105,.T.);
#5489=EDGE_CURVE('',#2786,#2701,#2109,.T.);
#5492=EDGE_CURVE('',#2787,#2704,#2113,.T.);
#5494=EDGE_CURVE('',#2704,#2705,#2117,.T.);
#5496=EDGE_CURVE('',#2636,#2705,#2121,.T.);
#5499=EDGE_CURVE('',#2632,#2709,#2125,.T.);
#5501=EDGE_CURVE('',#2709,#3231,#2129,.T.);
#5503=EDGE_CURVE('',#3204,#3231,#2133,.T.);
#5506=EDGE_CURVE('',#3200,#3233,#2137,.T.);
#5508=EDGE_CURVE('',#3233,#2707,#2141,.T.);
#5510=EDGE_CURVE('',#2628,#2707,#2145,.T.);
#5522=EDGE_CURVE('',#3336,#3337,#2149,.T.);
#5524=EDGE_CURVE('',#3337,#3339,#2154,.T.);
#5526=EDGE_CURVE('',#3339,#3341,#2158,.T.);
#5528=EDGE_CURVE('',#3341,#3336,#2163,.T.);
#5532=EDGE_CURVE('',#3344,#3345,#2168,.T.);
#5534=EDGE_CURVE('',#3345,#3347,#2172,.T.);
#5536=EDGE_CURVE('',#3347,#3349,#2177,.T.);
#5538=EDGE_CURVE('',#3349,#3344,#2181,.T.);
#5542=ADVANCED_FACE('',(#5515,#5521,#5531,#5541),#5475,.T.);
#5549=EDGE_CURVE('',#2945,#2949,#2186,.T.);
#5551=EDGE_CURVE('',#2949,#2950,#2331,.T.);
#5553=EDGE_CURVE('',#2950,#2984,#2194,.T.);
#5558=ADVANCED_FACE('',(#5557),#5547,.F.);
#5564=EDGE_CURVE('',#2896,#2897,#2221,.T.);
#5566=EDGE_CURVE('',#2949,#2896,#2335,.T.);
#5572=EDGE_CURVE('',#2629,#2755,#2229,.T.);
#5574=EDGE_CURVE('',#3249,#2755,#2233,.T.);
#5576=EDGE_CURVE('',#3201,#3249,#2237,.T.);
#5579=EDGE_CURVE('',#3205,#3247,#2241,.T.);
#5581=EDGE_CURVE('',#2757,#3247,#2245,.T.);
#5583=EDGE_CURVE('',#2633,#2757,#2249,.T.);
#5586=EDGE_CURVE('',#2637,#2753,#2253,.T.);
#5588=EDGE_CURVE('',#2752,#2753,#2257,.T.);
#5590=EDGE_CURVE('',#2811,#2752,#2261,.T.);
#5593=EDGE_CURVE('',#2810,#2749,#2265,.T.);
#5595=EDGE_CURVE('',#2748,#2749,#2269,.T.);
#5597=EDGE_CURVE('',#2641,#2748,#2273,.T.);
#5612=EDGE_CURVE('',#3368,#3369,#2285,.T.);
#5614=EDGE_CURVE('',#3373,#3368,#2290,.T.);
#5616=EDGE_CURVE('',#3371,#3373,#2294,.T.);
#5618=EDGE_CURVE('',#3369,#3371,#2299,.T.);
#5622=EDGE_CURVE('',#3376,#3377,#2304,.T.);
#5624=EDGE_CURVE('',#3381,#3376,#2308,.T.);
#5626=EDGE_CURVE('',#3379,#3381,#2313,.T.);
#5628=EDGE_CURVE('',#3377,#3379,#2317,.T.);
#5632=ADVANCED_FACE('',(#5605,#5611,#5621,#5631),#5563,.F.);
#5641=EDGE_CURVE('',#2856,#2896,#2327,.T.);
#5645=ADVANCED_FACE('',(#5644),#5637,.F.);
#5655=EDGE_CURVE('',#2911,#2923,#2339,.T.);
#5658=EDGE_CURVE('',#2832,#2950,#2348,.T.);
#5662=ADVANCED_FACE('',(#5661),#5650,.F.);
#5674=ADVANCED_FACE('',(#5673),#5667,.F.);
#5688=ADVANCED_FACE('',(#5687),#5679,.T.);
#5696=EDGE_CURVE('',#2707,#2755,#2437,.T.);
#5701=ADVANCED_FACE('',(#5700),#5693,.F.);
#5708=EDGE_CURVE('',#2724,#2676,#2357,.T.);
#5711=EDGE_CURVE('',#2677,#2725,#2361,.T.);
#5715=ADVANCED_FACE('',(#5714),#5706,.T.);
#5722=EDGE_CURVE('',#2728,#2680,#2365,.T.);
#5728=ADVANCED_FACE('',(#5727),#5720,.T.);
#5735=EDGE_CURVE('',#2736,#2688,#2373,.T.);
#5738=EDGE_CURVE('',#2689,#2737,#2377,.T.);
#5742=ADVANCED_FACE('',(#5741),#5733,.T.);
#5749=EDGE_CURVE('',#2740,#2692,#2381,.T.);
#5752=EDGE_CURVE('',#2693,#2741,#2385,.T.);
#5756=ADVANCED_FACE('',(#5755),#5747,.T.);
#5763=EDGE_CURVE('',#2748,#2700,#2389,.T.);
#5766=EDGE_CURVE('',#2701,#2749,#2393,.T.);
#5770=ADVANCED_FACE('',(#5769),#5761,.T.);
#5777=EDGE_CURVE('',#2752,#2704,#2397,.T.);
#5780=EDGE_CURVE('',#2705,#2753,#2401,.T.);
#5784=ADVANCED_FACE('',(#5783),#5775,.T.);
#5791=EDGE_CURVE('',#2760,#2712,#2405,.T.);
#5794=EDGE_CURVE('',#2713,#2761,#2409,.T.);
#5798=ADVANCED_FACE('',(#5797),#5789,.T.);
#5805=EDGE_CURVE('',#2764,#2716,#2413,.T.);
#5808=EDGE_CURVE('',#2717,#2765,#2417,.T.);
#5812=ADVANCED_FACE('',(#5811),#5803,.T.);
#5818=EDGE_CURVE('',#2683,#2731,#2421,.T.);
#5821=EDGE_CURVE('',#3241,#3225,#2425,.T.);
#5826=ADVANCED_FACE('',(#5825),#5817,.T.);
#5832=EDGE_CURVE('',#2733,#2685,#2429,.T.);
#5835=EDGE_CURVE('',#3223,#3239,#2433,.T.);
#5840=ADVANCED_FACE('',(#5839),#5831,.T.);
#5848=EDGE_CURVE('',#3249,#3233,#2441,.T.);
#5853=ADVANCED_FACE('',(#5852),#5845,.T.);
#5859=EDGE_CURVE('',#2757,#2709,#2445,.T.);
#5862=EDGE_CURVE('',#3231,#3247,#2449,.T.);
#5867=ADVANCED_FACE('',(#5866),#5858,.T.);
#5873=EDGE_CURVE('',#2719,#2767,#2453,.T.);
#5876=EDGE_CURVE('',#3253,#3237,#2457,.T.);
#5881=ADVANCED_FACE('',(#5880),#5872,.T.);
#5887=EDGE_CURVE('',#2769,#2721,#2461,.T.);
#5890=EDGE_CURVE('',#3235,#3251,#2465,.T.);
#5895=ADVANCED_FACE('',(#5894),#5886,.T.);
#5901=EDGE_CURVE('',#2695,#2743,#2469,.T.);
#5904=EDGE_CURVE('',#3245,#3229,#2473,.T.);
#5909=ADVANCED_FACE('',(#5908),#5900,.T.);
#5915=EDGE_CURVE('',#2745,#2697,#2477,.T.);
#5918=EDGE_CURVE('',#3227,#3243,#2481,.T.);
#5923=ADVANCED_FACE('',(#5922),#5914,.T.);
#5935=ADVANCED_FACE('',(#5934),#5928,.F.);
#5947=ADVANCED_FACE('',(#5946),#5940,.F.);
#5959=ADVANCED_FACE('',(#5958),#5952,.F.);
#5971=ADVANCED_FACE('',(#5970),#5964,.F.);
#5983=ADVANCED_FACE('',(#5982),#5976,.F.);
#5995=ADVANCED_FACE('',(#5994),#5988,.F.);
#6007=ADVANCED_FACE('',(#6006),#6000,.F.);
#6019=ADVANCED_FACE('',(#6018),#6012,.F.);
#6031=ADVANCED_FACE('',(#6030),#6024,.F.);
#6043=ADVANCED_FACE('',(#6042),#6036,.F.);
#6055=ADVANCED_FACE('',(#6054),#6048,.F.);
#6067=ADVANCED_FACE('',(#6066),#6060,.F.);
#6079=ADVANCED_FACE('',(#6078),#6072,.F.);
#6091=ADVANCED_FACE('',(#6090),#6084,.F.);
#6103=ADVANCED_FACE('',(#6102),#6096,.F.);
#6115=ADVANCED_FACE('',(#6114),#6108,.F.);
#6127=ADVANCED_FACE('',(#6126),#6120,.F.);
#6139=ADVANCED_FACE('',(#6138),#6132,.F.);
#6151=ADVANCED_FACE('',(#6150),#6144,.F.);
#6163=ADVANCED_FACE('',(#6162),#6156,.F.);
#6175=ADVANCED_FACE('',(#6174),#6168,.F.);
#6187=ADVANCED_FACE('',(#6186),#6180,.F.);
#6199=ADVANCED_FACE('',(#6198),#6192,.F.);
#6211=ADVANCED_FACE('',(#6210),#6204,.F.);
#6223=ADVANCED_FACE('',(#6222),#6216,.F.);
#6235=ADVANCED_FACE('',(#6234),#6228,.F.);
#6247=ADVANCED_FACE('',(#6246),#6240,.F.);
#6259=ADVANCED_FACE('',(#6258),#6252,.F.);
#6271=ADVANCED_FACE('',(#6270),#6264,.F.);
#6283=ADVANCED_FACE('',(#6282),#6276,.F.);
#6290=EDGE_CURVE('',#3353,#3321,#2493,.T.);
#6293=EDGE_CURVE('',#3352,#3320,#2485,.T.);
#6297=ADVANCED_FACE('',(#6296),#6288,.F.);
#6304=EDGE_CURVE('',#3336,#3368,#2489,.T.);
#6307=EDGE_CURVE('',#3337,#3369,#2497,.T.);
#6311=ADVANCED_FACE('',(#6310),#6302,.F.);
#6318=EDGE_CURVE('',#3355,#3323,#2501,.T.);
#6324=ADVANCED_FACE('',(#6323),#6316,.F.);
#6333=EDGE_CURVE('',#3339,#3371,#2505,.T.);
#6337=ADVANCED_FACE('',(#6336),#6329,.F.);
#6344=EDGE_CURVE('',#3357,#3325,#2509,.T.);
#6350=ADVANCED_FACE('',(#6349),#6342,.F.);
#6359=EDGE_CURVE('',#3341,#3373,#2513,.T.);
#6363=ADVANCED_FACE('',(#6362),#6355,.F.);
#6375=ADVANCED_FACE('',(#6374),#6368,.F.);
#6387=ADVANCED_FACE('',(#6386),#6380,.F.);
#6394=EDGE_CURVE('',#3361,#3329,#2525,.T.);
#6397=EDGE_CURVE('',#3360,#3328,#2517,.T.);
#6401=ADVANCED_FACE('',(#6400),#6392,.F.);
#6408=EDGE_CURVE('',#3344,#3376,#2521,.T.);
#6411=EDGE_CURVE('',#3345,#3377,#2529,.T.);
#6415=ADVANCED_FACE('',(#6414),#6406,.F.);
#6422=EDGE_CURVE('',#3363,#3331,#2533,.T.);
#6428=ADVANCED_FACE('',(#6427),#6420,.F.);
#6437=EDGE_CURVE('',#3347,#3379,#2537,.T.);
#6441=ADVANCED_FACE('',(#6440),#6433,.F.);
#6448=EDGE_CURVE('',#3365,#3333,#2541,.T.);
#6454=ADVANCED_FACE('',(#6453),#6446,.F.);
#6463=EDGE_CURVE('',#3349,#3381,#2545,.T.);
#6467=ADVANCED_FACE('',(#6466),#6459,.F.);
#6479=ADVANCED_FACE('',(#6478),#6472,.F.);
#6491=ADVANCED_FACE('',(#6490),#6484,.F.);
#6498=EDGE_CURVE('',#3289,#3257,#2557,.T.);
#6501=EDGE_CURVE('',#3288,#3256,#2549,.T.);
#6505=ADVANCED_FACE('',(#6504),#6496,.F.);
#6512=EDGE_CURVE('',#3272,#3304,#2553,.T.);
#6515=EDGE_CURVE('',#3273,#3305,#2561,.T.);
#6519=ADVANCED_FACE('',(#6518),#6510,.F.);
#6526=EDGE_CURVE('',#3291,#3259,#2565,.T.);
#6532=ADVANCED_FACE('',(#6531),#6524,.F.);
#6541=EDGE_CURVE('',#3275,#3307,#2569,.T.);
#6545=ADVANCED_FACE('',(#6544),#6537,.F.);
#6552=EDGE_CURVE('',#3293,#3261,#2573,.T.);
#6558=ADVANCED_FACE('',(#6557),#6550,.F.);
#6567=EDGE_CURVE('',#3277,#3309,#2577,.T.);
#6571=ADVANCED_FACE('',(#6570),#6563,.F.);
#6583=ADVANCED_FACE('',(#6582),#6576,.F.);
#6595=ADVANCED_FACE('',(#6594),#6588,.F.);
#6602=EDGE_CURVE('',#3297,#3265,#2589,.T.);
#6605=EDGE_CURVE('',#3296,#3264,#2581,.T.);
#6609=ADVANCED_FACE('',(#6608),#6600,.F.);
#6616=EDGE_CURVE('',#3280,#3312,#2585,.T.);
#6619=EDGE_CURVE('',#3281,#3313,#2593,.T.);
#6623=ADVANCED_FACE('',(#6622),#6614,.F.);
#6630=EDGE_CURVE('',#3299,#3267,#2597,.T.);
#6636=ADVANCED_FACE('',(#6635),#6628,.F.);
#6645=EDGE_CURVE('',#3283,#3315,#2601,.T.);
#6649=ADVANCED_FACE('',(#6648),#6641,.F.);
#6656=EDGE_CURVE('',#3301,#3269,#2605,.T.);
#6662=ADVANCED_FACE('',(#6661),#6654,.F.);
#6671=EDGE_CURVE('',#3285,#3317,#2609,.T.);
#6675=ADVANCED_FACE('',(#6674),#6667,.F.);
#6687=ADVANCED_FACE('',(#6686),#6680,.F.);
#6699=ADVANCED_FACE('',(#6698),#6692,.F.);
#6702=(LENGTH_UNIT()NAMED_UNIT(*)SI_UNIT(.MILLI.,.METRE.));
#6703=(NAMED_UNIT(*)PLANE_ANGLE_UNIT()SI_UNIT($,.RADIAN.));
#6706=(NAMED_UNIT(*)SI_UNIT($,.STERADIAN.)SOLID_ANGLE_UNIT());
#6708=(GEOMETRIC_REPRESENTATION_CONTEXT(3)GLOBAL_UNCERTAINTY_ASSIGNED_CONTEXT((
#6707))GLOBAL_UNIT_ASSIGNED_CONTEXT((#6702,#6705,#6706))REPRESENTATION_CONTEXT(
'ID1','3'));
#6709=ADVANCED_BREP_SHAPE_REPRESENTATION('',(#6701),#6708);
#6716=PRODUCT_DEFINITION('part definition','',#6715,#6712);
#6717=PRODUCT_DEFINITION_SHAPE('','SHAPE FOR C-2118718-2.',#6716);
#6718=SHAPE_ASPECT('','solid data associated with C-2118718-2',#6717,.F.);
#6719=PROPERTY_DEFINITION('',
'shape for solid data with which properties are associated',#6718);
#6720=SHAPE_REPRESENTATION('',(#6701),#6708);
#6721=SHAPE_DEFINITION_REPRESENTATION(#6719,#6720);
#6722=(LENGTH_UNIT()NAMED_UNIT(*)SI_UNIT(.MILLI.,.METRE.));
#6726=PROPERTY_DEFINITION('geometric validation property','area of C-2118718-2',
#6718);
#6727=REPRESENTATION('surface area',(#6725),#6708);
#6728=PROPERTY_DEFINITION_REPRESENTATION(#6726,#6727);
#6729=(LENGTH_UNIT()NAMED_UNIT(*)SI_UNIT(.MILLI.,.METRE.));
#6733=PROPERTY_DEFINITION('geometric validation property',
'volume of C-2118718-2',#6718);
#6734=REPRESENTATION('volume',(#6732),#6708);
#6735=PROPERTY_DEFINITION_REPRESENTATION(#6733,#6734);
#6737=PROPERTY_DEFINITION('geometric validation property',
'centroid of C-2118718-2',#6718);
#6738=REPRESENTATION('centroid',(#6736),#6708);
#6739=PROPERTY_DEFINITION_REPRESENTATION(#6737,#6738);
#6740=(LENGTH_UNIT()NAMED_UNIT(*)SI_UNIT(.MILLI.,.METRE.));
#6744=PROPERTY_DEFINITION('geometric validation property','area of C-2118718-2',
#6717);
#6745=REPRESENTATION('surface area',(#6743),#6708);
#6746=PROPERTY_DEFINITION_REPRESENTATION(#6744,#6745);
#6747=(LENGTH_UNIT()NAMED_UNIT(*)SI_UNIT(.MILLI.,.METRE.));
#6751=PROPERTY_DEFINITION('geometric validation property',
'volume of C-2118718-2',#6717);
#6752=REPRESENTATION('volume',(#6750),#6708);
#6753=PROPERTY_DEFINITION_REPRESENTATION(#6751,#6752);
#6755=PROPERTY_DEFINITION('geometric validation property',
'centroid of C-2118718-2',#6717);
#6756=REPRESENTATION('centroid',(#6754),#6708);
#6757=PROPERTY_DEFINITION_REPRESENTATION(#6755,#6756);
#6758=SHAPE_DEFINITION_REPRESENTATION(#6717,#6709);
ENDSEC;
END-ISO-10303-21;
