#VRML V2.0 utf8
# 3D model generated by easyeda2kicad.py (https://github.com/uPesy/easyeda2kicad.py)

Shape{
    appearance Appearance {
        material  Material 	{
            diffuseColor 0.6470588235294118 0.5176470588235295 0.0
            specularColor 0.45098039215686275 0.3607843137254902 0.0
            ambientIntensity 0.4973
            transparency 0.0
            shininess 0.5
        }
    }
    geometry IndexedFaceSet {
        ccw TRUE
        solid FALSE
        coord DEF co Coordinate {
            point [
                -0.059 0.8268 0.1772, -0.059 1.1811 0.1772, -0.059 0.8268 1.752, -0.059 1.1811 1.752, -0.4134 0.8268 0.1772, -0.4134 0.8268 1.752, -0.4134 1.1811 0.1772, -0.4134 1.1811 1.752, -0.059 0.0 1.752, -0.0629 0.0368 0.1772, -0.0629 0.0368 1.752, -0.0744 0.0721 0.1772, -0.0744 0.0721 1.752, -0.0929 0.1041 0.1772, -0.0929 0.1041 1.752, -0.1177 0.1317 0.1772, -0.1177 0.1317 1.752, -0.1476 0.1534 0.1772, -0.1476 0.1534 1.752, -0.1815 0.1685 0.1772, -0.1815 0.1685 1.752, -0.2177 0.1762 0.1772, -0.2177 0.1762 1.752, -0.2547 0.1762 0.1772, -0.2547 0.1762 1.752, -0.2909 0.1685 0.1772, -0.2909 0.1685 1.752, -0.3248 0.1534 0.1772, -0.3248 0.1534 1.752, -0.3547 0.1317 0.1772, -0.3547 0.1317 1.752, -0.3795 0.1041 0.1772, -0.3795 0.1041 1.752, -0.398 0.0721 0.1772, -0.398 0.0721 1.752, -0.4095 0.0368 0.1772, -0.4095 0.0368 1.752, -0.4134 0.0 0.1772, -0.4134 0.0 1.752, -0.4095 -0.0368 0.1772, -0.4095 -0.0368 1.752, -0.398 -0.0721 0.1772, -0.398 -0.0721 1.752, -0.3795 -0.1041 0.1772, -0.3795 -0.1041 1.752, -0.3547 -0.1317 0.1772, -0.3547 -0.1317 1.752, -0.3248 -0.1534 0.1772, -0.3248 -0.1534 1.752, -0.2909 -0.1685 0.1772, -0.2909 -0.1685 1.752, -0.2547 -0.1762 0.1772, -0.2547 -0.1762 1.752, -0.2177 -0.1762 0.1772, -0.2177 -0.1762 1.752, -0.1815 -0.1685 0.1772, -0.1815 -0.1685 1.752, -0.1476 -0.1534 0.1772, -0.1476 -0.1534 1.752, -0.1177 -0.1317 0.1772, -0.1177 -0.1317 1.752, -0.0929 -0.1041 0.1772, -0.0929 -0.1041 1.752, -0.0744 -0.0721 0.1772, -0.0744 -0.0721 1.752, -0.0629 -0.0368 0.1772, -0.0629 -0.0368 1.752, -0.059 0.0 0.1772, -0.2362 0.0 0.1772, -0.2362 0.0 1.752, -1.3976 0.8268 0.1772, -1.0433 0.8268 0.1772, -1.3976 0.8268 1.752, -1.0433 0.8268 1.752, -1.3976 1.1811 0.1772, -1.3976 1.1811 1.752, -1.0433 1.1811 0.1772, -1.0433 1.1811 1.752, -1.3976 -1.1811 0.1772, -1.0433 -1.1811 0.1772, -1.3976 -1.1811 1.752, -1.0433 -1.1811 1.752, -1.3976 -0.8268 0.1772, -1.3976 -0.8268 1.752, -1.0433 -0.8268 0.1772, -1.0433 -0.8268 1.752, -0.4134 -1.1811 0.1772, -0.059 -1.1811 0.1772, -0.4134 -1.1811 1.752, -0.059 -1.1811 1.752, -0.4134 -0.8268 0.1772, -0.4134 -0.8268 1.752, -0.059 -0.8268 0.1772, -0.059 -0.8268 1.752, 0.8488 0.6207 5.0984, 0.8539 0.6118 5.0984, 0.8537 0.6117 5.098, 0.6373 -0.8941 5.0745, 0.6311 -0.8995 5.0742, 0.6306 -0.8991 5.0395, -0.82 1.1053 4.3679, -0.7243 1.1487 4.3644, -0.7705 1.1301 4.3314, -1.1796 0.82 4.106, -1.1664 0.8334 4.1053, -1.1665 0.8336 4.0706, -1.4719 -0.1882 3.8665, -1.4725 -0.182 3.8663, -1.4714 -0.1817 3.8316, -0.8866 -1.0675 3.6278, -0.8873 -1.0669 3.6277, -0.8866 -1.0656 3.593, -0.922 -1.0451 3.5917, -1.0379 -0.959 3.5867, -1.0357 -0.9607 3.5868, -1.0347 -0.9596 3.6215, -0.5241 1.2164 3.5236, -0.5524 1.2094 3.5236, -0.5524 1.2093 3.5247, -0.5565 1.2083 3.5248, -0.7251 1.1504 3.5236, -0.702 1.16 3.5302, -0.8874 1.067 3.5236, -0.8374 1.0959 3.5352, -0.7245 1.1493 3.5311, -1.0358 0.9608 3.5236, -0.9631 1.017 3.5401, -0.8863 1.0652 3.5371, -1.1887 0.8095 3.5509, -1.166 0.833 3.5498, -1.1672 0.8341 3.5236, -1.0812 0.9211 3.5454, -1.0344 0.9591 3.5433, -1.2784 0.6895 3.5564, -1.2787 0.6897 3.5236, -1.2825 0.6839 3.5567, -1.3056 0.6472 3.5236, -1.3062 0.6462 3.5236, -1.3602 0.547 3.5625, -1.3672 0.5301 3.5285, -1.3671 0.5302 3.5632, -1.3757 0.5139 3.5292, -1.4197 0.4022 3.5683, -1.4289 0.3741 3.5346, -1.4313 0.3596 3.5699, -1.4324 0.3599 3.5351, -1.4604 0.2529 3.5738, -1.4647 0.2308 3.5399, -1.4706 0.1817 3.5763, -1.471 0.1818 3.5416, -1.482 0.1027 3.579, -1.4832 0.0872 3.5448, -1.4843 -0.0 3.5824, -1.4843 -0.0 3.5477, -1.4854 -0.0454 3.5839, -1.485 -0.0544 3.5495, -1.4722 -0.1819 3.5885, -1.4721 -0.1819 3.5538, -1.4709 -0.1949 3.5889, -1.4705 -0.1976 3.5543, -1.4377 -0.345 3.5944, -1.4387 -0.3413 3.5595, -1.4324 -0.3598 3.5949, -1.4322 -0.3598 3.5602, -1.3853 -0.492 3.6001, -1.3895 -0.4822 3.5649, -1.3663 -0.5297 3.6016, -1.3662 -0.5297 3.5669, -1.3145 -0.6323 3.6059, -1.3232 -0.6172 3.5705, -1.2767 -0.6884 3.6084, -1.2768 -0.6885 3.5736, -1.2266 -0.7626 3.6117, -1.2411 -0.7434 3.5761, -1.1654 -0.8326 3.6151, -1.166 -0.8332 3.5803, -1.1452 -0.858 3.5815, -1.1241 -0.8799 3.6173, -1.0096 -0.982 3.6227, -0.7243 -1.1486 3.5991, -0.7245 -1.149 3.6338, -0.7555 -1.137 3.6326, -0.7994 -1.1159 3.5963, -0.6136 -1.1917 3.6379, -0.6669 -1.1734 3.6012, -0.5518 -1.2071 3.6402, -0.552 -1.2081 3.6054, -0.4632 -1.2292 3.6434, -0.5258 -1.216 3.6064, -0.3726 -1.2401 3.6468, -0.3786 -1.2419 3.6119, -0.3729 -1.2422 3.6121, -0.3076 -1.248 3.6492, -0.1906 -1.2473 3.6535, 0.9826 0.2715 3.6959, 0.9836 0.2717 3.7306, 0.985 0.2668 3.7304, -0.2284 -1.25 3.6174, -0.1907 -1.2475 3.6188, -0.1503 -1.247 3.655, -0.0783 -1.24 3.623, -0.0093 -1.2284 3.6603, -0.0096 -1.227 3.6255, 0.005 -1.2265 3.6608, 0.0684 -1.2123 3.6284, 0.1547 -1.1873 3.6663, 0.1669 -1.1813 3.6321, 0.1671 -1.1824 3.6668, 0.2087 -1.1681 3.6336, 0.2957 -1.1312 3.6716, 0.3352 -1.1114 3.6383, 0.3345 -1.1101 3.673, 0.3401 -1.1092 3.6385, 0.4258 -1.0603 3.6764, 0.4619 -1.0369 3.6431, 0.4898 -1.0148 3.679, 0.4902 -1.0154 3.6443, 0.5482 -0.9732 3.6815, 0.5771 -0.9492 3.648, 0.6301 -0.8985 3.6854, 0.6299 -0.8983 3.6507, 0.6617 -0.8697 3.6869, 0.6834 -0.8467 3.6533, 0.7525 -0.7634 3.692, 0.7518 -0.7628 3.6573, 0.763 -0.751 3.6926, 0.7779 -0.7308 3.6588, 0.8494 -0.6197 3.6984, 0.8534 -0.6115 3.664, 0.8534 -0.6115 3.6987, 0.8584 -0.6036 3.6643, 0.9185 -0.4786 3.7042, 0.923 -0.4678 3.6699, 0.9297 -0.446 3.7054, 0.9302 -0.4462 3.6707, 0.9691 -0.3312 3.7098, 0.9704 -0.3264 3.6753, 0.9817 -0.2713 3.712, 0.9819 -0.2714 3.6773, 1.0006 -0.181 3.7152, 1.0004 -0.1827 3.6805, 1.0083 -0.0911 3.7183, 1.0086 -0.0911 3.6836, 1.0134 -0.0317 3.7203, 1.0132 -0.0397 3.6853, 1.0092 0.0912 3.7243, 1.0099 0.0912 3.6896, 1.0084 0.1165 3.7251, 1.0096 0.1021 3.6899, 0.9894 0.2458 3.6949, 0.9426 0.4158 3.736, 0.9518 0.3888 3.7002, 0.9298 0.4459 3.7372, 0.9293 0.4457 3.7024, 0.8813 0.5601 3.7417, 0.8968 0.5281 3.7057, 0.8519 0.6106 3.7439, 0.852 0.6108 3.7092, 0.8021 0.696 3.7475, 0.825 0.6605 3.7113, 0.7512 0.7625 3.7506, 0.7522 0.7633 3.7159, 0.7381 0.7831 3.7168, 0.7069 0.8204 3.7533, 0.63 0.8985 3.7572, 0.6381 0.8934 3.7222, 0.6311 0.8995 3.7225, 0.5983 0.9307 3.7588, 0.4906 1.016 3.7636, 0.5276 0.9895 3.7273, 0.4901 1.0151 3.7288, 0.4793 1.025 3.7641, 0.353 1.1024 3.7689, 0.4094 1.0704 3.7321, 0.3344 1.11 3.7349, 0.3349 1.1107 3.7696, 0.2838 1.1367 3.7368, 0.2166 1.1651 3.774, 0.167 1.1821 3.7411, 0.1668 1.181 3.7758, 0.1482 1.1894 3.7418, 0.0702 1.2119 3.7794, 0.0048 1.2266 3.7471, -0.0096 1.2268 3.7823, -0.0093 1.2284 3.7476, -0.0831 1.2406 3.7851, -0.1438 1.2466 3.7526, -0.1907 1.247 3.7891, -0.1906 1.2472 3.7543, -0.24 1.25 3.7909, -0.2944 1.2486 3.7582, -0.3728 1.2412 3.7958, -0.3727 1.2403 3.7611, -0.3968 1.2396 3.7967, -0.4437 1.2327 3.7637, -0.5498 1.21 3.8024, -0.552 1.2077 3.7677, -0.5523 1.2092 3.8024, -0.5886 1.1993 3.7691, -0.6957 1.1625 3.8078, -0.7251 1.1504 3.7741, -0.7244 1.1491 3.8088, -0.7262 1.15 3.7742, -0.8316 1.0991 3.8128, -0.8541 1.0866 3.7789, -0.8862 1.0652 3.8149, -0.8865 1.0656 3.7802, -0.9576 1.0208 3.8177, -0.9736 1.0093 3.7836, -1.0345 0.9592 3.8211, -1.0344 0.9592 3.7863, -1.0761 0.9258 3.8229, -1.0862 0.9166 3.7887, -1.1662 0.8332 3.8275, -1.1661 0.8331 3.7928, -1.1842 0.8148 3.8285, -1.2787 0.6897 3.8342, -1.1888 0.8093 3.794, -1.2787 0.6897 3.7995, -1.2787 0.6897 3.8342, -1.2789 0.6894 3.7995, -1.3571 0.5533 3.84, -1.3543 0.559 3.8051, -1.3668 0.5301 3.841, -1.3666 0.53 3.8063, -1.4175 0.4087 3.8458, -1.4132 0.421 3.8106, -1.4312 0.3596 3.8476, -1.4311 0.3595 3.8129, -1.459 0.2596 3.8514, -1.4548 0.2785 3.8159, -1.4706 0.1817 3.8541, -1.471 0.1817 3.8194, -1.4814 0.1094 3.8566, -1.4789 0.1347 3.821, -1.4845 -0.0 3.8602, -1.4858 -0.0 3.8255, -1.4856 -0.0388 3.8614, -1.4862 -0.0075 3.8257, -1.4772 -0.15 3.8304, -1.4311 -0.3595 3.838, -1.4321 -0.3597 3.8727, -1.4395 -0.3383 3.8719, -1.4512 -0.2938 3.8355, -1.3662 -0.5298 3.8447, -1.3661 -0.5296 3.8794, -1.3881 -0.4855 3.8776, -1.4077 -0.436 3.8409, -1.318 -0.6262 3.8834, -1.347 -0.5733 3.8464, -1.2766 -0.6883 3.8861, -1.278 -0.6893 3.8514, -1.27 -0.7027 3.852, -1.2309 -0.757 3.8892, -1.1655 -0.8327 3.8928, -1.1784 -0.8214 3.8575, -1.1665 -0.8335 3.8581, -1.1289 -0.875 3.8949, -1.0349 -0.9598 3.8993, 0.6569 -0.8746 3.9644, 0.7481 -0.7705 3.9347, 0.7528 -0.7636 3.9697, 0.7528 -0.7637 3.935, 0.7588 -0.7566 3.9701, -1.0746 -0.9272 3.8628, -1.0346 -0.9593 3.8646, -1.0149 -0.9778 3.9003, -0.9612 -1.0183 3.8678, -0.8922 -1.064 3.9053, -0.8864 -1.0654 3.8707, -0.8872 -1.0667 3.9055, -0.841 -1.094 3.8725, -0.7616 -1.1342 3.9102, -0.7248 -1.1498 3.8768, -0.7244 -1.1488 3.9115, -0.7119 -1.1559 3.8773, -0.6201 -1.1896 3.9154, -0.5734 -1.2037 3.8824, -0.5518 -1.207 3.9179, -0.5521 -1.2083 3.8832, -0.4701 -1.2279 3.921, -0.4279 -1.2352 3.8878, -0.3726 -1.2402 3.9246, -0.3727 -1.2404 3.8899, -0.3146 -1.2475 3.9267, -0.2783 -1.2493 3.8933, -0.1905 -1.2475 3.9313, -0.1906 -1.247 3.8966, -0.1573 -1.2475 3.9326, -0.1278 -1.2453 3.8989, -0.0092 -1.2288 3.938, -0.0094 -1.2278 3.9033, -0.0018 -1.2278 3.9383, 0.0204 -1.2234 3.9044, 0.1482 -1.1894 3.9439, 0.1631 -1.1845 3.9097, 0.167 -1.1821 3.9446, 0.1673 -1.1828 3.9099, 0.2896 -1.134 3.9491, 0.2977 -1.1302 3.9147, 0.3344 -1.1099 3.9508, 0.3346 -1.1102 3.9161, 0.4202 -1.0638 3.954, 0.4223 -1.0625 3.9193, 0.4899 -1.0148 3.9568, 0.49 -1.015 3.9221, 0.5429 -0.9775 3.959, 0.5398 -0.98 3.9241, 0.6303 -0.8986 3.9631, 0.6306 -0.899 3.9284, 0.6493 -0.8822 3.9293, 0.8523 -0.6109 3.9418, 0.853 -0.6114 3.9765, 0.8459 -0.6258 3.9759, 0.8334 -0.6468 3.9403, 0.9158 -0.4851 3.9817, 0.9034 -0.5135 3.9458, 0.9295 -0.4459 3.9832, 0.9292 -0.4457 3.9485, 0.9673 -0.3378 3.9874, 0.9566 -0.3737 3.9513, 0.9816 -0.2713 3.9898, 0.9822 -0.2714 3.9551, 0.9924 -0.2304 3.9566, 0.9996 -0.1877 3.9928, 1.0084 -0.0911 3.9961, 1.0102 -0.0912 3.9614, 1.0108 -0.0868 3.9615, 1.0132 -0.0383 3.9978, 1.0095 0.0912 4.0021, 1.0126 0.0548 3.9661, 1.0089 0.0911 3.9674, 1.009 0.1099 4.0027, 0.9864 0.2601 4.0079, 0.998 0.1981 3.971, 0.9818 0.2713 3.9736, 0.9832 0.2716 4.0084, 0.9662 0.3417 3.9762, 0.9449 0.4092 4.0135, 0.9297 0.446 3.9802, 0.9296 0.4458 4.0149, 0.9169 0.4826 3.9816, 0.8844 0.5538 4.0192, 0.8535 0.6116 3.9869, 0.8518 0.6106 4.0217, 0.8506 0.6176 3.9872, 0.806 0.6901 4.0251, 0.7685 0.7437 3.9928, 0.7513 0.7625 4.0284, 0.7522 0.7632 3.9937, 0.7115 0.8151 4.0308, 0.6725 0.8583 3.9982, 0.6301 0.8986 4.035, 0.63 0.8984 4.0003, 0.6034 0.9261 4.0364, 0.5652 0.9593 4.0034, 0.4908 1.0163 4.0414, 0.49 1.0151 4.0066, 0.4848 1.0211 4.0416, 0.4492 1.0453 4.0083, 0.3588 1.0993 4.0465, 0.3351 1.1112 4.0126, 0.3348 1.1105 4.0474, 0.3266 1.1161 4.013, 0.2229 1.1626 4.0515, 0.1941 1.1736 4.0179, 0.1667 1.1809 4.0536, 0.167 1.1818 4.0189, 0.0769 1.2101 4.0569, 0.053 1.2161 4.0231, -0.0096 1.2269 4.0601, -0.0095 1.2271 4.0254, -0.0761 1.2397 4.0626, -0.0942 1.2419 4.0285, -0.1907 1.2472 4.0668, -0.1907 1.2471 4.0321, -0.2329 1.25 4.0684, -0.2445 1.25 4.0341, -0.3729 1.2415 4.0736, -0.3728 1.2414 4.0389, -0.3898 1.2405 4.0742, -0.3946 1.2399 4.0397, -0.5431 1.2117 4.0799, -0.5412 1.2122 4.0451, -0.5522 1.2088 4.0802, -0.5522 1.2088 4.0455, -0.6894 1.1649 4.0853, -0.6815 1.168 4.0503, -0.7244 1.1489 4.0866, -0.7243 1.1488 4.0519, -0.8258 1.1022 4.0904, -0.8129 1.109 4.0552, -0.8862 1.0651 4.0927, -0.8864 1.0653 4.0579, -0.9521 1.0247 4.0952, -0.9347 1.0367 4.0598, -1.0346 0.9593 4.0988, -1.0352 0.9601 4.0641, -1.071 0.9303 4.1004, -1.0498 0.949 4.0647, -1.1561 0.8464 4.07, -1.277 0.6886 4.0773, -1.2783 0.6895 4.112, -1.2748 0.6956 4.1117, -1.2506 0.7304 4.0755, -1.3539 0.5596 4.1176, -1.331 0.6032 4.081, -1.3665 0.5299 4.1187, -1.366 0.5296 4.084, -1.4152 0.4153 4.1233, -1.3955 0.4674 4.0866, -1.431 0.3595 4.1254, -1.4317 0.3596 4.0907, -1.4429 0.326 4.092, -1.4575 0.2663 4.1289, -1.4706 0.1817 4.1318, -1.4728 0.1823 4.0971, -1.4729 0.182 4.0972, -1.4808 0.1161 4.1341, -1.4847 -0.0001 4.1379, -1.4856 0.0393 4.102, -1.4846 0.0 4.1033, -1.4858 -0.0322 4.139, -1.482 -0.1025 4.1066, -1.473 -0.1815 4.144, -1.4708 -0.1817 4.1094, -1.4728 -0.182 4.144, -1.4617 -0.2462 4.1116, -1.4414 -0.3317 4.1494, -1.4318 -0.3598 4.1158, -1.4318 -0.3596 4.1505, -1.4241 -0.3892 4.1169, -1.3908 -0.4791 4.1551, -1.369 -0.5285 4.1224, -1.366 -0.5296 4.1572, -1.3679 -0.5305 4.1224, -1.3215 -0.6201 4.1609, -1.2972 -0.6609 4.1279, -1.2766 -0.6884 4.1639, -1.2774 -0.6888 4.1292, -1.2351 -0.7514 4.1667, -1.2102 -0.7834 4.1335, -1.1656 -0.8328 4.1706, -1.1655 -0.8327 4.1359, -1.1337 -0.87 4.1724, -1.1102 -0.8937 4.1389, -1.0351 -0.96 4.1771, -1.0346 -0.9594 4.1424, -1.0202 -0.9736 4.1778, -0.9996 -0.9898 4.144, -0.8978 -1.0606 4.1829, -0.8872 -1.0667 4.1485, -0.8871 -1.0664 4.1833, -0.8814 -1.0706 4.1488, -0.7677 -1.1314 4.1877, -0.7558 -1.1369 4.1534, -0.7244 -1.1486 4.1893, -0.7245 -1.149 4.1546, -0.6267 -1.1875 4.1929, -0.6202 -1.1896 4.1585, -0.5518 -1.207 4.1957, -0.5518 -1.2072 4.161, -0.4769 -1.2266 4.1985, -0.4767 -1.2266 4.1638, -0.3726 -1.2404 4.2024, -0.3727 -1.2406 4.1676, -0.3216 -1.2471 4.2042, -0.3281 -1.2466 4.1693, -0.1905 -1.2478 4.2091, -0.1905 -1.2485 4.1744, -0.1776 -1.2486 4.1749, -0.1643 -1.2479 4.2101, -0.0092 -1.2292 4.2158, -0.0283 -1.2326 4.1804, -0.0094 -1.2282 4.1811, -0.0087 -1.2291 4.2158, 0.1417 -1.1915 4.2214, 0.1166 -1.1992 4.1858, 0.1669 -1.1818 4.2223, 0.1667 -1.1812 4.1876, 0.2836 -1.1368 4.2267, 0.2542 -1.1498 4.1908, 0.3344 -1.1098 4.2285, 0.3345 -1.11 4.1938, 0.4146 -1.0672 4.2315, 0.3821 -1.0864 4.1956, 0.4899 -1.0149 4.2346, 0.4908 -1.0161 4.1999, 0.5376 -0.9817 4.2365, 0.5016 -1.0091 4.2003, 0.6304 -0.8988 4.2409, 0.6141 -0.9163 4.2053, 0.6305 -0.8991 4.2062, 0.652 -0.8795 4.2419, 0.7531 -0.7639 4.2475, 0.7167 -0.809 4.2107, 0.7515 -0.7627 4.2128, 0.7545 -0.7622 4.2476, 0.8423 -0.6319 4.2534, 0.8068 -0.689 4.2162, 0.852 -0.6107 4.2195, 0.8528 -0.6112 4.2543, 0.8821 -0.5586 4.2218, 0.9131 -0.4915 4.2592, 0.9301 -0.446 4.2263, 0.9294 -0.4458 4.261, 0.9409 -0.4206 4.2273, 0.9654 -0.3445 4.2649, 0.9825 -0.2781 4.2326, 0.9816 -0.2713 4.2676, 0.9835 -0.2717 4.2329, 0.9986 -0.1945 4.2703, 1.0066 -0.1342 4.2377, 1.0085 -0.0911 4.2738, 1.0088 -0.0912 4.2391, 1.013 -0.0449 4.2754, 1.0138 0.0079 4.2424, 1.0098 0.0912 4.2799, 1.0085 0.0911 4.2452, 1.0095 0.1032 4.2802, 1.0047 0.1504 4.2471, 0.9879 0.2533 4.2855, 0.9828 0.2716 4.2514, 0.9829 0.2715 4.2861, 0.9787 0.2942 4.2522, 0.9472 0.4026 4.291, 0.9352 0.4364 4.2576, 0.9294 0.4458 4.2927, 0.9308 0.4463 4.258, 0.8875 0.5475 4.2968, 0.8744 0.5737 4.2631, 0.8517 0.6106 4.2994, 0.8523 0.6108 4.2647, 0.8099 0.6843 4.3026, 0.7973 0.7031 4.2687, 0.7513 0.7626 4.3062, 0.7514 0.7626 4.2715, 0.716 0.8098 4.3083, 0.7057 0.8218 4.2742, 0.6303 0.8988 4.3128, 0.6301 0.8987 4.2781, 0.6084 0.9215 4.3139, 0.6019 0.9275 4.2795, 0.4911 1.0166 4.3191, 0.491 1.0165 4.2844, 0.4903 1.0172 4.3192, 0.4884 1.0185 4.2845, 0.3646 1.0961 4.324, 0.3682 1.0942 4.2892, 0.3347 1.1103 4.3252, 0.3347 1.1103 4.2904, 0.2292 1.1601 4.3291, 0.2391 1.1561 4.294, 0.1667 1.1809 4.3314, 0.1667 1.181 4.2967, 0.0836 1.2084 4.3345, 0.1006 1.2038 4.2991, -0.0096 1.2269 4.3379, -0.0095 1.2276 4.3032, -0.0692 1.2388 4.3401, -0.0449 1.2353 4.3045, -0.1907 1.2474 4.3446, -0.1906 1.2489 4.3099, -0.1945 1.2493 4.31, -0.2259 1.25 4.3459, -0.3729 1.2419 4.3514, -0.345 1.2453 4.3156, -0.3727 1.2412 4.3166, -0.3829 1.2414 4.3517, -0.5364 1.2134 4.3574, -0.4932 1.2233 4.3211, -0.5521 1.2085 4.358, -0.5518 1.2073 4.3233, -0.6831 1.1674 4.3628, -0.6359 1.1844 4.3264, -0.7244 1.1487 4.3297, -0.8862 1.0651 4.3705, -0.8871 1.0666 4.3357, -0.9466 1.0285 4.3728, -0.895 1.0623 4.336, -1.0347 0.9594 4.3766, -1.0125 0.9797 4.3408, -1.0349 0.9598 4.3419, -1.0659 0.9349 4.378, -1.1667 0.8337 4.3831, -1.122 0.8819 4.346, -1.1655 0.8327 4.3484, -1.1751 0.8253 4.3835, -1.2207 0.7702 4.3514, -1.2709 0.7014 4.3893, -1.277 0.6886 4.3551, -1.278 0.6893 4.3898, -1.3061 0.6464 4.3569, -1.3508 0.5659 4.3951, -1.3671 0.5301 4.3618, -1.3663 0.5298 4.3965, -1.376 0.5131 4.3625, -1.4129 0.4219 4.4009, -1.4292 0.3733 4.368, -1.431 0.3595 4.4032, -1.4325 0.3599 4.3685, -1.456 0.273 4.4064, -1.4649 0.23 4.3732, -1.4707 0.1817 4.4096, -1.471 0.1818 4.3749, -1.4802 0.1227 4.4117, -1.4832 0.0864 4.3782, -1.4849 -0.0 4.4157, -1.4843 -0.0 4.381, -1.4859 -0.0256 4.4166, -1.485 -0.0552 4.3828, -1.4739 -0.1748 4.4216, -1.472 -0.1819 4.3871, -1.4725 -0.1819 4.4218, -1.4703 -0.1985 4.3877, -1.4432 -0.325 4.427, -1.4385 -0.3421 4.3929, -1.4315 -0.3596 4.4283, -1.4323 -0.3598 4.3936, -1.3934 -0.4726 4.4326, -1.3891 -0.483 4.3983, -1.3659 -0.5295 4.435, -1.3662 -0.5297 4.4002, -1.325 -0.614 4.4384, -1.3228 -0.618 4.4039, -1.2767 -0.6884 4.4417, -1.2768 -0.6885 4.407, -1.2393 -0.7458 4.4442, -1.2406 -0.7441 4.4094, -1.1657 -0.8329 4.4484, -1.166 -0.8332 4.4137, -1.1385 -0.865 4.4499, -1.1446 -0.8586 4.4149, -1.0353 -0.9603 4.4549, -1.0373 -0.9596 4.4201, -1.0357 -0.9607 4.4202, -1.0255 -0.9693 4.4554, -0.9034 -1.057 4.4604, -0.9213 -1.0456 4.425, -0.8869 -1.0661 4.4611, -0.8866 -1.0656 4.4263, -0.7737 -1.1285 4.4653, -0.7986 -1.1163 4.4296, -0.7243 -1.1485 4.4671, -0.7243 -1.1485 4.4324, -0.6332 -1.1853 4.4705, -0.6661 -1.1737 4.4345, -0.5518 -1.2071 4.4735, -0.552 -1.2081 4.4388, -0.4837 -1.2252 4.476, -0.525 -1.2162 4.4398, -0.3726 -1.2405 4.4801, -0.3778 -1.242 4.4452, -0.3729 -1.2422 4.4454, -0.3286 -1.2466 4.4818, -0.1905 -1.2481 4.4869, -0.2275 -1.25 4.4508, -0.1907 -1.2475 4.4522, -0.1713 -1.2483 4.4876, -0.0155 -1.2304 4.4934, -0.0774 -1.2399 4.4563, -0.0092 -1.2288 4.4936, -0.0096 -1.227 4.4589, 0.1351 -1.1936 4.4989, 0.0693 -1.2121 4.4618, 0.1668 -1.1815 4.5001, 0.1668 -1.1813 4.4654, 0.2095 -1.1678 4.467, 0.2774 -1.1396 4.5042, 0.3352 -1.1114 4.4716, 0.3343 -1.1098 4.5063, 0.3409 -1.1088 4.4718, 0.4089 -1.0707 4.5091, 0.4626 -1.0364 4.4765, 0.49 -1.0149 4.5124, 0.4902 -1.0154 4.4776, 0.5323 -0.9859 4.5141, 0.5777 -0.9487 4.4814, 0.6306 -0.899 4.5187, 0.6299 -0.8983 4.484, 0.6471 -0.8844 4.5195, 0.684 -0.8461 4.4867, 0.7503 -0.7677 4.5251, 0.7518 -0.7628 4.4906, 0.7529 -0.7638 4.5253, 0.7785 -0.7301 4.4921, 0.8388 -0.6379 4.5309, 0.8534 -0.6115 4.4973, 0.8525 -0.6111 4.532, 0.8589 -0.6028 4.4977, 0.9103 -0.4979 4.5367, 0.9233 -0.467 4.5033, 0.9292 -0.4458 4.5388, 0.9303 -0.4462 4.504, 0.9635 -0.3512 4.5424, 0.9707 -0.3256 4.5087, 0.9816 -0.2713 4.5453, 0.9819 -0.2714 4.5106, 0.9975 -0.2012 4.5479, 1.0005 -0.1819 4.5138, 1.0087 -0.0911 4.5516, 1.0086 -0.0911 4.5169, 1.0127 -0.0515 4.553, 1.0132 -0.0388 4.5187, 1.0102 0.0912 4.5576, 1.0099 0.0912 4.5229, 1.0101 0.0965 4.5578, 1.0096 0.1029 4.5233, 0.9892 0.2466 4.563, 0.9892 0.2466 4.5283, 0.9826 0.2714 4.5639, 0.9827 0.2715 4.5292, 0.9494 0.396 4.5685, 0.9515 0.3897 4.5336, 0.9293 0.4457 4.5705, 0.9293 0.4457 4.5358, 0.8906 0.5411 4.5743, 0.8964 0.5289 4.539, 0.8517 0.6106 4.5772, 0.852 0.6108 4.5425, 0.8137 0.6784 4.5801, 0.8246 0.6613 4.5446, 0.7514 0.7627 4.584, 0.7521 0.7632 4.5492, 0.7376 0.7838 4.5502, 0.7205 0.8045 4.5859, 0.6305 0.899 4.5906, 0.6375 0.894 4.5556, 0.6311 0.8995 4.5558, 0.6135 0.9168 4.5915, 0.3344 1.11 4.5682, 0.3346 1.1101 4.6029, 0.3704 1.093 4.6016, 0.4957 1.0133 4.5967, 0.5269 0.99 4.5607, 0.491 1.0163 4.5969, 0.4901 1.0152 4.5622, 0.4087 1.0708 4.5655, 0.2355 1.1576 4.6066, 0.283 1.1371 4.5701, 0.1667 1.1808 4.6092, 0.167 1.1821 4.5744, 0.0903 1.2066 4.612, 0.1474 1.1897 4.5751, -0.0096 1.2271 4.6157, 0.0039 1.2267 4.5805, -0.0093 1.2285 4.5809, -0.0623 1.2378 4.6176, -0.1907 1.2477 4.6224, -1.4861 -0.019 4.6941, -1.4771 -0.1508 4.6638, -1.4748 -0.1681 4.6991, -1.4715 -0.1817 4.6649, -1.4721 -0.1818 4.6996, -0.1447 1.2466 4.586, -0.1906 1.2472 4.5877, -0.2189 1.2499 4.6234, -0.2953 1.2486 4.5915, -0.3729 1.2423 4.6291, -0.3727 1.2403 4.5944, -0.3759 1.2422 4.6292, -0.4446 1.2325 4.5971, -0.5297 1.2151 4.6349, -0.552 1.2077 4.601, -0.552 1.2082 4.6358, -0.5894 1.1991 4.6024, -0.6767 1.1698 4.6404, -0.725 1.1503 4.6075, -0.7242 1.1486 4.6422, -0.7269 1.1496 4.6075, -0.8141 1.1084 4.6455, -0.8548 1.0862 4.6123, -0.8863 1.0651 4.6482, -0.8865 1.0657 4.6135, -0.9411 1.0323 4.6503, -0.9743 1.0088 4.617, -1.0348 0.9596 4.6544, -1.0344 0.9592 4.6197, -1.0608 0.9394 4.6555, -1.0868 0.916 4.622, -1.167 0.8339 4.6609, -1.166 0.8331 4.6261, -1.1704 0.8305 4.661, -1.1894 0.8087 4.6274, -1.2669 0.7072 4.6668, -1.2786 0.6897 4.6328, -1.2777 0.6891 4.6676, -1.2794 0.6886 4.6329, -1.3476 0.5721 4.6726, -1.3546 0.5582 4.6385, -1.3661 0.5297 4.6743, -1.3667 0.53 4.6396, -1.4105 0.4284 4.6784, -1.4135 0.4202 4.644, -1.4309 0.3594 4.681, -1.4311 0.3595 4.6462, -1.4545 0.2797 4.684, -1.455 0.2776 4.6493, -1.4708 0.1817 4.6874, -1.471 0.1817 4.6527, -1.4795 0.1294 4.6892, -1.479 0.1338 4.6544, -1.4852 -0.0 4.6935, -1.4858 -0.0 4.6588, -1.4862 -0.0083 4.6591, -1.445 -0.3183 4.7045, -1.451 -0.2947 4.6689, -1.4313 -0.3595 4.7061, -1.4311 -0.3595 4.6713, -1.396 -0.4661 4.7101, -1.4074 -0.4368 4.6743, -1.3658 -0.5295 4.7127, -1.3662 -0.5298 4.678, -1.3284 -0.6079 4.7159, -1.3466 -0.5741 4.6798, -1.2767 -0.6884 4.7195, -1.2779 -0.6893 4.6848, -1.2695 -0.7034 4.6854, -1.2435 -0.7402 4.7218, -1.1659 -0.8331 4.7262, -1.1778 -0.8221 4.6909, -1.1666 -0.8336 4.6915, -1.1433 -0.86 4.7275, -1.0355 -0.9605 4.7327, -1.0739 -0.9277 4.6962, -1.0346 -0.9593 4.6979, -1.0308 -0.965 4.7329, -0.909 -1.0535 4.738, -0.9605 -1.0188 4.7012, -0.8868 -1.0659 4.7388, 1.0126 0.0556 4.7995, 1.0089 0.0911 4.8007, 1.0106 0.0899 4.8354, 1.0104 0.0912 4.8354, -0.8864 -1.0654 4.7041, -0.8403 -1.0944 4.7059, -0.7798 -1.1256 4.7428, -0.7247 -1.1497 4.7101, -0.7242 -1.1484 4.7449, -0.7111 -1.1563 4.7107, -0.6396 -1.1831 4.748, -0.5726 -1.2039 4.7158, -0.5518 -1.2071 4.7513, -0.5521 -1.2083 4.7165, -0.4906 -1.2238 4.7535, -0.427 -1.2353 4.7212, -0.3727 -1.2407 4.7579, -0.3727 -1.2404 4.7232, -0.3356 -1.246 4.7593, -0.2774 -1.2493 4.7267, -0.1905 -1.2485 4.7647, -0.1906 -1.247 4.7299, -0.1783 -1.2487 4.7651, -0.1269 -1.2452 4.7323, -0.0224 -1.2316 4.7709, -0.0094 -1.2278 4.7366, -0.0093 -1.2285 4.7714, 0.0212 -1.2232 4.7378, 0.1286 -1.1956 4.7765, 0.1639 -1.1842 4.7431, 0.1668 -1.1813 4.7779, 0.1673 -1.1829 4.7432, 0.2713 -1.1423 4.7818, 0.2985 -1.1299 4.748, 0.3343 -1.1097 4.7841, 0.3346 -1.1102 4.7494, 0.4033 -1.074 4.7867, 0.423 -1.0621 4.7527, 0.4901 -1.0151 4.7902, 0.49 -1.015 4.7554, 0.5269 -0.99 4.7916, 0.5404 -0.9795 4.7575, 0.6308 -0.8993 4.7965, 0.6306 -0.8989 4.7618, 0.6422 -0.8893 4.797, 0.6499 -0.8816 4.7627, 0.7459 -0.7732 4.8026, 0.7486 -0.7699 4.7681, 0.7526 -0.7636 4.8031, 0.7528 -0.7637 4.7684, 0.8352 -0.644 4.8084, 0.8339 -0.6461 4.7736, 0.8523 -0.6109 4.8098, 0.8523 -0.611 4.7751, 0.9075 -0.5044 4.8143, 0.9038 -0.5127 4.7792, 0.9291 -0.4457 4.8165, 0.9292 -0.4457 4.7818, 0.9615 -0.3578 4.82, 0.9569 -0.3729 4.7847, 0.9816 -0.2713 4.8231, 0.9821 -0.2714 4.7884, 0.9964 -0.2079 4.8254, 0.9925 -0.2296 4.7899, 1.0089 -0.0911 4.8294, 1.0102 -0.0912 4.7947, 1.0108 -0.086 4.7949, 1.0124 -0.0581 4.8305, 0.9818 0.2713 4.807, 0.9824 0.2714 4.8417, 0.9906 0.2399 4.8405, 0.9979 0.1989 4.8044, 0.9516 0.3894 4.8461, 0.966 0.3425 4.8096, 0.9292 0.4457 4.8483, 0.9297 0.446 4.8135, 0.8936 0.5348 4.8518, 0.9166 0.4834 4.815, 0.8517 0.6106 4.855, 0.8535 0.6116 4.8203, 0.8501 0.6184 4.8206, 0.8175 0.6725 4.8576, 0.7515 0.7628 4.8617, 0.768 0.7444 4.8261, 0.7522 0.7632 4.827, 0.725 0.7992 4.8634, 0.6307 0.8992 4.8683, -1.0556 0.9439 4.933, -1.1566 0.8457 4.9033, -1.1658 0.8357 4.9386, -1.1665 0.8336 4.9039, -1.1671 0.8341 4.9386, 0.6719 0.8589 4.8316, 0.63 0.8984 4.8336, 0.6185 0.9121 4.869, 0.5645 0.9599 4.8368, 0.5012 1.0094 4.8743, 0.49 1.0151 4.8399, 0.4908 1.016 4.8747, 0.4485 1.0458 4.8417, 0.3761 1.0898 4.8792, 0.3351 1.1112 4.846, 0.3345 1.11 4.8807, 0.3259 1.1165 4.8463, 0.2417 1.155 4.8842, 0.1933 1.1739 4.8512, 0.1666 1.1808 4.8869, 0.167 1.1818 4.8522, 0.097 1.2048 4.8895, 0.0522 1.2163 4.8565, -0.0096 1.2272 4.8935, -0.0095 1.2271 4.8587, -0.0553 1.2368 4.8952, -0.0951 1.242 4.8619, -0.1906 1.248 4.9002, -0.1907 1.2471 4.8654, -0.2119 1.2498 4.901, -0.2453 1.25 4.8675, -0.369 1.2429 4.9068, -0.3728 1.2413 4.8722, -0.3729 1.2423 4.9069, -0.3954 1.2398 4.873, -0.5229 1.2167 4.9125, -0.5421 1.212 4.8785, -0.5519 1.2079 4.9135, -0.5522 1.2088 4.8788, -0.6703 1.1722 4.9179, -0.6823 1.1677 4.8837, -0.7242 1.1485 4.9199, -0.7243 1.1488 4.8852, -0.8082 1.1114 4.923, -0.8136 1.1086 4.8885, -0.8863 1.0652 4.926, -0.8864 1.0653 4.8913, -0.9356 1.036 4.9279, -0.9353 1.0362 4.8931, -1.035 0.9598 4.9322, -1.0352 0.96 4.8974, -1.0505 0.9484 4.8981, -1.2629 0.713 4.9443, -1.2511 0.7297 4.9088, -1.2775 0.689 4.9453, -1.277 0.6887 4.9106, -1.3444 0.5784 4.9501, -1.3315 0.6024 4.9144, -1.366 0.5297 4.9521, -1.366 0.5296 4.9174, -1.4081 0.435 4.9559, -1.3959 0.4666 4.9199, -1.4309 0.3594 4.9587, -1.4316 0.3596 4.924, -1.4432 0.3252 4.9253, -1.453 0.2864 4.9615, -1.4709 0.1817 4.9652, -1.4728 0.182 4.9305, -1.473 0.1814 4.9305, -1.4788 0.1361 4.9668, -1.4855 -0.0 4.9713, -1.4856 0.0384 4.9353, -1.4846 0.0 4.9366, -1.4861 -0.0124 4.9717, -1.4757 -0.1614 4.9767, -1.4819 -0.1033 4.94, -1.4708 -0.1817 4.9427, -1.4718 -0.1818 4.9774, -1.4615 -0.247 4.945, -1.4467 -0.3116 4.982, -1.4318 -0.3598 4.9491, -1.4312 -0.3595 4.9838, -1.4238 -0.3901 4.9502, -1.3986 -0.4596 4.9877, -1.3686 -0.5293 4.9557, -1.3658 -0.5295 4.9905, -1.3679 -0.5305 4.9558, -1.3318 -0.6017 4.9935, -1.2967 -0.6616 4.9613, -1.2768 -0.6885 4.9973, -1.2774 -0.6888 4.9625, -1.2476 -0.7345 4.9993, -1.2097 -0.7841 4.9668, -1.1661 -0.8332 5.004, -1.1655 -0.8327 4.9692, -1.1481 -0.855 5.005, -1.1096 -0.8943 4.9722, -1.036 -0.9606 5.0104, -1.0346 -0.9594 4.9757, -1.0358 -0.9608 5.0105, -0.999 -0.9903 4.9774, -0.9146 -1.0499 5.0156, -0.8871 -1.0666 4.9819, -0.8866 -1.0657 5.0166, -0.8807 -1.071 4.9821, -0.7858 -1.1227 5.0204, -0.7551 -1.1372 4.9868, -0.7242 -1.1483 5.0227, -0.7245 -1.1491 4.9879, -0.6461 -1.1809 5.0256, -0.6194 -1.1898 4.9918, -0.5518 -1.2072 5.0291, -0.5518 -1.2072 4.9943, -0.4974 -1.2224 5.0311, -0.4759 -1.2268 4.9971, -0.3727 -1.241 5.0357, -0.3727 -1.2406 5.001, -0.3426 -1.2455 5.0368, -0.3273 -1.2467 5.0026, -0.1905 -1.2488 5.0424, -0.1905 -1.2484 5.0077, -0.1853 -1.249 5.0426, -0.1767 -1.2486 5.0082, -0.0293 -1.2328 5.0484, -0.0274 -1.2324 5.0138, -0.0094 -1.2281 5.0491, -0.0094 -1.2283 5.0144, 0.122 -1.1976 5.054, 0.1174 -1.1989 5.0191, 0.1667 -1.1812 5.0557, 0.1667 -1.1812 5.0209, 0.2651 -1.1451 5.0593, 0.2549 -1.1495 5.0242, 0.3343 -1.1097 5.0619, 0.3345 -1.11 5.0272, 0.3976 -1.0774 5.0642, 0.3828 -1.086 5.0289, 0.4902 -1.0152 5.0679, 0.4907 -1.016 5.0332, 0.5216 -0.9941 5.0692, 0.5023 -1.0086 5.0336, 0.6147 -0.9157 5.0387, 0.7515 -0.7627 5.0461, 0.7523 -0.7634 5.0809, 0.7416 -0.7787 5.0802, 0.7173 -0.8083 5.044, 0.852 -0.6107 5.0529, 0.8521 -0.6108 5.0876, 0.8315 -0.65 5.086, 0.8072 -0.6883 5.0496, 0.9047 -0.5108 5.0918, 0.8824 -0.5578 5.0551, 0.9291 -0.4457 5.0943, 0.93 -0.446 5.0596, 0.9412 -0.4197 5.0607, 0.9595 -0.3644 5.0975, 0.874 0.5745 5.0965, 0.9313 0.4465 5.0984, 0.9308 0.4463 5.0913, 0.9839 0.2718 5.0984, 0.9827 0.2716 5.0847, 0.9785 0.2951 5.0856, 0.9348 0.4372 5.0909, 1.0046 0.1512 5.0805, 1.0105 0.0912 5.0984, 1.0085 0.0911 5.0785, 1.0138 0.0087 5.0757, 1.0105 -0.0912 5.0984, 1.0088 -0.0912 5.0724, 0.9668 -0.3394 5.0984, 0.9827 -0.2772 5.066, 0.9839 -0.2718 5.0984, 0.9836 -0.2717 5.0662, 1.0067 -0.1334 5.0711, -1.44 -0.0524 3.5236, -1.4454 0.0163 3.5236, -1.2795 0.0 3.5236, 0.4217 -0.881 3.5236, 0.408 -0.8912 3.5236, 0.377 -0.8441 3.5236, -1.3323 -0.4365 3.5236, -1.3641 -0.3638 3.5236, -1.323 -0.4544 3.5236, -1.2984 -0.5018 3.5236, 0.6656 -0.6285 3.5236, 0.6474 -0.6546 3.5236, 0.6079 -0.6132 3.5236, -1.3665 0.5098 3.5236, -1.342 0.5713 3.5236, -1.1658 0.4737 3.5236, -1.2284 -0.3224 3.5236, -1.3783 -0.3241 3.5236, -1.2667 -0.1632 3.5236, -1.3909 -0.289 3.5236, -1.4126 -0.2122 3.5236, -1.2566 -0.5711 3.5236, -1.2982 -0.5024 3.5236, -1.1658 -0.4737 3.5236, -1.1607 -0.698 3.5236, -1.1679 -0.6891 3.5236, -1.0803 -0.6132 3.5236, -1.2107 -0.6363 3.5236, -1.2524 -0.577 3.5236, -0.8645 -0.9425 3.5236, -0.9308 -0.9011 3.5236, -0.8494 -0.8441 3.5236, 0.7697 -0.4442 3.5236, 0.7581 -0.4697 3.5236, 0.6934 -0.4737 3.5236, -1.0803 0.6132 3.5236, -0.9739 0.7377 3.5236, -0.8494 0.8441 3.5236, -1.4463 0.0963 3.5236, -1.4421 0.1768 3.5236, -1.2667 0.1632 3.5236, -1.4364 0.2255 3.5236, -1.4462 0.0847 3.5236, -1.4174 -0.1891 3.5236, -1.4291 -0.1336 3.5236, -1.4392 -0.063 3.5236, 0.4305 -0.8745 3.5236, -0.9739 -0.7377 3.5236, -0.9674 -0.8746 3.5236, -0.9946 -0.855 3.5236, -0.5586 -0.9922 3.5236, -0.4925 -1.0758 3.5236, -0.5291 -1.0699 3.5236, -1.3726 0.4947 3.5236, -1.2284 0.3224 3.5236, -1.3979 0.4165 3.5236, -1.4326 0.2577 3.5236, -1.418 0.3369 3.5236, -1.4101 0.3682 3.5236, -1.0558 -0.8042 3.5236, -1.072 -0.7888 3.5236, -1.1066 -0.7562 3.5236, -0.7426 -1.0034 3.5236, -0.7493 -1.0008 3.5236, -0.7099 -0.9296 3.5236, -0.7961 -0.9791 3.5236, -0.8572 -0.9464 3.5236, -0.4534 -1.0822 3.5236, -0.3994 -1.0305 3.5236, -0.3953 -1.0881 3.5236, 0.5015 -0.7377 3.5236, 0.5993 -0.715 3.5236, 0.5725 -0.7441 3.5236, 0.7986 -0.3721 3.5236, 0.756 -0.3224 3.5236, 0.8013 -0.3637 3.5236, 0.187 1.1265 3.5236, 0.1933 1.1234 3.5236, 0.0862 0.9922 3.5236, 0.261 1.0902 3.5236, 0.2375 0.9296 3.5236, -0.0933 1.2134 3.5236, -0.0451 1.2039 3.5236, -0.073 1.0305 3.5236, -0.6037 -1.0522 3.5236, -0.6205 -1.0469 3.5236, -0.6771 -1.0291 3.5236, -0.1984 -1.0985 3.5236, -0.2566 -1.0995 3.5236, -0.2362 -1.0433 3.5236, -0.3184 -1.0966 3.5236, -0.3476 -1.0933 3.5236, 0.2765 -0.9728 3.5236, 0.2375 -0.9296 3.5236, 0.3437 -0.9343 3.5236, 0.3511 -0.9293 3.5236, 0.5471 -0.7718 3.5236, 0.4908 -0.825 3.5236, 0.4665 -0.845 3.5236, 0.7423 -0.5003 3.5236, 0.7226 -0.5384 3.5236, 0.6824 -0.6045 3.5236, 0.6934 0.4737 3.5236, 0.7862 0.5196 3.5236, 0.7977 0.492 3.5236, 0.7062 0.6749 3.5236, 0.6079 0.6132 3.5236, 0.6625 0.7406 3.5236, 0.5015 0.7377 3.5236, 0.6395 0.7705 3.5236, 0.0338 1.1833 3.5236, 0.0543 1.1764 3.5236, 0.1112 1.1575 3.5236, -0.5586 0.9922 3.5236, -0.3994 1.0305 3.5236, -0.4375 1.2281 3.5236, -0.4026 1.2304 3.5236, -0.7099 0.9296 3.5236, 0.2276 -0.9968 3.5236, 0.2217 -0.9998 3.5236, 0.0862 -0.9922 3.5236, 0.1505 -1.0294 3.5236, 0.8493 -0.1756 3.5236, 0.8408 -0.2221 3.5236, 0.7943 -0.1632 3.5236, 0.8405 -0.2234 3.5236, 0.8222 -0.2984 3.5236, 0.544 0.8799 3.5236, 0.5645 0.8595 3.5236, -0.0502 -1.0832 3.5236, -0.0744 -1.0877 3.5236, -0.073 -1.0305 3.5236, -0.1022 -1.0914 3.5236, -0.1792 -1.0982 3.5236, 0.093 -1.0488 3.5236, 0.0773 -1.054 3.5236, 0.0024 -1.0735 3.5236, 0.8734 -0.0223 3.5236, 0.8734 -0.0224 3.5236, 0.8071 0.0 3.5236, 0.8642 -0.0993 3.5236, 0.8536 -0.1535 3.5236, 0.8717 0.1852 3.5236, 0.8756 0.1348 3.5236, 0.7943 0.1632 3.5236, 0.8761 0.1102 3.5236, 0.8772 0.0559 3.5236, 0.8334 0.384 3.5236, 0.8452 0.3416 3.5236, 0.756 0.3224 3.5236, 0.8611 0.2641 3.5236, 0.8634 0.2466 3.5236, 0.824 0.4176 3.5236, 0.7208 0.6494 3.5236, 0.7454 0.6062 3.5236, 0.7801 0.5343 3.5236, 0.5111 0.9128 3.5236, 0.377 0.8441 3.5236, 0.451 0.965 3.5236, 0.5677 0.8563 3.5236, 0.6144 0.8031 3.5236, 0.3199 1.0568 3.5236, 0.3874 1.0129 3.5236, 0.437 0.9755 3.5236, -0.3562 1.2335 3.5236, -0.2746 1.2334 3.5236, -0.2362 1.0433 3.5236, -0.2469 1.2316 3.5236, -0.1928 1.2279 3.5236, -0.1111 1.2169 3.5236, 0.9371 -0.4161 5.0984, 0.7347 -0.3241 5.0984, 0.9025 -0.4899 5.0984, 0.8938 -0.5058 5.0984, 0.8632 -0.5613 5.0984, 0.6702 -0.4757 5.0984, 0.819 -0.6302 5.0984, 0.9574 -0.3637 5.0984, 0.7742 -0.1642 5.0984, 0.7874 -0.0 5.0984, -1.2236 0.4841 5.0984, -1.2551 0.4135 5.0984, -1.1779 0.4012 5.0984, -0.748 0.8865 5.0984, -0.826 0.961 5.0984, -0.8308 0.9573 5.0984, -0.474 1.128 5.0984, -0.441 1.0029 5.0984, -0.4018 1.1461 5.0984, -0.2774 1.0228 5.0984, -0.3382 1.1576 5.0984, -0.3235 1.1602 5.0984, -0.1785 -1.1526 5.0984, -0.0993 -1.1514 5.0984, -0.1128 -1.0162 5.0984, -0.1581 1.1722 5.0984, -0.1128 1.0162 5.0984, -0.1507 1.1722 5.0984, -0.0712 1.1691 5.0984, -0.1639 1.1722 5.0984, -0.1979 1.1708 5.0984, -0.2442 1.1689 5.0984, 0.347 1.0574 5.0984, 0.3082 1.0758 5.0984, 0.2026 0.9248 5.0984, 0.2402 1.1028 5.0984, 0.0861 1.1468 5.0984, 0.0486 0.9832 5.0984, 0.1636 1.1275 5.0984, 0.2192 1.1096 5.0984, 0.7166 -0.7588 5.0984, 0.7258 -0.7491 5.0984, 0.5821 -0.6149 5.0984, 0.7699 -0.6965 5.0984, 0.8128 -0.6386 5.0984, 0.3673 -1.0259 5.0984, 0.4222 -0.9966 5.0984, 0.3453 -0.8424 5.0984, 0.4785 -0.962 5.0984, 0.4906 -0.9535 5.0984, 0.5459 -0.9148 5.0984, 0.4729 -0.7382 5.0984, 0.0839 1.1472 5.0984, 0.0078 1.1606 5.0984, -0.0562 1.1675 5.0984, 0.7742 0.1642 5.0984, 0.7347 0.3241 5.0984, 0.6702 0.4757 5.0984, 0.3505 -1.0349 5.0984, 0.2026 -0.9248 5.0984, 0.2777 -1.0676 5.0984, 0.0486 -0.9832 5.0984, 0.0998 -1.1234 5.0984, 0.126 -1.1176 5.0984, -0.8836 0.7929 5.0984, -0.8912 0.9113 5.0984, -0.9312 0.876 5.0984, -0.6234 1.0747 5.0984, -0.694 1.041 5.0984, -0.5992 0.9571 5.0984, -0.7218 1.0254 5.0984, -0.7615 1.003 5.0984, -0.4788 1.1268 5.0984, -0.5499 1.1039 5.0984, -0.6025 1.083 5.0984, 0.3801 1.0417 5.0984, 0.3453 0.8424 5.0984, 0.4499 1.0028 5.0984, 0.7913 0.7 5.0984, 0.7487 0.7524 5.0984, 0.5821 0.6149 5.0984, 0.6927 0.8126 5.0984, 0.4729 0.7382 5.0984, 0.6329 0.8689 5.0984, 0.5844 0.9094 5.0984, 0.6083 -0.8645 5.0984, 0.6097 -0.8634 5.0984, 0.6696 -0.8082 5.0984, 0.1263 -1.1175 5.0984, 0.2029 -1.0952 5.0984, 0.2377 -1.0823 5.0984, -0.9525 -0.8343 5.0984, -0.9165 -0.8639 5.0984, -0.8836 -0.7929 5.0984, -1.1728 -0.5761 5.0984, -1.1014 -0.5471 5.0984, -1.2111 -0.5088 5.0984, -1.1779 -0.4012 5.0984, -1.2229 -0.4845 5.0984, -1.2378 -0.4538 5.0984, -1.0024 0.6788 5.0984, -1.0528 0.7467 5.0984, -1.0984 0.6849 5.0984, -1.1034 0.6774 5.0984, -1.1097 0.668 5.0984, -1.1014 0.5471 5.0984, -1.1388 0.6271 5.0984, -0.9492 0.8601 5.0984, -1.0031 0.8052 5.0984, -1.0227 0.7821 5.0984, 0.5831 0.9105 5.0984, 0.5177 0.959 5.0984, 0.4679 0.9911 5.0984, -0.3334 -1.1385 5.0984, -0.3059 -1.1431 5.0984, -0.2774 -1.0228 5.0984, -0.2581 -1.1483 5.0984, -0.1893 -1.1521 5.0984, 0.8007 0.6884 5.0984, -0.0437 -1.1467 5.0984, -0.0208 -1.1448 5.0984, 0.0571 -1.1328 5.0984, -0.441 -1.0029 5.0984, -0.4604 -1.1119 5.0984, -0.3837 -1.1301 5.0984, -0.61 -1.0594 5.0984, -0.6046 -1.0615 5.0984, -0.5992 -0.9571 5.0984, -0.5358 -1.0883 5.0984, -0.4729 -1.108 5.0984, -1.3106 -0.2342 5.0984, -1.2915 -0.3093 5.0984, -1.2301 -0.245 5.0984, -1.279 -0.3469 5.0984, -1.2672 -0.3825 5.0984, -1.2565 -0.0824 5.0984, -1.3338 -0.0626 5.0984, -1.3282 -0.1296 5.0984, -1.2301 0.245 5.0984, -1.3097 0.2384 5.0984, -1.313 0.2205 5.0984, -1.1545 0.6049 5.0984, -1.1871 0.5524 5.0984, -1.2156 0.499 5.0984, -0.8363 -0.9288 5.0984, -0.7939 -0.9595 5.0984, -0.748 -0.8865 5.0984, -0.7269 -1.001 5.0984, -0.6572 -1.0378 5.0984, -0.8569 -0.9139 5.0984, -1.3258 -0.1479 5.0984, -1.3245 -0.1574 5.0984, -1.3159 -0.2049 5.0984, -1.0644 -0.7234 5.0984, -1.057 -0.7313 5.0984, -1.0024 -0.6788 5.0984, -1.0115 -0.7798 5.0984, -0.9549 -0.8323 5.0984, -1.1479 -0.6137 5.0984, -1.13 -0.6405 5.0984, -1.1134 -0.6631 5.0984, -1.3325 0.0859 5.0984, -1.3329 0.078 5.0984, -1.2565 0.0824 5.0984, -1.3356 0.0249 5.0984, -1.3346 -0.0526 5.0984, -1.3238 0.1626 5.0984, -1.2654 0.3874 5.0984, -1.2739 0.3621 5.0984, -1.2902 0.3134 5.0984, 1.0433 1.2795 2.3425, 1.0433 -1.2795 2.3425, 1.0433 1.2795 1.752, 1.0433 -1.2795 1.752, -1.5157 1.2795 2.3425, -1.5157 1.2795 1.752, -1.5157 -1.2795 2.3425, -1.5157 -1.2795 1.752, -1.1658 -0.4737 2.3425, -1.2284 -0.3224 2.3425, -1.2284 0.3224 2.3425, -1.1658 0.4737 2.3425, -1.0803 0.6132 2.3425, -0.9739 0.7377 2.3425, 0.756 -0.3224 2.3425, 0.6934 -0.4737 2.3425, 0.6079 -0.6132 2.3425, 0.5015 -0.7377 2.3425, 0.377 -0.8441 2.3425, 0.2375 -0.9296 2.3425, 0.0862 -0.9922 2.3425, -1.2667 -0.1632 2.3425, -1.2795 0.0 2.3425, -1.2667 0.1632 2.3425, -0.5586 -0.9922 2.3425, -0.7099 -0.9296 2.3425, -0.8494 -0.8441 2.3425, -0.8494 0.8441 2.3425, -0.7099 0.9296 2.3425, -0.5586 0.9922 2.3425, -0.073 -1.0305 2.3425, -0.2362 -1.0433 2.3425, -0.3994 -1.0305 2.3425, -0.9739 -0.7377 2.3425, -1.0803 -0.6132 2.3425, 0.0862 0.9922 2.3425, 0.2375 0.9296 2.3425, 0.377 0.8441 2.3425, 0.5015 0.7377 2.3425, 0.6079 0.6132 2.3425, 0.6934 0.4737 2.3425, 0.756 0.3224 2.3425, 0.7943 0.1632 2.3425, 0.8071 0.0 2.3425, 0.7943 -0.1632 2.3425, -0.3994 1.0305 2.3425, -0.2362 1.0433 2.3425, -0.073 1.0305 2.3425, -0.9734 -0.2767 1.752, -0.9121 -0.4039 1.752, -0.061 -0.7677 1.752, 0.0733 -0.724 1.752, 0.1976 -0.6571 1.752, 0.3079 0.5691 1.752, 0.1976 0.6571 1.752, 0.0733 0.724 1.752, 0.3079 -0.5691 1.752, 0.4008 -0.4628 1.752, 0.4732 -0.3416 1.752, -0.9734 0.2767 1.752, -1.0109 0.1406 1.752, -1.0236 -0.0 1.752, -1.0109 -0.1406 1.752, -0.8292 -0.5181 1.752, -0.7271 -0.6156 1.752, -0.6093 -0.6934 1.752, -0.4795 -0.7489 1.752, -0.3419 -0.7803 1.752, -0.2009 -0.7866 1.752, 0.5228 -0.2095 1.752, 0.548 -0.0706 1.752, 0.548 0.0706 1.752, 0.5228 0.2095 1.752, -0.3419 0.7803 1.752, -0.2009 0.7866 1.752, -0.061 0.7677 1.752, -0.4795 0.7489 1.752, -0.6093 0.6934 1.752, -0.7271 0.6156 1.752, 0.4732 0.3416 1.752, 0.4008 0.4628 1.752, -0.8292 0.5181 1.752, -0.9121 0.4039 1.752
            ]
        }
        coordIndex [
            0,1,2,-1,2,1,3,-1,4,0,5,-1,5,0,2,-1,6,4,7,-1,7,4,5,-1,1,6,3,-1,3,6,7,-1,4,6,0,-1,0,6,1,-1,7,5,3,-1,3,5,2,-1,8,9,10,-1,10,9,11,-1,10,11,12,-1,12,11,13,-1,12,13,14,-1,14,13,15,-1,14,15,16,-1,16,15,17,-1,16,17,18,-1,18,17,19,-1,18,19,20,-1,20,19,21,-1,20,21,22,-1,22,21,23,-1,22,23,24,-1,24,23,25,-1,24,25,26,-1,26,25,27,-1,26,27,28,-1,28,27,29,-1,28,29,30,-1,30,29,31,-1,30,31,32,-1,32,31,33,-1,32,33,34,-1,34,33,35,-1,34,35,36,-1,36,35,37,-1,36,37,38,-1,38,37,39,-1,38,39,40,-1,40,39,41,-1,40,41,42,-1,42,41,43,-1,42,43,44,-1,44,43,45,-1,44,45,46,-1,46,45,47,-1,46,47,48,-1,48,47,49,-1,48,49,50,-1,50,49,51,-1,50,51,52,-1,52,51,53,-1,52,53,54,-1,54,53,55,-1,54,55,56,-1,56,55,57,-1,56,57,58,-1,58,57,59,-1,58,59,60,-1,60,59,61,-1,60,61,62,-1,62,61,63,-1,62,63,64,-1,64,63,65,-1,64,65,66,-1,66,65,67,-1,66,67,8,-1,8,67,9,-1,11,9,68,-1,68,9,67,-1,68,67,65,-1,17,15,68,-1,68,15,13,-1,68,13,11,-1,23,21,68,-1,68,21,19,-1,68,19,17,-1,29,27,68,-1,68,27,25,-1,68,25,23,-1,35,33,68,-1,68,33,31,-1,68,31,29,-1,41,39,68,-1,68,39,37,-1,68,37,35,-1,47,45,68,-1,68,45,43,-1,68,43,41,-1,53,51,68,-1,68,51,49,-1,68,49,47,-1,59,57,68,-1,68,57,55,-1,68,55,53,-1,65,63,68,-1,68,63,61,-1,68,61,59,-1,64,66,69,-1,69,66,8,-1,69,8,10,-1,58,60,69,-1,69,60,62,-1,69,62,64,-1,52,54,69,-1,69,54,56,-1,69,56,58,-1,46,48,69,-1,69,48,50,-1,69,50,52,-1,40,42,69,-1,69,42,44,-1,69,44,46,-1,34,36,69,-1,69,36,38,-1,69,38,40,-1,28,30,69,-1,69,30,32,-1,69,32,34,-1,22,24,69,-1,69,24,26,-1,69,26,28,-1,16,18,69,-1,69,18,20,-1,69,20,22,-1,10,12,69,-1,69,12,14,-1,69,14,16,-1,70,71,72,-1,72,71,73,-1,74,70,75,-1,75,70,72,-1,76,74,77,-1,77,74,75,-1,71,76,73,-1,73,76,77,-1,74,76,70,-1,70,76,71,-1,77,75,73,-1,73,75,72,-1,78,79,80,-1,80,79,81,-1,82,78,83,-1,83,78,80,-1,84,82,85,-1,85,82,83,-1,79,84,81,-1,81,84,85,-1,82,84,78,-1,78,84,79,-1,85,83,81,-1,81,83,80,-1,86,87,88,-1,88,87,89,-1,90,86,91,-1,91,86,88,-1,92,90,93,-1,93,90,91,-1,87,92,89,-1,89,92,93,-1,90,92,86,-1,86,92,87,-1,93,91,89,-1,89,91,88,-1,94,95,96,-1,97,98,99,-1,100,101,102,-1,103,104,105,-1,106,107,108,-1,109,110,111,-1,111,110,112,-1,113,114,115,-1,116,117,118,-1,118,117,119,-1,119,117,120,-1,119,120,121,-1,122,123,120,-1,120,123,124,-1,120,124,121,-1,125,126,122,-1,122,126,127,-1,122,127,123,-1,128,129,130,-1,130,129,131,-1,130,131,125,-1,125,131,132,-1,125,132,126,-1,128,130,133,-1,133,130,134,-1,133,134,135,-1,134,136,135,-1,135,136,137,-1,135,137,138,-1,138,137,139,-1,138,139,140,-1,140,139,141,-1,140,141,142,-1,142,141,143,-1,142,143,144,-1,144,143,145,-1,144,145,146,-1,146,145,147,-1,146,147,148,-1,148,147,149,-1,148,149,150,-1,150,149,151,-1,150,151,152,-1,152,151,153,-1,152,153,154,-1,154,153,155,-1,154,155,156,-1,156,155,157,-1,156,157,158,-1,158,157,159,-1,158,159,160,-1,160,159,161,-1,160,161,162,-1,162,161,163,-1,162,163,164,-1,164,163,165,-1,164,165,166,-1,166,165,167,-1,166,167,168,-1,168,167,169,-1,168,169,170,-1,170,169,171,-1,170,171,172,-1,172,171,173,-1,172,173,174,-1,174,173,175,-1,174,175,176,-1,113,115,176,-1,176,115,177,-1,176,177,174,-1,112,110,114,-1,114,110,178,-1,114,178,115,-1,179,180,181,-1,109,111,181,-1,181,111,182,-1,181,182,179,-1,180,179,183,-1,183,179,184,-1,183,184,185,-1,185,184,186,-1,185,186,187,-1,187,186,188,-1,187,188,189,-1,188,190,189,-1,189,190,191,-1,189,191,192,-1,192,191,193,-1,194,195,196,-1,191,197,193,-1,193,197,198,-1,193,198,199,-1,199,198,200,-1,199,200,201,-1,201,200,202,-1,201,202,203,-1,203,202,204,-1,203,204,205,-1,205,204,206,-1,205,206,207,-1,207,206,208,-1,207,208,209,-1,209,208,210,-1,209,210,211,-1,211,210,212,-1,211,212,213,-1,213,212,214,-1,213,214,215,-1,215,214,216,-1,215,216,217,-1,217,216,218,-1,217,218,219,-1,219,218,220,-1,219,220,221,-1,221,220,222,-1,221,222,223,-1,223,222,224,-1,223,224,225,-1,225,224,226,-1,225,226,227,-1,227,226,228,-1,227,228,229,-1,229,228,230,-1,229,230,231,-1,231,230,232,-1,231,232,233,-1,233,232,234,-1,233,234,235,-1,235,234,236,-1,235,236,237,-1,237,236,238,-1,237,238,239,-1,239,238,240,-1,239,240,241,-1,241,240,242,-1,241,242,243,-1,243,242,244,-1,243,244,245,-1,245,244,246,-1,245,246,247,-1,247,246,248,-1,247,248,196,-1,196,248,249,-1,196,249,194,-1,195,194,250,-1,250,194,251,-1,250,251,252,-1,252,251,253,-1,252,253,254,-1,254,253,255,-1,254,255,256,-1,256,255,257,-1,256,257,258,-1,258,257,259,-1,258,259,260,-1,259,261,260,-1,260,261,262,-1,260,262,263,-1,263,262,264,-1,262,265,264,-1,264,265,266,-1,264,266,267,-1,267,266,268,-1,266,269,268,-1,268,269,270,-1,268,270,271,-1,271,270,272,-1,270,273,272,-1,272,273,274,-1,272,274,275,-1,275,274,276,-1,275,276,277,-1,277,276,278,-1,277,278,279,-1,279,278,280,-1,279,280,281,-1,281,280,282,-1,281,282,283,-1,283,282,284,-1,283,284,285,-1,285,284,286,-1,285,286,287,-1,287,286,288,-1,287,288,289,-1,289,288,290,-1,289,290,291,-1,291,290,292,-1,291,292,293,-1,293,292,294,-1,293,294,295,-1,295,294,296,-1,295,296,297,-1,297,296,298,-1,297,298,299,-1,299,298,300,-1,299,300,301,-1,301,300,302,-1,301,302,303,-1,303,302,304,-1,303,304,305,-1,305,304,306,-1,305,306,307,-1,307,306,308,-1,307,308,309,-1,309,308,310,-1,309,310,311,-1,311,310,312,-1,311,312,313,-1,313,312,314,-1,313,314,315,-1,315,314,316,-1,314,317,316,-1,316,317,318,-1,316,318,319,-1,319,318,320,-1,319,320,321,-1,321,320,322,-1,321,322,323,-1,323,322,324,-1,323,324,325,-1,325,324,326,-1,325,326,327,-1,327,326,328,-1,327,328,329,-1,329,328,330,-1,329,330,331,-1,331,330,332,-1,331,332,333,-1,333,332,334,-1,333,334,335,-1,335,334,336,-1,335,336,337,-1,337,336,338,-1,337,338,107,-1,107,338,339,-1,107,339,108,-1,340,341,342,-1,106,108,342,-1,342,108,343,-1,342,343,340,-1,344,345,346,-1,341,340,346,-1,346,340,347,-1,346,347,344,-1,345,344,348,-1,348,344,349,-1,348,349,350,-1,349,351,350,-1,350,351,352,-1,350,352,353,-1,353,352,354,-1,352,355,354,-1,354,355,356,-1,354,356,357,-1,357,356,358,-1,359,360,361,-1,361,360,362,-1,361,362,363,-1,356,364,358,-1,358,364,365,-1,358,365,366,-1,366,365,367,-1,366,367,368,-1,368,367,369,-1,368,369,370,-1,370,369,371,-1,370,371,372,-1,372,371,373,-1,372,373,374,-1,374,373,375,-1,374,375,376,-1,376,375,377,-1,376,377,378,-1,378,377,379,-1,378,379,380,-1,380,379,381,-1,380,381,382,-1,382,381,383,-1,382,383,384,-1,384,383,385,-1,384,385,386,-1,386,385,387,-1,386,387,388,-1,388,387,389,-1,388,389,390,-1,390,389,391,-1,390,391,392,-1,392,391,393,-1,392,393,394,-1,394,393,395,-1,394,395,396,-1,396,395,397,-1,396,397,398,-1,398,397,399,-1,398,399,400,-1,400,399,401,-1,400,401,402,-1,402,401,403,-1,402,403,404,-1,404,403,405,-1,404,405,406,-1,406,405,407,-1,406,407,408,-1,408,407,409,-1,408,409,359,-1,359,409,410,-1,359,410,360,-1,411,412,413,-1,363,362,413,-1,413,362,414,-1,413,414,411,-1,412,411,415,-1,415,411,416,-1,415,416,417,-1,417,416,418,-1,417,418,419,-1,419,418,420,-1,419,420,421,-1,420,422,421,-1,421,422,423,-1,421,423,424,-1,424,423,425,-1,423,426,425,-1,425,426,427,-1,425,427,428,-1,428,427,429,-1,427,430,429,-1,429,430,431,-1,429,431,432,-1,432,431,433,-1,431,434,433,-1,433,434,435,-1,433,435,436,-1,436,435,437,-1,436,437,438,-1,438,437,439,-1,438,439,440,-1,440,439,441,-1,440,441,442,-1,442,441,443,-1,442,443,444,-1,444,443,445,-1,444,445,446,-1,446,445,447,-1,446,447,448,-1,448,447,449,-1,448,449,450,-1,450,449,451,-1,450,451,452,-1,452,451,453,-1,452,453,454,-1,454,453,455,-1,454,455,456,-1,456,455,457,-1,456,457,458,-1,458,457,459,-1,458,459,460,-1,460,459,461,-1,460,461,462,-1,462,461,463,-1,462,463,464,-1,464,463,465,-1,464,465,466,-1,466,465,467,-1,466,467,468,-1,468,467,469,-1,468,469,470,-1,470,469,471,-1,470,471,472,-1,472,471,473,-1,472,473,474,-1,474,473,475,-1,474,475,476,-1,476,475,477,-1,476,477,478,-1,478,477,479,-1,478,479,480,-1,480,479,481,-1,480,481,482,-1,482,481,483,-1,482,483,484,-1,484,483,485,-1,484,485,486,-1,486,485,487,-1,486,487,488,-1,488,487,489,-1,488,489,490,-1,490,489,491,-1,490,491,492,-1,492,491,493,-1,492,493,494,-1,494,493,495,-1,494,495,496,-1,496,495,497,-1,496,497,498,-1,498,497,499,-1,498,499,104,-1,104,499,500,-1,104,500,105,-1,501,502,503,-1,103,105,503,-1,503,105,504,-1,503,504,501,-1,502,501,505,-1,505,501,506,-1,505,506,507,-1,507,506,508,-1,507,508,509,-1,509,508,510,-1,509,510,511,-1,510,512,511,-1,511,512,513,-1,511,513,514,-1,514,513,515,-1,513,516,515,-1,515,516,517,-1,515,517,518,-1,518,517,519,-1,517,520,519,-1,519,520,521,-1,519,521,522,-1,522,521,523,-1,522,523,524,-1,524,523,525,-1,524,525,526,-1,526,525,527,-1,526,527,528,-1,528,527,529,-1,528,529,530,-1,530,529,531,-1,530,531,532,-1,532,531,533,-1,532,533,534,-1,534,533,535,-1,534,535,536,-1,536,535,537,-1,536,537,538,-1,538,537,539,-1,538,539,540,-1,540,539,541,-1,540,541,542,-1,542,541,543,-1,542,543,544,-1,544,543,545,-1,544,545,546,-1,546,545,547,-1,546,547,548,-1,548,547,549,-1,548,549,550,-1,550,549,551,-1,550,551,552,-1,552,551,553,-1,552,553,554,-1,554,553,555,-1,554,555,556,-1,556,555,557,-1,556,557,558,-1,558,557,559,-1,558,559,560,-1,560,559,561,-1,560,561,562,-1,562,561,563,-1,562,563,564,-1,564,563,565,-1,564,565,566,-1,566,565,567,-1,566,567,568,-1,567,569,568,-1,568,569,570,-1,568,570,571,-1,571,570,572,-1,570,573,572,-1,572,573,574,-1,572,574,575,-1,575,574,576,-1,576,574,577,-1,576,577,578,-1,578,577,579,-1,578,579,580,-1,580,579,581,-1,580,581,582,-1,582,581,583,-1,582,583,584,-1,584,583,585,-1,584,585,586,-1,586,585,587,-1,586,587,588,-1,588,587,589,-1,588,589,590,-1,589,591,590,-1,590,591,592,-1,590,592,593,-1,593,592,594,-1,592,595,594,-1,594,595,596,-1,594,596,597,-1,597,596,598,-1,596,599,598,-1,598,599,600,-1,598,600,601,-1,601,600,602,-1,601,602,603,-1,603,602,604,-1,603,604,605,-1,605,604,606,-1,605,606,607,-1,607,606,608,-1,607,608,609,-1,609,608,610,-1,609,610,611,-1,611,610,612,-1,611,612,613,-1,613,612,614,-1,613,614,615,-1,615,614,616,-1,615,616,617,-1,617,616,618,-1,617,618,619,-1,619,618,620,-1,619,620,621,-1,621,620,622,-1,621,622,623,-1,623,622,624,-1,623,624,625,-1,625,624,626,-1,625,626,627,-1,627,626,628,-1,627,628,629,-1,629,628,630,-1,629,630,631,-1,631,630,632,-1,631,632,633,-1,633,632,634,-1,633,634,635,-1,635,634,636,-1,635,636,637,-1,637,636,638,-1,637,638,639,-1,639,638,640,-1,639,640,641,-1,641,640,642,-1,641,642,643,-1,643,642,644,-1,643,644,645,-1,645,644,646,-1,645,646,647,-1,647,646,648,-1,647,648,649,-1,649,648,650,-1,649,650,651,-1,651,650,652,-1,651,652,653,-1,653,652,654,-1,653,654,655,-1,655,654,656,-1,655,656,657,-1,657,656,658,-1,657,658,659,-1,659,658,660,-1,659,660,661,-1,660,662,661,-1,661,662,663,-1,661,663,664,-1,664,663,665,-1,663,666,665,-1,665,666,667,-1,665,667,668,-1,668,667,669,-1,669,667,670,-1,669,670,671,-1,671,670,672,-1,671,672,673,-1,673,672,674,-1,673,674,101,-1,101,674,675,-1,101,675,102,-1,100,102,676,-1,676,102,677,-1,676,677,678,-1,678,677,679,-1,678,679,680,-1,679,681,680,-1,680,681,682,-1,680,682,683,-1,683,682,684,-1,682,685,684,-1,684,685,686,-1,684,686,687,-1,687,686,688,-1,687,688,689,-1,689,688,690,-1,689,690,691,-1,691,690,692,-1,691,692,693,-1,693,692,694,-1,693,694,695,-1,695,694,696,-1,695,696,697,-1,697,696,698,-1,697,698,699,-1,699,698,700,-1,699,700,701,-1,701,700,702,-1,701,702,703,-1,703,702,704,-1,703,704,705,-1,705,704,706,-1,705,706,707,-1,707,706,708,-1,707,708,709,-1,709,708,710,-1,709,710,711,-1,711,710,712,-1,711,712,713,-1,713,712,714,-1,713,714,715,-1,715,714,716,-1,715,716,717,-1,717,716,718,-1,717,718,719,-1,719,718,720,-1,719,720,721,-1,721,720,722,-1,721,722,723,-1,723,722,724,-1,723,724,725,-1,725,724,726,-1,725,726,727,-1,727,726,728,-1,727,728,729,-1,729,728,730,-1,729,730,731,-1,731,730,732,-1,731,732,733,-1,732,734,733,-1,733,734,735,-1,733,735,736,-1,736,735,737,-1,737,735,738,-1,737,738,739,-1,739,738,740,-1,739,740,741,-1,741,740,742,-1,741,742,743,-1,743,742,744,-1,743,744,745,-1,745,744,746,-1,745,746,747,-1,747,746,748,-1,747,748,749,-1,749,748,750,-1,749,750,751,-1,750,752,751,-1,751,752,753,-1,751,753,754,-1,754,753,755,-1,753,756,755,-1,755,756,757,-1,755,757,758,-1,758,757,759,-1,759,757,760,-1,759,760,761,-1,761,760,762,-1,761,762,763,-1,763,762,764,-1,763,764,765,-1,764,766,765,-1,765,766,767,-1,765,767,768,-1,768,767,769,-1,768,769,770,-1,770,769,771,-1,770,771,772,-1,772,771,773,-1,772,773,774,-1,774,773,775,-1,774,775,776,-1,776,775,777,-1,776,777,778,-1,778,777,779,-1,778,779,780,-1,780,779,781,-1,780,781,782,-1,782,781,783,-1,782,783,784,-1,784,783,785,-1,784,785,786,-1,786,785,787,-1,786,787,788,-1,788,787,789,-1,788,789,790,-1,790,789,791,-1,790,791,792,-1,792,791,793,-1,792,793,794,-1,794,793,795,-1,794,795,796,-1,796,795,797,-1,796,797,798,-1,798,797,799,-1,798,799,800,-1,800,799,801,-1,800,801,802,-1,802,801,803,-1,802,803,804,-1,804,803,805,-1,804,805,806,-1,806,805,807,-1,806,807,808,-1,808,807,809,-1,808,809,810,-1,810,809,811,-1,810,811,812,-1,812,811,813,-1,812,813,814,-1,814,813,815,-1,814,815,816,-1,816,815,817,-1,816,817,818,-1,818,817,819,-1,818,819,820,-1,820,819,821,-1,820,821,822,-1,821,823,822,-1,822,823,824,-1,822,824,825,-1,825,824,826,-1,824,827,826,-1,826,827,828,-1,826,828,829,-1,830,831,832,-1,829,828,833,-1,833,828,834,-1,833,834,835,-1,835,834,836,-1,835,836,832,-1,832,836,837,-1,832,837,830,-1,831,830,838,-1,838,830,839,-1,838,839,840,-1,840,839,841,-1,840,841,842,-1,842,841,843,-1,842,843,844,-1,843,845,844,-1,844,845,846,-1,844,846,847,-1,847,846,848,-1,849,850,851,-1,851,850,852,-1,851,852,853,-1,846,854,848,-1,848,854,855,-1,848,855,856,-1,856,855,857,-1,856,857,858,-1,858,857,859,-1,858,859,860,-1,860,859,861,-1,860,861,862,-1,862,861,863,-1,862,863,864,-1,864,863,865,-1,864,865,866,-1,866,865,867,-1,866,867,868,-1,868,867,869,-1,868,869,870,-1,870,869,871,-1,870,871,872,-1,872,871,873,-1,872,873,874,-1,874,873,875,-1,874,875,876,-1,876,875,877,-1,876,877,878,-1,878,877,879,-1,878,879,880,-1,880,879,881,-1,880,881,882,-1,882,881,883,-1,882,883,884,-1,884,883,885,-1,884,885,886,-1,886,885,887,-1,886,887,888,-1,888,887,889,-1,888,889,890,-1,890,889,891,-1,890,891,892,-1,892,891,893,-1,892,893,894,-1,894,893,895,-1,894,895,896,-1,896,895,897,-1,896,897,898,-1,898,897,899,-1,898,899,900,-1,900,899,901,-1,900,901,902,-1,902,901,903,-1,902,903,849,-1,849,903,904,-1,849,904,850,-1,853,852,905,-1,905,852,906,-1,905,906,907,-1,907,906,908,-1,907,908,909,-1,909,908,910,-1,909,910,911,-1,911,910,912,-1,911,912,913,-1,913,912,914,-1,913,914,915,-1,914,916,915,-1,915,916,917,-1,915,917,918,-1,918,917,919,-1,917,920,919,-1,919,920,921,-1,919,921,922,-1,922,921,923,-1,921,924,923,-1,923,924,925,-1,923,925,926,-1,926,925,927,-1,927,925,928,-1,927,928,929,-1,930,931,932,-1,932,931,933,-1,928,934,929,-1,929,934,935,-1,929,935,936,-1,936,935,937,-1,936,937,938,-1,938,937,939,-1,938,939,940,-1,940,939,941,-1,940,941,942,-1,942,941,943,-1,942,943,944,-1,944,943,945,-1,944,945,946,-1,946,945,947,-1,946,947,948,-1,948,947,949,-1,948,949,950,-1,950,949,951,-1,950,951,952,-1,952,951,953,-1,952,953,954,-1,954,953,955,-1,954,955,956,-1,956,955,957,-1,956,957,958,-1,958,957,959,-1,958,959,960,-1,960,959,961,-1,960,961,962,-1,962,961,963,-1,962,963,964,-1,964,963,965,-1,964,965,966,-1,966,965,967,-1,966,967,968,-1,968,967,969,-1,968,969,970,-1,970,969,971,-1,970,971,972,-1,972,971,973,-1,972,973,974,-1,974,973,975,-1,974,975,976,-1,976,975,977,-1,976,977,978,-1,978,977,979,-1,978,979,980,-1,980,979,981,-1,980,981,982,-1,982,981,983,-1,982,983,984,-1,984,983,985,-1,984,985,986,-1,986,985,987,-1,986,987,988,-1,988,987,989,-1,988,989,990,-1,990,989,991,-1,990,991,992,-1,992,991,993,-1,992,993,994,-1,994,993,995,-1,994,995,996,-1,930,932,996,-1,996,932,997,-1,996,997,994,-1,998,999,1000,-1,933,931,1000,-1,1000,931,1001,-1,1000,1001,998,-1,999,998,1002,-1,1002,998,1003,-1,1002,1003,1004,-1,1004,1003,1005,-1,1004,1005,1006,-1,1006,1005,1007,-1,1006,1007,1008,-1,1007,1009,1008,-1,1008,1009,1010,-1,1008,1010,1011,-1,1011,1010,1012,-1,1010,1013,1012,-1,1012,1013,1014,-1,1012,1014,1015,-1,1015,1014,1016,-1,1017,1018,1019,-1,1019,1018,1020,-1,1019,1020,1021,-1,1014,1022,1016,-1,1016,1022,1023,-1,1016,1023,1024,-1,1024,1023,1025,-1,1024,1025,1026,-1,1026,1025,1027,-1,1026,1027,1028,-1,1028,1027,1029,-1,1028,1029,1030,-1,1030,1029,1031,-1,1030,1031,1032,-1,1032,1031,1033,-1,1032,1033,1034,-1,1034,1033,1035,-1,1034,1035,1036,-1,1036,1035,1037,-1,1036,1037,1038,-1,1038,1037,1039,-1,1038,1039,1040,-1,1040,1039,1041,-1,1040,1041,1042,-1,1042,1041,1043,-1,1042,1043,1044,-1,1044,1043,1045,-1,1044,1045,1046,-1,1046,1045,1047,-1,1046,1047,1048,-1,1048,1047,1049,-1,1048,1049,1050,-1,1050,1049,1051,-1,1050,1051,1052,-1,1052,1051,1053,-1,1052,1053,1054,-1,1054,1053,1055,-1,1054,1055,1056,-1,1056,1055,1057,-1,1056,1057,1058,-1,1058,1057,1059,-1,1058,1059,1060,-1,1060,1059,1061,-1,1060,1061,1062,-1,1062,1061,1063,-1,1062,1063,1064,-1,1064,1063,1065,-1,1064,1065,1066,-1,1066,1065,1067,-1,1066,1067,1017,-1,1017,1067,1068,-1,1017,1068,1018,-1,1021,1020,1069,-1,1069,1020,1070,-1,1069,1070,1071,-1,1071,1070,1072,-1,1071,1072,1073,-1,1073,1072,1074,-1,1073,1074,1075,-1,1075,1074,1076,-1,1075,1076,1077,-1,1077,1076,1078,-1,1077,1078,1079,-1,1078,1080,1079,-1,1079,1080,1081,-1,1079,1081,1082,-1,1082,1081,1083,-1,1081,1084,1083,-1,1083,1084,1085,-1,1083,1085,1086,-1,1086,1085,1087,-1,1085,1088,1087,-1,1087,1088,1089,-1,1087,1089,1090,-1,1090,1089,1091,-1,1089,1092,1091,-1,1091,1092,1093,-1,1091,1093,1094,-1,1094,1093,1095,-1,1094,1095,1096,-1,1096,1095,1097,-1,1096,1097,1098,-1,1098,1097,1099,-1,1098,1099,1100,-1,1100,1099,1101,-1,1100,1101,1102,-1,1102,1101,1103,-1,1102,1103,1104,-1,1104,1103,1105,-1,1104,1105,1106,-1,1106,1105,1107,-1,1106,1107,1108,-1,1108,1107,1109,-1,1108,1109,1110,-1,1110,1109,1111,-1,1110,1111,1112,-1,1112,1111,1113,-1,1112,1113,1114,-1,1114,1113,1115,-1,1114,1115,1116,-1,1116,1115,1117,-1,1116,1117,1118,-1,1118,1117,1119,-1,1118,1119,1120,-1,1120,1119,1121,-1,1120,1121,1122,-1,1122,1121,1123,-1,1122,1123,1124,-1,1124,1123,1125,-1,1124,1125,1126,-1,1126,1125,1127,-1,1126,1127,1128,-1,1128,1127,1129,-1,1128,1129,1130,-1,1130,1129,1131,-1,1130,1131,1132,-1,1132,1131,1133,-1,1132,1133,1134,-1,1134,1133,1135,-1,1134,1135,1136,-1,1136,1135,1137,-1,1136,1137,1138,-1,1138,1137,1139,-1,1138,1139,1140,-1,1140,1139,1141,-1,1140,1141,1142,-1,1142,1141,1143,-1,1142,1143,1144,-1,1144,1143,1145,-1,1144,1145,1146,-1,1146,1145,1147,-1,1146,1147,1148,-1,1148,1147,1149,-1,1148,1149,1150,-1,1150,1149,1151,-1,1150,1151,1152,-1,1152,1151,1153,-1,1152,1153,1154,-1,1154,1153,1155,-1,1154,1155,1156,-1,1156,1155,1157,-1,1156,1157,98,-1,98,1157,1158,-1,98,1158,99,-1,1159,1160,1161,-1,97,99,1161,-1,1161,99,1162,-1,1161,1162,1159,-1,1163,1164,1165,-1,1160,1159,1165,-1,1165,1159,1166,-1,1165,1166,1163,-1,1164,1163,1167,-1,1167,1163,1168,-1,1167,1168,1169,-1,1168,1170,1169,-1,1169,1170,1171,-1,1169,1171,1172,-1,96,95,1173,-1,1173,95,1174,-1,1173,1174,1175,-1,1176,1177,1178,-1,1176,1178,1174,-1,1174,1178,1179,-1,1174,1179,1175,-1,1177,1176,1180,-1,1180,1176,1181,-1,1180,1181,1182,-1,1182,1181,1183,-1,1183,1181,1184,-1,1183,1184,1185,-1,1172,1171,1186,-1,1186,1171,1187,-1,1186,1187,1188,-1,1188,1187,1189,-1,1188,1189,1184,-1,1184,1189,1190,-1,1184,1190,1185,-1,1191,1192,1193,-1,1194,1195,1196,-1,1197,1198,1199,-1,1199,1198,1200,-1,1201,1202,1203,-1,1204,1205,1206,-1,1207,1208,1209,-1,1209,1208,1210,-1,1209,1210,1211,-1,1212,1213,1214,-1,1214,1213,1200,-1,1214,1200,1207,-1,1207,1200,1198,-1,1207,1198,1208,-1,1215,1216,1217,-1,1217,1216,1218,-1,1217,1218,1214,-1,1214,1218,1219,-1,1214,1219,1212,-1,1220,1221,1222,-1,1223,1224,1225,-1,1205,137,1206,-1,1206,137,136,-1,1206,136,1226,-1,1226,136,134,-1,1226,134,1227,-1,1227,134,130,-1,1227,130,1228,-1,1229,1230,1231,-1,1231,1230,1232,-1,1193,1192,1231,-1,1231,1192,1233,-1,1231,1233,1229,-1,1211,1234,1209,-1,1209,1234,1235,-1,1209,1235,1193,-1,1193,1235,1236,-1,1193,1236,1191,-1,1194,1196,1237,-1,1222,1221,1238,-1,1238,1221,1239,-1,1238,1239,1240,-1,1241,1242,1243,-1,1204,1206,1244,-1,1244,1206,1245,-1,1244,1245,1246,-1,1232,1247,1231,-1,1231,1247,1248,-1,1231,1248,1245,-1,1245,1248,1249,-1,1245,1249,1246,-1,1240,1250,1238,-1,1238,1250,1251,-1,1238,1251,1217,-1,1217,1251,1252,-1,1217,1252,1215,-1,1253,1254,1255,-1,1255,1254,1256,-1,1255,1256,1222,-1,1222,1256,1257,-1,1222,1257,1220,-1,1242,1241,1258,-1,1258,1241,1259,-1,1258,1259,1260,-1,1203,1202,1261,-1,1261,1202,1262,-1,1261,1262,1263,-1,1223,1225,1264,-1,1264,1225,1265,-1,1264,1265,1266,-1,1267,1268,1269,-1,1269,1268,1270,-1,1269,1270,1271,-1,1272,1273,1274,-1,1243,1275,1241,-1,1241,1275,1276,-1,1241,1276,1255,-1,1255,1276,1277,-1,1255,1277,1253,-1,1278,1279,1280,-1,1280,1279,1281,-1,1280,1281,1259,-1,1259,1281,1282,-1,1259,1282,1260,-1,1283,1284,1285,-1,1285,1284,1196,-1,1285,1196,1286,-1,1286,1196,1195,-1,1263,1287,1261,-1,1261,1287,1288,-1,1261,1288,1196,-1,1196,1288,1289,-1,1196,1289,1237,-1,1224,1290,1225,-1,1225,1290,1291,-1,1225,1291,1203,-1,1203,1291,1292,-1,1203,1292,1201,-1,1293,1294,1295,-1,1296,1297,1298,-1,1298,1297,1299,-1,1298,1299,1300,-1,1273,1301,1274,-1,1274,1301,1302,-1,1274,1302,1269,-1,1269,1302,1303,-1,1269,1303,1267,-1,1304,116,1305,-1,1305,116,1306,-1,1305,1306,1307,-1,130,125,1228,-1,1228,125,122,-1,1228,122,1308,-1,1308,122,120,-1,1308,120,1304,-1,1304,120,117,-1,1304,117,116,-1,1283,1309,1284,-1,1284,1309,1310,-1,1284,1310,1311,-1,1311,1310,1312,-1,1313,1314,1315,-1,1315,1314,1316,-1,1315,1316,1265,-1,1265,1316,1317,-1,1265,1317,1266,-1,1299,1318,1319,-1,1320,1321,1322,-1,1322,1321,1323,-1,1322,1323,1280,-1,1280,1323,1324,-1,1280,1324,1278,-1,1312,1325,1311,-1,1311,1325,1326,-1,1311,1326,1322,-1,1322,1326,1327,-1,1322,1327,1320,-1,1328,1329,1330,-1,1330,1329,1331,-1,1330,1331,1315,-1,1315,1331,1332,-1,1315,1332,1313,-1,1333,1334,1335,-1,1335,1334,1336,-1,1335,1336,1330,-1,1330,1336,1337,-1,1330,1337,1328,-1,1338,1339,1340,-1,1340,1339,1341,-1,1340,1341,1335,-1,1335,1341,1342,-1,1335,1342,1333,-1,1293,1295,1340,-1,1340,1295,1343,-1,1340,1343,1338,-1,1296,1344,1297,-1,1297,1344,1345,-1,1297,1345,1293,-1,1293,1345,1346,-1,1293,1346,1294,-1,1318,1299,1347,-1,1347,1299,1348,-1,1347,1348,1349,-1,1319,1350,1299,-1,1299,1350,1351,-1,1299,1351,1300,-1,1270,1352,1271,-1,1271,1352,1353,-1,1271,1353,1348,-1,1348,1353,1354,-1,1348,1354,1349,-1,1307,1355,1305,-1,1305,1355,1356,-1,1305,1356,1357,-1,1356,1358,1357,-1,1357,1358,1359,-1,1357,1359,1274,-1,1274,1359,1360,-1,1274,1360,1272,-1,1361,1362,1363,-1,1363,1362,1364,-1,1364,1362,1365,-1,1365,1362,1366,-1,1365,1366,1367,-1,1361,1368,1362,-1,1362,1368,1186,-1,1362,1186,1369,-1,1369,1186,1188,-1,1369,1188,1370,-1,1371,1372,1373,-1,1374,1375,1376,-1,1377,1378,1379,-1,1379,1378,1380,-1,1379,1380,1381,-1,1381,1380,1382,-1,1383,1384,1385,-1,1386,1387,1388,-1,1388,1387,1389,-1,1386,1390,1387,-1,1387,1390,1391,-1,1387,1391,1380,-1,1380,1391,1392,-1,1380,1392,1382,-1,1393,1394,1395,-1,1395,1394,1396,-1,1397,1398,1399,-1,1399,1398,1395,-1,1399,1395,1400,-1,1400,1395,1396,-1,1401,1402,1403,-1,1403,1402,1404,-1,1403,1404,1366,-1,1366,1404,1405,-1,1366,1405,1367,-1,1406,1407,1408,-1,1408,1407,1409,-1,1409,1410,1408,-1,1408,1410,1411,-1,1408,1411,1412,-1,1397,1413,1398,-1,1398,1413,1414,-1,1398,1414,1387,-1,1387,1414,1415,-1,1387,1415,1389,-1,1188,1184,1370,-1,1370,1184,1181,-1,1370,1181,1416,-1,1416,1181,1176,-1,1416,1176,1417,-1,1417,1176,1174,-1,1417,1174,1418,-1,1406,1408,1419,-1,1419,1408,1420,-1,1419,1420,1421,-1,1422,1423,1424,-1,1374,1376,1425,-1,1425,1376,1426,-1,1425,1426,1427,-1,1428,1429,1430,-1,1430,1429,1431,-1,1430,1431,1374,-1,1374,1431,1432,-1,1374,1432,1375,-1,1377,1433,1378,-1,1378,1433,1434,-1,1378,1434,1430,-1,1430,1434,1435,-1,1430,1435,1428,-1,1393,1395,1436,-1,1436,1395,1437,-1,1436,1437,1438,-1,1439,1440,1441,-1,1441,1440,1442,-1,1441,1442,1443,-1,1443,1442,1444,-1,1443,1444,1445,-1,1411,1446,1412,-1,1412,1446,1447,-1,1412,1447,1403,-1,1403,1447,1448,-1,1403,1448,1401,-1,1424,1449,1422,-1,1422,1449,1450,-1,1422,1450,1420,-1,1420,1450,1451,-1,1420,1451,1421,-1,1452,1453,1454,-1,1455,1456,1457,-1,1457,1456,1458,-1,1457,1458,1459,-1,1459,1458,1460,-1,1461,1462,1463,-1,1463,1464,1461,-1,1461,1464,1465,-1,1461,1465,1466,-1,1466,1465,1467,-1,1427,1468,1425,-1,1425,1468,1469,-1,1425,1469,1461,-1,1461,1469,1470,-1,1461,1470,1462,-1,1445,1471,1443,-1,1443,1471,1472,-1,1443,1472,1437,-1,1437,1472,1473,-1,1437,1473,1438,-1,1474,1475,1476,-1,1476,1475,1477,-1,1476,1477,1385,-1,1385,1477,1478,-1,1385,1478,1383,-1,1174,95,1418,-1,1418,95,94,-1,1418,94,1441,-1,1441,94,1479,-1,1441,1479,1439,-1,1384,1480,1385,-1,1385,1480,1481,-1,1385,1481,1422,-1,1422,1481,1482,-1,1422,1482,1423,-1,1483,1484,1476,-1,1476,1484,1485,-1,1476,1485,1474,-1,1486,1487,1488,-1,1488,1487,1489,-1,1488,1489,1483,-1,1483,1489,1490,-1,1483,1490,1484,-1,1491,1492,1493,-1,1493,1492,1494,-1,1493,1494,1458,-1,1458,1494,1495,-1,1458,1495,1460,-1,1496,1497,1498,-1,1499,1500,1501,-1,1467,1502,1466,-1,1466,1502,1503,-1,1466,1503,1373,-1,1373,1503,1504,-1,1373,1504,1371,-1,1505,1506,1507,-1,1507,1506,1508,-1,1507,1508,1488,-1,1488,1508,1509,-1,1488,1509,1486,-1,1454,1453,1507,-1,1507,1453,1510,-1,1507,1510,1505,-1,1498,1511,1496,-1,1496,1511,1512,-1,1496,1512,1493,-1,1493,1512,1513,-1,1493,1513,1491,-1,1514,1515,1516,-1,1516,1515,1517,-1,1516,1517,1454,-1,1454,1517,1518,-1,1454,1518,1452,-1,1455,1519,1456,-1,1456,1519,1520,-1,1456,1520,1516,-1,1516,1520,1521,-1,1516,1521,1514,-1,1522,1523,1524,-1,1524,1523,1525,-1,1524,1525,1496,-1,1496,1525,1526,-1,1496,1526,1497,-1,1499,1501,1524,-1,1524,1501,1527,-1,1524,1527,1522,-1,1372,1528,1373,-1,1373,1528,1529,-1,1373,1529,1499,-1,1499,1529,1530,-1,1499,1530,1500,-1,1531,1532,1533,-1,1533,1532,1534,-1,1535,1531,1536,-1,1536,1531,1533,-1,1537,1535,1538,-1,1538,1535,1536,-1,1532,1537,1534,-1,1534,1537,1538,-1,1539,1540,1537,-1,1541,1542,1535,-1,1535,1542,1543,-1,1535,1543,1544,-1,1545,1546,1532,-1,1532,1546,1547,-1,1532,1547,1548,-1,1548,1549,1532,-1,1532,1549,1550,-1,1532,1550,1551,-1,1540,1552,1537,-1,1537,1552,1553,-1,1537,1553,1535,-1,1535,1553,1554,-1,1535,1554,1541,-1,1555,1556,1537,-1,1537,1556,1557,-1,1544,1558,1535,-1,1535,1558,1559,-1,1535,1559,1560,-1,1551,1561,1532,-1,1532,1561,1562,-1,1532,1562,1537,-1,1537,1562,1563,-1,1537,1563,1555,-1,1557,1564,1537,-1,1537,1564,1565,-1,1537,1565,1539,-1,1566,1567,1531,-1,1531,1567,1568,-1,1531,1568,1569,-1,1569,1570,1531,-1,1531,1570,1571,-1,1531,1571,1572,-1,1572,1573,1531,-1,1531,1573,1574,-1,1531,1574,1532,-1,1532,1574,1575,-1,1532,1575,1545,-1,1560,1576,1535,-1,1535,1576,1577,-1,1535,1577,1531,-1,1531,1577,1578,-1,1531,1578,1566,-1,1538,1579,1580,-1,1581,1582,1534,-1,1534,1582,1583,-1,1584,1585,1533,-1,1533,1585,1586,-1,1583,1587,1534,-1,1534,1587,1588,-1,1534,1588,1589,-1,1590,1591,1536,-1,1536,1591,1592,-1,1536,1592,1538,-1,1538,1592,1593,-1,1538,1593,1579,-1,1580,1594,1538,-1,1538,1594,1595,-1,1538,1595,1596,-1,1596,1597,1538,-1,1538,1597,1598,-1,1538,1598,1534,-1,1534,1598,1599,-1,1534,1599,1581,-1,1589,1600,1534,-1,1534,1600,1601,-1,1534,1601,1533,-1,1533,1601,1602,-1,1533,1602,1603,-1,1604,1536,1605,-1,1605,1536,1533,-1,1605,1533,1606,-1,1606,1533,1586,-1,1604,1607,1536,-1,1536,1607,1608,-1,1536,1608,1609,-1,1603,1610,1533,-1,1533,1610,1611,-1,1533,1611,1584,-1,1609,1612,1536,-1,1536,1612,1613,-1,1536,1613,1590,-1,
        ]
    }
}
Shape{
    appearance Appearance {
        material  Material 	{
            diffuseColor 0.792156862745098 0.8196078431372549 0.9333333333333333
            specularColor 0.396078431372549 0.4117647058823529 0.4666666666666667
            ambientIntensity 0.8244
            transparency 0.0
            shininess 0.5
        }
    }
    geometry IndexedFaceSet {
        ccw TRUE
        solid FALSE
        coord DEF co Coordinate {
            point [
                -1.0236 0.0 1.8307, -1.0236 -0.0 1.752, -1.0109 0.1406 1.8307, -1.0109 0.1406 1.752, -0.9734 0.2767 1.8307, -0.9734 0.2767 1.752, -0.9121 0.4039 1.8307, -0.9121 0.4039 1.752, -0.8292 0.5181 1.8307, -0.8292 0.5181 1.752, -0.7271 0.6156 1.8307, -0.7271 0.6156 1.752, -0.6093 0.6934 1.8307, -0.6093 0.6934 1.752, -0.4795 0.7489 1.8307, -0.4795 0.7489 1.752, -0.3419 0.7803 1.8307, -0.3419 0.7803 1.752, -0.2009 0.7866 1.8307, -0.2009 0.7866 1.752, -0.061 0.7677 1.8307, -0.061 0.7677 1.752, 0.0733 0.724 1.8307, 0.0733 0.724 1.752, 0.1976 0.6571 1.8307, 0.1976 0.6571 1.752, 0.3079 0.5691 1.8307, 0.3079 0.5691 1.752, 0.4008 0.4628 1.8307, 0.4008 0.4628 1.752, 0.4732 0.3416 1.8307, 0.4732 0.3416 1.752, 0.5228 0.2095 1.8307, 0.5228 0.2095 1.752, 0.548 0.0706 1.8307, 0.548 0.0706 1.752, 0.548 -0.0706 1.8307, 0.548 -0.0706 1.752, 0.5228 -0.2095 1.8307, 0.5228 -0.2095 1.752, 0.4732 -0.3416 1.8307, 0.4732 -0.3416 1.752, 0.4008 -0.4628 1.8307, 0.4008 -0.4628 1.752, 0.3079 -0.5691 1.8307, 0.3079 -0.5691 1.752, 0.1976 -0.6571 1.8307, 0.1976 -0.6571 1.752, 0.0733 -0.724 1.8307, 0.0733 -0.724 1.752, -0.061 -0.7677 1.8307, -0.061 -0.7677 1.752, -0.2009 -0.7866 1.8307, -0.2009 -0.7866 1.752, -0.3419 -0.7803 1.8307, -0.3419 -0.7803 1.752, -0.4795 -0.7489 1.8307, -0.4795 -0.7489 1.752, -0.6093 -0.6934 1.8307, -0.6093 -0.6934 1.752, -0.7271 -0.6156 1.8307, -0.7271 -0.6156 1.752, -0.8292 -0.5181 1.8307, -0.8292 -0.5181 1.752, -0.9121 -0.4039 1.8307, -0.9121 -0.4039 1.752, -0.9734 -0.2767 1.8307, -0.9734 -0.2767 1.752, -1.0109 -0.1406 1.8307, -1.0109 -0.1406 1.752
            ]
        }
        coordIndex [
            0,1,2,-1,2,1,3,-1,2,3,4,-1,4,3,5,-1,4,5,6,-1,6,5,7,-1,6,7,8,-1,8,7,9,-1,8,9,10,-1,10,9,11,-1,10,11,12,-1,12,11,13,-1,12,13,14,-1,14,13,15,-1,14,15,16,-1,16,15,17,-1,16,17,18,-1,18,17,19,-1,18,19,20,-1,20,19,21,-1,20,21,22,-1,22,21,23,-1,22,23,24,-1,24,23,25,-1,24,25,26,-1,26,25,27,-1,26,27,28,-1,28,27,29,-1,28,29,30,-1,30,29,31,-1,30,31,32,-1,32,31,33,-1,32,33,34,-1,34,33,35,-1,34,35,36,-1,36,35,37,-1,36,37,38,-1,38,37,39,-1,38,39,40,-1,40,39,41,-1,40,41,42,-1,42,41,43,-1,42,43,44,-1,44,43,45,-1,44,45,46,-1,46,45,47,-1,46,47,48,-1,48,47,49,-1,48,49,50,-1,50,49,51,-1,50,51,52,-1,52,51,53,-1,52,53,54,-1,54,53,55,-1,54,55,56,-1,56,55,57,-1,56,57,58,-1,58,57,59,-1,58,59,60,-1,60,59,61,-1,60,61,62,-1,62,61,63,-1,62,63,64,-1,64,63,65,-1,64,65,66,-1,66,65,67,-1,66,67,68,-1,68,67,69,-1,68,69,0,-1,0,69,1,-1,
        ]
    }
}
Shape{
    appearance Appearance {
        material  Material 	{
            diffuseColor 1.0 1.0 1.0
            specularColor 0.5019607843137255 0.5019607843137255 0.5019607843137255
            ambientIntensity 1.0
            transparency 0.0
            shininess 0.5
        }
    }
    geometry IndexedFaceSet {
        ccw TRUE
        solid FALSE
        coord DEF co Coordinate {
            point [
                -1.0236 0.0 1.8307, -1.0109 0.1406 1.8307, -0.2362 0.0 1.8307, -1.0109 -0.1406 1.8307, -0.8292 -0.5181 1.8307, -0.9121 -0.4039 1.8307, -0.9734 -0.2767 1.8307, -0.4795 -0.7489 1.8307, -0.6093 -0.6934 1.8307, -0.7271 -0.6156 1.8307, -0.061 -0.7677 1.8307, -0.2009 -0.7866 1.8307, -0.3419 -0.7803 1.8307, 0.3079 -0.5691 1.8307, 0.1976 -0.6571 1.8307, 0.0733 -0.724 1.8307, 0.5228 -0.2095 1.8307, 0.4732 -0.3416 1.8307, 0.4008 -0.4628 1.8307, 0.5228 0.2095 1.8307, 0.548 0.0706 1.8307, 0.548 -0.0706 1.8307, 0.3079 0.5691 1.8307, 0.4008 0.4628 1.8307, 0.4732 0.3416 1.8307, -0.061 0.7677 1.8307, 0.0733 0.724 1.8307, 0.1976 0.6571 1.8307, -0.4795 0.7489 1.8307, -0.3419 0.7803 1.8307, -0.2009 0.7866 1.8307, -0.8292 0.5181 1.8307, -0.7271 0.6156 1.8307, -0.6093 0.6934 1.8307, -0.9734 0.2767 1.8307, -0.9121 0.4039 1.8307
            ]
        }
        coordIndex [
            0,1,2,-1,0,2,3,-1,4,5,2,-1,2,5,6,-1,2,6,3,-1,7,8,2,-1,2,8,9,-1,2,9,4,-1,10,11,2,-1,2,11,12,-1,2,12,7,-1,13,14,2,-1,2,14,15,-1,2,15,10,-1,16,17,2,-1,2,17,18,-1,2,18,13,-1,19,20,2,-1,2,20,21,-1,2,21,16,-1,22,23,2,-1,2,23,24,-1,2,24,19,-1,25,26,2,-1,2,26,27,-1,2,27,22,-1,28,29,2,-1,2,29,30,-1,2,30,25,-1,31,32,2,-1,2,32,33,-1,2,33,28,-1,1,34,2,-1,2,34,35,-1,2,35,31,-1,
        ]
    }
}
Shape{
    appearance Appearance {
        material  Material 	{
            diffuseColor 0.6470588235294118 0.5176470588235295 0.0
            specularColor 0.45098039215686275 0.3607843137254902 0.0
            ambientIntensity 0.4973
            transparency 0.0
            shininess 0.5
        }
    }
    geometry IndexedFaceSet {
        ccw TRUE
        solid FALSE
        coord DEF co Coordinate {
            point [
                -1.2795 0.0 2.3425, -1.2667 0.1632 3.5236, -1.2667 0.1632 2.3425, -1.2284 0.3224 3.5236, -1.2284 0.3224 2.3425, -1.1658 0.4737 3.5236, -1.1658 0.4737 2.3425, -1.0803 0.6132 3.5236, -1.0803 0.6132 2.3425, -0.9739 0.7377 3.5236, -0.9739 0.7377 2.3425, -0.8494 0.8441 3.5236, -0.8494 0.8441 2.3425, -0.7099 0.9296 3.5236, -0.7099 0.9296 2.3425, -0.5586 0.9922 3.5236, -0.5586 0.9922 2.3425, -0.3994 1.0305 3.5236, -0.3994 1.0305 2.3425, -0.2362 1.0433 3.5236, -0.2362 1.0433 2.3425, -0.073 1.0305 3.5236, -0.073 1.0305 2.3425, 0.0862 0.9922 3.5236, 0.0862 0.9922 2.3425, 0.2375 0.9296 3.5236, 0.2375 0.9296 2.3425, 0.377 0.8441 3.5236, 0.377 0.8441 2.3425, 0.5015 0.7377 3.5236, 0.5015 0.7377 2.3425, 0.6079 0.6132 3.5236, 0.6079 0.6132 2.3425, 0.6934 0.4737 3.5236, 0.6934 0.4737 2.3425, 0.756 0.3224 3.5236, 0.756 0.3224 2.3425, 0.7943 0.1632 3.5236, 0.7943 0.1632 2.3425, 0.8071 0.0 3.5236, 0.8071 0.0 2.3425, 0.7943 -0.1632 3.5236, 0.7943 -0.1632 2.3425, 0.756 -0.3224 3.5236, 0.756 -0.3224 2.3425, 0.6934 -0.4737 3.5236, 0.6934 -0.4737 2.3425, 0.6079 -0.6132 3.5236, 0.6079 -0.6132 2.3425, 0.5015 -0.7377 3.5236, 0.5015 -0.7377 2.3425, 0.377 -0.8441 3.5236, 0.377 -0.8441 2.3425, 0.2375 -0.9296 3.5236, 0.2375 -0.9296 2.3425, 0.0862 -0.9922 3.5236, 0.0862 -0.9922 2.3425, -0.073 -1.0305 3.5236, -0.073 -1.0305 2.3425, -0.2362 -1.0433 3.5236, -0.2362 -1.0433 2.3425, -0.3994 -1.0305 3.5236, -0.3994 -1.0305 2.3425, -0.5586 -0.9922 3.5236, -0.5586 -0.9922 2.3425, -0.7099 -0.9296 3.5236, -0.7099 -0.9296 2.3425, -0.8494 -0.8441 3.5236, -0.8494 -0.8441 2.3425, -0.9739 -0.7377 3.5236, -0.9739 -0.7377 2.3425, -1.0803 -0.6132 3.5236, -1.0803 -0.6132 2.3425, -1.1658 -0.4737 3.5236, -1.1658 -0.4737 2.3425, -1.2284 -0.3224 3.5236, -1.2284 -0.3224 2.3425, -1.2667 -0.1632 3.5236, -1.2667 -0.1632 2.3425, -1.2795 0.0 3.5236, 0.7807 -0.1167 5.4134, 0.7742 -0.1642 5.0984, 0.7874 -0.0 5.0984, 0.7338 -0.3239 5.4134, 0.7347 -0.3241 5.0984, 0.7608 -0.2318 5.4134, 0.7726 -0.1639 5.4134, 0.7279 -0.344 5.4134, 0.6824 -0.4516 5.4134, 0.6702 -0.4757 5.0984, 0.5809 -0.614 5.4134, 0.5821 -0.6149 5.0984, 0.6249 -0.5534 5.4134, 0.6691 -0.4751 5.4134, 0.5562 -0.648 5.4134, 0.4772 -0.7341 5.4134, 0.4729 -0.7382 5.0984, 0.4727 -0.738 5.4134, 0.3889 -0.8106 5.4134, 0.3453 -0.8424 5.0984, 0.2023 -0.9241 5.4134, 0.2026 -0.9248 5.0984, 0.2924 -0.8766 5.4134, 0.3443 -0.8411 5.4134, 0.189 -0.9311 5.4134, 0.0801 -0.9735 5.4134, 0.0486 -0.9832 5.0984, -0.113 -1.0148 5.4134, -0.1128 -1.0162 5.0984, -0.0329 -1.0032 5.4134, 0.0482 -0.9819 5.4134, -0.1486 -1.0199 5.4134, -0.2654 -1.0232 5.4134, -0.2774 -1.0228 5.0984, -0.2774 -1.0222 5.4134, -0.3819 -1.0132 5.4134, -0.441 -1.0029 5.0984, -0.599 -0.9567 5.4134, -0.5992 -0.9571 5.0984, -0.4964 -0.99 5.4134, -0.4406 -1.0013 5.4134, -0.6076 -0.9539 5.4134, -0.7139 -0.9053 5.4134, -0.748 -0.8865 5.0984, -0.8828 -0.7919 5.4134, -0.8836 -0.7929 5.0984, -0.814 -0.845 5.4134, -0.7472 -0.8852 5.4134, -0.9065 -0.7736 5.4134, -0.9903 -0.6921 5.4134, -1.0024 -0.6788 5.0984, -1.0017 -0.6782 5.4134, -1.0643 -0.6017 5.4134, -1.1014 -0.5471 5.0984, -1.1778 -0.4012 5.4134, -1.1779 -0.4012 5.0984, -1.1275 -0.5033 5.4134, -1.1 -0.5462 5.4134, -1.1791 -0.3985 5.4134, -1.2184 -0.2884 5.4134, -1.2301 -0.245 5.0984, -1.2554 -0.0822 5.4134, -1.2565 -0.0824 5.0984, -1.2448 -0.1746 5.4134, -1.2285 -0.2446 5.4134, -1.2582 -0.0584 5.4134, -1.2582 0.0584 5.4134, -1.2565 0.0824 5.0984, -1.2285 0.2446 5.4134, -1.2301 0.245 5.0984, -1.2448 0.1746 5.4134, -1.2554 0.0822 5.4134, -1.2184 0.2884 5.4134, -1.1791 0.3985 5.4134, -1.1779 0.4012 5.0984, -1.1778 0.4012 5.4134, -1.1275 0.5033 5.4134, -1.1014 0.5471 5.0984, -1.0017 0.6782 5.4134, -1.0024 0.6788 5.0984, -1.0643 0.6017 5.4134, -1.1 0.5462 5.4134, -0.9903 0.6921 5.4134, -0.9065 0.7736 5.4134, -0.8836 0.7929 5.0984, -0.7472 0.8852 5.4134, -0.748 0.8865 5.0984, -0.814 0.845 5.4134, -0.8828 0.7919 5.4134, -0.7139 0.9053 5.4134, -0.6076 0.9539 5.4134, -0.5992 0.9571 5.0984, -0.599 0.9567 5.4134, -0.4964 0.99 5.4134, -0.441 1.0029 5.0984, -0.2774 1.0222 5.4134, -0.2774 1.0228 5.0984, -0.3819 1.0132 5.4134, -0.4406 1.0013 5.4134, -0.2654 1.0232 5.4134, -0.1486 1.0199 5.4134, -0.1128 1.0162 5.0984, 0.0482 0.9819 5.4134, 0.0486 0.9832 5.0984, -0.0329 1.0032 5.4134, -0.113 1.0148 5.4134, 0.0801 0.9735 5.4134, 0.189 0.9311 5.4134, 0.2026 0.9248 5.0984, 0.2023 0.9241 5.4134, 0.2924 0.8766 5.4134, 0.3453 0.8424 5.0984, 0.4727 0.738 5.4134, 0.4729 0.7382 5.0984, 0.3889 0.8106 5.4134, 0.3443 0.8411 5.4134, 0.4772 0.7341 5.4134, 0.5562 0.648 5.4134, 0.5821 0.6149 5.0984, 0.6691 0.4751 5.4134, 0.6702 0.4757 5.0984, 0.6249 0.5534 5.4134, 0.5809 0.614 5.4134, 0.6824 0.4516 5.4134, 0.7279 0.344 5.4134, 0.7347 0.3241 5.0984, 0.7338 0.3239 5.4134, 0.7608 0.2318 5.4134, 0.7742 0.1642 5.0984, 0.7726 0.1639 5.4134, 0.7807 0.1167 5.4134, 0.7874 -0.0 5.4134, 0.6498 -0.1519 5.4921, 0.7025 -0.1077 5.4921, 0.6628 -0.0 5.4921, 0.7087 0.0 5.4921, 0.6498 0.1519 5.4921, -0.4994 -0.8596 5.4921, -0.4764 -0.9138 5.4921, -0.3504 -0.8917 5.4921, -0.3707 -0.9353 5.4921, -0.198 -0.8982 5.4921, 0.5486 -0.4384 5.4921, 0.6117 -0.4169 5.4921, 0.6114 -0.2995 5.4921, 0.6537 -0.3175 5.4921, 0.6841 -0.214 5.4921, -0.7708 -0.7228 5.4921, -0.7695 -0.78 5.4921, -0.6409 -0.8027 5.4921, -0.6771 -0.8357 5.4921, -0.579 -0.8805 5.4921, -1.1062 -0.2265 5.4921, -1.1428 -0.2662 5.4921, -1.0554 -0.3703 5.4921, -1.1066 -0.3678 5.4921, -0.981 -0.5034 5.4921, -0.2632 -0.9445 5.4921, -0.1553 -0.9414 5.4921, -0.0468 -0.8788 5.4921, -0.0486 -0.9261 5.4921, 0.099 -0.8341 5.4921, -1.059 -0.4646 5.4921, -1.0006 -0.5554 5.4921, -0.8852 -0.622 5.4921, -0.9323 -0.6389 5.4921, -0.855 -0.7141 5.4921, 0.3577 -0.6748 5.4921, 0.4223 -0.6776 5.4921, 0.4632 -0.5647 5.4921, 0.4953 -0.5981 5.4921, 0.5587 -0.5108 5.4921, -0.4994 0.8596 5.4921, -0.579 0.8805 5.4921, -0.6409 0.8027 5.4921, -0.6771 0.8357 5.4921, -0.7708 0.7228 5.4921, 0.0558 -0.8986 5.4921, 0.1563 -0.8595 5.4921, 0.2351 -0.7655 5.4921, 0.2517 -0.8091 5.4921, 0.3408 -0.7483 5.4921, -0.198 0.8982 5.4921, -0.2632 0.9445 5.4921, -0.3504 0.8917 5.4921, -0.3707 0.9353 5.4921, -0.4764 0.9138 5.4921, -1.1062 0.2265 5.4921, -1.1672 0.1611 5.4921, -1.1319 0.0762 5.4921, -1.1795 0.0539 5.4921, -1.1319 -0.0762 5.4921, -1.1795 -0.0539 5.4921, -1.1672 -0.1611 5.4921, -0.981 0.5034 5.4921, -1.059 0.4646 5.4921, -1.0554 0.3703 5.4921, -1.1066 0.3678 5.4921, -1.1428 0.2662 5.4921, 0.099 0.8341 5.4921, 0.0558 0.8986 5.4921, -0.0468 0.8788 5.4921, -0.0486 0.9261 5.4921, -0.1553 0.9414 5.4921, 0.3577 0.6748 5.4921, 0.3408 0.7483 5.4921, 0.2351 0.7655 5.4921, 0.2517 0.8091 5.4921, 0.1563 0.8595 5.4921, -0.7695 0.78 5.4921, -0.855 0.7141 5.4921, -0.8852 0.622 5.4921, -0.9323 0.6389 5.4921, -1.0006 0.5554 5.4921, 0.7025 0.1077 5.4921, 0.6841 0.214 5.4921, 0.6114 0.2995 5.4921, 0.6537 0.3175 5.4921, 0.5486 0.4384 5.4921, 0.6117 0.4169 5.4921, 0.5587 0.5108 5.4921, 0.4632 0.5647 5.4921, 0.4953 0.5981 5.4921, 0.4223 0.6776 5.4921, 0.6184 0.6892 5.0189, 0.5919 0.7235 5.0208, 0.6485 0.7729 5.0642, -1.2854 0.3237 4.8369, -1.298 0.2861 4.8385, -1.3706 0.3056 4.8819, -0.4629 1.0743 4.7899, -0.5053 1.0662 4.7917, -0.5237 1.1391 4.8351, 0.081 -1.0513 4.6548, 0.1158 -1.0418 4.6563, 0.1399 -1.113 4.6997, -1.0008 -0.788 4.6078, -0.9732 -0.8161 4.6094, -1.0236 -0.8719 4.6528, -1.2964 0.2854 4.5608, -1.3084 0.2443 4.5625, -1.3817 0.261 4.6059, 0.8445 -0.195 4.4256, 0.8517 -0.16 4.427, 0.9261 -0.1709 4.4704, 0.1186 -1.0391 4.3786, 0.1559 -1.0274 4.3802, 0.1827 -1.0976 4.4236, -0.9719 -0.815 4.3316, -0.9409 -0.8442 4.3333, -0.9891 -0.9019 4.3767, 0.4289 0.8739 4.1963, 0.4013 0.896 4.1977, 0.4448 0.9573 4.2411, 0.8507 -0.1563 4.1494, 0.8571 -0.1181 4.1509, 0.9318 -0.1262 4.1943, 0.1555 -1.0257 4.1024, 0.1952 -1.0115 4.104, 0.2247 -1.0807 4.1474, -0.7116 0.99 3.967, -0.7435 0.9756 3.9684, -0.7782 1.0423 4.0118, 0.3976 0.8967 3.92, 0.3668 0.9196 3.9215, 0.408 0.9825 3.9649, 0.8555 -0.1178 3.8731, 0.8608 -0.0764 3.8747, 0.9358 -0.0816 3.9181, -1.3341 0.028 3.7376, -1.3358 -0.0066 3.7389, -1.411 -0.0071 3.7823, -0.7458 0.9727 3.6907, -0.7798 0.9559 3.6921, -0.8169 1.0212 3.7355, 0.3658 0.9183 3.6437, 0.3317 0.9416 3.6453, 0.3706 1.006 3.6887, 0.6306 -0.8991 5.0395, 0.6147 -0.9157 5.0387, 0.5635 -0.8606 4.9953, 0.4578 -0.9479 4.9902, -0.0094 -1.2283 5.0144, -0.0274 -1.2324 5.0138, -0.04 -1.1583 4.9703, -0.3727 -1.2406 5.001, -0.4759 -1.2268 4.9971, -0.4615 -1.153 4.9537, -0.7245 -1.1491 4.9879, -0.7551 -1.1372 4.9868, -0.7239 -1.0688 4.9434, -0.842 -1.0066 4.9387, -1.4728 0.182 4.9305, -1.4432 0.3252 4.9253, 0.9821 -0.2714 4.7884, 0.9569 -0.3729 4.7847, 0.8851 -0.3504 4.7413, -1.0346 -0.9593 4.6979, -1.0739 -0.9277 4.6962, -1.1666 -0.8336 4.6915, -1.1778 -0.8221 4.6909, -1.1212 -0.7726 4.6475, -1.3662 -0.5298 4.678, -1.4074 -0.4368 4.6743, -1.337 -0.4105 4.6309, -1.4715 -0.1817 4.6649, -1.4771 -0.1508 4.6638, -1.4024 -0.1417 4.6204, -0.0093 1.2285 4.5809, 0.0039 1.2267 4.5805, -0.0105 1.1529 4.5371, 0.1243 1.1181 4.5317, 0.6311 0.8995 4.5558, 0.6375 0.894 4.5556, 0.5849 0.8402 4.5121, 0.852 0.6108 4.5425, 0.8964 0.5289 4.539, 0.8283 0.4971 4.4956, 0.9827 0.2715 4.5292, 0.9892 0.2466 4.5283, 0.9155 0.2318 4.4849, 0.3352 -1.1114 4.4716, 0.2095 -1.1678 4.467, 0.1668 -1.1813 4.4654, 0.0693 -1.2121 4.4618, 0.0509 -1.1392 4.4184, -1.277 0.6886 4.3551, -1.2207 0.7702 4.3514, -1.1615 0.7239 4.308, -0.7244 1.1487 4.3297, -0.6359 1.1844 4.3264, -0.6119 1.1131 4.283, 1.0088 -0.0912 4.2391, 1.0066 -0.1342 4.2377, 0.9835 -0.2717 4.2329, 0.9825 -0.2781 4.2326, 0.9092 -0.2613 4.1892, 0.852 -0.6107 4.2195, 0.8068 -0.689 4.2162, 0.744 -0.6476 4.1728, 0.6305 -0.8991 4.2062, 0.6141 -0.9163 4.2053, 0.5629 -0.8612 4.1619, -1.3679 -0.5305 4.1224, -1.369 -0.5285 4.1224, -1.3008 -0.4967 4.079, -1.3526 -0.3658 4.0735, -1.4729 0.182 4.0972, -1.4728 0.1823 4.0971, -1.3985 0.1713 4.0537, -1.1665 0.8336 4.0706, -1.1561 0.8464 4.07, -1.1007 0.7955 4.0266, -0.8864 1.0653 4.0579, -0.8129 1.109 4.0552, 0.3351 1.1112 4.0126, 0.4492 1.0453 4.0083, 0.49 1.0151 4.0066, 0.5652 0.9593 4.0034, 0.517 0.9016 3.96, -0.1906 -1.247 3.8966, -0.2783 -1.2493 3.8933, -0.2758 -1.1742 3.8499, -1.3662 -0.5298 3.8447, -1.4077 -0.436 3.8409, -1.3372 -0.4098 3.7975, -1.3666 0.53 3.8063, -1.3543 0.559 3.8051, -1.287 0.5254 3.7617, -1.2162 0.6479 3.7561, -0.0093 1.2284 3.7476, 0.0048 1.2266 3.7471, -0.0097 1.1528 3.7037, 0.3344 1.11 3.7349, 0.4094 1.0704 3.7321, -0.3729 -1.2422 3.6121, -0.3786 -1.2419 3.6119, -0.3701 -1.1672 3.5685, -0.5084 -1.1429 3.563, 0.8537 0.6117 5.098, 0.8072 0.5399 5.0531, 0.8488 0.6207 5.0984, 0.7347 0.6615 5.0587, 0.8007 0.6884 5.0984, 0.6927 0.8126 5.0984, 0.7487 0.7524 5.0984, 0.7913 0.7 5.0984, 0.4499 1.0028 5.0984, 0.4679 0.9911 5.0984, 0.4442 0.9577 5.0745, 0.5177 0.959 5.0984, 0.5509 0.8722 5.0695, 0.5831 0.9105 5.0984, 0.5844 0.9094 5.0984, 0.3801 1.0417 5.0984, 0.3312 1.0287 5.0791, 0.347 1.0574 5.0984, 0.2098 1.0869 5.0839, 0.2402 1.1028 5.0984, 0.3082 1.0758 5.0984, 0.0861 1.1468 5.0984, 0.1636 1.1275 5.0984, 0.2192 1.1096 5.0984, 0.0839 1.1472 5.0984, 0.0796 1.1316 5.0891, 0.0078 1.1606 5.0984, -0.0572 1.1611 5.0945, -0.1581 1.1722 5.0984, -0.1507 1.1722 5.0984, -0.0712 1.1691 5.0984, -0.0562 1.1675 5.0984, -0.3327 1.0954 5.0622, -0.3235 1.1602 5.0984, -0.2755 1.097 5.0598, -0.2442 1.1689 5.0984, -0.2003 1.0991 5.0566, -0.463 1.076 5.0677, -0.474 1.128 5.0984, -0.4236 1.0819 5.066, -0.4018 1.1461 5.0984, -0.3382 1.1576 5.0984, -0.7069 0.9938 5.0779, -0.7218 1.0254 5.0984, -0.7013 0.9961 5.0777, -0.694 1.041 5.0984, -0.5886 1.0417 5.0729, -0.6234 1.0747 5.0984, -0.6025 1.083 5.0984, -0.5667 1.0477 5.072, -0.5499 1.1039 5.0984, -0.4788 1.1268 5.0984, -0.8246 0.9283 5.0829, -0.8308 0.9573 5.0984, -0.8164 0.9341 5.0826, -0.826 0.961 5.0984, -0.7615 1.003 5.0984, -1.016 0.7753 5.0925, -1.0031 0.8052 5.0984, -0.9397 0.8436 5.0884, -0.9492 0.8601 5.0984, -0.9197 0.8614 5.0874, -0.9312 0.876 5.0984, -0.8912 0.9113 5.0984, -1.1097 0.668 5.0984, -1.1034 0.6774 5.0984, -1.1028 0.677 5.098, -1.0984 0.6849 5.0984, -1.0451 0.7423 5.0944, -1.0528 0.7467 5.0984, -1.0227 0.7821 5.0984, -0.4925 -1.0758 3.5236, -0.4534 -1.0822 3.5236, -0.3953 -1.0881 3.5236, -0.3615 -1.0925 3.525, -0.641 -1.1029 3.5578, -0.6037 -1.0522 3.5236, -0.5291 -1.0699 3.5236, -0.7426 -1.0034 3.5236, -0.6771 -1.0291 3.5236, -0.6205 -1.0469 3.5236, -0.8572 -0.9464 3.5236, -0.7961 -0.9791 3.5236, -0.7655 -1.0488 3.5529, -0.7493 -1.0008 3.5236, -0.8645 -0.9425 3.5236, -0.8807 -0.9822 3.5483, -0.9308 -0.9011 3.5236, -0.9897 -0.9014 3.5433, -0.9674 -0.8746 3.5236, -1.0906 -0.8064 3.5381, -1.0558 -0.8042 3.5236, -0.9946 -0.855 3.5236, -1.1807 -0.6987 3.5327, -1.1679 -0.6891 3.5236, -1.1607 -0.698 3.5236, -1.1066 -0.7562 3.5236, -1.072 -0.7888 3.5236, -1.2107 -0.6363 3.5236, -1.2578 -0.5801 3.5271, -1.2524 -0.577 3.5236, -1.2984 -0.5018 3.5236, -1.2982 -0.5024 3.5236, -1.2566 -0.5711 3.5236, -1.4387 -0.3413 3.5595, -1.4705 -0.1976 3.5543, -1.4126 -0.2122 3.5236, -1.3909 -0.289 3.5236, -1.3783 -0.3241 3.5236, -1.4322 -0.3598 3.5602, -1.3641 -0.3638 3.5236, -1.3895 -0.4822 3.5649, -1.485 -0.0544 3.5495, -1.4392 -0.063 3.5236, -1.4721 -0.1819 3.5538, -1.4291 -0.1336 3.5236, -1.4174 -0.1891 3.5236, -1.4832 0.0872 3.5448, -1.4462 0.0847 3.5236, -1.4843 -0.0 3.5477, -1.4454 0.0163 3.5236, -1.44 -0.0524 3.5236, -1.4289 0.3741 3.5346, -1.4101 0.3682 3.5236, -1.4324 0.3599 3.5351, -1.418 0.3369 3.5236, -1.4647 0.2308 3.5399, -1.4326 0.2577 3.5236, -1.4364 0.2255 3.5236, -1.471 0.1818 3.5416, -1.4421 0.1768 3.5236, -1.4463 0.0963 3.5236, -1.3062 0.6462 3.5236, -1.342 0.5713 3.5236, -1.3672 0.5301 3.5285, -1.3665 0.5098 3.5236, -1.3757 0.5139 3.5292, -1.3726 0.4947 3.5236, -1.3979 0.4165 3.5236, -1.3323 -0.4365 3.5236, -1.323 -0.4544 3.5236, -1.3662 -0.5297 3.5669, -1.3232 -0.6172 3.5705, -1.2768 -0.6885 3.5736, -1.2411 -0.7434 3.5761, -1.166 -0.8332 3.5803, -0.8866 -1.0656 3.593, -0.922 -1.0451 3.5917, -1.0357 -0.9607 3.5868, -1.0379 -0.959 3.5867, -1.1452 -0.858 3.5815, -0.7994 -1.1159 3.5963, -0.7243 -1.1486 3.5991, -0.5258 -1.216 3.6064, -0.552 -1.2081 3.6054, -0.6669 -1.1734 3.6012, -0.2284 -1.25 3.6174, -0.2288 -1.1748 3.574, -0.1907 -1.2475 3.6188, -0.0878 -1.1654 3.5796, 0.0684 -1.2123 3.6284, -0.0096 -1.227 3.6255, -0.0783 -1.24 3.623, 0.0501 -1.1394 3.585, 0.182 -1.0979 3.5902, 0.1669 -1.1813 3.6321, 0.4619 -1.0369 3.6431, 0.3401 -1.1092 3.6385, 0.3055 -1.0425 3.5951, 0.3352 -1.1114 3.6383, 0.2087 -1.1681 3.6336, 0.4902 -1.0154 3.6443, 0.4199 -0.9745 3.5997, 0.5282 -0.8921 3.6046, 0.6281 -0.7958 3.6099, 0.6299 -0.8983 3.6507, 0.5771 -0.9492 3.648, 0.717 -0.6868 3.6154, 0.7518 -0.7628 3.6573, 0.6834 -0.8467 3.6533, 0.923 -0.4678 3.6699, 0.8584 -0.6036 3.6643, 0.7926 -0.5673 3.6209, 0.8534 -0.6115 3.664, 0.7779 -0.7308 3.6588, 0.9704 -0.3264 3.6753, 0.9302 -0.4462 3.6707, 0.8979 -0.3068 3.6319, 0.8533 -0.4396 3.6265, 1.0099 0.0912 3.6896, 1.0132 -0.0397 3.6853, 0.938 -0.0373 3.6419, 1.0086 -0.0911 3.6836, 0.926 -0.1717 3.6371, 1.0004 -0.1827 3.6805, 0.9819 -0.2714 3.6773, 1.0096 0.1021 3.6899, 0.9347 0.0959 3.6465, 0.9894 0.2458 3.6949, 0.9157 0.231 3.6515, 0.9826 0.2715 3.6959, 0.8803 0.3654 3.6568, 0.8968 0.5281 3.7057, 0.9293 0.4457 3.7024, 0.9518 0.3888 3.7002, 0.7522 0.7633 3.7159, 0.825 0.6605 3.7113, 0.7612 0.6208 3.6679, 0.852 0.6108 3.7092, 0.8286 0.4964 3.6623, 0.7381 0.7831 3.7168, 0.6795 0.736 3.6734, 0.6381 0.8934 3.7222, 0.5855 0.8396 3.6788, 0.6311 0.8995 3.7225, 0.4816 0.93 3.6839, 0.5276 0.9895 3.7273, 0.4901 1.0151 3.7288, 0.2838 1.1367 3.7368, 0.2525 1.0683 3.6934, 0.167 1.1821 3.7411, 0.1251 1.1179 3.6984, 0.1482 1.1894 3.7418, -0.1438 1.2466 3.7526, -0.1494 1.1716 3.7092, -0.1906 1.2472 3.7543, -0.2909 1.1736 3.7148, -0.2944 1.2486 3.7582, -0.3727 1.2403 3.7611, -0.4437 1.2327 3.7637, -0.4312 1.1585 3.7203, -0.552 1.2077 3.7677, -0.5674 1.1272 3.7257, -0.8541 1.0866 3.7789, -0.7262 1.15 3.7742, -0.6967 1.0808 3.7308, -0.7251 1.1504 3.7741, -0.5886 1.1993 3.7691, -0.9736 1.0093 3.7836, -0.9293 0.9486 3.7402, -1.0344 0.9592 3.7863, -1.035 0.8614 3.7453, -1.1315 0.7607 3.7506, -1.1661 0.8331 3.7928, -1.0862 0.9166 3.7887, -1.2789 0.6894 3.7995, -1.2787 0.6897 3.7995, -1.1888 0.8093 3.794, -1.4858 -0.0 3.8255, -1.4789 0.1347 3.821, -1.4042 0.1266 3.7776, -1.471 0.1817 3.8194, -1.3815 0.2617 3.7725, -1.4548 0.2785 3.8159, -1.3424 0.3957 3.7672, -1.4311 0.3595 3.8129, -1.4132 0.421 3.8106, -1.4772 -0.15 3.8304, -1.4862 -0.0075 3.8257, -1.4512 -0.2938 3.8355, -1.4714 -0.1817 3.8316, -1.3781 -0.2761 3.7921, -1.4025 -0.141 3.787, -1.4311 -0.3595 3.838, -1.347 -0.5733 3.8464, -1.2802 -0.5388 3.803, -1.278 -0.6893 3.8514, -1.2078 -0.6605 3.8086, -1.27 -0.7027 3.852, -1.1784 -0.8214 3.8575, -1.1665 -0.8335 3.8581, -1.1217 -0.772 3.8141, -1.0241 -0.8714 3.8194, -0.8864 -1.0654 3.8707, -0.9612 -1.0183 3.8678, -0.9176 -0.9571 3.8244, -1.0346 -0.9593 3.8646, -1.0746 -0.9272 3.8628, -0.841 -1.094 3.8725, -0.8046 -1.0282 3.8291, -0.7248 -1.1498 3.8768, -0.6833 -1.0864 3.8339, -0.7119 -1.1559 3.8773, -0.5734 -1.2037 3.8824, -0.5531 -1.1313 3.839, -0.5521 -1.2083 3.8832, -0.4164 -1.1609 3.8444, -0.4279 -1.2352 3.8878, -0.3727 -1.2404 3.8899, -0.1278 -1.2453 3.8989, -0.1343 -1.1704 3.8555, -0.0094 -1.2278 3.9033, 0.0049 -1.1498 3.861, 0.3346 -1.1102 3.9161, 0.2977 -1.1302 3.9147, 0.2656 -1.0623 3.8713, 0.1673 -1.1828 3.9099, 0.1391 -1.1133 3.8663, 0.1631 -1.1845 3.9097, 0.0204 -1.2234 3.9044, 0.4223 -1.0625 3.9193, 0.3827 -0.9986 3.8759, 0.49 -1.015 3.9221, 0.4931 -0.921 3.8807, 0.7481 -0.7705 3.9347, 0.6493 -0.8822 3.9293, 0.5961 -0.8292 3.8859, 0.6306 -0.899 3.9284, 0.5398 -0.98 3.9241, 0.8523 -0.6109 3.9418, 0.8334 -0.6468 3.9403, 0.7691 -0.6079 3.8969, 0.7528 -0.7637 3.935, 0.6889 -0.7242 3.8913, 1.0102 -0.0912 3.9614, 0.9924 -0.2304 3.9566, 0.9185 -0.2165 3.9132, 0.9822 -0.2714 3.9551, 0.8849 -0.3512 3.9079, 0.9566 -0.3737 3.9513, 0.8349 -0.4827 3.9024, 0.9292 -0.4457 3.9485, 0.9034 -0.5135 3.9458, 1.0126 0.0548 3.9661, 1.0108 -0.0868 3.9615, 1.0089 0.0911 3.9674, 0.9375 0.0515 3.9227, 0.9238 0.1861 3.9276, 0.9297 0.446 3.9802, 0.9662 0.3417 3.9762, 0.8939 0.3211 3.9328, 0.9818 0.2713 3.9736, 0.998 0.1981 3.971, 0.9169 0.4826 3.9816, 0.8475 0.4536 3.9382, 0.8535 0.6116 3.9869, 0.7852 0.5805 3.9438, 0.8506 0.6176 3.9872, 0.7685 0.7437 3.9928, 0.6725 0.8583 3.9982, 0.7522 0.7632 3.9937, 0.6179 0.8067 3.9548, 0.7081 0.699 3.9493, 0.63 0.8984 4.0003, 0.3266 1.1161 4.013, 0.2928 1.049 3.9695, 0.1941 1.1736 4.0179, 0.1683 1.103 3.9745, 0.167 1.1818 4.0189, 0.0356 1.1429 3.9797, -0.0942 1.2419 4.0285, -0.0095 1.2271 4.0254, 0.053 1.2161 4.0231, -0.3728 1.2414 4.0389, -0.2445 1.25 4.0341, -0.244 1.1748 3.9907, -0.1907 1.2471 4.0321, -0.1027 1.1672 3.9851, -0.3946 1.2399 4.0397, -0.385 1.1654 3.9963, -0.5412 1.2122 4.0451, -0.5229 1.1393 4.0017, -0.5522 1.2088 4.0455, -0.6548 1.0977 4.0069, -0.6815 1.168 4.0503, -0.7243 1.1488 4.0519, -0.9347 1.0367 4.0598, -0.8927 0.9743 4.0164, -1.0352 0.9601 4.0641, -1.0009 0.8919 4.0213, -1.0498 0.949 4.0647, -1.2506 0.7304 4.0755, -1.1896 0.6865 4.032, -1.277 0.6886 4.0773, -1.2652 0.5669 4.0376, -1.331 0.6032 4.081, -1.366 0.5296 4.084, -1.3955 0.4674 4.0866, -1.3258 0.4393 4.0432, -1.4317 0.3596 4.0907, -1.3704 0.3064 4.0486, -1.4429 0.326 4.092, -1.4856 0.0393 4.102, -1.4104 0.0369 4.0586, -1.4846 0.0 4.1033, -1.4071 -0.0963 4.0632, -1.388 -0.2314 4.0682, -1.4708 -0.1817 4.1094, -1.482 -0.1025 4.1066, -1.4241 -0.3892 4.1169, -1.4318 -0.3598 4.1158, -1.4617 -0.2462 4.1116, -1.2972 -0.6609 4.1279, -1.2334 -0.6211 4.0845, -1.2774 -0.6888 4.1292, -1.1517 -0.7363 4.0901, -1.2102 -0.7834 4.1335, -0.8872 -1.0667 4.1485, -0.9996 -0.9898 4.144, -0.9537 -0.9303 4.1006, -1.0346 -0.9594 4.1424, -1.0576 -0.8399 4.0955, -1.1102 -0.8937 4.1389, -1.1655 -0.8327 4.1359, -0.8814 -1.0706 4.1488, -0.8426 -1.0062 4.1054, -0.7558 -1.1369 4.1534, -0.7246 -1.0685 4.11, -0.7245 -1.149 4.1546, -0.5971 -1.118 4.1151, -0.4767 -1.2266 4.1638, -0.5518 -1.2072 4.161, -0.6202 -1.1896 4.1585, -0.1905 -1.2485 4.1744, -0.3281 -1.2466 4.1693, -0.3226 -1.1716 4.1259, -0.3727 -1.2406 4.1676, -0.4623 -1.1529 4.1204, -0.1776 -1.2486 4.1749, -0.1811 -1.1735 4.1315, -0.0283 -1.2326 4.1804, -0.0408 -1.1585 4.137, -0.0094 -1.2282 4.1811, 0.0954 -1.1271 4.1423, 0.2542 -1.1498 4.1908, 0.1667 -1.1812 4.1876, 0.1166 -1.1992 4.1858, 0.3821 -1.0864 4.1956, 0.3449 -1.0211 4.1522, 0.4908 -1.0161 4.1999, 0.4572 -0.9484 4.1569, 0.5016 -1.0091 4.2003, 0.6594 -0.7604 4.1673, 0.7515 -0.7627 4.2128, 0.7167 -0.809 4.2107, 0.8821 -0.5586 4.2218, 0.8148 -0.525 4.1784, 0.9301 -0.446 4.2263, 0.8701 -0.3953 4.1839, 0.9409 -0.4206 4.2273, 1.0138 0.0079 4.2424, 0.9386 0.0074 4.199, 1.0085 0.0911 4.2452, 0.9301 0.1414 4.2037, 0.9352 0.4364 4.2576, 0.9787 0.2942 4.2522, 0.9056 0.2765 4.2088, 0.9828 0.2716 4.2514, 1.0047 0.1504 4.2471, 0.8523 0.6108 4.2647, 0.8744 0.5737 4.2631, 0.8076 0.5392 4.2197, 0.9308 0.4463 4.258, 0.8647 0.4101 4.2142, 0.7973 0.7031 4.2687, 0.7352 0.6608 4.2253, 0.7514 0.7626 4.2715, 0.6491 0.7723 4.2308, 0.491 1.0165 4.2844, 0.6019 0.9275 4.2795, 0.5515 0.8717 4.2361, 0.6301 0.8987 4.2781, 0.7057 0.8218 4.2742, 0.3682 1.0942 4.2892, 0.4884 1.0185 4.2845, 0.3347 1.1103 4.2904, 0.3319 1.0284 4.2458, 0.2105 1.0866 4.2506, -0.0095 1.2276 4.3032, 0.1006 1.2038 4.2991, 0.0803 1.1314 4.2557, 0.1667 1.181 4.2967, 0.2391 1.1561 4.294, -0.0449 1.2353 4.3045, -0.0564 1.161 4.2611, -0.1906 1.2489 4.3099, -0.197 1.1742 4.2666, -0.1945 1.2493 4.31, -0.345 1.2453 4.3156, -0.4932 1.2233 4.3211, -0.3727 1.2412 4.3166, -0.4777 1.1497 4.2777, -0.3385 1.1704 4.2722, -0.5518 1.2073 4.3233, -0.7705 1.1301 4.3314, -0.7384 1.0621 4.288, -0.8871 1.0666 4.3357, -0.8554 0.9984 4.2926, -0.895 1.0623 4.336, -1.0125 0.9797 4.3408, -0.9658 0.9208 4.2974, -1.0349 0.9598 4.3419, -1.0687 0.8289 4.3026, -1.122 0.8819 4.346, -1.1655 0.8327 4.3484, -1.3061 0.6464 4.3569, -1.2417 0.6076 4.3135, -1.3671 0.5301 4.3618, -1.3075 0.4823 4.3191, -1.471 0.1818 4.3749, -1.4649 0.23 4.3732, -1.391 0.2161 4.3298, -1.4325 0.3599 4.3685, -1.3574 0.3508 4.3246, -1.4292 0.3733 4.368, -1.376 0.5131 4.3625, -1.4832 0.0864 4.3782, -1.4082 0.0812 4.3348, -1.4843 -0.0 4.381, -1.4099 -0.0519 4.3394, -1.4385 -0.3421 4.3929, -1.4703 -0.1985 4.3877, -1.3961 -0.1865 4.3443, -1.472 -0.1819 4.3871, -1.485 -0.0552 4.3828, -1.3662 -0.5297 4.4002, -1.3891 -0.483 4.3983, -1.3198 -0.4539 4.3549, -1.4323 -0.3598 4.3936, -1.3662 -0.3215 4.3495, -1.3228 -0.618 4.4039, -1.2574 -0.5808 4.3605, -1.2768 -0.6885 4.407, -1.1802 -0.6993 4.366, -1.0373 -0.9596 4.4201, -1.1446 -0.8586 4.4149, -1.09 -0.807 4.3715, -1.166 -0.8332 4.4137, -1.2406 -0.7441 4.4094, -0.9213 -1.0456 4.425, -0.8801 -0.9827 4.3816, -0.8866 -1.0656 4.4263, -0.7648 -1.0492 4.3862, -0.552 -1.2081 4.4388, -0.6661 -1.1737 4.4345, -0.6403 -1.1031 4.3911, -0.7243 -1.1485 4.4324, -0.7986 -1.1163 4.4296, -0.525 -1.2162 4.4398, -0.5076 -1.143 4.3964, -0.3778 -1.242 4.4452, -0.3693 -1.1673 4.4018, -0.3729 -1.2422 4.4454, -0.2275 -1.25 4.4508, -0.228 -1.1748 4.4074, -0.1907 -1.2475 4.4522, -0.087 -1.1653 4.4129, -0.0774 -1.2399 4.4563, -0.0096 -1.227 4.4589, 0.3409 -1.1088 4.4718, 0.3062 -1.0421 4.4284, 0.4626 -1.0364 4.4765, 0.4206 -0.9741 4.4331, 0.4902 -1.0154 4.4776, 0.5288 -0.8916 4.438, 0.5777 -0.9487 4.4814, 0.6299 -0.8983 4.484, 0.684 -0.8461 4.4867, 0.6286 -0.7952 4.4433, 0.7518 -0.7628 4.4906, 0.7174 -0.6861 4.4487, 0.7785 -0.7301 4.4921, 0.8534 -0.6115 4.4973, 0.8589 -0.6028 4.4977, 0.793 -0.5665 4.4543, 0.9233 -0.467 4.5033, 0.8536 -0.4389 4.4599, 0.9303 -0.4462 4.504, 0.8981 -0.306 4.4653, 1.0005 -0.1819 4.5138, 0.9819 -0.2714 4.5106, 0.9707 -0.3256 4.5087, 1.0132 -0.0388 4.5187, 0.9381 -0.0365 4.4752, 1.0099 0.0912 4.5229, 0.9346 0.0967 4.4799, 1.0096 0.1029 4.5233, 0.8801 0.3662 4.4902, 0.9293 0.4457 4.5358, 0.9515 0.3897 4.5336, 0.8246 0.6613 4.5446, 0.7608 0.6215 4.5012, 0.7521 0.7632 4.5492, 0.679 0.7366 4.5068, 0.7376 0.7838 4.5502, 0.5269 0.99 4.5607, 0.481 0.9305 4.5173, 0.4901 1.0152 4.5622, 0.3699 1.0064 4.5221, 0.2518 1.0687 4.5267, 0.3344 1.11 4.5682, 0.4087 1.0708 4.5655, 0.1474 1.1897 4.5751, 0.167 1.1821 4.5744, 0.283 1.1371 4.5701, -0.1447 1.2466 4.586, -0.1502 1.1717 4.5426, -0.1906 1.2472 4.5877, -0.2917 1.1735 4.5481, -0.432 1.1584 4.5537, -0.3727 1.2403 4.5944, -0.2953 1.2486 4.5915, -0.725 1.1503 4.6075, -0.5894 1.1991 4.6024, -0.5682 1.1269 4.559, -0.552 1.2077 4.601, -0.4446 1.2325 4.5971, -0.7269 1.1496 4.6075, -0.6974 1.0805 4.5641, -0.8548 1.0862 4.6123, -0.8176 1.0209 4.5689, -0.8865 1.0657 4.6135, -0.9299 0.9481 4.5736, -0.9743 1.0088 4.617, -1.0344 0.9592 4.6197, -1.0868 0.916 4.622, -1.0356 0.8609 4.5786, -1.166 0.8331 4.6261, -1.1321 0.76 4.584, -1.1894 0.8087 4.6274, -1.2786 0.6897 4.6328, -1.2794 0.6886 4.6329, -1.2167 0.6472 4.5895, -1.3546 0.5582 4.6385, -1.2874 0.5246 4.5951, -1.3667 0.53 4.6396, -1.3427 0.3949 4.6006, -1.455 0.2776 4.6493, -1.4311 0.3595 4.6462, -1.4135 0.4202 4.644, -1.479 0.1338 4.6544, -1.4043 0.1258 4.611, -1.4858 -0.0 4.6588, -1.411 -0.0078 4.6157, -1.4862 -0.0083 4.6591, -1.3779 -0.2769 4.6255, -1.4311 -0.3595 4.6713, -1.451 -0.2947 4.6689, -1.3466 -0.5741 4.6798, -1.2798 -0.5396 4.6364, -1.2779 -0.6893 4.6848, -1.2073 -0.6611 4.642, -1.2695 -0.7034 4.6854, -0.9605 -1.0188 4.7012, -0.9169 -0.9575 4.6578, -0.8864 -1.0654 4.7041, -0.8039 -1.0285 4.6625, -0.5726 -1.2039 4.7158, -0.7111 -1.1563 4.7107, -0.6826 -1.0867 4.6672, -0.7247 -1.1497 4.7101, -0.8403 -1.0944 4.7059, -0.5521 -1.2083 4.7165, -0.5523 -1.1315 4.6724, -0.4156 -1.1611 4.6778, -0.2774 -1.2493 4.7267, -0.3727 -1.2404 4.7232, -0.427 -1.2353 4.7212, -0.275 -1.1742 4.6833, -0.1335 -1.1703 4.6889, -0.1906 -1.247 4.7299, 0.1639 -1.1842 4.7431, 0.0212 -1.2232 4.7378, 0.0057 -1.1496 4.6944, -0.0094 -1.2278 4.7366, -0.1269 -1.2452 4.7323, 0.2985 -1.1299 4.748, 0.2663 -1.0619 4.7046, 0.3346 -1.1102 4.7494, 0.3833 -0.9982 4.7093, 0.6306 -0.8989 4.7618, 0.5404 -0.9795 4.7575, 0.4937 -0.9206 4.7141, 0.49 -1.015 4.7554, 0.423 -1.0621 4.7527, 0.6499 -0.8816 4.7627, 0.5966 -0.8286 4.7193, 0.7486 -0.7699 4.7681, 0.6894 -0.7236 4.7247, 0.7528 -0.7637 4.7684, 0.8339 -0.6461 4.7736, 0.7695 -0.6072 4.7302, 0.8523 -0.611 4.7751, 0.8352 -0.4819 4.7358, 0.9038 -0.5127 4.7792, 0.9292 -0.4457 4.7818, 0.9925 -0.2296 4.7899, 0.9186 -0.2158 4.7465, 1.0102 -0.0912 4.7947, 0.9358 -0.0808 4.7515, 0.9237 0.1869 4.761, 1.0089 0.0911 4.8007, 0.9375 0.0523 4.7561, 1.0126 0.0556 4.7995, 1.0108 -0.086 4.7949, 0.9297 0.446 4.8135, 0.966 0.3425 4.8096, 0.8937 0.3219 4.7662, 0.9818 0.2713 4.807, 0.9979 0.1989 4.8044, 0.9166 0.4834 4.815, 0.8472 0.4543 4.7716, 0.8535 0.6116 4.8203, 0.7848 0.5812 4.7771, 0.6173 0.8073 4.7882, 0.7522 0.7632 4.827, 0.7076 0.6996 4.7827, 0.768 0.7444 4.8261, 0.8501 0.6184 4.8206, 0.5645 0.9599 4.8368, 0.63 0.8984 4.8336, 0.6719 0.8589 4.8316, 0.5164 0.9021 4.7934, 0.4073 0.9829 4.7983, 0.49 1.0151 4.8399, 0.1933 1.1739 4.8512, 0.3259 1.1165 4.8463, 0.2921 1.0494 4.8029, 0.3351 1.1112 4.846, 0.4485 1.0458 4.8417, 0.167 1.1818 4.8522, 0.1675 1.1033 4.8078, 0.0348 1.1431 4.813, -0.0951 1.242 4.8619, -0.0095 1.2271 4.8587, 0.0522 1.2163 4.8565, -0.1036 1.1673 4.8185, -0.2448 1.1748 4.8241, -0.1907 1.2471 4.8654, -0.5421 1.212 4.8785, -0.3954 1.2398 4.873, -0.3858 1.1653 4.8296, -0.3728 1.2413 4.8722, -0.2453 1.25 4.8675, -0.6823 1.1677 4.8837, -0.6555 1.0975 4.8403, -0.7243 1.1488 4.8852, -0.7789 1.042 4.8451, -1.0352 0.96 4.8974, -0.9353 1.0362 4.8931, -0.8933 0.9739 4.8497, -0.8864 1.0653 4.8913, -0.8136 1.1086 4.8885, -1.0505 0.9484 4.8981, -1.0015 0.8914 4.8547, -1.1566 0.8457 4.9033, -1.1013 0.7949 4.8599, -1.1665 0.8336 4.9039, -1.2511 0.7297 4.9088, -1.1901 0.6858 4.8654, -1.277 0.6887 4.9106, -1.2656 0.5662 4.871, -1.4316 0.3596 4.924, -1.3959 0.4666 4.9199, -1.3261 0.4385 4.8765, -1.366 0.5296 4.9174, -1.3315 0.6024 4.9144, -1.473 0.1814 4.9305, -1.3986 0.1705 4.8871, -1.4856 0.0384 4.9353, -1.4105 0.0361 4.8919, -1.4846 0.0 4.9366, -1.407 -0.0971 4.8966, -1.4819 -0.1033 4.94, -1.4708 -0.1817 4.9427, -1.4615 -0.247 4.945, -1.3879 -0.2322 4.9016, -1.4318 -0.3598 4.9491, -1.3524 -0.3666 4.9068, -1.4238 -0.3901 4.9502, -1.3686 -0.5293 4.9557, -1.3679 -0.5305 4.9558, -1.3005 -0.4975 4.9123, -1.233 -0.6218 4.9179, -1.1511 -0.7369 4.9234, -1.2774 -0.6888 4.9625, -1.2967 -0.6616 4.9613, -1.1096 -0.8943 4.9722, -1.1655 -0.8327 4.9692, -1.2097 -0.7841 4.9668, -1.057 -0.8405 4.9288, -0.9531 -0.9307 4.934, -1.0346 -0.9594 4.9757, -0.8807 -1.071 4.9821, -0.8871 -1.0666 4.9819, -0.999 -0.9903 4.9774, -0.5964 -1.1183 4.9484, -0.5518 -1.2072 4.9943, -0.6194 -1.1898 4.9918, -0.3273 -1.2467 5.0026, -0.3218 -1.1717 4.9592, -0.1905 -1.2484 5.0077, -0.1803 -1.1735 4.9648, -0.1767 -1.2486 5.0082, 0.1174 -1.1989 5.0191, 0.0961 -1.1268 4.9757, 0.1667 -1.1812 5.0209, 0.2254 -1.0803 4.9808, 0.3456 -1.0207 4.9855, 0.3345 -1.11 5.0272, 0.2549 -1.1495 5.0242, 0.5023 -1.0086 5.0336, 0.4907 -1.016 5.0332, 0.3828 -1.086 5.0289, 0.8152 -0.5243 5.0117, 0.852 -0.6107 5.0529, 0.7445 -0.6469 5.0062, 0.8072 -0.6883 5.0496, 0.6599 -0.7597 5.0006, 0.7515 -0.7627 5.0461, 0.7173 -0.8083 5.044, 0.9827 -0.2772 5.066, 0.9412 -0.4197 5.0607, 0.8704 -0.3945 5.0173, 0.93 -0.446 5.0596, 0.8824 -0.5578 5.0551, 0.9836 -0.2717 5.0662, 0.9094 -0.2606 5.0226, 0.9319 -0.1254 5.0276, 1.0085 0.0911 5.0785, 1.0138 0.0087 5.0757, 0.9386 0.0082 5.0323, 1.0088 -0.0912 5.0724, 1.0067 -0.1334 5.0711, 1.0046 0.1512 5.0805, 0.93 0.1421 5.0371, 0.9827 0.2716 5.0847, 0.9054 0.2773 5.0422, 0.9785 0.2951 5.0856, 0.9348 0.4372 5.0909, 0.874 0.5745 5.0965, 0.9308 0.4463 5.0913, 0.8644 0.4109 5.0475, -0.3476 -1.0932 3.5256, -0.0973 -1.0908 3.5362, -0.1985 -1.0976 3.5319, -0.2293 -1.0996 3.5306, -0.0504 -1.082 3.5381, 0.0318 -1.0665 3.5416, 0.0925 -1.0474 3.5442, 0.1552 -1.0276 3.5468, 0.227 -0.9954 3.5498, 0.2708 -0.9758 3.5517, 0.3506 -0.9284 3.5551, 0.3779 -0.9122 3.5563, 0.4664 -0.8448 3.5606, 0.4793 -0.8351 3.5612, 0.5728 -0.7449 3.5665, 0.7268 -0.531 3.5775, 0.6652 -0.6282 3.5727, 0.656 -0.6429 3.572, 0.7415 -0.5 3.579, 0.7836 -0.4115 3.5831, 0.7998 -0.3632 3.5852, 0.8253 -0.2872 3.5885, 0.8389 -0.2217 3.5912, 0.8516 -0.1607 3.5937, 0.8589 -0.0793 3.5968, 0.8629 -0.0349 3.5985, 0.8605 0.0611 3.6021, 0.8089 0.3421 3.6134, 0.842 0.2162 3.6081, 0.8438 0.2035 3.6076, 0.8598 0.0898 3.6031, 0.8075 0.3455 3.6135, 0.6974 0.5811 3.6245, 0.7506 0.4828 3.6197, 0.7605 0.4646 3.6189, 0.6756 0.6118 3.626, 0.6209 0.6889 3.63, 0.5844 0.7291 3.6322, 0.5329 0.7859 3.6354, 0.4801 0.8319 3.6382, 0.4357 0.8705 3.6405, 0.2438 0.9881 3.649, -0.0242 1.079 3.6603, 0.102 1.0464 3.655, 0.1109 1.0429 3.6546, 0.2213 1.0 3.65, -0.0313 1.08 3.6606, -0.2874 1.0985 3.6714, -0.179 1.097 3.6668, -0.1549 1.0966 3.6658, -0.3282 1.0941 3.6731, -0.4187 1.0844 3.6769, -0.4749 1.0715 3.6793, -0.5462 1.0551 3.6823, -0.6151 1.0303 3.6852, -0.6672 1.0116 3.6874, -0.8865 1.0656 3.7802, -0.8662 0.9 3.696, -1.0742 0.712 3.7072, -0.9839 0.8063 3.7019, -0.9791 0.8103 3.7016, -0.8849 0.8879 3.6968, -1.0805 0.7036 3.7076, -1.2198 0.4917 3.7183, -1.1673 0.5826 3.7139, -1.1535 0.6064 3.7127, -1.2372 0.4508 3.7201, -1.2716 0.3703 3.7238, -1.2887 0.3119 3.7263, -1.3082 0.245 3.7291, -1.3209 0.1697 3.7322, -1.3294 0.1185 3.7342, -1.3291 -0.1128 3.7429, -1.2668 -0.3835 3.7541, -1.305 -0.2585 3.7487, -1.3056 -0.2556 3.7486, -1.3279 -0.1319 3.7436, -1.2612 -0.3962 3.7547, -1.1456 -0.6182 3.7652, -1.1975 -0.5309 3.7609, -1.2134 -0.5043 3.7596, -1.1164 -0.6561 3.7672, -1.0651 -0.7226 3.7707, -1.0201 -0.7684 3.7733, -0.9737 -0.8156 3.776, -0.9118 -0.8654 3.7791, -0.874 -0.8958 3.781, -0.7948 -0.9457 3.7845, -0.7682 -0.9624 3.7857, -0.6691 -1.01 3.7899, -0.6547 -1.0169 3.7905, -0.5328 -1.0589 3.7956, -0.2732 -1.099 3.8065, -0.3877 -1.0883 3.8017, -0.4049 -1.0866 3.801, -0.2389 -1.0981 3.808, -0.1408 -1.0955 3.8121, -0.0902 -1.088 3.8142, -0.0105 -1.0762 3.8176, 0.0545 -1.0585 3.8203, 0.1151 -1.042 3.8229, 0.1917 -1.0112 3.8261, 0.2335 -0.9943 3.8279, 0.3182 -0.9482 3.8315, 0.5428 -0.7761 3.8425, 0.4464 -0.8621 3.8373, 0.436 -0.8694 3.8369, 0.3431 -0.9347 3.8325, 0.5453 -0.7733 3.8427, 0.7048 -0.569 3.8535, 0.6414 -0.6609 3.8488, 0.6297 -0.6779 3.8479, 0.7223 -0.5356 3.855, 0.7664 -0.4518 3.859, 0.7858 -0.4008 3.8613, 0.8132 -0.3287 3.8645, 0.8303 -0.2602 3.8674, 0.8446 -0.2027 3.8698, 0.8621 0.023 3.8784, 0.8216 0.3006 3.8894, 0.8496 0.1742 3.8842, 0.8505 0.1648 3.8838, 0.8624 0.0482 3.8793, 0.8192 0.3073 3.8897, 0.7199 0.5433 3.9004, 0.7676 0.4462 3.8958, 0.7782 0.4245 3.8948, 0.6974 0.5778 3.9021, 0.6476 0.6543 3.9059, 0.6105 0.6986 3.9083, 0.5632 0.7551 3.9114, 0.5095 0.8057 3.9144, 0.4688 0.8439 3.9166, 0.278 0.9708 3.9253, 0.0182 1.0698 3.9363, 0.1424 1.0324 3.9311, 0.1481 1.03 3.9308, 0.2589 0.9819 3.9261, 0.0079 1.0716 3.9367, -0.2435 1.0996 3.9473, -0.1387 1.094 3.9429, -0.1113 1.0925 3.9417, -0.2879 1.0966 3.9492, -0.3755 1.0908 3.9529, -0.4356 1.0794 3.9554, -0.5045 1.0664 3.9583, -0.578 1.0433 3.9614, -0.628 1.0275 3.9635, -0.8344 0.9216 3.9723, -1.0454 0.7446 3.9832, -0.952 0.8348 3.9779, -0.9496 0.8366 3.9778, -0.8506 0.912 3.973, -1.0542 0.7339 3.9837, -1.1994 0.5306 3.9942, -1.1451 0.6164 3.9899, -1.1286 0.6426 3.9886, -1.2199 0.4873 3.9962, -1.2561 0.4111 3.9998, -1.2766 0.35 4.0024, -1.2978 0.2868 4.0052, -1.3141 0.2083 4.0084, -1.3241 0.1604 4.0103, -1.3325 0.0661 4.014, -1.3353 0.0345 4.0152, -1.3325 -0.0744 4.0192, -1.3321 -0.0902 4.0198, -1.3143 -0.2166 4.0248, -1.2327 -0.465 4.0356, -1.2748 -0.3584 4.0308, -1.2812 -0.3424 4.0301, -1.2164 -0.4951 4.037, -1.1696 -0.5814 4.0411, -1.1399 -0.6232 4.0433, -1.0931 -0.6892 4.0467, -1.0475 -0.7394 4.0495, -1.0051 -0.7862 4.0521, -0.9422 -0.8408 4.0554, -0.9078 -0.8707 4.0572, -0.8272 -0.9258 4.0609, -0.574 -1.0465 4.0717, -0.6933 -1.0001 4.0666, -0.7044 -0.9943 4.0662, -0.8038 -0.9418 4.062, -0.5704 -1.0474 4.0718, -0.3171 -1.0967 4.0825, -0.4274 -1.0818 4.0778, -0.4478 -1.0791 4.077, -0.2794 -1.0972 4.0841, -0.1846 -1.0984 4.0881, -0.1302 -1.0926 4.0903, -0.0533 -1.0843 4.0936, 0.0159 -1.0684 4.0965, 0.0742 -1.0549 4.0989, 0.3345 -1.11 4.1938, 0.2852 -0.9669 4.1078, 0.5118 -0.8061 4.1185, 0.4128 -0.8877 4.1135, 0.405 -0.8928 4.1131, 0.3077 -0.9557 4.1088, 0.5167 -0.801 4.1188, 0.6813 -0.6061 4.1294, 0.6165 -0.6925 4.1249, 0.6021 -0.7117 4.1239, 0.7019 -0.5705 4.1311, 0.7475 -0.4914 4.135, 0.7703 -0.438 4.1374, 0.7993 -0.37 4.1405, 0.8201 -0.2986 4.1435, 0.8359 -0.2446 4.1458, 0.8623 -0.0148 4.1548, 0.8326 0.2588 4.1654, 0.8555 0.1323 4.1603, 0.8558 0.1262 4.1601, 0.8634 0.007 4.1556, 0.8295 0.2688 4.1658, 0.7408 0.5047 4.1763, 0.7832 0.409 4.1719, 0.7943 0.3839 4.1708, 0.718 0.543 4.1782, 0.673 0.6185 4.1819, 0.6355 0.6671 4.1844, 0.5924 0.7229 4.1874, 0.5381 0.7782 4.1905, 0.5011 0.8159 4.1927, 0.3113 0.9526 4.2017, 0.0601 1.059 4.2123, 0.1819 1.017 4.2072, 0.1845 1.0158 4.2071, 0.2955 0.9626 4.2024, 0.0466 1.0619 4.2129, -0.1995 1.099 4.2232, -0.0986 1.0896 4.219, -0.0679 1.0867 4.2177, -0.2475 1.0977 4.2252, -0.3319 1.0955 4.2288, -0.396 1.086 4.2315, -0.4623 1.0762 4.2343, -0.5402 1.0549 4.2376, -0.5878 1.0419 4.2396, -0.6765 1.0061 4.2433, -0.7062 0.9941 4.2446, -0.8021 0.9419 4.2486, -0.8158 0.9345 4.2492, -0.9191 0.8619 4.254, -1.1023 0.6776 4.2646, -1.0268 0.763 4.2599, -1.0155 0.7759 4.2592, -1.1218 0.6494 4.266, -1.1774 0.5687 4.2701, -1.2013 0.5232 4.2723, -1.2389 0.4514 4.2757, -1.2631 0.3878 4.2785, -1.2857 0.3284 4.2812, -1.306 0.2469 4.2846, -1.3171 0.2023 4.2864, -1.3296 0.1045 4.2903, -1.3219 -0.1746 4.3009, -1.3348 -0.0486 4.296, -1.3346 -0.0362 4.2955, -1.3332 0.076 4.2914, -1.3211 -0.1782 4.301, -1.2504 -0.4249 4.3115, -1.2871 -0.3203 4.3069, -1.2939 -0.3009 4.3061, -1.2338 -0.4587 4.3131, -1.1921 -0.5436 4.3171, -1.1622 -0.5896 4.3194, -1.1198 -0.6546 4.3226, -1.074 -0.7093 4.3256, -1.0354 -0.7554 4.3281, -1.0357 -0.9607 4.4202, -0.8592 -0.9047 4.3372, -0.6144 -1.0326 4.3477, -0.731 -0.982 4.3428, -0.739 -0.9774 4.3425, -0.8389 -0.9198 4.3382, -0.6077 -1.0346 4.348, -0.3607 -1.0926 4.3584, -0.4667 -1.074 4.354, -0.4903 -1.0699 4.353, -0.3197 -1.0948 4.3601, -0.2285 -1.0996 4.364, -0.1705 -1.0957 4.3664, -0.0965 -1.0907 4.3695, -0.0231 -1.0768 4.3726, 0.0325 -1.0663 4.375, 0.2513 -0.9845 4.3842, 0.4798 -0.8346 4.3946, 0.3786 -0.9118 4.3897, 0.3734 -0.9148 4.3894, 0.2715 -0.9755 4.385, 0.4873 -0.8274 4.395, 0.6564 -0.6422 4.4053, 0.5905 -0.7231 4.401, 0.5733 -0.7443 4.3999, 0.6802 -0.6046 4.4072, 0.7271 -0.5303 4.4109, 0.7535 -0.4747 4.4135, 0.7838 -0.4108 4.4164, 0.8086 -0.3368 4.4197, 0.8255 -0.2864 4.4219, 1.0086 -0.0911 4.5169, 0.8613 -0.0529 4.4311, 0.8418 0.2169 4.4415, 0.8597 0.0905 4.4365, 0.8598 0.0877 4.4364, 0.8629 -0.0342 4.4318, 0.8384 0.2302 4.442, 0.7602 0.4653 4.4522, 0.7973 0.3714 4.448, 0.8087 0.3428 4.4468, 0.7373 0.5075 4.4543, 0.697 0.5817 4.4578, 0.6594 0.6347 4.4605, 0.6204 0.6895 4.4634, 0.5658 0.7496 4.4667, 0.5324 0.7864 4.4687, 0.4595 0.8497 4.4726, 0.4351 0.871 4.4739, 0.3439 0.9333 4.4781, 0.3311 0.942 4.4787, 0.2206 1.0003 4.4833, -0.025 1.0792 4.4937, 0.0848 1.0508 4.489, 0.1013 1.0466 4.4883, -0.0588 1.0837 4.4951, -0.1557 1.0967 4.4992, -0.2071 1.0974 4.5013, -0.2882 1.0984 4.5047, -0.3561 1.0911 4.5076, -0.4195 1.0843 4.5103, -0.5018 1.0653 4.5137, -0.5469 1.0548 4.5156, -0.6406 1.0212 4.5196, -0.8855 0.8875 4.5302, -0.7804 0.9555 4.5255, -0.7694 0.961 4.525, -0.6679 1.0114 4.5207, -0.8884 0.8851 4.5303, -1.0747 0.7114 4.5406, -0.9986 0.7911 4.536, -0.9845 0.8058 4.5352, -1.0973 0.6814 4.5421, -1.1539 0.6058 4.5461, -1.1813 0.5583 4.5484, -1.2201 0.491 4.5517, -1.2482 0.4251 4.5546, -1.2719 0.3696 4.5572, -1.471 0.1817 4.6527, -1.3253 0.143 4.5666, -1.3278 -0.1327 4.577, -1.3358 -0.0073 4.5723, -1.3354 0.0017 4.5719, -1.3295 0.1177 4.5676, -1.3266 -0.1395 4.5773, -1.2665 -0.3843 4.5875, -1.2979 -0.2819 4.5831, -1.3049 -0.2592 4.5821, -1.2499 -0.4217 4.5892, -1.213 -0.505 4.593, -1.1832 -0.555 4.5954, -1.1452 -0.6188 4.5986, -1.0994 -0.6782 4.6017, -1.0646 -0.7232 4.6041, -0.8908 -0.8823 4.6135, -0.654 -1.0172 4.6238, -0.7676 -0.9627 4.6191, -0.7726 -0.9596 4.6188, -0.8734 -0.8962 4.6144, -0.6443 -1.0205 4.6243, -0.4041 -1.0868 4.6344, -0.5056 -1.0648 4.6301, -0.5321 -1.0591 4.629, -0.3599 -1.0909 4.6362, -0.2725 -1.099 4.6399, -0.2109 -1.0974 4.6425, -0.1401 -1.0954 4.6455, -0.0626 -1.0839 4.6487, -0.0097 -1.0761 4.651, 0.1673 -1.1829 4.7432, 0.2166 -1.0011 4.6605, 0.447 -0.8616 4.6707, 0.3437 -0.9343 4.6659, 0.3413 -0.9356 4.6658, 0.2342 -0.994 4.6612, 0.4571 -0.8526 4.6712, 0.6301 -0.6773 4.6813, 0.5636 -0.7527 4.6771, 0.5433 -0.7756 4.6759, 0.6573 -0.6379 4.6833, 0.7052 -0.5683 4.6868, 0.7354 -0.5108 4.6896, 0.7667 -0.4511 4.6924, 0.7956 -0.3748 4.6958, 0.8134 -0.328 4.6979, 0.8369 -0.2336 4.7018, 0.8447 -0.2019 4.7031, 0.8589 -0.0912 4.7075, 0.8608 -0.0756 4.7081, 0.8624 0.0489 4.7127, 0.8214 0.3013 4.7228, 0.8458 0.1915 4.7182, 0.8494 0.175 4.7176, 0.8101 0.3334 4.7242, 0.7779 0.4252 4.7282, 0.7553 0.4713 4.7303, 0.7195 0.544 4.7337, 0.6821 0.6013 4.7366, 0.6472 0.6549 4.7393, 0.5926 0.72 4.7428, 0.5627 0.7556 4.7448, 0.4895 0.8244 4.7488, 0.2583 0.9822 4.7595, 0.3662 0.92 4.7549, 0.3761 0.9126 4.7544, 0.4682 0.8444 4.75, 0.2549 0.9837 4.7596, 0.0175 1.07 4.7696, 0.1223 1.0385 4.7652, 0.1417 1.0327 4.7644, -0.0194 1.0764 4.7712, -0.112 1.0926 4.7751, -0.1667 1.0955 4.7774, -0.2442 1.0996 4.7807, -0.3159 1.0948 4.7837, -0.3763 1.0907 4.7862, -0.5522 1.2088 4.8788, -0.604 1.035 4.7958, -0.8513 0.9116 4.8063, -0.7442 0.9753 4.8017, -0.7358 0.979 4.8014, -0.6287 1.0272 4.7968, -0.8567 0.9074 4.8066, -1.0459 0.744 4.8165, -0.9695 0.8179 4.8122, -0.9525 0.8343 4.8113, -1.0717 0.7124 4.8182, -1.129 0.6419 4.822, -1.1601 0.5928 4.8245, -1.1997 0.5299 4.8276, -1.2319 0.462 4.8307, -1.2564 0.4104 4.8331, -1.3196 0.1817 4.8428, -1.3321 -0.0909 4.8532, -1.3353 0.0338 4.8485, -1.3348 0.0397 4.8483, -1.3242 0.1596 4.8437, -1.3307 -0.1009 4.8536, -1.2809 -0.3432 4.8634, -1.3073 -0.2434 4.8592, -1.3142 -0.2173 4.8581, -1.2646 -0.3843 4.8653, -1.2324 -0.4657 4.8689, -1.203 -0.5198 4.8715, -1.1692 -0.5821 4.8745, -1.1237 -0.6461 4.8778, -1.0926 -0.6898 4.88, -1.0289 -0.7599 4.8839, -1.0045 -0.7867 4.8854, -0.9217 -0.8586 4.8898, -0.9072 -0.8712 4.8906, -0.6927 -1.0004 4.9, -0.8032 -0.9422 4.8953, -0.8055 -0.9407 4.8952, -0.6801 -1.0053 4.9005, -0.4471 -1.0792 4.9103, -0.5439 -1.0543 4.9063, -0.5733 -1.0467 4.905, -0.3998 -1.0856 4.9123, -0.3163 -1.0967 4.9158, -0.2513 -1.0975 4.9186, -0.1839 -1.0984 4.9214, -0.1024 -1.0896 4.9248, -0.0525 -1.0842 4.9269, 0.0429 -1.0621 4.931, 0.0749 -1.0547 4.9323, 0.1809 -1.0166 4.9368, 0.1959 -1.0112 4.9374, 0.3083 -0.9554 4.9421, 0.5124 -0.8055 4.9519, 0.4263 -0.8766 4.9475, 0.4134 -0.8872 4.9468, 0.5357 -0.7811 4.9533, 0.6026 -0.7111 4.9572, 0.6332 -0.6702 4.9594, 0.6817 -0.6055 4.9628, 0.7159 -0.5462 4.9656, 0.7479 -0.4907 4.9683, 0.7813 -0.4123 4.9719, 0.7996 -0.3693 4.9739, 0.8278 -0.2722 4.978, 0.8634 0.0077 4.9889, 0.8572 -0.1174 4.9842, 0.8551 -0.1297 4.9838, 0.8361 -0.2439 4.9792, 0.8632 0.0113 4.9891, 0.8324 0.2596 4.9988, 0.8518 0.1528 4.9945, 0.8554 0.133 4.9937, 0.8215 0.2951 5.0003, 0.794 0.3846 5.0041, 0.7719 0.4345 5.0064, 0.7404 0.5054 5.0097, 0.7036 0.5671 5.0127, 0.6726 0.6191 5.0153, 0.6329 0.8689 5.0984, 0.5188 0.7978 5.025, 0.5005 0.8164 5.0261, 0.4079 0.8907 5.0307, 0.4007 0.8965 5.0311, 0.1813 1.0173 5.0405, 0.2887 0.9659 5.036, 0.2949 0.9629 5.0357, 0.1591 1.0249 5.0415, -0.1979 1.1708 5.0984, -0.1639 1.1722 5.0984, -0.1265 1.0922 5.0535, -0.0687 1.0868 5.0511, 0.0197 1.0677 5.0473, 0.0594 1.0592 5.0457, -0.8249 0.9288 5.0482, -0.8055 -0.9408 4.8605, -1.3351 0.0398 4.8136, 0.255 0.9839 4.7249, -0.7697 0.9616 4.4903, 0.3444 0.9339 4.4434, -0.0744 -1.0877 3.5236, -0.0502 -1.0832 3.5236, 0.3511 -0.9293 3.5236, 0.8405 -0.2234 3.5236, 0.8408 -0.2221 3.5236, 0.8408 -0.2221 3.5565, -1.3356 0.0249 5.0984, -1.3329 0.078 5.0984, -1.3331 0.078 5.0899, -1.1393 0.6275 5.0658, -1.1388 0.6271 5.0984, -1.216 0.4992 5.0721, -1.2156 0.499 5.0984, -1.1871 0.5524 5.0984, -1.1545 0.6049 5.0984, -1.2654 0.3874 5.0984, -1.2551 0.4135 5.0984, -1.2744 0.3623 5.0783, -1.2236 0.4841 5.0984, -1.3097 0.2384 5.0984, -1.2902 0.3134 5.0984, -1.2739 0.3621 5.0984, -1.3325 0.0859 5.0984, -1.3238 0.1626 5.0984, -1.3135 0.2206 5.0843, -1.313 0.2205 5.0984, -1.3258 -0.1479 5.0984, -1.3282 -0.1296 5.0984, -1.3341 -0.0626 5.0951, -1.3338 -0.0626 5.0984, -1.3346 -0.0526 5.0984, -1.2988 -0.2735 5.0689, -1.3106 -0.2342 5.0984, -1.3166 -0.205 5.066, -1.3159 -0.2049 5.0984, -1.3243 -0.1417 5.0635, -1.2233 -0.4847 5.0781, -1.2229 -0.4845 5.0984, -1.2378 -0.4538 5.0984, -1.2566 -0.4034 5.0745, -1.2672 -0.3825 5.0984, -1.2796 -0.3471 5.0719, -1.279 -0.3469 5.0984, -1.2915 -0.3093 5.0984, -1.2111 -0.5088 5.0984, -1.1981 -0.5282 5.0803, -1.1728 -0.5761 5.0984, -1.1479 -0.6137 5.0984, -1.1484 -0.6141 5.0844, -1.13 -0.6405 5.0984, -1.1244 -0.645 5.0861, -1.1134 -0.6631 5.0984, -1.0644 -0.7234 5.0984, -1.0572 -0.7315 5.0906, -1.057 -0.7313 5.0984, -1.0373 -0.7511 5.0918, -1.0115 -0.7798 5.0984, -0.9525 -0.8343 5.0966, -0.9549 -0.8323 5.0984, -0.9525 -0.8343 5.0984, -0.9397 -0.8449 5.0972, -0.9165 -0.8639 5.0984, 0.8493 -0.1756 3.5236, 0.8519 -0.1533 3.5245, 0.8606 -0.0795 3.5621, 0.8015 -0.3638 3.5505, 0.8013 -0.3637 3.5236, 0.8222 -0.2984 3.5236, 0.7423 -0.5003 3.5236, 0.7581 -0.4697 3.5236, 0.7429 -0.5006 3.5443, 0.7697 -0.4442 3.5236, 0.7986 -0.3721 3.5236, 0.6474 -0.6546 3.5236, 0.6656 -0.6285 3.5236, 0.666 -0.6287 3.538, 0.6824 -0.6045 3.5236, 0.7226 -0.5384 3.5236, 0.5993 -0.715 3.5236, 0.573 -0.7446 3.5318, 0.5725 -0.7441 3.5236, 0.4669 -0.8455 3.5259, 0.4908 -0.825 3.5236, 0.5471 -0.7718 3.5236, 0.4217 -0.881 3.5236, 0.4305 -0.8745 3.5236, 0.4665 -0.845 3.5236, 0.408 -0.8912 3.5236, 0.093 -1.0488 3.5236, 0.1505 -1.0294 3.5236, 0.2217 -0.9998 3.5236, 0.2276 -0.9968 3.5236, 0.2765 -0.9728 3.5236, 0.3437 -0.9343 3.5236, 0.0024 -1.0735 3.5236, 0.0773 -1.054 3.5236, -0.1022 -1.0914 3.5236, -0.1792 -1.0982 3.5236, -0.1984 -1.0985 3.5236, -0.2566 -1.0995 3.5236, -0.3184 -1.0966 3.5236, -0.3476 -1.0933 3.5236, 0.8617 0.0612 3.5673, 0.8077 0.3456 3.5788, 0.8444 0.2036 3.5729, 0.7515 0.4833 3.585, 0.6769 0.6128 3.5913, 0.5858 0.7304 3.5975, 0.4813 0.8333 3.6035, 0.3667 0.9197 3.609, 0.2444 0.9891 3.6143, 0.1111 1.0434 3.6199, -0.0312 1.0804 3.6259, -0.179 1.0982 3.6321, -0.3284 1.0958 3.6384, -0.4753 1.0733 3.6446, -0.6157 1.0321 3.6505, -0.7465 0.9741 3.656, -0.8667 0.9009 3.6612, -1.081 0.704 3.6729, -0.9793 0.8106 3.6669, -1.1684 0.5833 3.6791, -1.2389 0.4515 3.6854, -1.2905 0.3125 3.6916, -1.3226 0.17 3.6975, -1.3355 0.028 3.7029, -1.33 -0.1129 3.7082, -1.3057 -0.2556 3.7139, -1.2619 -0.3965 3.72, -1.1988 -0.5317 3.7262, -1.1179 -0.6572 3.7325, -1.0215 -0.7697 3.7386, -0.7955 -0.9468 3.7498, -0.9129 -0.8668 3.7444, -0.6694 -1.0107 3.7551, -0.3877 -1.0892 3.767, -0.5325 -1.059 3.7609, -0.2389 -1.0996 3.7733, -0.0899 -1.0899 3.7795, 0.055 -1.0604 3.7856, 0.1923 -1.0127 3.7914, 0.3188 -0.9493 3.7967, 0.5454 -0.7735 3.8079, 0.4364 -0.87 3.8021, 0.6423 -0.6614 3.8141, 0.7238 -0.5363 3.8203, 0.7875 -0.4015 3.8266, 0.8571 -0.118 3.8384, 0.8321 -0.2607 3.8327, 0.851 0.1649 3.8491, 0.8632 0.023 3.8437, 0.8196 0.3074 3.855, 0.7686 0.4467 3.8611, 0.6988 0.5787 3.8674, 0.612 0.6999 3.8736, 0.5108 0.807 3.8797, 0.2785 0.9717 3.8906, 0.1482 1.0303 3.8961, 0.3985 0.898 3.8854, 0.008 1.0722 3.902, -0.1387 1.0953 3.9082, -0.288 1.0984 3.9145, -0.5785 1.045 3.9267, -0.436 1.0813 3.9207, -0.7122 0.9913 3.9323, -0.8348 0.9224 3.9375, -0.9497 0.8367 3.9431, -1.0547 0.7343 3.949, -1.1463 0.6172 3.9552, -1.2216 0.4881 3.9615, -1.2785 0.3506 3.9677, -1.3159 0.2087 3.9737, -1.3339 0.0662 3.9793, -1.3333 -0.0744 3.9845, -1.3142 -0.217 3.9901, -1.2757 -0.3588 3.9961, -1.2177 -0.4959 4.0023, -1.1414 -0.6243 4.0086, -1.049 -0.7407 4.0148, -0.9433 -0.8421 4.0207, -0.828 -0.9269 4.0262, -0.5705 -1.0476 4.0371, -0.7047 -0.9948 4.0314, -0.4275 -1.0829 4.0431, -0.2794 -1.0988 4.0493, -0.13 -1.0945 4.0556, 0.0164 -1.0702 4.0618, 0.1561 -1.0273 4.0677, 0.2857 -0.9679 4.0731, 0.517 -0.8012 4.0841, 0.4053 -0.8932 4.0784, 0.6174 -0.6932 4.0901, 0.7034 -0.5713 4.0964, 0.7721 -0.4388 4.1027, 0.822 -0.2992 4.1088, 0.8522 -0.1566 4.1147, 0.8633 -0.0149 4.1201, 0.8301 0.2689 4.1311, 0.8562 0.1262 4.1254, 0.7844 0.4095 4.1372, 0.7195 0.5439 4.1435, 0.637 0.6683 4.1497, 0.5394 0.7795 4.1558, 0.4298 0.875 4.1616, 0.3118 0.9534 4.167, 0.1846 1.016 4.1723, 0.0468 1.0626 4.1781, -0.0985 1.091 4.1842, -0.2476 1.0996 4.1905, -0.3963 1.0879 4.1968, -0.5407 1.0567 4.2029, -0.677 1.0074 4.2086, -0.8025 0.9426 4.2139, -0.9195 0.8616 4.2193, -1.0275 0.7636 4.2252, -1.123 0.6502 4.2313, -1.2029 0.5241 4.2376, -1.2649 0.3885 4.2438, -1.3309 0.1046 4.2556, -1.3353 -0.0362 4.2608, -1.3077 0.2473 4.2499, -1.3213 -0.1783 4.2663, -1.2881 -0.3207 4.2722, -1.2353 -0.4594 4.2784, -1.1638 -0.5906 4.2846, -1.0754 -0.7106 4.2909, -0.973 -0.8163 4.2969, -0.8599 -0.9056 4.3025, -0.7392 -0.9779 4.3078, -0.6078 -1.0349 4.3133, -0.4669 -1.0752 4.3192, -0.3198 -1.0965 4.3254, -0.1704 -1.0977 4.3317, -0.0228 -1.0787 4.3379, 0.1191 -1.0407 4.3439, 0.2518 -0.9855 4.3495, 0.3735 -0.9151 4.3547, 0.4877 -0.8278 4.3603, 0.5915 -0.7239 4.3663, 0.6817 -0.6055 4.3725, 0.7553 -0.4755 4.3788, 0.8104 -0.3374 4.385, 0.846 -0.1953 4.3909, 0.8622 -0.053 4.3964, 0.8599 0.0877 4.4017, 0.8391 0.2303 4.4073, 0.7987 0.3719 4.4133, 0.7389 0.5083 4.4195, 0.661 0.6358 4.4258, 0.4605 0.8508 4.4379, 0.5672 0.7509 4.432, 0.2202 1.0005 4.4486, 0.085 1.0517 4.4543, -0.0586 1.0852 4.4603, -0.207 1.0993 4.4666, -0.5022 1.067 4.479, -0.3563 1.0931 4.4729, -0.6411 1.0224 4.4849, -0.9993 0.7918 4.5013, -0.8885 0.8853 4.4956, -1.0986 0.6823 4.5074, -1.183 0.5593 4.5137, -1.298 0.2859 4.5261, -1.25 0.4259 4.5199, -1.3265 0.1432 4.5319, -1.3358 0.0018 4.5372, -1.327 -0.1396 4.5425, -1.299 -0.2823 4.5483, -1.2515 -0.4224 4.5544, -1.1849 -0.556 4.5607, -1.1009 -0.6794 4.567, -1.002 -0.7892 4.5731, -0.8914 -0.8831 4.5788, -0.7728 -0.9598 4.5841, -0.6445 -1.021 4.5895, -0.5058 -1.0661 4.5954, -0.36 -1.0927 4.6015, -0.2108 -1.0994 4.6078, -0.0623 -1.0858 4.614, 0.0815 -1.0528 4.6201, 0.3413 -0.9358 4.631, 0.2169 -1.002 4.6258, 0.4576 -0.8531 4.6365, 0.5646 -0.7536 4.6424, 0.6588 -0.6389 4.6486, 0.7974 -0.3754 4.6611, 0.7371 -0.5117 4.6548, 0.8383 -0.234 4.6671, 0.8623 0.0494 4.678, 0.8597 -0.0913 4.6727, 0.8466 0.1917 4.6835, 0.8115 0.3339 4.6894, 0.7569 0.4721 4.6956, 0.6838 0.6024 4.7019, 0.594 0.7211 4.7081, 0.4904 0.8254 4.7141, 0.3765 0.9131 4.7197, 0.1226 1.0395 4.7305, -0.0191 1.078 4.7365, -0.1666 1.0974 4.7427, -0.4632 1.076 4.7552, -0.316 1.0967 4.749, -0.6044 1.0362 4.7611, -0.736 0.9795 4.7666, -0.9703 0.8187 4.7775, -0.857 0.9077 4.7719, -1.073 0.7134 4.7835, -1.1617 0.5938 4.7897, -1.2337 0.4629 4.796, -1.3207 0.1819 4.8081, -1.287 0.3242 4.8022, -1.3085 -0.2437 4.8245, -1.3312 -0.101 4.8188, -1.2663 -0.3849 4.8305, -1.2047 -0.5207 4.8368, -1.0301 -0.7609 4.8492, -1.1252 -0.6472 4.8431, -0.9223 -0.8593 4.8551, -0.5442 -1.0556 4.8715, -0.6804 -1.006 4.8658, -0.4 -1.0874 4.8776, -0.2513 -1.0995 4.8839, -0.1022 -1.0915 4.8901, 0.0432 -1.0636 4.8963, 0.1812 -1.0173 4.9021, 0.3087 -0.9551 4.9074, 0.4269 -0.8772 4.9128, 0.5368 -0.7822 4.9185, 0.6347 -0.6713 4.9246, 0.7176 -0.5472 4.9309, 0.7829 -0.413 4.9372, 0.8291 -0.2726 4.9433, 0.8634 0.0113 4.9544, 0.8558 -0.1298 4.949, 0.8528 0.153 4.9597, 0.823 0.2956 4.9656, 0.7736 0.4353 4.9717, 0.6198 0.6903 4.9842, 0.7053 0.5681 4.978, 0.5197 0.7987 4.9903, 0.4082 0.8911 4.996, 0.2889 0.9662 5.0013, 0.1595 1.026 5.0067, 0.02 1.0694 5.0126, -0.1263 1.0941 5.0188, -0.4238 1.0835 5.0313, -0.2756 1.0989 5.025, -0.567 1.0487 5.0373, -0.7015 0.9964 5.043, -0.9405 0.8445 5.0537, -1.0464 0.7435 5.0596, 0.8617 0.0612 3.5326, 0.8611 -0.022 3.5295, 0.8606 -0.0795 3.5274, 0.856 0.1082 3.5344, 0.8077 0.3456 3.5441, 0.835 0.2401 3.5397, 0.8444 0.2036 3.5381, 0.7974 0.371 3.5452, 0.7515 0.4833 3.5503, 0.7432 0.4977 3.551, 0.6769 0.6128 3.5566, 0.6735 0.6172 3.5568, 0.5892 0.7261 3.5626, 0.5858 0.7304 3.5628, 0.4927 0.8221 3.5681, 0.4813 0.8333 3.5688, 0.3876 0.9039 3.5733, 0.3667 0.9197 3.5743, 0.2761 0.9711 3.5782, 0.2444 0.9891 3.5795, 0.1557 1.0252 3.5833, 0.1111 1.0434 3.5851, 0.0269 1.0653 3.5887, -0.0312 1.0804 3.5911, -0.1079 1.0896 3.5944, -0.3284 1.0958 3.6037, -0.2457 1.0971 3.6002, -0.179 1.0982 3.5974, -0.3832 1.0874 3.606, -0.6157 1.0321 3.6157, -0.5174 1.061 3.6116, -0.4753 1.0733 3.6098, -0.6453 1.0189 3.617, -0.8667 0.9009 3.6265, -0.7645 0.9631 3.622, -0.7465 0.9741 3.6213, -0.8752 0.8941 3.6269, -0.9793 0.8106 3.6322, -1.0737 0.7116 3.6377, -1.081 0.704 3.6382, -1.1557 0.6009 3.6435, -1.1684 0.5833 3.6444, -1.2234 0.4804 3.6493, -1.2389 0.4515 3.6507, -1.2754 0.3531 3.6551, -1.2905 0.3125 3.6569, -1.3109 0.222 3.6606, -1.3226 0.17 3.6627, -1.3299 0.0902 3.6658, -1.3355 0.028 3.6682, -1.3329 -0.0398 3.6707, -1.3057 -0.2556 3.6792, -1.3201 -0.1711 3.6758, -1.33 -0.1129 3.6735, -1.291 -0.3028 3.6812, -1.1988 -0.5317 3.6915, -1.2453 -0.432 3.6869, -1.2619 -0.3965 3.6852, -1.1835 -0.5554 3.6927, -1.1179 -0.6572 3.6978, -1.1067 -0.6702 3.6985, -1.0215 -0.7697 3.7039, -1.017 -0.7738 3.7041, -0.9164 -0.8637 3.7095, -0.9129 -0.8668 3.7097, -0.8078 -0.9384 3.7145, -0.7955 -0.9468 3.7151, -0.6924 -0.999 3.7194, -0.6694 -1.0107 3.7204, -0.5676 -1.0466 3.7247, -0.5325 -1.059 3.7262, -0.4355 -1.0792 3.7303, -0.3877 -1.0892 3.7323, -0.2988 -1.0954 3.736, -0.2389 -1.0996 3.7385, -0.1608 -1.0945 3.7418, 0.055 -1.0604 3.7509, -0.0245 -1.0766 3.7476, -0.0899 -1.0899 3.7448, 0.107 -1.0424 3.7531, 0.3188 -0.9493 3.762, 0.2309 -0.9934 3.7583, 0.1923 -1.0127 3.7567, 0.3453 -0.9314 3.7632, 0.5454 -0.7735 3.7732, 0.453 -0.8552 3.7683, 0.4364 -0.87 3.7674, 0.5531 -0.7646 3.7737, 0.6423 -0.6614 3.7793, 0.7183 -0.5448 3.7852, 0.7238 -0.5363 3.7856, 0.7785 -0.4205 3.791, 0.7875 -0.4015 3.7919, 0.8226 -0.2908 3.7966, 0.8321 -0.2607 3.7979, 0.8499 -0.1589 3.802, 0.8571 -0.118 3.8037, 0.861 -0.0278 3.807, 0.8632 0.023 3.8089, 0.8564 0.1023 3.812, 0.8196 0.3074 3.8202, 0.8358 0.2342 3.8172, 0.851 0.1649 3.8144, 0.7985 0.365 3.8228, 0.6988 0.5787 3.8327, 0.7449 0.4916 3.8285, 0.7686 0.4467 3.8264, 0.6756 0.6111 3.8343, 0.5108 0.807 3.845, 0.5923 0.7207 3.8401, 0.612 0.6999 3.8389, 0.4973 0.818 3.8456, 0.282 0.9696 3.8557, 0.393 0.9013 3.8509, 0.3985 0.898 3.8506, 0.2785 0.9717 3.8559, 0.1617 1.0242 3.8608, 0.1482 1.0303 3.8614, 0.033 1.0647 3.8662, 0.008 1.0722 3.8673, -0.1018 1.0895 3.8719, -0.1387 1.0953 3.8734, -0.2396 1.0974 3.8777, -0.288 1.0984 3.8797, -0.3772 1.0881 3.8835, -0.436 1.0813 3.886, -0.5115 1.0621 3.8891, -0.7122 0.9913 3.8976, -0.6396 1.0205 3.8945, -0.5785 1.045 3.892, -0.759 0.965 3.8996, -0.9497 0.8367 3.9084, -0.8696 0.8965 3.9045, -0.8348 0.9224 3.9028, -0.9739 0.8132 3.9097, -1.1463 0.6172 3.9205, -1.0691 0.7159 3.9153, -1.0547 0.7343 3.9143, -1.1526 0.6064 3.921, -1.2216 0.4881 3.9268, -1.2748 0.3594 3.9326, -1.2785 0.3506 3.933, -1.3108 0.2281 3.9381, -1.3159 0.2087 3.939, -1.3301 0.096 3.9434, -1.3339 0.0662 3.9445, -1.3335 -0.0341 3.9483, -1.3333 -0.0744 3.9498, -1.3212 -0.1653 3.9533, -1.3142 -0.217 3.9554, -1.2925 -0.297 3.9587, -1.2177 -0.4959 3.9676, -1.2472 -0.4261 3.9644, -1.2757 -0.3588 3.9613, -1.1858 -0.5496 3.9702, -1.049 -0.7407 3.98, -1.1095 -0.6646 3.976, -1.1414 -0.6243 3.9738, -1.0202 -0.7683 3.9817, -0.828 -0.9269 3.9915, -0.9204 -0.859 3.9871, -0.9433 -0.8421 3.986, -0.8128 -0.9352 3.9921, -0.5739 -1.0463 4.0022, -0.6983 -0.9974 3.997, -0.7047 -0.9948 3.9967, -0.5705 -1.0476 4.0024, -0.4417 -1.0794 4.0078, -0.4275 -1.0829 4.0084, -0.305 -1.096 4.0135, -0.2794 -1.0988 4.0146, -0.1668 -1.0956 4.0194, -0.13 -1.0945 4.0209, -0.0304 -1.078 4.0251, 0.0164 -1.0702 4.0271, 0.1013 -1.0441 4.0306, 0.1561 -1.0273 4.033, 0.2254 -0.9955 4.0359, 0.2857 -0.9679 4.0384, 0.3401 -0.9339 4.0408, 0.517 -0.8012 4.0494, 0.4478 -0.8582 4.0458, 0.4053 -0.8932 4.0437, 0.5479 -0.768 4.0512, 0.7034 -0.5713 4.0617, 0.6376 -0.6646 4.0569, 0.6174 -0.6932 4.0554, 0.7145 -0.5499 4.0627, 0.822 -0.2992 4.0741, 0.7765 -0.4264 4.0685, 0.7721 -0.4388 4.068, 0.8224 -0.2972 4.0742, 0.8504 -0.165 4.0796, 0.8522 -0.1566 4.0799, 0.8619 -0.0336 4.0846, 0.8633 -0.0149 4.0853, 0.8577 0.0966 4.0895, 0.8562 0.1262 4.0906, 0.8375 0.2284 4.0948, 0.8301 0.2689 4.0964, 0.8007 0.3593 4.1003, 0.7844 0.4095 4.1025, 0.7474 0.4861 4.106, 0.637 0.6683 4.115, 0.6785 0.6057 4.1119, 0.7195 0.5439 4.1087, 0.5956 0.7155 4.1176, 0.4298 0.875 4.1269, 0.5009 0.813 4.1232, 0.5394 0.7795 4.1211, 0.3971 0.8968 4.1284, 0.1846 1.016 4.1376, 0.2866 0.9658 4.1333, 0.3118 0.9534 4.1323, 0.1673 1.0218 4.1383, -0.0954 1.0904 4.1494, 0.0392 1.0641 4.1437, 0.0468 1.0626 4.1434, -0.0985 1.091 4.1495, -0.2334 1.0988 4.1552, -0.2476 1.0996 4.1558, -0.3712 1.0899 4.161, -0.3963 1.0879 4.1621, -0.5058 1.0642 4.1667, -0.5407 1.0567 4.1681, -0.6342 1.0229 4.1721, -0.677 1.0074 4.1739, -0.7539 0.9677 4.1771, -0.8025 0.9426 4.1792, -0.8647 0.8996 4.1821, -0.9195 0.8616 4.1846, -0.969 0.8167 4.1873, -1.123 0.6502 4.1966, -1.0643 0.7199 4.1928, -1.0275 0.7636 4.1904, -1.148 0.6107 4.1985, -1.2649 0.3885 4.2091, -1.2178 0.4915 4.2044, -1.2029 0.5241 4.2029, -1.2721 0.365 4.2101, -1.3309 0.1046 4.2208, -1.3098 0.2341 4.2157, -1.3077 0.2473 4.2152, -1.3309 0.1021 4.2209, -1.335 -0.0283 4.2258, -1.3353 -0.0362 4.2261, -1.3231 -0.1596 4.2309, -1.3213 -0.1783 4.2316, -1.2949 -0.2914 4.2363, -1.2881 -0.3207 4.2375, -1.25 -0.4207 4.2419, -1.2353 -0.4594 4.2436, -1.1889 -0.5444 4.2477, -1.1638 -0.5906 4.2499, -1.113 -0.6596 4.2535, -0.973 -0.8163 4.2622, -1.024 -0.7637 4.2592, -1.0754 -0.7106 4.2562, -0.9245 -0.8546 4.2646, -0.7392 -0.9779 4.273, -0.8172 -0.9312 4.2697, -0.8599 -0.9056 4.2678, -0.703 -0.9936 4.2746, -0.4669 -1.0752 4.2845, -0.5793 -1.0431 4.2798, -0.6078 -1.0349 4.2786, -0.4478 -1.0779 4.2853, -0.1729 -1.0977 4.2969, -0.3113 -1.0965 4.2911, -0.3198 -1.0965 4.2907, -0.1704 -1.0977 4.297, -0.0361 -1.0805 4.3026, -0.0228 -1.0787 4.3032, 0.0959 -1.0469 4.3082, 0.1191 -1.0407 4.3092, 0.2204 -0.9985 4.3134, 0.2518 -0.9855 4.3148, 0.3353 -0.9372 4.3183, 0.3735 -0.9151 4.32, 0.4432 -0.8618 4.3234, 0.4877 -0.8278 4.3256, 0.5434 -0.772 4.3288, 0.5915 -0.7239 4.3315, 0.6334 -0.669 4.3344, 0.7553 -0.4755 4.344, 0.7105 -0.5547 4.3402, 0.6817 -0.6055 4.3378, 0.7728 -0.4316 4.346, 0.846 -0.1953 4.3562, 0.8191 -0.3026 4.3517, 0.8104 -0.3374 4.3502, 0.8487 -0.1709 4.3571, 0.8599 0.0877 4.3669, 0.862 -0.0395 4.3622, 0.8622 -0.053 4.3617, 0.8595 0.0908 4.3671, 0.8402 0.2228 4.3723, 0.8391 0.2303 4.3726, 0.8038 0.3539 4.3778, 0.7987 0.3719 4.3786, 0.7509 0.481 4.3836, 0.7389 0.5083 4.3848, 0.6823 0.6009 4.3894, 0.661 0.6358 4.3911, 0.5997 0.711 4.3951, 0.5672 0.7509 4.3973, 0.5052 0.8089 4.4007, 0.3444 0.9339 4.4086, 0.4015 0.893 4.4059, 0.4605 0.8508 4.4032, 0.2913 0.9623 4.4109, 0.085 1.0517 4.4196, 0.1724 1.0186 4.4159, 0.2202 1.0005 4.4139, 0.0447 1.0611 4.4213, -0.207 1.0993 4.4319, -0.0894 1.0881 4.4269, -0.0586 1.0852 4.4256, -0.2271 1.0984 4.4327, -0.5003 1.0673 4.4442, -0.3651 1.0915 4.4385, -0.3563 1.0931 4.4382, -0.5022 1.067 4.4443, -0.6291 1.0262 4.4496, -0.6411 1.0224 4.4501, -0.7492 0.9712 4.4547, -0.7697 0.9616 4.4556, -0.8603 0.9034 4.4596, -0.8885 0.8853 4.4609, -0.9648 0.8209 4.4648, -0.9993 0.7918 4.4666, -1.0604 0.7244 4.4703, -1.0986 0.6823 4.4727, -1.1443 0.6156 4.4761, -1.183 0.5593 4.4789, -1.2145 0.4967 4.4819, -1.298 0.2859 4.4913, -1.2691 0.3704 4.4876, -1.25 0.4259 4.4852, -1.3072 0.2397 4.4932, -1.3358 0.0018 4.5025, -1.3288 0.1079 4.4985, -1.3265 0.1432 4.4971, -1.3343 -0.0224 4.5034, -1.327 -0.1396 4.5078, -1.3242 -0.1536 4.5084, -1.299 -0.2823 4.5136, -1.2978 -0.2858 4.5138, -1.2538 -0.4156 4.5194, -1.2515 -0.4224 4.5197, -1.1931 -0.5397 4.5252, -1.1849 -0.556 4.526, -1.1173 -0.6552 4.531, -1.1009 -0.6794 4.5323, -1.0286 -0.7597 4.5367, -1.002 -0.7892 4.5383, -0.9292 -0.851 4.5421, -0.8914 -0.8831 4.5441, -0.822 -0.928 4.5472, -0.7728 -0.9598 4.5494, -0.7081 -0.9907 4.5521, -0.5058 -1.0661 4.5606, -0.5847 -1.0405 4.5573, -0.6445 -1.021 4.5548, -0.4536 -1.0756 4.5628, -0.2108 -1.0994 4.5731, -0.3174 -1.0946 4.5686, -0.36 -1.0927 4.5668, -0.1793 -1.0965 4.5744, 0.0815 -1.0528 4.5854, -0.0423 -1.0812 4.5802, -0.0623 -1.0858 4.5793, 0.0903 -1.0495 4.5857, 0.2169 -1.002 4.5911, 0.331 -0.9413 4.5959, 0.3413 -0.9358 4.5963, 0.4391 -0.8663 4.6009, 0.4576 -0.8531 4.6018, 0.5397 -0.7768 4.6063, 0.5646 -0.7536 4.6077, 0.63 -0.674 4.6119, 0.6588 -0.6389 4.6138, 0.7074 -0.5599 4.6177, 0.7371 -0.5117 4.6201, 0.7701 -0.437 4.6235, 0.8383 -0.234 4.6324, 0.8168 -0.3082 4.6292, 0.7974 -0.3754 4.6264, 0.8469 -0.1766 4.6346, 0.8623 0.0494 4.6433, 0.8605 -0.0453 4.6397, 0.8597 -0.0913 4.638, 0.8584 0.0847 4.6446, 0.8115 0.3339 4.6547, 0.8405 0.2166 4.6498, 0.8466 0.1917 4.6488, 0.8059 0.3481 4.6553, 0.687 0.5966 4.6669, 0.7548 0.4759 4.6611, 0.7569 0.4721 4.6609, 0.6838 0.6024 4.6672, 0.6046 0.7071 4.6727, 0.594 0.7211 4.6734, 0.5102 0.8055 4.6782, 0.4904 0.8254 4.6794, 0.4066 0.89 4.6835, 0.3765 0.9131 4.685, 0.2964 0.9597 4.6884, 0.255 0.9839 4.6902, 0.1778 1.0163 4.6934, 0.1226 1.0395 4.6958, 0.0504 1.0591 4.6988, -0.1666 1.0974 4.7079, -0.0835 1.0865 4.7045, -0.0191 1.078 4.7017, -0.221 1.0972 4.7102, -0.4632 1.076 4.7204, -0.3588 1.0907 4.716, -0.316 1.0967 4.7142, -0.4939 1.0673 4.7217, -0.736 0.9795 4.7319, -0.6233 1.028 4.7272, -0.6044 1.0362 4.7264, -0.7443 0.9746 4.7323, -0.857 0.9077 4.7372, -0.9612 0.8259 4.7423, -0.9703 0.8187 4.7428, -1.0571 0.7297 4.7479, -1.073 0.7134 4.7488, -1.1415 0.6211 4.7536, -1.1617 0.5938 4.755, -1.212 0.5023 4.7594, -1.2337 0.4629 4.7613, -1.267 0.3761 4.7652, -1.287 0.3242 4.7675, -1.3056 0.2455 4.7707, -1.3351 0.0398 4.7789, -1.3276 0.1136 4.776, -1.3207 0.1819 4.7734, -1.3336 -0.0166 4.781, -1.3085 -0.2437 4.7898, -1.3238 -0.1476 4.786, -1.3312 -0.101 4.7841, -1.2978 -0.2795 4.7913, -1.2047 -0.5207 4.8021, -1.2552 -0.4094 4.797, -1.2663 -0.3849 4.7958, -1.1962 -0.5343 4.8027, -1.0339 -0.7563 4.8143, -1.1221 -0.651 4.8086, -1.1252 -0.6472 4.8084, -1.0301 -0.7609 4.8145, -0.9345 -0.8482 4.8197, -0.9223 -0.8593 4.8204, -0.8273 -0.9256 4.8248, -0.8055 -0.9408 4.8258, -0.7136 -0.9887 4.8297, -0.6804 -1.006 4.8311, -0.5904 -1.0388 4.8349, -0.5442 -1.0556 4.8368, -0.4595 -1.0743 4.8404, -0.4 -1.0874 4.8429, -0.3235 -1.0936 4.8461, -0.1022 -1.0915 4.8554, -0.1854 -1.096 4.8519, -0.2513 -1.0995 4.8491, -0.0486 -1.0812 4.8577, 0.1812 -1.0173 4.8673, 0.084 -1.0499 4.8633, 0.0432 -1.0636 4.8615, 0.2096 -1.0035 4.8685, 0.4269 -0.8772 4.878, 0.3257 -0.9439 4.8735, 0.3087 -0.9551 4.8727, 0.4347 -0.8705 4.8785, 0.5368 -0.7822 4.8838, 0.6273 -0.6798 4.8895, 0.6347 -0.6713 4.8899, 0.7052 -0.5658 4.8953, 0.7176 -0.5472 4.8962, 0.7684 -0.4429 4.9011, 0.7829 -0.413 4.9025, 0.8155 -0.3141 4.9068, 0.8291 -0.2726 4.9086, 0.8459 -0.1825 4.9122, 0.8558 -0.1298 4.9143, 0.86 -0.051 4.9173, 0.8528 0.153 4.925, 0.8583 0.0789 4.9222, 0.8634 0.0113 4.9196, 0.8407 0.2106 4.9274, 0.7736 0.4353 4.937, 0.8066 0.3419 4.9329, 0.823 0.2956 4.9308, 0.756 0.4696 4.9386, 0.6198 0.6903 4.9495, 0.6895 0.5907 4.9444, 0.7053 0.5681 4.9433, 0.6086 0.7024 4.9502, 0.4122 0.8877 4.9611, 0.5155 0.8021 4.9558, 0.5197 0.7987 4.9556, 0.4082 0.8911 4.9613, 0.302 0.9579 4.966, 0.2889 0.9662 4.9666, 0.1836 1.0148 4.971, 0.1595 1.026 4.972, 0.0563 1.0581 4.9763, 0.02 1.0694 4.9779, -0.0775 1.0859 4.982, -0.1263 1.0941 4.984, -0.2149 1.097 4.9878, -0.2756 1.0989 4.9903, -0.3527 1.0909 4.9936, -0.567 1.0487 5.0026, -0.4879 1.068 4.9993, -0.4238 1.0835 4.9966, -0.6173 1.0291 5.0047, -0.8249 0.9288 5.0135, -0.7385 0.9761 5.0098, -0.7015 0.9964 5.0082, -0.8505 0.9101 5.0147, -1.0464 0.7435 5.0249, -0.9562 0.8295 5.0199, -0.9405 0.8445 5.019, -1.0534 0.7347 5.0254, -1.1393 0.6275 5.0311, -1.2105 0.5084 5.0369, -1.216 0.4992 5.0374, -1.266 0.3822 5.0427, -1.2744 0.3623 5.0436, -1.305 0.2515 5.0483, -1.3135 0.2206 5.0496, -1.3274 0.1195 5.0536, -1.3331 0.078 5.0552, -1.3245 -0.1574 5.0984, -1.3341 -0.0626 5.0604, -1.3337 -0.0109 5.0585, -0.3726 -1.2404 4.2024, -0.3216 -1.2471 4.2042, -0.3165 -1.1721 4.2476, -1.3739 -0.2929 5.0254, 0.9346 0.097 4.3236, 0.9142 0.2381 4.3289, -1.3188 -0.4563 3.921, 0.8536 -0.1535 3.5236, 0.6625 0.7406 3.5236, 0.6395 0.7705 3.5236, 0.3874 1.0129 3.5236, 0.3199 1.0568 3.5236, 0.3121 1.039 3.5348, 0.6097 -0.8634 5.0984, 0.6083 -0.8645 5.0984, 0.6373 -0.8941 5.0745, -0.1785 -1.1526 5.0984, -0.1893 -1.1521 5.0984, -0.1884 -1.1739 5.086, -0.3059 -1.1431 5.0984, -0.3334 -1.1385 5.0984, -0.3362 -1.1706 5.0802, -0.8569 -0.9139 5.0984, -0.8738 -0.9868 5.059, -0.9879 -0.9028 5.0538, -0.7269 -1.001 5.0984, -0.7939 -0.9595 5.0984, -0.8363 -0.9288 5.0984, -0.6046 -1.0615 5.0984, -0.61 -1.0594 5.0984, -0.6215 -1.1099 5.069, -0.6572 -1.0378 5.0984, -0.7527 -1.0552 5.0638, -0.3837 -1.1301 5.0984, -0.4604 -1.1119 5.0984, -0.4817 -1.1489 5.0745, -0.4729 -1.108 5.0984, -0.5358 -1.0883 5.0984, -0.2581 -1.1483 5.0984, -0.0993 -1.1514 5.0984, -0.0417 -1.1586 5.0918, -0.0437 -1.1467 5.0984, 0.1004 -1.1256 5.0974, 0.0571 -1.1328 5.0984, -0.0208 -1.1448 5.0984, 0.1263 -1.1175 5.0984, 0.126 -1.1176 5.0984, 0.0998 -1.1234 5.0984, 0.3976 -1.0774 5.0642, 0.3505 -1.0349 5.0984, 0.3343 -1.1097 5.0619, 0.2777 -1.0676 5.0984, 0.2651 -1.1451 5.0593, 0.5459 -0.9148 5.0984, 0.4906 -0.9535 5.0984, 0.5216 -0.9941 5.0692, 0.4785 -0.962 5.0984, 0.4902 -1.0152 5.0679, 0.4222 -0.9966 5.0984, 0.3673 -1.0259 5.0984, 0.6311 -0.8995 5.0742, 0.7523 -0.7634 5.0809, 0.7258 -0.7491 5.0984, 0.7416 -0.7787 5.0802, 0.7166 -0.7588 5.0984, 0.6696 -0.8082 5.0984, 0.8521 -0.6108 5.0876, 0.819 -0.6302 5.0984, 0.8315 -0.65 5.086, 0.8128 -0.6386 5.0984, 0.7699 -0.6965 5.0984, 0.9668 -0.3394 5.0984, 0.9574 -0.3637 5.0984, 0.9595 -0.3644 5.0975, 0.9371 -0.4161 5.0984, 0.9291 -0.4457 5.0943, 0.9025 -0.4899 5.0984, 0.9047 -0.5108 5.0918, 0.8938 -0.5058 5.0984, 0.8632 -0.5613 5.0984, -0.4375 1.2281 3.5236, -0.5241 1.2164 3.5236, -0.3936 1.1642 3.5626, -0.5373 1.1356 3.5682, -0.2746 1.2334 3.5236, -0.3562 1.2335 3.5236, -0.4026 1.2304 3.5236, -0.2463 1.1748 3.5568, -0.2469 1.2316 3.5236, -0.0988 1.1668 3.551, -0.0933 1.2134 3.5236, -0.1111 1.2169 3.5236, -0.1928 1.2279 3.5236, 0.0455 1.1406 3.5453, 0.0338 1.1833 3.5236, -0.0451 1.2039 3.5236, 0.187 1.1265 3.5236, 0.1112 1.1575 3.5236, 0.0543 1.1764 3.5236, 0.1834 1.0973 3.5398, 0.261 1.0902 3.5236, 0.1933 1.1234 3.5236, 0.5433 0.879 3.5247, 0.5111 0.9128 3.5236, 0.4311 0.9669 3.5299, 0.451 0.965 3.5236, 0.437 0.9755 3.5236, 0.6144 0.8031 3.5236, 0.5677 0.8563 3.5236, 0.5645 0.8595 3.5236, 0.544 0.8799 3.5236, 0.7062 0.6749 3.5236, 0.7208 0.6494 3.5236, 0.7454 0.6062 3.5236, 0.7801 0.5343 3.5236, 0.824 0.4176 3.5236, 0.7977 0.492 3.5236, 0.7862 0.5196 3.5236, 0.8611 0.2641 3.5236, 0.8452 0.3416 3.5236, 0.8334 0.384 3.5236, 0.8756 0.1348 3.5236, 0.8717 0.1852 3.5236, 0.8634 0.2466 3.5236, 0.8642 -0.0993 3.5236, 0.8734 -0.0224 3.5236, 0.8734 -0.0223 3.5236, 0.8772 0.0559 3.5236, 0.8761 0.1102 3.5236, -0.674 1.0902 3.5736, -0.8013 1.03 3.5786, -0.9193 0.9558 3.5835, -1.0304 0.8657 3.5888, -1.2196 0.6427 3.6001, -1.2926 0.5141 3.6059, -1.1314 0.7608 3.5943, -1.3486 0.378 3.6117, -1.3867 0.2377 3.6172, -1.4071 0.0965 3.6224, -1.4103 -0.0426 3.6273, -1.3967 -0.1832 3.6323, -1.3654 -0.3242 3.6378, -1.3162 -0.4624 3.6435, -1.2496 -0.5943 3.6493, -1.1671 -0.7167 3.6551, -1.0707 -0.827 3.6607, -0.8474 -1.0033 3.6712, -0.9631 -0.9229 3.6661, -0.7243 -1.0686 3.676, -0.4496 -1.1553 3.6868, -0.5909 -1.12 3.6813, -0.3033 -1.1729 3.6926, -0.1554 -1.172 3.6984, -0.0095 -1.1527 3.7042, 0.1312 -1.1159 3.7097, 0.2637 -1.0631 3.715, 0.386 -0.9965 3.7198, 0.501 -0.9147 3.7249, 0.7841 -0.5824 3.7418, 0.7029 -0.7059 3.736, 0.6077 -0.8174 3.7303, 0.8491 -0.4498 3.7476, 0.9262 -0.1701 3.7586, 0.8966 -0.3113 3.7533, 0.9382 -0.0298 3.7637, 0.9335 0.1095 3.7685, 0.8717 0.3908 3.7794, 0.9116 0.2507 3.7738, 0.8141 0.5264 3.7851, 0.7397 0.6541 3.7909, 0.6502 0.7711 3.7967, 0.5481 0.8747 3.8022, 0.4363 0.9633 3.8075, 0.3176 1.0361 3.8123, 0.0518 1.139 3.8228, 0.1893 1.0951 3.8174, -0.0923 1.166 3.8285, -0.3871 1.1651 3.8401, -0.2397 1.1748 3.8343, -0.6681 1.0926 3.8512, -0.531 1.1372 3.8458, -0.7958 1.033 3.8562, -0.9142 0.9594 3.8611, -1.0256 0.8701 3.8663, -1.1272 0.7658 3.8719, -1.216 0.6482 3.8776, -1.2897 0.52 3.8834, -1.3854 0.244 3.8948, -1.3464 0.3842 3.8892, -1.4065 0.1028 3.9, -1.3976 -0.1769 3.9099, -1.4105 -0.0364 3.9048, -1.3672 -0.318 3.9153, -1.253 -0.5886 3.9268, -1.1711 -0.7115 3.9326, -1.0752 -0.8224 3.9383, -0.9681 -0.919 3.9437, -0.8527 -1.0 3.9487, -0.73 -1.066 3.9536, -0.456 -1.1541 3.9644, -0.597 -1.118 3.9588, -0.3099 -1.1725 3.9701, -0.0159 -1.154 3.9817, -0.162 -1.1725 3.976, 0.1251 -1.1179 3.9873, 0.258 -1.0658 3.9925, 0.3807 -0.9998 3.9974, 0.4961 -0.9187 4.0024, 0.6031 -0.822 4.0078, 0.699 -0.7111 4.0135, 0.7808 -0.5882 4.0193, 0.8466 -0.4559 4.0251, 0.8949 -0.3175 4.0308, 0.9253 -0.1764 4.0362, 0.9341 0.1033 4.0461, 0.9129 0.2444 4.0513, 0.9381 -0.036 4.0412, 0.8739 0.3846 4.0569, 0.817 0.5205 4.0626, 0.7433 0.6486 4.0685, 0.6545 0.7661 4.0742, 0.5529 0.8704 4.0798, 0.4414 0.9597 4.085, 0.323 1.0332 4.0899, 0.1953 1.0927 4.0949, 0.0581 1.1374 4.1003, -0.0857 1.1652 4.106, -0.3806 1.1659 4.1176, -0.5247 1.1389 4.1233, -0.2331 1.1748 4.1118, -0.6622 1.0949 4.1287, -0.7904 1.0359 4.1338, -0.909 0.9631 4.1386, -1.0208 0.8744 4.1438, -1.1229 0.7707 4.1494, -1.2123 0.6537 4.1551, -1.2867 0.5259 4.161, -1.3443 0.3903 4.1667, -1.3841 0.2503 4.1723, -1.4059 0.1091 4.1775, -1.4106 -0.0302 4.1824, -1.3986 -0.1706 4.1874, -1.3689 -0.3117 4.1928, -1.2563 -0.5828 4.2043, -1.3213 -0.4503 4.1985, -1.175 -0.7063 4.2101, -1.0798 -0.8177 4.2158, -0.9731 -0.915 4.2212, -0.858 -0.9968 4.2263, -0.7357 -1.0633 4.2311, -0.6032 -1.116 4.2363, -0.4624 -1.1528 4.2419, -0.0224 -1.1552 4.2592, -0.1686 -1.1729 4.2535, 0.1189 -1.1199 4.2648, 0.3754 -1.0031 4.2749, 0.2523 -1.0684 4.2701, 0.4911 -0.9227 4.2799, 0.5986 -0.8266 4.2853, 0.695 -0.7164 4.291, 0.7775 -0.5939 4.2968, 0.844 -0.4619 4.3026, 0.8931 -0.3238 4.3083, 0.9243 -0.1828 4.3137, 0.9379 -0.0422 4.3188, 0.876 0.3784 4.3344, 0.747 0.6431 4.346, 0.82 0.5145 4.3402, 0.6587 0.7611 4.3517, 0.5576 0.866 4.3573, 0.4466 0.9561 4.3626, 0.3285 1.0302 4.3674, 0.2012 1.0904 4.3725, 0.0644 1.1357 4.3779, -0.0792 1.1643 4.3835, -0.2265 1.1748 4.3893, -0.3741 1.1667 4.3951, -0.5184 1.1404 4.4008, -0.7849 1.0388 4.4113, -0.6562 1.0972 4.4063, -0.9039 0.9667 4.4162, -1.1186 0.7756 4.4269, -1.016 0.8787 4.4214, -1.2837 0.5318 4.4385, -1.2086 0.6592 4.4327, -1.3421 0.3965 4.4443, -1.3827 0.2566 4.4498, -1.4053 0.1154 4.4551, -1.4108 -0.024 4.46, -1.3995 -0.1643 4.465, -1.3706 -0.3054 4.4704, -1.2595 -0.5771 4.4818, -1.3238 -0.4442 4.476, -1.179 -0.701 4.4876, -0.978 -0.911 4.4988, -1.0843 -0.813 4.4933, -0.8633 -0.9935 4.5038, -0.7414 -1.0607 4.5087, -0.6093 -1.114 4.5139, -0.4689 -1.1516 4.5194, -0.3231 -1.1716 4.5252, -0.1752 -1.1732 4.531, -0.0288 -1.1564 4.5368, 0.1128 -1.1218 4.5423, 0.3701 -1.0063 4.5525, 0.2466 -1.0711 4.5476, 0.594 -0.8312 4.5629, 0.6909 -0.7216 4.5685, 0.4861 -0.9266 4.5575, 0.7741 -0.5996 4.5743, 0.8414 -0.468 4.5801, 0.8913 -0.33 4.5858, 0.9233 -0.1891 4.5913, 0.9376 -0.0484 4.5964, 0.9351 0.0907 4.6012, 0.9155 0.2318 4.6064, 0.8781 0.3722 4.6119, 0.8228 0.5086 4.6177, 0.7506 0.6376 4.6235, 0.5624 0.8617 4.6349, 0.4517 0.9524 4.6401, 0.663 0.7561 4.6293, 0.3339 1.0272 4.645, 0.2071 1.088 4.65, 0.0707 1.134 4.6554, -0.0727 1.1634 4.661, -0.2199 1.1747 4.6668, -0.3675 1.1675 4.6727, -0.512 1.142 4.6783, -0.6502 1.0995 4.6838, -0.7793 1.0417 4.6889, -0.8987 0.9702 4.6937, -1.1143 0.7805 4.7044, -1.2049 0.6647 4.7102, -1.0112 0.8829 4.6989, -1.2807 0.5377 4.716, -1.3399 0.4027 4.7218, -1.3812 0.2629 4.7274, -1.4047 0.1216 4.7326, -1.4109 -0.0178 4.7375, -1.4004 -0.158 4.7425, -1.3723 -0.2992 4.7479, -1.3263 -0.4381 4.7535, -1.2627 -0.5713 4.7593, -1.1829 -0.6957 4.7652, -0.983 -0.9069 4.7763, -1.0888 -0.8083 4.7709, -0.8685 -0.9901 4.7814, -0.6154 -1.112 4.7914, -0.7471 -1.0579 4.7862, -0.4753 -1.1502 4.7969, -0.3296 -1.1711 4.8027, -0.1818 -1.1736 4.8085, -0.0353 -1.1575 4.8143, 0.1066 -1.1237 4.8199, 0.2408 -1.0736 4.8252, 0.3648 -1.0095 4.8301, 0.6869 -0.7267 4.846, 0.5894 -0.8358 4.8404, 0.481 -0.9305 4.835, 0.7707 -0.6052 4.8518, 0.8895 -0.3363 4.8634, 0.8387 -0.474 4.8577, 0.9223 -0.1954 4.8688, 0.9374 -0.0546 4.8739, 0.9168 0.2255 4.8839, 0.9356 0.0845 4.8788, 0.8802 0.366 4.8895, 0.8257 0.5026 4.8952, 0.7541 0.632 4.901, 0.6672 0.7511 4.9068, 0.5671 0.8573 4.9124, 0.4568 0.9487 4.9177, 0.213 1.0856 4.9276, 0.3393 1.0242 4.9226, 0.0769 1.1323 4.9329, -0.2133 1.1746 4.9444, -0.0662 1.1625 4.9386, -0.5057 1.1435 4.9559, -0.361 1.1682 4.9502, -0.6442 1.1017 4.9613, -0.7738 1.0446 4.9664, -0.8935 0.9737 4.9713, -1.0064 0.8872 4.9765, -1.1099 0.7854 4.982, -1.2777 0.5436 4.9935, -1.2012 0.6701 4.9877, -1.3376 0.4088 4.9993, -1.3798 0.2692 5.0049, -1.411 -0.0116 5.0151, -1.404 0.1279 5.0102, -1.4012 -0.1517 5.0201, -1.3287 -0.432 5.0311, -1.2659 -0.5656 5.0369, -1.1868 -0.6904 5.0427, -1.0932 -0.8036 5.0484, -0.702 1.16 3.5302, -0.5565 1.2083 3.5248, -0.5524 1.2093 3.5247, -0.7245 1.1493 3.5311, -0.8374 1.0959 3.5352, -0.8863 1.0652 3.5371, -0.9631 1.017 3.5401, -1.0344 0.9591 3.5433, -1.0812 0.9211 3.5454, -1.166 0.833 3.5498, -1.1887 0.8095 3.5509, -1.2784 0.6895 3.5564, -1.2825 0.6839 3.5567, -1.4197 0.4022 3.5683, -1.3671 0.5302 3.5632, -1.3602 0.547 3.5625, -1.4313 0.3596 3.5699, -1.482 0.1027 3.579, -1.4706 0.1817 3.5763, -1.4604 0.2529 3.5738, -1.4843 -0.0 3.5824, -1.4854 -0.0454 3.5839, -1.4722 -0.1819 3.5885, -1.4709 -0.1949 3.5889, -1.3853 -0.492 3.6001, -1.4324 -0.3598 3.5949, -1.4377 -0.345 3.5944, -1.3663 -0.5297 3.6016, -1.3145 -0.6323 3.6059, -1.2767 -0.6884 3.6084, -1.2266 -0.7626 3.6117, -1.1654 -0.8326 3.6151, -1.1241 -0.8799 3.6173, -1.0347 -0.9596 3.6215, -0.7555 -1.137 3.6326, -0.8866 -1.0675 3.6278, -0.8873 -1.0669 3.6277, -1.0096 -0.982 3.6227, -0.7245 -1.149 3.6338, -0.6136 -1.1917 3.6379, -0.5518 -1.2071 3.6402, -0.4632 -1.2292 3.6434, -0.3726 -1.2401 3.6468, -0.3076 -1.248 3.6492, -0.1906 -1.2473 3.6535, 0.1547 -1.1873 3.6663, 0.005 -1.2265 3.6608, -0.0093 -1.2284 3.6603, -0.1503 -1.247 3.655, 0.1671 -1.1824 3.6668, 0.2957 -1.1312 3.6716, 0.3345 -1.1101 3.673, 0.4258 -1.0603 3.6764, 0.4898 -1.0148 3.679, 0.5482 -0.9732 3.6815, 0.6301 -0.8985 3.6854, 0.6617 -0.8697 3.6869, 0.7525 -0.7634 3.692, 0.763 -0.751 3.6926, 0.9185 -0.4786 3.7042, 0.8534 -0.6115 3.6987, 0.8494 -0.6197 3.6984, 0.9297 -0.446 3.7054, 0.9691 -0.3312 3.7098, 0.9817 -0.2713 3.712, 1.0006 -0.181 3.7152, 1.0083 -0.0911 3.7183, 1.0134 -0.0317 3.7203, 1.0092 0.0912 3.7243, 1.0084 0.1165 3.7251, 0.9426 0.4158 3.736, 0.9836 0.2717 3.7306, 0.985 0.2668 3.7304, 0.9298 0.4459 3.7372, 0.8813 0.5601 3.7417, 0.8519 0.6106 3.7439, 0.8021 0.696 3.7475, 0.7512 0.7625 3.7506, 0.7069 0.8204 3.7533, 0.63 0.8985 3.7572, 0.353 1.1024 3.7689, 0.4793 1.025 3.7641, 0.4906 1.016 3.7636, 0.5983 0.9307 3.7588, 0.3349 1.1107 3.7696, 0.2166 1.1651 3.774, 0.1668 1.181 3.7758, 0.0702 1.2119 3.7794, -0.0096 1.2268 3.7823, -0.0831 1.2406 3.7851, -0.1907 1.247 3.7891, -0.24 1.25 3.7909, -0.3728 1.2412 3.7958, -0.3968 1.2396 3.7967, -0.6957 1.1625 3.8078, -0.5523 1.2092 3.8024, -0.5498 1.21 3.8024, -0.7244 1.1491 3.8088, -0.8316 1.0991 3.8128, -0.8862 1.0652 3.8149, -0.9576 1.0208 3.8177, -1.0345 0.9592 3.8211, -1.0761 0.9258 3.8229, -1.1662 0.8332 3.8275, -1.1842 0.8148 3.8285, -1.2787 0.6897 3.8342, -1.2787 0.6897 3.8342, -1.3571 0.5533 3.84, -1.3668 0.5301 3.841, -1.4175 0.4087 3.8458, -1.4312 0.3596 3.8476, -1.459 0.2596 3.8514, -1.4706 0.1817 3.8541, -1.4814 0.1094 3.8566, -1.4845 -0.0 3.8602, -1.4856 -0.0388 3.8614, -1.4725 -0.182 3.8663, -1.4719 -0.1882 3.8665, -1.3881 -0.4855 3.8776, -1.4321 -0.3597 3.8727, -1.4395 -0.3383 3.8719, -1.3661 -0.5296 3.8794, -1.318 -0.6262 3.8834, -1.2766 -0.6883 3.8861, -1.2309 -0.757 3.8892, -1.1655 -0.8327 3.8928, -1.1289 -0.875 3.8949, -1.0349 -0.9598 3.8993, -1.0149 -0.9778 3.9003, -0.7616 -1.1342 3.9102, -0.8872 -1.0667 3.9055, -0.8922 -1.064 3.9053, -0.7244 -1.1488 3.9115, -0.6201 -1.1896 3.9154, -0.5518 -1.207 3.9179, -0.4701 -1.2279 3.921, -0.3726 -1.2402 3.9246, -0.3146 -1.2475 3.9267, -0.1905 -1.2475 3.9313, 0.1482 -1.1894 3.9439, -0.0018 -1.2278 3.9383, -0.0092 -1.2288 3.938, -0.1573 -1.2475 3.9326, 0.167 -1.1821 3.9446, 0.2896 -1.134 3.9491, 0.3344 -1.1099 3.9508, 0.4202 -1.0638 3.954, 0.4899 -1.0148 3.9568, 0.5429 -0.9775 3.959, 0.6303 -0.8986 3.9631, 0.6569 -0.8746 3.9644, 0.7528 -0.7636 3.9697, 0.7588 -0.7566 3.9701, 0.9158 -0.4851 3.9817, 0.853 -0.6114 3.9765, 0.8459 -0.6258 3.9759, 0.9295 -0.4459 3.9832, 0.9996 -0.1877 3.9928, 0.9816 -0.2713 3.9898, 0.9673 -0.3378 3.9874, 1.0084 -0.0911 3.9961, 1.0132 -0.0383 3.9978, 1.0095 0.0912 4.0021, 1.009 0.1099 4.0027, 0.9449 0.4092 4.0135, 0.9832 0.2716 4.0084, 0.9864 0.2601 4.0079, 0.9296 0.4458 4.0149, 0.8844 0.5538 4.0192, 0.8518 0.6106 4.0217, 0.806 0.6901 4.0251, 0.7513 0.7625 4.0284, 0.7115 0.8151 4.0308, 0.6301 0.8986 4.035, 0.3588 1.0993 4.0465, 0.4848 1.0211 4.0416, 0.4908 1.0163 4.0414, 0.6034 0.9261 4.0364, 0.3348 1.1105 4.0474, 0.2229 1.1626 4.0515, 0.1667 1.1809 4.0536, 0.0769 1.2101 4.0569, -0.0096 1.2269 4.0601, -0.0761 1.2397 4.0626, -0.1907 1.2472 4.0668, -0.2329 1.25 4.0684, -0.3729 1.2415 4.0736, -0.3898 1.2405 4.0742, -0.6894 1.1649 4.0853, -0.5522 1.2088 4.0802, -0.5431 1.2117 4.0799, -0.7244 1.1489 4.0866, -0.9521 1.0247 4.0952, -0.8862 1.0651 4.0927, -0.8258 1.1022 4.0904, -1.0346 0.9593 4.0988, -1.071 0.9303 4.1004, -1.1664 0.8334 4.1053, -1.1796 0.82 4.106, -1.3539 0.5596 4.1176, -1.2783 0.6895 4.112, -1.2748 0.6956 4.1117, -1.3665 0.5299 4.1187, -1.4152 0.4153 4.1233, -1.431 0.3595 4.1254, -1.4575 0.2663 4.1289, -1.4706 0.1817 4.1318, -1.4808 0.1161 4.1341, -1.4847 -0.0001 4.1379, -1.4858 -0.0322 4.139, -1.4414 -0.3317 4.1494, -1.4728 -0.182 4.144, -1.473 -0.1815 4.144, -1.4318 -0.3596 4.1505, -1.3908 -0.4791 4.1551, -1.366 -0.5296 4.1572, -1.3215 -0.6201 4.1609, -1.2766 -0.6884 4.1639, -1.2351 -0.7514 4.1667, -1.1656 -0.8328 4.1706, -1.1337 -0.87 4.1724, -1.0351 -0.96 4.1771, -1.0202 -0.9736 4.1778, -0.7677 -1.1314 4.1877, -0.8871 -1.0664 4.1833, -0.8978 -1.0606 4.1829, -0.7244 -1.1486 4.1893, -0.4769 -1.2266 4.1985, -0.5518 -1.207 4.1957, -0.6267 -1.1875 4.1929, -0.1905 -1.2478 4.2091, 0.1417 -1.1915 4.2214, -0.0087 -1.2291 4.2158, -0.0092 -1.2292 4.2158, -0.1643 -1.2479 4.2101, 0.1669 -1.1818 4.2223, 0.2836 -1.1368 4.2267, 0.3344 -1.1098 4.2285, 0.4146 -1.0672 4.2315, 0.4899 -1.0149 4.2346, 0.5376 -0.9817 4.2365, 0.6304 -0.8988 4.2409, 0.652 -0.8795 4.2419, 0.7531 -0.7639 4.2475, 0.7545 -0.7622 4.2476, 0.9131 -0.4915 4.2592, 0.8528 -0.6112 4.2543, 0.8423 -0.6319 4.2534, 0.9294 -0.4458 4.261, 0.9986 -0.1945 4.2703, 0.9816 -0.2713 4.2676, 0.9654 -0.3445 4.2649, 1.0085 -0.0911 4.2738, 1.013 -0.0449 4.2754, 1.0098 0.0912 4.2799, 1.0095 0.1032 4.2802, 0.9472 0.4026 4.291, 0.9829 0.2715 4.2861, 0.9879 0.2533 4.2855, 0.9294 0.4458 4.2927, 0.8875 0.5475 4.2968, 0.8517 0.6106 4.2994, 0.8099 0.6843 4.3026, 0.7513 0.7626 4.3062, 0.716 0.8098 4.3083, 0.6303 0.8988 4.3128, 0.3646 1.0961 4.324, 0.4903 1.0172 4.3192, 0.4911 1.0166 4.3191, 0.6084 0.9215 4.3139, 0.3347 1.1103 4.3252, 0.2292 1.1601 4.3291, 0.1667 1.1809 4.3314, 0.0836 1.2084 4.3345, -0.0096 1.2269 4.3379, -0.0692 1.2388 4.3401, -0.1907 1.2474 4.3446, -0.5364 1.2134 4.3574, -0.3829 1.2414 4.3517, -0.3729 1.2419 4.3514, -0.2259 1.25 4.3459, -0.5521 1.2085 4.358, -0.6831 1.1674 4.3628, -0.7243 1.1487 4.3644, -0.82 1.1053 4.3679, -0.8862 1.0651 4.3705, -0.9466 1.0285 4.3728, -1.0347 0.9594 4.3766, -1.0659 0.9349 4.378, -1.1667 0.8337 4.3831, -1.1751 0.8253 4.3835, -1.3508 0.5659 4.3951, -1.278 0.6893 4.3898, -1.2709 0.7014 4.3893, -1.3663 0.5298 4.3965, -1.4129 0.4219 4.4009, -1.431 0.3595 4.4032, -1.456 0.273 4.4064, -1.4707 0.1817 4.4096, -1.4802 0.1227 4.4117, -1.4849 -0.0 4.4157, -1.4859 -0.0256 4.4166, -1.4432 -0.325 4.427, -1.4725 -0.1819 4.4218, -1.4739 -0.1748 4.4216, -1.4315 -0.3596 4.4283, -1.3934 -0.4726 4.4326, -1.3659 -0.5295 4.435, -1.325 -0.614 4.4384, -1.2767 -0.6884 4.4417, -1.2393 -0.7458 4.4442, -1.1657 -0.8329 4.4484, -0.9034 -1.057 4.4604, -1.0255 -0.9693 4.4554, -1.0353 -0.9603 4.4549, -1.1385 -0.865 4.4499, -0.8869 -1.0661 4.4611, -0.7737 -1.1285 4.4653, -0.7243 -1.1485 4.4671, -0.6332 -1.1853 4.4705, -0.5518 -1.2071 4.4735, -0.4837 -1.2252 4.476, -0.3726 -1.2405 4.4801, -0.3286 -1.2466 4.4818, -0.1905 -1.2481 4.4869, -0.1713 -1.2483 4.4876, 0.1351 -1.1936 4.4989, -0.0092 -1.2288 4.4936, -0.0155 -1.2304 4.4934, 0.1668 -1.1815 4.5001, 0.4089 -1.0707 4.5091, 0.3343 -1.1098 4.5063, 0.2774 -1.1396 4.5042, 0.49 -1.0149 4.5124, 0.5323 -0.9859 4.5141, 0.6306 -0.899 4.5187, 0.6471 -0.8844 4.5195, 0.8388 -0.6379 4.5309, 0.7529 -0.7638 4.5253, 0.7503 -0.7677 4.5251, 0.8525 -0.6111 4.532, 0.9103 -0.4979 4.5367, 0.9292 -0.4458 4.5388, 0.9635 -0.3512 4.5424, 0.9816 -0.2713 4.5453, 0.9975 -0.2012 4.5479, 1.0087 -0.0911 4.5516, 1.0127 -0.0515 4.553, 1.0102 0.0912 4.5576, 1.0101 0.0965 4.5578, 0.9494 0.396 4.5685, 0.9826 0.2714 4.5639, 0.9892 0.2466 4.563, 0.9293 0.4457 4.5705, 0.8137 0.6784 4.5801, 0.8517 0.6106 4.5772, 0.8906 0.5411 4.5743, 0.7514 0.7627 4.584, 0.7205 0.8045 4.5859, 0.6305 0.899 4.5906, 0.6135 0.9168 4.5915, 0.3704 1.093 4.6016, 0.491 1.0163 4.5969, 0.4957 1.0133 4.5967, 0.3346 1.1101 4.6029, 0.2355 1.1576 4.6066, 0.1667 1.1808 4.6092, 0.0903 1.2066 4.612, -0.0096 1.2271 4.6157, -0.0623 1.2378 4.6176, -0.1907 1.2477 4.6224, -0.5297 1.2151 4.6349, -0.3759 1.2422 4.6292, -0.3729 1.2423 4.6291, -0.2189 1.2499 4.6234, -0.552 1.2082 4.6358, -0.6767 1.1698 4.6404, -0.7242 1.1486 4.6422, -0.8141 1.1084 4.6455, -0.8863 1.0651 4.6482, -0.9411 1.0323 4.6503, -1.0348 0.9596 4.6544, -1.0608 0.9394 4.6555, -1.167 0.8339 4.6609, -1.1704 0.8305 4.661, -1.3476 0.5721 4.6726, -1.2777 0.6891 4.6676, -1.2669 0.7072 4.6668, -1.3661 0.5297 4.6743, -1.4545 0.2797 4.684, -1.4309 0.3594 4.681, -1.4105 0.4284 4.6784, -1.4708 0.1817 4.6874, -1.4795 0.1294 4.6892, -1.4852 -0.0 4.6935, -1.4861 -0.019 4.6941, -1.445 -0.3183 4.7045, -1.4721 -0.1818 4.6996, -1.4748 -0.1681 4.6991, -1.4313 -0.3595 4.7061, -1.396 -0.4661 4.7101, -1.3658 -0.5295 4.7127, -1.3284 -0.6079 4.7159, -1.2767 -0.6884 4.7195, -1.2435 -0.7402 4.7218, -1.1659 -0.8331 4.7262, -0.909 -1.0535 4.738, -1.0308 -0.965 4.7329, -1.0355 -0.9605 4.7327, -1.1433 -0.86 4.7275, -0.8868 -1.0659 4.7388, -0.7798 -1.1256 4.7428, -0.7242 -1.1484 4.7449, -0.6396 -1.1831 4.748, -0.5518 -1.2071 4.7513, -0.4906 -1.2238 4.7535, -0.3727 -1.2407 4.7579, -0.3356 -1.246 4.7593, -0.1905 -1.2485 4.7647, -0.1783 -1.2487 4.7651, 0.1286 -1.1956 4.7765, -0.0093 -1.2285 4.7714, -0.0224 -1.2316 4.7709, 0.1668 -1.1813 4.7779, 0.4033 -1.074 4.7867, 0.3343 -1.1097 4.7841, 0.2713 -1.1423 4.7818, 0.4901 -1.0151 4.7902, 0.5269 -0.99 4.7916, 0.6308 -0.8993 4.7965, 0.6422 -0.8893 4.797, 0.8352 -0.644 4.8084, 0.7526 -0.7636 4.8031, 0.7459 -0.7732 4.8026, 0.8523 -0.6109 4.8098, 0.9075 -0.5044 4.8143, 0.9291 -0.4457 4.8165, 0.9615 -0.3578 4.82, 0.9816 -0.2713 4.8231, 0.9964 -0.2079 4.8254, 1.0089 -0.0911 4.8294, 1.0124 -0.0581 4.8305, 0.9906 0.2399 4.8405, 1.0104 0.0912 4.8354, 1.0106 0.0899 4.8354, 0.9824 0.2714 4.8417, 0.9516 0.3894 4.8461, 0.9292 0.4457 4.8483, 0.8936 0.5348 4.8518, 0.8517 0.6106 4.855, 0.8175 0.6725 4.8576, 0.7515 0.7628 4.8617, 0.5012 1.0094 4.8743, 0.6185 0.9121 4.869, 0.6307 0.8992 4.8683, 0.725 0.7992 4.8634, 0.4908 1.016 4.8747, 0.3761 1.0898 4.8792, 0.3345 1.11 4.8807, 0.2417 1.155 4.8842, 0.1666 1.1808 4.8869, 0.097 1.2048 4.8895, -0.0096 1.2272 4.8935, -0.0553 1.2368 4.8952, -0.1906 1.248 4.9002, -0.2119 1.2498 4.901, -0.5229 1.2167 4.9125, -0.3729 1.2423 4.9069, -0.369 1.2429 4.9068, -0.5519 1.2079 4.9135, -0.6703 1.1722 4.9179, -0.7242 1.1485 4.9199, -0.8082 1.1114 4.923, -0.8863 1.0652 4.926, -1.1658 0.8357 4.9386, -1.0556 0.9439 4.933, -1.035 0.9598 4.9322, -0.9356 1.036 4.9279, -1.1671 0.8341 4.9386, -1.3444 0.5784 4.9501, -1.2775 0.689 4.9453, -1.2629 0.713 4.9443, -1.366 0.5297 4.9521, -1.453 0.2864 4.9615, -1.4309 0.3594 4.9587, -1.4081 0.435 4.9559, -1.4709 0.1817 4.9652, -1.4788 0.1361 4.9668, -1.4855 -0.0 4.9713, -1.4861 -0.0124 4.9717, -1.4467 -0.3116 4.982, -1.4718 -0.1818 4.9774, -1.4757 -0.1614 4.9767, -1.4312 -0.3595 4.9838, -1.3986 -0.4596 4.9877, -1.3658 -0.5295 4.9905, -1.3318 -0.6017 4.9935, -1.2768 -0.6885 4.9973, -1.2476 -0.7345 4.9993, -1.1661 -0.8332 5.004, -1.1481 -0.855 5.005, -1.036 -0.9606 5.0104, -1.0358 -0.9608 5.0105, -0.9146 -1.0499 5.0156, -0.8866 -1.0657 5.0166, -0.7858 -1.1227 5.0204, -0.7242 -1.1483 5.0227, -0.6461 -1.1809 5.0256, -0.5518 -1.2072 5.0291, -0.4974 -1.2224 5.0311, -0.3727 -1.241 5.0357, -0.3426 -1.2455 5.0368, -0.1905 -1.2488 5.0424, -0.1853 -1.249 5.0426, 0.2377 -1.0823 5.0984, 0.2029 -1.0952 5.0984, 0.1667 -1.1812 5.0557, 0.122 -1.1976 5.054, -0.0094 -1.2281 5.0491, -0.0293 -1.2328 5.0484, 0.7582 0.2312 5.4338, 0.6227 0.552 5.4338, 0.3872 0.8085 5.4338, 0.291 0.8743 5.4338, -0.0335 1.0006 5.4338, -0.3815 1.0105 5.4338, -0.6066 0.9514 5.4338, -0.8125 0.8428 5.4338, -1.0622 0.6001 5.4338, -1.1766 0.3974 5.4338, -1.2422 0.1741 5.4338, -1.2422 -0.1741 5.4338, -1.1252 -0.502 5.4338, -1.0622 -0.6001 5.4338, -0.8125 -0.8428 5.4338, -0.4957 -0.9874 5.4338, -0.3815 -1.0105 5.4338, -0.2654 -1.0205 5.4338, -0.0335 -1.0006 5.4338, 0.291 -0.8743 5.4338, 0.4753 -0.7321 5.4338, 0.6227 -0.552 5.4338, 0.7582 -0.2312 5.4338, 0.7228 -0.11 5.4894, 0.704 -0.2186 5.4894, 0.7416 -0.1122 5.4816, 0.7225 -0.2229 5.4816, 0.7578 -0.1141 5.4691, 0.7384 -0.2266 5.4691, 0.7703 -0.1155 5.4528, 0.7505 -0.2295 5.4528, 0.7781 -0.1164 5.4338, 0.63 -0.4259 5.4894, 0.5758 -0.5219 5.4894, 0.6471 -0.4343 5.4816, 0.5918 -0.5321 5.4816, 0.6617 -0.4415 5.4691, 0.6055 -0.5409 5.4691, 0.6729 -0.447 5.4528, 0.6161 -0.5477 5.4528, 0.68 -0.4505 5.4338, 0.3532 -0.7644 5.4894, 0.2623 -0.8266 5.4894, 0.3648 -0.7794 5.4816, 0.2721 -0.8429 5.4816, 0.3748 -0.7923 5.4691, 0.2805 -0.8568 5.4691, 0.3824 -0.8023 5.4528, 0.2869 -0.8675 5.4528, 0.3872 -0.8085 5.4338, 0.0621 -0.918 5.4894, -0.0445 -0.946 5.4894, 0.068 -0.9361 5.4816, -0.0407 -0.9646 5.4816, 0.073 -0.9516 5.4691, -0.0375 -0.9806 5.4691, 0.0769 -0.9635 5.4528, -0.035 -0.9929 5.4528, 0.0793 -0.971 5.4338, -0.6867 -0.8537 5.4894, -0.781 -0.7968 5.4894, -0.6955 -0.8705 5.4816, -0.7918 -0.8125 5.4816, -0.7031 -0.8849 5.4691, -0.801 -0.8259 5.4691, -0.709 -0.896 5.4528, -0.808 -0.8363 5.4528, -0.7126 -0.903 5.4338, -0.9473 -0.6527 5.4894, -1.0171 -0.5674 5.4894, -0.9613 -0.6655 5.4816, -1.0325 -0.5785 5.4816, -0.9734 -0.6766 5.4691, -1.0457 -0.5881 5.4691, -0.9826 -0.685 5.4528, -1.0558 -0.5955 5.4528, -0.9884 -0.6903 5.4338, -1.1624 -0.2719 5.4894, -1.1873 -0.1646 5.4894, -1.1806 -0.2773 5.4816, -1.206 -0.1678 5.4816, -1.1962 -0.2819 5.4691, -1.2221 -0.1706 5.4691, -1.2082 -0.2854 5.4528, -1.2344 -0.1728 5.4528, -1.2158 -0.2876 5.4338, -1.1999 0.0551 5.4894, -1.1873 0.1646 5.4894, -1.2188 0.0562 5.4816, -1.206 0.1678 5.4816, -1.2351 0.0571 5.4691, -1.2221 0.1706 5.4691, -1.2476 0.0578 5.4528, -1.2344 0.1728 5.4528, -1.2555 0.0583 5.4338, -1.0767 0.4747 5.4894, -1.0171 0.5674 5.4894, -1.0932 0.484 5.4816, -1.0325 0.5785 5.4816, -1.1074 0.492 5.4691, -1.0457 0.5881 5.4691, -1.1183 0.4982 5.4528, -1.0558 0.5955 5.4528, -1.1252 0.502 5.4338, -0.8683 0.7295 5.4894, -0.781 0.7968 5.4894, -0.8807 0.7438 5.4816, -0.7918 0.8125 5.4816, -0.8914 0.7562 5.4691, -0.801 0.8259 5.4691, -0.8996 0.7656 5.4528, -0.808 0.8363 5.4528, -0.9048 0.7716 5.4338, -0.4816 0.9335 5.4894, -0.3736 0.9554 5.4894, -0.4864 0.9519 5.4816, -0.3763 0.9742 5.4816, -0.4906 0.9677 5.4691, -0.3786 0.9904 5.4691, -0.4937 0.9798 5.4528, -0.3804 1.0028 5.4528, -0.4957 0.9874 5.4338, -0.1536 0.9617 5.4894, -0.0445 0.946 5.4894, -0.152 0.9806 5.4816, -0.0407 0.9646 5.4816, -0.1506 0.9969 5.4691, -0.0375 0.9806 5.4691, -0.1495 1.0094 5.4528, -0.035 0.9929 5.4528, -0.1488 1.0172 5.4338, 0.1648 0.878 5.4894, 0.2623 0.8266 5.4894, 0.1727 0.8953 5.4816, 0.2721 0.8429 5.4816, 0.1794 0.9101 5.4691, 0.2805 0.8568 5.4691, 0.1846 0.9215 5.4528, 0.2869 0.8675 5.4528, 0.1879 0.9287 5.4338, 0.511 0.611 5.4894, 0.5758 0.5219 5.4894, 0.5258 0.623 5.4816, 0.5918 0.5321 5.4816, 0.5384 0.6334 5.4691, 0.6055 0.5409 5.4691, 0.5481 0.6413 5.4528, 0.6161 0.5477 5.4528, 0.5542 0.6463 5.4338, 0.6729 0.3244 5.4894, 0.704 0.2186 5.4894, 0.6908 0.3308 5.4816, 0.7225 0.2229 5.4816, 0.7062 0.3362 5.4691, 0.7384 0.2266 5.4691, 0.718 0.3404 5.4528, 0.7505 0.2295 5.4528, 0.7254 0.3431 5.4338, 0.7291 0.0 5.4894, 0.7481 0.0 5.4816, 0.7644 0.0 5.4691, 0.7769 0.0 5.4528, 0.7847 0.0 5.4338, 0.7254 -0.3431 5.4338, 0.718 -0.3404 5.4528, 0.7062 -0.3362 5.4691, 0.6908 -0.3308 5.4816, 0.6729 -0.3244 5.4894, 0.5542 -0.6463 5.4338, 0.5481 -0.6413 5.4528, 0.5384 -0.6334 5.4691, 0.5258 -0.623 5.4816, 0.511 -0.611 5.4894, 0.4365 -0.6922 5.4894, 0.4498 -0.7058 5.4816, 0.4611 -0.7175 5.4691, 0.4698 -0.7265 5.4528, 0.1879 -0.9287 5.4338, 0.1846 -0.9215 5.4528, 0.1794 -0.9101 5.4691, 0.1727 -0.8953 5.4816, 0.1648 -0.878 5.4894, -0.1488 -1.0172 5.4338, -0.1495 -1.0094 5.4528, -0.1506 -0.9969 5.4691, -0.152 -0.9806 5.4816, -0.1536 -0.9617 5.4894, -0.2638 -0.9649 5.4894, -0.2643 -0.9839 5.4816, -0.2648 -1.0002 5.4691, -0.2651 -1.0127 5.4528, -0.3804 -1.0028 5.4528, -0.3786 -0.9904 5.4691, -0.3763 -0.9742 5.4816, -0.3736 -0.9554 5.4894, -0.4937 -0.9798 5.4528, -0.4906 -0.9677 5.4691, -0.4864 -0.9519 5.4816, -0.4816 -0.9335 5.4894, -0.6066 -0.9514 5.4338, -0.6038 -0.944 5.4528, -0.5992 -0.9324 5.4691, -0.5933 -0.9172 5.4816, -0.5864 -0.8995 5.4894, -0.9048 -0.7716 5.4338, -0.8996 -0.7656 5.4528, -0.8914 -0.7562 5.4691, -0.8807 -0.7438 5.4816, -0.8683 -0.7295 5.4894, -1.1183 -0.4982 5.4528, -1.1074 -0.492 5.4691, -1.0932 -0.484 5.4816, -1.0767 -0.4747 5.4894, -1.1766 -0.3974 5.4338, -1.1694 -0.3944 5.4528, -1.1578 -0.3895 5.4691, -1.1428 -0.3831 5.4816, -1.1253 -0.3757 5.4894, -1.2555 -0.0583 5.4338, -1.2476 -0.0578 5.4528, -1.2351 -0.0571 5.4691, -1.2188 -0.0562 5.4816, -1.1999 -0.0551 5.4894, -1.2158 0.2876 5.4338, -1.2082 0.2854 5.4528, -1.1962 0.2819 5.4691, -1.1806 0.2773 5.4816, -1.1624 0.2719 5.4894, -1.1253 0.3757 5.4894, -1.1428 0.3831 5.4816, -1.1578 0.3895 5.4691, -1.1694 0.3944 5.4528, -0.9884 0.6903 5.4338, -0.9826 0.685 5.4528, -0.9734 0.6766 5.4691, -0.9613 0.6655 5.4816, -0.9473 0.6527 5.4894, -0.7126 0.903 5.4338, -0.709 0.896 5.4528, -0.7031 0.8849 5.4691, -0.6955 0.8705 5.4816, -0.6867 0.8537 5.4894, -0.5864 0.8995 5.4894, -0.5933 0.9172 5.4816, -0.5992 0.9324 5.4691, -0.6038 0.944 5.4528, -0.2654 1.0205 5.4338, -0.2651 1.0127 5.4528, -0.2648 1.0002 5.4691, -0.2643 0.9839 5.4816, -0.2638 0.9649 5.4894, 0.0793 0.971 5.4338, 0.0769 0.9635 5.4528, 0.073 0.9516 5.4691, 0.068 0.9361 5.4816, 0.0621 0.918 5.4894, 0.3824 0.8023 5.4528, 0.3748 0.7923 5.4691, 0.3648 0.7794 5.4816, 0.3532 0.7644 5.4894, 0.4753 0.7321 5.4338, 0.4698 0.7265 5.4528, 0.4611 0.7175 5.4691, 0.4498 0.7058 5.4816, 0.4365 0.6922 5.4894, 0.68 0.4505 5.4338, 0.6729 0.447 5.4528, 0.6617 0.4415 5.4691, 0.6471 0.4343 5.4816, 0.63 0.4259 5.4894, 0.7781 0.1164 5.4338, 0.7703 0.1155 5.4528, 0.7578 0.1141 5.4691, 0.7416 0.1122 5.4816, 0.7228 0.11 5.4894, 0.6628 0.0 4.7047, 0.6498 0.1519 4.7047, 0.6114 0.2995 4.7047, 0.5486 0.4384 4.7047, 0.4632 0.5647 4.7047, 0.3577 0.6748 4.7047, 0.2351 0.7655 4.7047, 0.099 0.8341 4.7047, -0.0468 0.8788 4.7047, -0.198 0.8982 4.7047, -0.3504 0.8917 4.7047, -0.4994 0.8596 4.7047, -0.6409 0.8027 4.7047, -0.7708 0.7228 4.7047, -0.8852 0.622 4.7047, -0.981 0.5034 4.7047, -1.0554 0.3703 4.7047, -1.1062 0.2265 4.7047, -1.1319 0.0762 4.7047, -1.1319 -0.0762 4.7047, -1.1062 -0.2265 4.7047, -1.0554 -0.3703 4.7047, -0.981 -0.5034 4.7047, -0.8852 -0.622 4.7047, -0.7708 -0.7228 4.7047, -0.6409 -0.8027 4.7047, -0.4994 -0.8596 4.7047, -0.3504 -0.8917 4.7047, -0.198 -0.8982 4.7047, -0.0468 -0.8788 4.7047, 0.099 -0.8341 4.7047, 0.2351 -0.7655 4.7047, 0.3577 -0.6748 4.7047, 0.4632 -0.5647 4.7047, 0.5486 -0.4384 4.7047, 0.6114 -0.2995 4.7047, 0.6498 -0.1519 4.7047
            ]
        }
        coordIndex [
            0,1,2,-1,2,1,3,-1,2,3,4,-1,4,3,5,-1,4,5,6,-1,6,5,7,-1,6,7,8,-1,8,7,9,-1,8,9,10,-1,10,9,11,-1,10,11,12,-1,12,11,13,-1,12,13,14,-1,14,13,15,-1,14,15,16,-1,16,15,17,-1,16,17,18,-1,18,17,19,-1,18,19,20,-1,20,19,21,-1,20,21,22,-1,22,21,23,-1,22,23,24,-1,24,23,25,-1,24,25,26,-1,26,25,27,-1,26,27,28,-1,28,27,29,-1,28,29,30,-1,30,29,31,-1,30,31,32,-1,32,31,33,-1,32,33,34,-1,34,33,35,-1,34,35,36,-1,36,35,37,-1,36,37,38,-1,38,37,39,-1,38,39,40,-1,40,39,41,-1,40,41,42,-1,42,41,43,-1,42,43,44,-1,44,43,45,-1,44,45,46,-1,46,45,47,-1,46,47,48,-1,48,47,49,-1,48,49,50,-1,50,49,51,-1,50,51,52,-1,52,51,53,-1,52,53,54,-1,54,53,55,-1,54,55,56,-1,56,55,57,-1,56,57,58,-1,58,57,59,-1,58,59,60,-1,60,59,61,-1,60,61,62,-1,62,61,63,-1,62,63,64,-1,64,63,65,-1,64,65,66,-1,66,65,67,-1,66,67,68,-1,68,67,69,-1,68,69,70,-1,70,69,71,-1,70,71,72,-1,72,71,73,-1,72,73,74,-1,74,73,75,-1,74,75,76,-1,76,75,77,-1,76,77,78,-1,78,77,79,-1,78,79,0,-1,0,79,1,-1,80,81,82,-1,83,84,85,-1,85,84,81,-1,85,81,86,-1,86,81,80,-1,83,87,84,-1,84,87,88,-1,84,88,89,-1,90,91,92,-1,92,91,89,-1,92,89,93,-1,93,89,88,-1,90,94,91,-1,91,94,95,-1,91,95,96,-1,95,97,96,-1,96,97,98,-1,96,98,99,-1,100,101,102,-1,102,101,99,-1,102,99,103,-1,103,99,98,-1,100,104,101,-1,101,104,105,-1,101,105,106,-1,107,108,109,-1,109,108,106,-1,109,106,110,-1,110,106,105,-1,107,111,108,-1,108,111,112,-1,108,112,113,-1,112,114,113,-1,113,114,115,-1,113,115,116,-1,117,118,119,-1,119,118,116,-1,119,116,120,-1,120,116,115,-1,117,121,118,-1,118,121,122,-1,118,122,123,-1,124,125,126,-1,126,125,123,-1,126,123,127,-1,127,123,122,-1,124,128,125,-1,125,128,129,-1,125,129,130,-1,129,131,130,-1,130,131,132,-1,130,132,133,-1,134,135,136,-1,136,135,133,-1,136,133,137,-1,137,133,132,-1,134,138,135,-1,135,138,139,-1,135,139,140,-1,141,142,143,-1,143,142,140,-1,143,140,144,-1,144,140,139,-1,141,145,142,-1,142,145,146,-1,142,146,147,-1,148,149,150,-1,150,149,147,-1,150,147,151,-1,151,147,146,-1,148,152,149,-1,149,152,153,-1,149,153,154,-1,153,155,154,-1,154,155,156,-1,154,156,157,-1,158,159,160,-1,160,159,157,-1,160,157,161,-1,161,157,156,-1,158,162,159,-1,159,162,163,-1,159,163,164,-1,165,166,167,-1,167,166,164,-1,167,164,168,-1,168,164,163,-1,165,169,166,-1,166,169,170,-1,166,170,171,-1,170,172,171,-1,171,172,173,-1,171,173,174,-1,175,176,177,-1,177,176,174,-1,177,174,178,-1,178,174,173,-1,175,179,176,-1,176,179,180,-1,176,180,181,-1,182,183,184,-1,184,183,181,-1,184,181,185,-1,185,181,180,-1,182,186,183,-1,183,186,187,-1,183,187,188,-1,187,189,188,-1,188,189,190,-1,188,190,191,-1,192,193,194,-1,194,193,191,-1,194,191,195,-1,195,191,190,-1,192,196,193,-1,193,196,197,-1,193,197,198,-1,199,200,201,-1,201,200,198,-1,201,198,202,-1,202,198,197,-1,199,203,200,-1,200,203,204,-1,200,204,205,-1,204,206,205,-1,205,206,207,-1,205,207,208,-1,207,209,208,-1,208,209,210,-1,208,210,82,-1,82,210,211,-1,82,211,80,-1,212,213,214,-1,214,213,215,-1,214,215,216,-1,217,218,219,-1,219,218,220,-1,219,220,221,-1,222,223,224,-1,224,223,225,-1,224,225,212,-1,212,225,226,-1,212,226,213,-1,227,228,229,-1,229,228,230,-1,229,230,217,-1,217,230,231,-1,217,231,218,-1,232,233,234,-1,234,233,235,-1,234,235,236,-1,220,237,221,-1,221,237,238,-1,221,238,239,-1,239,238,240,-1,239,240,241,-1,235,242,236,-1,236,242,243,-1,236,243,244,-1,244,243,245,-1,244,245,227,-1,227,245,246,-1,227,246,228,-1,247,248,249,-1,249,248,250,-1,249,250,222,-1,222,250,251,-1,222,251,223,-1,252,253,254,-1,254,253,255,-1,254,255,256,-1,240,257,241,-1,241,257,258,-1,241,258,259,-1,259,258,260,-1,259,260,247,-1,247,260,261,-1,247,261,248,-1,262,263,264,-1,264,263,265,-1,264,265,252,-1,252,265,266,-1,252,266,253,-1,267,268,269,-1,269,268,270,-1,269,270,271,-1,271,270,272,-1,271,272,232,-1,232,272,273,-1,232,273,233,-1,274,275,276,-1,276,275,277,-1,276,277,267,-1,267,277,278,-1,267,278,268,-1,279,280,281,-1,281,280,282,-1,281,282,262,-1,262,282,283,-1,262,283,263,-1,284,285,286,-1,286,285,287,-1,286,287,279,-1,279,287,288,-1,279,288,280,-1,255,289,256,-1,256,289,290,-1,256,290,291,-1,291,290,292,-1,291,292,274,-1,274,292,293,-1,274,293,275,-1,215,294,216,-1,216,294,295,-1,216,295,296,-1,296,295,297,-1,296,297,298,-1,297,299,298,-1,298,299,300,-1,298,300,301,-1,301,300,302,-1,301,302,284,-1,284,302,303,-1,284,303,285,-1,304,305,306,-1,307,308,309,-1,310,311,312,-1,313,314,315,-1,316,317,318,-1,319,320,321,-1,322,323,324,-1,325,326,327,-1,328,329,330,-1,331,332,333,-1,334,335,336,-1,337,338,339,-1,340,341,342,-1,343,344,345,-1,346,347,348,-1,349,350,351,-1,352,353,354,-1,355,356,357,-1,358,359,360,-1,360,359,361,-1,362,363,364,-1,365,366,367,-1,368,369,370,-1,370,369,371,-1,372,373,309,-1,374,375,376,-1,377,378,318,-1,379,380,381,-1,382,383,384,-1,385,386,387,-1,388,389,390,-1,390,389,391,-1,392,393,394,-1,395,396,397,-1,398,399,400,-1,401,402,327,-1,403,404,405,-1,406,407,408,-1,409,410,411,-1,412,413,336,-1,414,415,416,-1,417,418,419,-1,420,421,422,-1,423,424,425,-1,425,424,426,-1,427,428,429,-1,430,431,432,-1,433,434,342,-1,435,436,345,-1,437,438,439,-1,440,441,442,-1,443,444,445,-1,446,447,448,-1,448,447,449,-1,450,451,452,-1,453,454,357,-1,455,456,457,-1,457,456,458,-1,459,460,461,-1,461,460,462,-1,461,462,463,-1,464,465,462,-1,462,465,466,-1,462,466,463,-1,467,468,469,-1,469,468,470,-1,469,470,471,-1,471,470,472,-1,471,472,473,-1,467,469,474,-1,474,469,475,-1,474,475,476,-1,477,478,475,-1,475,478,479,-1,475,479,476,-1,480,481,477,-1,477,481,482,-1,477,482,478,-1,483,484,485,-1,485,484,486,-1,486,487,488,-1,488,489,486,-1,486,489,490,-1,486,490,485,-1,491,492,493,-1,493,492,494,-1,493,494,495,-1,496,497,498,-1,498,497,499,-1,498,499,491,-1,491,499,500,-1,491,500,492,-1,501,502,503,-1,503,502,504,-1,503,504,505,-1,504,506,505,-1,505,506,507,-1,505,507,508,-1,508,507,509,-1,508,509,496,-1,496,509,510,-1,496,510,497,-1,511,512,513,-1,513,512,514,-1,513,514,501,-1,501,514,515,-1,501,515,502,-1,516,517,518,-1,518,517,519,-1,518,519,520,-1,520,519,521,-1,520,521,511,-1,511,521,522,-1,511,522,512,-1,523,524,525,-1,525,524,526,-1,525,526,527,-1,527,526,528,-1,527,528,516,-1,516,528,529,-1,516,529,517,-1,458,530,531,-1,458,531,457,-1,457,531,532,-1,457,532,533,-1,534,535,458,-1,458,535,536,-1,458,536,530,-1,537,538,534,-1,534,538,539,-1,534,539,535,-1,540,541,542,-1,542,541,543,-1,542,543,537,-1,544,545,546,-1,546,545,547,-1,546,547,548,-1,549,550,547,-1,547,550,551,-1,547,551,548,-1,552,553,554,-1,554,555,549,-1,549,555,556,-1,549,556,550,-1,553,552,557,-1,557,552,558,-1,557,558,559,-1,560,561,558,-1,558,561,562,-1,558,562,559,-1,563,564,565,-1,565,566,563,-1,563,566,567,-1,563,567,568,-1,568,567,569,-1,568,569,570,-1,571,572,573,-1,573,572,574,-1,573,574,564,-1,564,574,575,-1,564,575,565,-1,576,577,578,-1,578,577,579,-1,578,579,571,-1,571,579,580,-1,571,580,572,-1,581,582,583,-1,583,582,584,-1,583,584,585,-1,584,586,585,-1,585,586,587,-1,585,587,588,-1,588,587,589,-1,588,589,576,-1,576,589,590,-1,576,590,577,-1,591,592,593,-1,593,592,594,-1,593,594,595,-1,595,594,596,-1,595,596,581,-1,581,596,597,-1,581,597,582,-1,569,598,570,-1,570,598,599,-1,570,599,600,-1,600,599,560,-1,600,560,601,-1,601,560,558,-1,601,558,602,-1,602,558,552,-1,602,552,603,-1,554,549,552,-1,552,549,604,-1,552,604,603,-1,605,606,545,-1,545,606,607,-1,545,607,547,-1,547,607,608,-1,547,608,549,-1,549,608,609,-1,549,609,604,-1,610,605,542,-1,542,605,545,-1,542,545,540,-1,540,545,544,-1,537,534,542,-1,542,534,611,-1,542,611,610,-1,456,612,458,-1,458,612,613,-1,458,613,534,-1,534,613,614,-1,534,614,611,-1,615,616,617,-1,617,616,618,-1,619,620,618,-1,618,620,621,-1,618,621,617,-1,622,623,624,-1,625,626,627,-1,627,626,628,-1,627,628,623,-1,623,628,629,-1,623,629,624,-1,630,631,632,-1,633,634,632,-1,632,634,635,-1,632,635,630,-1,636,637,633,-1,633,637,638,-1,633,638,634,-1,639,640,641,-1,641,640,642,-1,641,642,636,-1,636,642,643,-1,636,643,637,-1,644,645,646,-1,646,645,647,-1,648,649,650,-1,650,649,651,-1,650,651,652,-1,652,651,653,-1,652,653,646,-1,646,653,654,-1,646,654,644,-1,655,656,657,-1,657,656,658,-1,657,658,659,-1,659,658,660,-1,661,662,660,-1,660,662,663,-1,660,663,659,-1,664,665,666,-1,666,665,667,-1,666,667,668,-1,669,670,671,-1,671,670,672,-1,671,672,673,-1,673,672,674,-1,673,674,675,-1,675,674,676,-1,677,678,679,-1,679,678,680,-1,452,451,680,-1,680,451,681,-1,680,681,679,-1,682,683,684,-1,684,683,685,-1,684,685,686,-1,686,685,687,-1,688,689,690,-1,690,689,691,-1,692,693,694,-1,694,693,695,-1,694,695,691,-1,691,695,696,-1,691,696,690,-1,697,698,699,-1,699,698,700,-1,701,702,700,-1,700,702,703,-1,700,703,699,-1,704,705,701,-1,701,705,706,-1,701,706,702,-1,707,708,709,-1,709,708,710,-1,709,710,711,-1,711,710,712,-1,711,712,713,-1,713,712,714,-1,713,714,715,-1,716,717,351,-1,718,719,720,-1,720,719,721,-1,445,444,720,-1,720,444,722,-1,720,722,718,-1,723,724,725,-1,725,724,726,-1,725,726,727,-1,727,726,728,-1,729,730,731,-1,732,733,734,-1,734,733,735,-1,734,735,731,-1,731,735,736,-1,731,736,729,-1,737,738,739,-1,739,738,740,-1,739,740,741,-1,741,740,742,-1,742,740,743,-1,742,743,744,-1,744,743,745,-1,744,745,746,-1,442,441,745,-1,745,441,747,-1,745,747,746,-1,748,749,750,-1,750,749,751,-1,752,753,754,-1,754,753,755,-1,754,755,756,-1,756,755,757,-1,756,757,751,-1,751,757,758,-1,751,758,750,-1,759,760,761,-1,761,760,762,-1,763,764,765,-1,765,764,766,-1,765,766,762,-1,762,766,767,-1,762,767,761,-1,768,769,770,-1,770,769,771,-1,770,771,772,-1,773,774,775,-1,775,774,776,-1,775,776,777,-1,777,776,778,-1,777,778,779,-1,779,778,780,-1,779,780,781,-1,782,783,348,-1,784,785,786,-1,787,788,789,-1,789,788,790,-1,789,790,786,-1,786,790,791,-1,786,791,784,-1,792,793,794,-1,794,793,795,-1,794,795,796,-1,796,795,797,-1,798,799,800,-1,800,799,801,-1,439,438,800,-1,800,438,802,-1,800,802,798,-1,803,804,805,-1,805,804,806,-1,805,806,807,-1,807,806,808,-1,809,810,808,-1,808,810,811,-1,808,811,807,-1,812,813,814,-1,814,813,815,-1,814,815,816,-1,817,818,819,-1,819,818,820,-1,819,820,821,-1,821,820,822,-1,821,822,823,-1,823,822,824,-1,825,826,827,-1,827,826,828,-1,432,431,828,-1,828,431,829,-1,828,829,827,-1,830,831,832,-1,832,831,833,-1,832,833,834,-1,834,833,835,-1,836,837,838,-1,838,837,839,-1,429,428,839,-1,839,428,840,-1,839,840,838,-1,841,842,843,-1,843,842,844,-1,845,846,844,-1,844,846,847,-1,844,847,843,-1,424,848,426,-1,426,848,849,-1,426,849,845,-1,845,849,850,-1,845,850,846,-1,851,852,853,-1,853,852,854,-1,853,854,855,-1,856,857,858,-1,858,857,859,-1,858,859,860,-1,860,859,861,-1,860,861,854,-1,854,861,862,-1,854,862,855,-1,863,864,865,-1,865,864,866,-1,865,866,867,-1,867,866,868,-1,869,870,868,-1,868,870,871,-1,868,871,867,-1,872,873,874,-1,874,873,875,-1,874,875,876,-1,877,878,879,-1,879,878,880,-1,879,880,881,-1,881,880,882,-1,883,884,882,-1,882,884,885,-1,882,885,881,-1,886,887,888,-1,888,887,889,-1,422,421,889,-1,889,421,890,-1,889,890,888,-1,419,418,891,-1,891,418,892,-1,891,892,893,-1,894,895,896,-1,896,895,897,-1,416,415,897,-1,897,415,898,-1,897,898,896,-1,899,900,901,-1,901,900,902,-1,903,904,905,-1,905,904,906,-1,905,906,902,-1,902,906,907,-1,902,907,901,-1,908,909,910,-1,910,909,911,-1,910,911,912,-1,913,914,915,-1,915,914,916,-1,917,918,919,-1,919,918,920,-1,919,920,916,-1,916,920,921,-1,916,921,915,-1,922,923,333,-1,924,925,926,-1,927,928,929,-1,929,928,930,-1,929,930,926,-1,926,930,931,-1,926,931,924,-1,932,933,934,-1,934,933,935,-1,934,935,936,-1,936,935,937,-1,938,939,940,-1,940,939,941,-1,411,410,940,-1,940,410,942,-1,940,942,938,-1,943,944,945,-1,945,944,946,-1,945,946,947,-1,947,946,948,-1,948,946,949,-1,948,949,950,-1,950,949,951,-1,950,951,952,-1,408,407,951,-1,951,407,953,-1,951,953,952,-1,954,955,956,-1,956,955,957,-1,958,959,960,-1,960,959,961,-1,960,961,962,-1,962,961,963,-1,962,963,957,-1,957,963,964,-1,957,964,956,-1,965,966,967,-1,967,966,968,-1,969,970,971,-1,971,970,972,-1,971,972,968,-1,968,972,973,-1,968,973,967,-1,974,975,976,-1,976,975,977,-1,976,977,978,-1,979,980,981,-1,981,980,982,-1,983,984,985,-1,985,984,986,-1,985,986,982,-1,982,986,987,-1,982,987,981,-1,988,989,990,-1,990,989,991,-1,992,993,994,-1,994,993,995,-1,994,995,991,-1,991,995,996,-1,991,996,990,-1,997,998,999,-1,999,998,1000,-1,999,1000,1001,-1,1002,1003,1004,-1,1004,1003,1005,-1,1004,1005,1006,-1,405,404,1005,-1,1005,404,1007,-1,1005,1007,1006,-1,1008,1009,1010,-1,1010,1009,1011,-1,1010,1011,1012,-1,1012,1011,1013,-1,1012,1013,1014,-1,1014,1013,1015,-1,1016,1017,1018,-1,1018,1017,1019,-1,1018,1019,1020,-1,1020,1019,1021,-1,1022,1023,1024,-1,1024,1023,1025,-1,1024,1025,1026,-1,1026,1025,1027,-1,1028,1029,1027,-1,1027,1029,1030,-1,1027,1030,1026,-1,1031,1032,1033,-1,1033,1032,1034,-1,400,399,1034,-1,1034,399,1035,-1,1034,1035,1033,-1,397,396,1036,-1,1036,396,1037,-1,1036,1037,1038,-1,1039,1040,1041,-1,1041,1040,1042,-1,394,393,1042,-1,1042,393,1043,-1,1042,1043,1041,-1,1044,1045,1046,-1,1046,1045,1047,-1,1048,1049,1047,-1,1047,1049,1050,-1,1047,1050,1046,-1,389,1051,391,-1,391,1051,1052,-1,391,1052,1048,-1,1048,1052,1053,-1,1048,1053,1049,-1,1054,1055,1056,-1,1056,1055,1057,-1,1058,1059,1057,-1,1057,1059,1060,-1,1057,1060,1056,-1,1061,1062,1063,-1,1063,1062,1064,-1,1063,1064,1058,-1,1058,1064,1065,-1,1058,1065,1059,-1,1066,1067,1068,-1,1068,1067,1069,-1,1068,1069,1070,-1,1070,1069,1071,-1,1070,1071,1072,-1,1072,1071,1073,-1,1074,1075,1076,-1,1076,1075,1077,-1,1076,1077,1078,-1,1078,1077,1079,-1,1080,1081,1082,-1,1082,1081,1083,-1,1082,1083,1084,-1,1084,1083,1085,-1,1086,1087,1085,-1,1085,1087,1088,-1,1085,1088,1084,-1,1089,1090,1091,-1,1091,1090,1092,-1,387,386,1092,-1,1092,386,1093,-1,1092,1093,1091,-1,384,383,1094,-1,1094,383,1095,-1,1094,1095,1096,-1,1097,1098,1099,-1,1099,1098,1100,-1,381,380,1100,-1,1100,380,1101,-1,1100,1101,1099,-1,1102,1103,1104,-1,1104,1103,1105,-1,1106,1107,1108,-1,1108,1107,1109,-1,1108,1109,1105,-1,1105,1109,1110,-1,1105,1110,1104,-1,1111,1112,1113,-1,1114,1115,1113,-1,1113,1115,1116,-1,1113,1116,1111,-1,1117,1118,1119,-1,1120,1121,1122,-1,1122,1121,1123,-1,1122,1123,1118,-1,1118,1123,1124,-1,1118,1124,1119,-1,1125,1126,1127,-1,1127,1126,1128,-1,1129,1130,1131,-1,1131,1130,1132,-1,1131,1132,1128,-1,1128,1132,1133,-1,1128,1133,1127,-1,1134,1135,1136,-1,1136,1135,1137,-1,1136,1137,1138,-1,1139,1140,1141,-1,1141,1140,1142,-1,1141,1142,1143,-1,376,375,1142,-1,1142,375,1144,-1,1142,1144,1143,-1,1145,1146,1147,-1,1147,1146,1148,-1,1149,1150,1151,-1,1151,1150,1152,-1,1151,1152,1148,-1,1148,1152,1153,-1,1148,1153,1147,-1,1154,1155,1156,-1,1156,1155,1157,-1,1156,1157,1149,-1,1149,1157,1158,-1,1149,1158,1150,-1,1159,1160,1161,-1,1161,1160,1162,-1,1163,1164,1165,-1,1165,1164,1166,-1,1165,1166,1162,-1,1162,1166,1167,-1,1162,1167,1161,-1,1168,1169,1163,-1,1163,1169,1170,-1,1163,1170,1164,-1,1171,1172,1173,-1,1174,1175,1176,-1,1176,1175,1177,-1,1176,1177,1172,-1,1172,1177,1178,-1,1172,1178,1173,-1,1179,1180,1181,-1,1182,1183,1181,-1,1181,1183,1184,-1,1181,1184,1179,-1,1185,1186,1187,-1,1188,1189,1190,-1,1190,1189,1191,-1,1190,1191,1186,-1,1186,1191,1192,-1,1186,1192,1187,-1,1193,1194,1195,-1,1195,1194,1196,-1,1197,1198,1199,-1,1199,1198,1200,-1,1199,1200,1196,-1,1196,1200,1201,-1,1196,1201,1195,-1,1202,1203,1204,-1,1204,1203,1205,-1,1204,1205,1206,-1,1207,1208,1209,-1,1209,1208,1210,-1,1211,1212,1213,-1,1213,1212,1214,-1,1213,1214,1210,-1,1210,1214,1215,-1,1210,1215,1209,-1,1216,1217,1218,-1,1218,1217,1219,-1,1218,1219,1220,-1,1220,1219,1221,-1,1220,1221,1222,-1,1222,1221,1223,-1,1224,1225,1226,-1,1226,1225,1227,-1,1226,1227,1228,-1,1228,1227,1229,-1,1230,1231,1232,-1,1233,1234,1232,-1,1232,1234,1235,-1,1232,1235,1230,-1,1236,1237,1233,-1,1233,1237,1238,-1,1233,1238,1234,-1,1239,1240,1241,-1,369,1242,371,-1,371,1242,1243,-1,371,1243,1240,-1,1240,1243,1244,-1,1240,1244,1241,-1,367,366,1245,-1,1245,366,1246,-1,1245,1246,1247,-1,1248,1249,1250,-1,1250,1249,1251,-1,364,363,1251,-1,1251,363,1252,-1,1251,1252,1250,-1,1253,1254,1255,-1,1255,1254,1256,-1,1257,1258,1256,-1,1256,1258,1259,-1,1256,1259,1255,-1,359,1260,361,-1,361,1260,1261,-1,361,1261,1257,-1,1257,1261,1262,-1,1257,1262,1258,-1,1263,1264,1265,-1,1265,1264,1266,-1,1265,1266,1267,-1,1267,1266,1268,-1,1267,1268,1269,-1,1270,1271,1272,-1,1272,1271,1273,-1,1272,1273,1263,-1,1263,1273,1274,-1,1263,1274,1264,-1,1275,1276,1277,-1,1278,1279,1280,-1,1280,1279,1281,-1,1280,1281,1277,-1,1277,1281,1282,-1,1277,1282,1275,-1,1283,1284,1285,-1,1285,1284,1286,-1,1285,1286,1287,-1,1287,1286,1288,-1,459,1289,460,-1,460,1289,1290,-1,460,1290,1291,-1,533,1292,457,-1,457,1292,616,-1,457,616,455,-1,455,616,615,-1,1293,618,1294,-1,1294,618,616,-1,1294,616,1295,-1,1295,616,1292,-1,1293,1296,618,-1,618,1296,622,-1,618,622,619,-1,619,622,624,-1,1296,1297,622,-1,622,1297,1298,-1,622,1298,623,-1,623,1298,1299,-1,623,1299,627,-1,627,1299,1300,-1,627,1300,1301,-1,1301,1302,627,-1,627,1302,631,-1,627,631,625,-1,625,631,630,-1,1302,1303,631,-1,631,1303,1304,-1,631,1304,632,-1,632,1304,1305,-1,632,1305,633,-1,633,1305,1306,-1,633,1306,636,-1,1307,641,1308,-1,1308,641,636,-1,1308,636,1309,-1,1309,636,1306,-1,1307,1310,641,-1,641,1310,647,-1,641,647,639,-1,639,647,645,-1,1310,1311,647,-1,647,1311,1312,-1,647,1312,646,-1,646,1312,1313,-1,646,1313,652,-1,1313,1314,652,-1,652,1314,1315,-1,652,1315,650,-1,650,1315,1316,-1,650,1316,1317,-1,1317,1318,650,-1,650,1318,656,-1,650,656,648,-1,648,656,655,-1,1319,660,1320,-1,1320,660,658,-1,1320,658,1321,-1,1321,658,656,-1,1321,656,1322,-1,1322,656,1318,-1,1319,1323,660,-1,660,1323,668,-1,660,668,661,-1,661,668,667,-1,1324,666,1325,-1,1325,666,668,-1,1325,668,1326,-1,1326,668,1323,-1,1324,1327,666,-1,666,1327,670,-1,666,670,664,-1,664,670,669,-1,1327,1328,670,-1,670,1328,1329,-1,670,1329,672,-1,672,1329,1330,-1,672,1330,674,-1,674,1330,1331,-1,674,1331,1332,-1,1332,355,674,-1,674,355,357,-1,674,357,676,-1,676,357,454,-1,356,1333,357,-1,357,1333,678,-1,357,678,453,-1,453,678,677,-1,1334,452,1335,-1,1335,452,680,-1,1335,680,1336,-1,1336,680,678,-1,1336,678,1337,-1,1337,678,1333,-1,1334,1338,452,-1,452,1338,683,-1,452,683,450,-1,450,683,682,-1,1339,685,1340,-1,1340,685,683,-1,1340,683,1341,-1,1341,683,1338,-1,1339,1342,685,-1,685,1342,689,-1,685,689,687,-1,687,689,688,-1,1342,1343,689,-1,689,1343,1344,-1,689,1344,691,-1,691,1344,1345,-1,691,1345,694,-1,694,1345,1346,-1,694,1346,1347,-1,1347,352,694,-1,694,352,354,-1,694,354,692,-1,692,354,1348,-1,353,1349,354,-1,354,1349,698,-1,354,698,1348,-1,1348,698,697,-1,1350,701,1351,-1,1351,701,700,-1,1351,700,1352,-1,1352,700,698,-1,1352,698,1353,-1,1353,698,1349,-1,1350,1354,701,-1,701,1354,449,-1,701,449,704,-1,704,449,447,-1,1355,448,1356,-1,1356,448,449,-1,1356,449,1357,-1,1357,449,1354,-1,1355,1358,448,-1,448,1358,713,-1,448,713,446,-1,446,713,715,-1,1358,1359,713,-1,713,1359,1360,-1,713,1360,711,-1,711,1360,1361,-1,711,1361,709,-1,709,1361,1362,-1,709,1362,1363,-1,1363,349,709,-1,709,349,351,-1,709,351,707,-1,707,351,717,-1,350,1364,351,-1,351,1364,721,-1,351,721,716,-1,716,721,719,-1,1365,445,1366,-1,1366,445,720,-1,1366,720,1367,-1,1367,720,721,-1,1367,721,1368,-1,1368,721,1364,-1,1365,1369,445,-1,445,1369,724,-1,445,724,443,-1,443,724,723,-1,1370,726,1371,-1,1371,726,724,-1,1371,724,1372,-1,1372,724,1369,-1,1370,1373,726,-1,726,1373,730,-1,726,730,728,-1,728,730,729,-1,1373,1374,730,-1,730,1374,1375,-1,730,1375,731,-1,731,1375,1376,-1,731,1376,734,-1,734,1376,1377,-1,734,1377,1378,-1,1378,1379,734,-1,734,1379,738,-1,734,738,732,-1,732,738,737,-1,1379,1380,738,-1,738,1380,1381,-1,738,1381,740,-1,740,1381,1382,-1,740,1382,743,-1,743,1382,1383,-1,743,1383,745,-1,1384,442,1385,-1,1385,442,745,-1,1385,745,1386,-1,1386,745,1383,-1,1384,1387,442,-1,442,1387,749,-1,442,749,440,-1,440,749,748,-1,1387,1388,749,-1,749,1388,1389,-1,749,1389,751,-1,751,1389,1390,-1,751,1390,756,-1,1390,1391,756,-1,756,1391,1392,-1,756,1392,754,-1,754,1392,1393,-1,754,1393,1394,-1,1394,1395,754,-1,754,1395,760,-1,754,760,752,-1,752,760,759,-1,1396,765,1397,-1,1397,765,762,-1,1397,762,1398,-1,1398,762,760,-1,1398,760,1399,-1,1399,760,1395,-1,1396,1400,765,-1,765,1400,772,-1,765,772,763,-1,763,772,771,-1,1401,770,1402,-1,1402,770,772,-1,1402,772,1403,-1,1403,772,1400,-1,1401,1404,770,-1,770,1404,779,-1,770,779,768,-1,768,779,781,-1,1404,1405,779,-1,779,1405,1406,-1,779,1406,777,-1,777,1406,1407,-1,777,1407,775,-1,775,1407,1408,-1,775,1408,1409,-1,1409,346,775,-1,775,346,348,-1,775,348,773,-1,773,348,783,-1,347,1410,348,-1,348,1410,785,-1,348,785,782,-1,782,785,784,-1,1411,789,1412,-1,1412,789,786,-1,1412,786,1413,-1,1413,786,785,-1,1413,785,1414,-1,1414,785,1410,-1,1411,1415,789,-1,789,1415,793,-1,789,793,787,-1,787,793,792,-1,1416,795,1417,-1,1417,795,793,-1,1417,793,1418,-1,1418,793,1415,-1,1416,1419,795,-1,795,1419,801,-1,795,801,797,-1,797,801,799,-1,1419,1420,801,-1,801,1420,1421,-1,801,1421,800,-1,800,1421,1422,-1,800,1422,439,-1,439,1422,1423,-1,439,1423,1424,-1,1424,343,439,-1,439,343,345,-1,439,345,437,-1,437,345,436,-1,344,1425,345,-1,345,1425,804,-1,345,804,435,-1,435,804,803,-1,1426,808,1427,-1,1427,808,806,-1,1427,806,1428,-1,1428,806,804,-1,1428,804,1429,-1,1429,804,1425,-1,1426,1430,808,-1,808,1430,816,-1,808,816,809,-1,809,816,815,-1,1431,814,1432,-1,1432,814,816,-1,1432,816,1433,-1,1433,816,1430,-1,1431,1434,814,-1,814,1434,818,-1,814,818,812,-1,812,818,817,-1,1434,1435,818,-1,818,1435,1436,-1,818,1436,820,-1,820,1436,1437,-1,820,1437,822,-1,822,1437,1438,-1,822,1438,1439,-1,1439,340,822,-1,822,340,342,-1,822,342,824,-1,824,342,434,-1,341,1440,342,-1,342,1440,826,-1,342,826,433,-1,433,826,825,-1,1441,432,1442,-1,1442,432,828,-1,1442,828,1443,-1,1443,828,826,-1,1443,826,1444,-1,1444,826,1440,-1,1441,1445,432,-1,432,1445,831,-1,432,831,430,-1,430,831,830,-1,1446,833,1447,-1,1447,833,831,-1,1447,831,1448,-1,1448,831,1445,-1,1446,1449,833,-1,833,1449,837,-1,833,837,835,-1,835,837,836,-1,1449,1450,837,-1,837,1450,1451,-1,837,1451,839,-1,839,1451,1452,-1,839,1452,429,-1,429,1452,1453,-1,429,1453,1454,-1,1454,1455,429,-1,429,1455,842,-1,429,842,427,-1,427,842,841,-1,1455,1456,842,-1,842,1456,1457,-1,842,1457,844,-1,844,1457,1458,-1,844,1458,845,-1,845,1458,1459,-1,845,1459,426,-1,1460,425,1461,-1,1461,425,426,-1,1461,426,1462,-1,1462,426,1459,-1,1460,1463,425,-1,425,1463,852,-1,425,852,423,-1,423,852,851,-1,1463,1464,852,-1,852,1464,1465,-1,852,1465,854,-1,854,1465,1466,-1,854,1466,860,-1,1466,1467,860,-1,860,1467,1468,-1,860,1468,858,-1,858,1468,1469,-1,858,1469,1470,-1,1470,1471,858,-1,858,1471,864,-1,858,864,856,-1,856,864,863,-1,1472,868,1473,-1,1473,868,866,-1,1473,866,1474,-1,1474,866,864,-1,1474,864,1475,-1,1475,864,1471,-1,1472,1476,868,-1,868,1476,876,-1,868,876,869,-1,869,876,875,-1,1477,874,1478,-1,1478,874,876,-1,1478,876,1479,-1,1479,876,1476,-1,1477,1480,874,-1,874,1480,878,-1,874,878,872,-1,872,878,877,-1,1480,1481,878,-1,878,1481,1482,-1,878,1482,880,-1,880,1482,1483,-1,880,1483,882,-1,882,1483,1484,-1,882,1484,1485,-1,1485,337,882,-1,882,337,339,-1,882,339,883,-1,883,339,1486,-1,338,1487,339,-1,339,1487,887,-1,339,887,1486,-1,1486,887,886,-1,1488,422,1489,-1,1489,422,889,-1,1489,889,1490,-1,1490,889,887,-1,1490,887,1491,-1,1491,887,1487,-1,1488,1492,422,-1,422,1492,891,-1,422,891,420,-1,420,891,893,-1,1493,419,1494,-1,1494,419,891,-1,1494,891,1495,-1,1495,891,1492,-1,1493,1496,419,-1,419,1496,895,-1,419,895,417,-1,417,895,894,-1,1496,1497,895,-1,895,1497,1498,-1,895,1498,897,-1,897,1498,1499,-1,897,1499,416,-1,416,1499,1500,-1,416,1500,1501,-1,1501,334,416,-1,416,334,336,-1,416,336,414,-1,414,336,413,-1,335,1502,336,-1,336,1502,900,-1,336,900,412,-1,412,900,899,-1,1503,905,1504,-1,1504,905,902,-1,1504,902,1505,-1,1505,902,900,-1,1505,900,1506,-1,1506,900,1502,-1,1503,1507,905,-1,905,1507,912,-1,905,912,903,-1,903,912,911,-1,1508,910,1509,-1,1509,910,912,-1,1509,912,1510,-1,1510,912,1507,-1,1508,1511,910,-1,910,1511,914,-1,910,914,908,-1,908,914,913,-1,1511,1512,914,-1,914,1512,1513,-1,914,1513,916,-1,916,1513,1514,-1,916,1514,919,-1,919,1514,1515,-1,919,1515,1516,-1,1516,331,919,-1,919,331,333,-1,919,333,917,-1,917,333,923,-1,332,1517,333,-1,333,1517,925,-1,333,925,922,-1,922,925,924,-1,1518,929,1519,-1,1519,929,926,-1,1519,926,1520,-1,1520,926,925,-1,1520,925,1521,-1,1521,925,1517,-1,1518,1522,929,-1,929,1522,933,-1,929,933,927,-1,927,933,932,-1,1523,935,1524,-1,1524,935,933,-1,1524,933,1525,-1,1525,933,1522,-1,1523,1526,935,-1,935,1526,941,-1,935,941,937,-1,937,941,939,-1,1526,1527,941,-1,941,1527,1528,-1,941,1528,940,-1,940,1528,1529,-1,940,1529,411,-1,411,1529,1530,-1,411,1530,1531,-1,1531,1532,411,-1,411,1532,944,-1,411,944,409,-1,409,944,943,-1,1532,1533,944,-1,944,1533,1534,-1,944,1534,946,-1,946,1534,1535,-1,946,1535,949,-1,949,1535,1536,-1,949,1536,951,-1,1537,408,1538,-1,1538,408,951,-1,1538,951,1539,-1,1539,951,1536,-1,1537,1540,408,-1,408,1540,955,-1,408,955,406,-1,406,955,954,-1,1540,1541,955,-1,955,1541,1542,-1,955,1542,957,-1,957,1542,1543,-1,957,1543,962,-1,1543,1544,962,-1,962,1544,1545,-1,962,1545,960,-1,960,1545,1546,-1,960,1546,1547,-1,1547,1548,960,-1,960,1548,966,-1,960,966,958,-1,958,966,965,-1,1549,971,1550,-1,1550,971,968,-1,1550,968,1551,-1,1551,968,966,-1,1551,966,1552,-1,1552,966,1548,-1,1549,1553,971,-1,971,1553,978,-1,971,978,969,-1,969,978,977,-1,1554,976,1555,-1,1555,976,978,-1,1555,978,1556,-1,1556,978,1553,-1,1554,1557,976,-1,976,1557,980,-1,976,980,974,-1,974,980,979,-1,1557,1558,980,-1,980,1558,1559,-1,980,1559,982,-1,982,1559,1560,-1,982,1560,985,-1,985,1560,1561,-1,985,1561,1562,-1,1562,328,985,-1,985,328,330,-1,985,330,983,-1,983,330,1563,-1,329,1564,330,-1,330,1564,989,-1,330,989,1563,-1,1563,989,988,-1,1565,994,1566,-1,1566,994,991,-1,1566,991,1567,-1,1567,991,989,-1,1567,989,1568,-1,1568,989,1564,-1,1565,1569,994,-1,994,1569,998,-1,994,998,992,-1,992,998,997,-1,1570,1000,1571,-1,1571,1000,998,-1,1571,998,1572,-1,1572,998,1569,-1,1570,1573,1000,-1,1000,1573,1003,-1,1000,1003,1001,-1,1001,1003,1002,-1,1573,1574,1003,-1,1003,1574,1575,-1,1003,1575,1005,-1,1005,1575,1576,-1,1005,1576,405,-1,405,1576,1577,-1,405,1577,1578,-1,1578,325,405,-1,405,325,327,-1,405,327,403,-1,403,327,402,-1,326,1579,327,-1,327,1579,1009,-1,327,1009,401,-1,401,1009,1008,-1,1580,1013,1581,-1,1581,1013,1011,-1,1581,1011,1582,-1,1582,1011,1009,-1,1582,1009,1583,-1,1583,1009,1579,-1,1580,1584,1013,-1,1013,1584,1017,-1,1013,1017,1015,-1,1015,1017,1016,-1,1585,1019,1586,-1,1586,1019,1017,-1,1586,1017,1587,-1,1587,1017,1584,-1,1585,1588,1019,-1,1019,1588,1023,-1,1019,1023,1021,-1,1021,1023,1022,-1,1588,1589,1023,-1,1023,1589,1590,-1,1023,1590,1025,-1,1025,1590,1591,-1,1025,1591,1027,-1,1027,1591,1592,-1,1027,1592,1593,-1,1593,322,1027,-1,1027,322,324,-1,1027,324,1028,-1,1028,324,1594,-1,323,1595,324,-1,324,1595,1032,-1,324,1032,1594,-1,1594,1032,1031,-1,1596,400,1597,-1,1597,400,1034,-1,1597,1034,1598,-1,1598,1034,1032,-1,1598,1032,1599,-1,1599,1032,1595,-1,1596,1600,400,-1,400,1600,1036,-1,400,1036,398,-1,398,1036,1038,-1,1601,397,1602,-1,1602,397,1036,-1,1602,1036,1603,-1,1603,1036,1600,-1,1601,1604,397,-1,397,1604,1040,-1,397,1040,395,-1,395,1040,1039,-1,1604,1605,1040,-1,1040,1605,1606,-1,1040,1606,1042,-1,1042,1606,1607,-1,1042,1607,394,-1,394,1607,1608,-1,394,1608,1609,-1,1609,1610,394,-1,394,1610,1045,-1,394,1045,392,-1,392,1045,1044,-1,1610,1611,1045,-1,1045,1611,1612,-1,1045,1612,1047,-1,1047,1612,1613,-1,1047,1613,1048,-1,1048,1613,1614,-1,1048,1614,391,-1,1615,390,1616,-1,1616,390,391,-1,1616,391,1617,-1,1617,391,1614,-1,1615,1618,390,-1,390,1618,1055,-1,390,1055,388,-1,388,1055,1054,-1,1618,1619,1055,-1,1055,1619,1620,-1,1055,1620,1057,-1,1057,1620,1621,-1,1057,1621,1058,-1,1621,1622,1058,-1,1058,1622,1623,-1,1058,1623,1063,-1,1063,1623,1624,-1,1063,1624,1625,-1,1625,1626,1063,-1,1063,1626,1067,-1,1063,1067,1061,-1,1061,1067,1066,-1,1627,1071,1628,-1,1628,1071,1069,-1,1628,1069,1629,-1,1629,1069,1067,-1,1629,1067,1630,-1,1630,1067,1626,-1,1627,1631,1071,-1,1071,1631,1075,-1,1071,1075,1073,-1,1073,1075,1074,-1,1632,1077,1633,-1,1633,1077,1075,-1,1633,1075,1634,-1,1634,1075,1631,-1,1632,1635,1077,-1,1077,1635,1081,-1,1077,1081,1079,-1,1079,1081,1080,-1,1635,1636,1081,-1,1081,1636,1637,-1,1081,1637,1083,-1,1083,1637,1638,-1,1083,1638,1085,-1,1085,1638,1639,-1,1085,1639,1640,-1,1640,319,1085,-1,1085,319,321,-1,1085,321,1086,-1,1086,321,1641,-1,320,1642,321,-1,321,1642,1090,-1,321,1090,1641,-1,1641,1090,1089,-1,1643,387,1644,-1,1644,387,1092,-1,1644,1092,1645,-1,1645,1092,1090,-1,1645,1090,1646,-1,1646,1090,1642,-1,1643,1647,387,-1,387,1647,1094,-1,387,1094,385,-1,385,1094,1096,-1,1648,384,1649,-1,1649,384,1094,-1,1649,1094,1650,-1,1650,1094,1647,-1,1648,1651,384,-1,384,1651,1098,-1,384,1098,382,-1,382,1098,1097,-1,1651,1652,1098,-1,1098,1652,1653,-1,1098,1653,1100,-1,1100,1653,1654,-1,1100,1654,381,-1,381,1654,1655,-1,381,1655,1656,-1,1656,316,381,-1,381,316,318,-1,381,318,379,-1,379,318,378,-1,317,1657,318,-1,318,1657,1103,-1,318,1103,377,-1,377,1103,1102,-1,1658,1108,1659,-1,1659,1108,1105,-1,1659,1105,1660,-1,1660,1105,1103,-1,1660,1103,1661,-1,1661,1103,1657,-1,1658,1662,1108,-1,1108,1662,1112,-1,1108,1112,1106,-1,1106,1112,1111,-1,1663,1113,1664,-1,1664,1113,1112,-1,1664,1112,1665,-1,1665,1112,1662,-1,1663,1666,1113,-1,1113,1666,1117,-1,1113,1117,1114,-1,1114,1117,1119,-1,1666,1667,1117,-1,1117,1667,1668,-1,1117,1668,1118,-1,1118,1668,1669,-1,1118,1669,1122,-1,1122,1669,1670,-1,1122,1670,1671,-1,1671,313,1122,-1,1122,313,315,-1,1122,315,1120,-1,1120,315,1672,-1,314,1673,315,-1,315,1673,1126,-1,315,1126,1672,-1,1672,1126,1125,-1,1674,1131,1675,-1,1675,1131,1128,-1,1675,1128,1676,-1,1676,1128,1126,-1,1676,1126,1677,-1,1677,1126,1673,-1,1674,1678,1131,-1,1131,1678,1135,-1,1131,1135,1129,-1,1129,1135,1134,-1,1679,1137,1680,-1,1680,1137,1135,-1,1680,1135,1681,-1,1681,1135,1678,-1,1679,1682,1137,-1,1137,1682,1140,-1,1137,1140,1138,-1,1138,1140,1139,-1,1682,1683,1140,-1,1140,1683,1684,-1,1140,1684,1142,-1,1142,1684,1685,-1,1142,1685,376,-1,376,1685,1686,-1,376,1686,1687,-1,1687,1688,376,-1,376,1688,1146,-1,376,1146,374,-1,374,1146,1145,-1,1688,1689,1146,-1,1146,1689,1690,-1,1146,1690,1148,-1,1148,1690,1691,-1,1148,1691,1151,-1,1151,1691,1692,-1,1151,1692,1149,-1,1693,1156,1694,-1,1694,1156,1149,-1,1694,1149,1695,-1,1695,1149,1692,-1,1693,1696,1156,-1,1156,1696,1160,-1,1156,1160,1154,-1,1154,1160,1159,-1,1696,1697,1160,-1,1160,1697,1698,-1,1160,1698,1162,-1,1162,1698,1699,-1,1162,1699,1165,-1,1699,1700,1165,-1,1165,1700,1701,-1,1165,1701,1163,-1,1163,1701,1702,-1,1163,1702,1703,-1,1703,1704,1163,-1,1163,1704,1171,-1,1163,1171,1168,-1,1168,1171,1173,-1,1705,1176,1706,-1,1706,1176,1172,-1,1706,1172,1707,-1,1707,1172,1171,-1,1707,1171,1708,-1,1708,1171,1704,-1,1705,1709,1176,-1,1176,1709,1180,-1,1176,1180,1174,-1,1174,1180,1179,-1,1710,1181,1711,-1,1711,1181,1180,-1,1711,1180,1712,-1,1712,1180,1709,-1,1710,1713,1181,-1,1181,1713,1185,-1,1181,1185,1182,-1,1182,1185,1187,-1,1713,1714,1185,-1,1185,1714,1715,-1,1185,1715,1186,-1,1186,1715,1716,-1,1186,1716,1190,-1,1190,1716,1717,-1,1190,1717,1718,-1,1718,310,1190,-1,1190,310,312,-1,1190,312,1188,-1,1188,312,1719,-1,311,1720,312,-1,312,1720,1194,-1,312,1194,1719,-1,1719,1194,1193,-1,1721,1199,1722,-1,1722,1199,1196,-1,1722,1196,1723,-1,1723,1196,1194,-1,1723,1194,1724,-1,1724,1194,1720,-1,1721,1725,1199,-1,1199,1725,1203,-1,1199,1203,1197,-1,1197,1203,1202,-1,1726,1205,1727,-1,1727,1205,1203,-1,1727,1203,1728,-1,1728,1203,1725,-1,1726,1729,1205,-1,1205,1729,1208,-1,1205,1208,1206,-1,1206,1208,1207,-1,1729,1730,1208,-1,1208,1730,1731,-1,1208,1731,1210,-1,1210,1731,1732,-1,1210,1732,1213,-1,1213,1732,1733,-1,1213,1733,1734,-1,1734,307,1213,-1,1213,307,309,-1,1213,309,1211,-1,1211,309,373,-1,308,1735,309,-1,309,1735,1217,-1,309,1217,372,-1,372,1217,1216,-1,1736,1221,1737,-1,1737,1221,1219,-1,1737,1219,1738,-1,1738,1219,1217,-1,1738,1217,1739,-1,1739,1217,1735,-1,1736,1740,1221,-1,1221,1740,1225,-1,1221,1225,1223,-1,1223,1225,1224,-1,1741,1227,1742,-1,1742,1227,1225,-1,1742,1225,1743,-1,1743,1225,1740,-1,1741,1744,1227,-1,1227,1744,1231,-1,1227,1231,1229,-1,1229,1231,1230,-1,1744,1745,1231,-1,1231,1745,1746,-1,1231,1746,1232,-1,1232,1746,1747,-1,1232,1747,1233,-1,1233,1747,1748,-1,1233,1748,1749,-1,1749,1750,1233,-1,1233,1750,1239,-1,1233,1239,1236,-1,1236,1239,1241,-1,1750,1751,1239,-1,1239,1751,1752,-1,1239,1752,1240,-1,1240,1752,1753,-1,1240,1753,371,-1,1754,370,1755,-1,1755,370,371,-1,1755,371,1756,-1,1756,371,1753,-1,1754,1757,370,-1,370,1757,1245,-1,370,1245,368,-1,368,1245,1247,-1,1758,367,1759,-1,1759,367,1245,-1,1759,1245,1760,-1,1760,1245,1757,-1,1758,1761,367,-1,367,1761,1249,-1,367,1249,365,-1,365,1249,1248,-1,1761,1762,1249,-1,1249,1762,1763,-1,1249,1763,1251,-1,1251,1763,1764,-1,1251,1764,364,-1,364,1764,1765,-1,364,1765,1766,-1,1766,1767,364,-1,364,1767,1254,-1,364,1254,362,-1,362,1254,1253,-1,1767,1768,1254,-1,1254,1768,1769,-1,1254,1769,1256,-1,1256,1769,1770,-1,1256,1770,1257,-1,1257,1770,1771,-1,1257,1771,361,-1,1772,360,1773,-1,1773,360,361,-1,1773,361,1774,-1,1774,361,1771,-1,1772,1775,360,-1,360,1775,1267,-1,360,1267,358,-1,358,1267,1269,-1,1775,1776,1267,-1,1267,1776,1777,-1,1267,1777,1265,-1,1265,1777,1778,-1,1265,1778,1263,-1,1778,1779,1263,-1,1263,1779,1780,-1,1263,1780,1272,-1,1272,1780,1781,-1,1272,1781,1782,-1,1782,1783,1272,-1,1272,1783,1276,-1,1272,1276,1270,-1,1270,1276,1275,-1,1784,1280,1785,-1,1785,1280,1277,-1,1785,1277,1786,-1,1786,1277,1276,-1,1786,1276,1787,-1,1787,1276,1783,-1,1784,1788,1280,-1,1280,1788,1284,-1,1280,1284,1278,-1,1278,1284,1283,-1,1789,1286,1790,-1,1790,1286,1284,-1,1790,1284,1791,-1,1791,1284,1788,-1,1789,1792,1286,-1,1286,1792,1291,-1,1286,1291,1288,-1,1288,1291,1290,-1,1792,1793,1291,-1,1291,1793,1794,-1,1291,1794,460,-1,460,1794,1795,-1,460,1795,462,-1,462,1795,1796,-1,462,1796,1797,-1,1797,304,462,-1,462,304,306,-1,462,306,464,-1,464,306,1798,-1,305,1799,306,-1,306,1799,471,-1,306,471,1798,-1,1798,471,473,-1,1799,1800,471,-1,471,1800,1801,-1,471,1801,469,-1,469,1801,1802,-1,469,1802,475,-1,1803,477,1804,-1,1804,477,475,-1,1804,475,1805,-1,1805,475,1802,-1,1803,1806,477,-1,477,1806,484,-1,477,484,480,-1,480,484,483,-1,494,1807,495,-1,495,1807,1808,-1,495,1808,1809,-1,1809,1808,487,-1,1809,487,1810,-1,1810,487,486,-1,1810,486,1811,-1,1811,486,484,-1,1811,484,1812,-1,1812,484,1806,-1,520,511,1813,-1,1755,1756,1814,-1,1737,1738,1815,-1,1712,1709,1816,-1,1628,1629,1817,-1,1613,1612,1818,-1,1819,1820,1296,-1,1303,1302,1821,-1,1822,1823,1824,-1,1825,1826,1827,-1,1828,1829,523,-1,1830,1831,1832,-1,1830,1832,1828,-1,1828,1832,1833,-1,1828,1833,1829,-1,1834,1835,1836,-1,1836,1835,1830,-1,1830,1835,1837,-1,1830,1837,1831,-1,1838,1839,1836,-1,1836,1839,1840,-1,1836,1840,1834,-1,1826,1841,1827,-1,1827,1841,1842,-1,1827,1842,1843,-1,1843,1842,1844,-1,1845,1846,1847,-1,1847,1846,1848,-1,1847,1848,1849,-1,1850,1851,1852,-1,1852,1851,1853,-1,1852,1853,1854,-1,1855,1856,1857,-1,1855,1857,1858,-1,1858,1857,1859,-1,1858,1859,1860,-1,1860,1859,1861,-1,1860,1861,1850,-1,1850,1861,1862,-1,1850,1862,1851,-1,1856,1855,1863,-1,1863,1855,1864,-1,1863,1864,1865,-1,1865,1864,1866,-1,1866,1864,1867,-1,1866,1867,1868,-1,1868,1867,1869,-1,1868,1869,1870,-1,1870,1869,1871,-1,1871,1869,1872,-1,1871,1872,1873,-1,1873,1872,1874,-1,1873,1874,1875,-1,1875,1874,1876,-1,1875,1876,1877,-1,1877,1876,1878,-1,1878,1876,1879,-1,1878,1879,1880,-1,1823,1881,1824,-1,1824,1881,1882,-1,1824,1882,1883,-1,1884,1885,1824,-1,1824,1885,1886,-1,1824,1886,1822,-1,1887,1888,1889,-1,1889,1888,1890,-1,1889,1890,1884,-1,1884,1890,1891,-1,1884,1891,1885,-1,1892,1893,1894,-1,1894,1893,1895,-1,1894,1895,1889,-1,1889,1895,1896,-1,1889,1896,1887,-1,1892,1894,1897,-1,1897,1894,1898,-1,1897,1898,1899,-1,1900,1901,1898,-1,1898,1901,1902,-1,1898,1902,1899,-1,1903,1904,1900,-1,1900,1904,1905,-1,1900,1905,1901,-1,1821,1906,1303,-1,1303,1906,1903,-1,1303,1903,1304,-1,1304,1903,1900,-1,1304,1900,1305,-1,1299,1298,1907,-1,1907,1908,1299,-1,1299,1908,1909,-1,1299,1909,1300,-1,1300,1909,1910,-1,1300,1910,1301,-1,1301,1910,1911,-1,1301,1911,1302,-1,1302,1911,1912,-1,1302,1912,1821,-1,1296,1820,1297,-1,1297,1820,1913,-1,1297,1913,1298,-1,1298,1913,1914,-1,1298,1914,1907,-1,1819,1296,1915,-1,1915,1296,1293,-1,1915,1293,1916,-1,1916,1293,1294,-1,1916,1294,1917,-1,1917,1294,1295,-1,1917,1295,1918,-1,1918,1295,1919,-1,1919,1295,1292,-1,1919,1292,1920,-1,1920,1292,533,-1,1920,533,532,-1,1305,1900,1306,-1,1306,1900,1898,-1,1306,1898,1309,-1,1309,1898,1894,-1,1309,1894,1308,-1,1308,1894,1307,-1,1307,1894,1889,-1,1307,1889,1310,-1,1310,1889,1311,-1,1311,1889,1884,-1,1311,1884,1312,-1,1312,1884,1313,-1,1313,1884,1824,-1,1313,1824,1314,-1,1883,1316,1824,-1,1824,1316,1315,-1,1824,1315,1314,-1,1321,1322,1921,-1,1921,1322,1318,-1,1921,1318,1883,-1,1883,1318,1317,-1,1883,1317,1316,-1,1326,1323,1922,-1,1922,1323,1319,-1,1922,1319,1923,-1,1923,1319,1320,-1,1325,1924,1324,-1,1324,1924,1925,-1,1324,1925,1327,-1,1327,1925,1328,-1,1329,1926,1330,-1,1330,1926,1927,-1,1330,1927,1331,-1,1333,356,1928,-1,1928,356,355,-1,1928,355,1927,-1,1927,355,1332,-1,1927,1332,1331,-1,1337,1929,1336,-1,1336,1929,1930,-1,1336,1930,1335,-1,1335,1930,1334,-1,1338,1931,1341,-1,1341,1931,1932,-1,1343,1342,1933,-1,1933,1342,1339,-1,1933,1339,1932,-1,1932,1339,1340,-1,1932,1340,1341,-1,1344,1934,1345,-1,1345,1934,1935,-1,352,1347,1935,-1,1935,1347,1346,-1,1935,1346,1345,-1,353,1936,1349,-1,1349,1936,1937,-1,1349,1937,1353,-1,1353,1937,1352,-1,1938,1350,1939,-1,1939,1350,1351,-1,1355,1356,1940,-1,1940,1356,1357,-1,1940,1357,1938,-1,1938,1357,1354,-1,1938,1354,1350,-1,1358,1941,1359,-1,1359,1941,1942,-1,1362,1361,1942,-1,1942,1361,1360,-1,1942,1360,1359,-1,1363,1943,349,-1,349,1943,1944,-1,349,1944,350,-1,350,1944,1364,-1,1368,1945,1367,-1,1367,1945,1946,-1,1367,1946,1366,-1,1366,1946,1365,-1,1369,1947,1372,-1,1372,1947,1948,-1,1372,1948,1371,-1,1371,1948,1370,-1,1373,1949,1374,-1,1374,1949,1950,-1,1377,1376,1950,-1,1950,1376,1375,-1,1950,1375,1374,-1,1951,1379,1952,-1,1952,1379,1378,-1,1383,1382,1953,-1,1953,1382,1381,-1,1953,1381,1951,-1,1951,1381,1380,-1,1951,1380,1379,-1,1384,1385,1954,-1,1954,1385,1386,-1,1954,1386,1955,-1,1387,1956,1388,-1,1388,1956,1957,-1,1958,1390,1957,-1,1957,1390,1389,-1,1957,1389,1388,-1,1393,1392,1958,-1,1958,1392,1391,-1,1958,1391,1390,-1,1394,1959,1395,-1,1395,1959,1960,-1,1395,1960,1399,-1,1399,1960,1398,-1,1403,1400,1961,-1,1961,1400,1396,-1,1961,1396,1962,-1,1962,1396,1397,-1,1402,1963,1401,-1,1401,1963,1964,-1,1407,1406,1965,-1,1965,1406,1405,-1,1965,1405,1964,-1,1964,1405,1404,-1,1964,1404,1401,-1,1410,347,1966,-1,1966,347,346,-1,1966,346,1967,-1,1967,346,1409,-1,1967,1409,1408,-1,1968,1413,1969,-1,1969,1413,1414,-1,1418,1415,1970,-1,1970,1415,1411,-1,1970,1411,1968,-1,1968,1411,1412,-1,1968,1412,1413,-1,1417,1971,1416,-1,1416,1971,1972,-1,1416,1972,1419,-1,1419,1972,1420,-1,1421,1973,1422,-1,1422,1973,1974,-1,343,1424,1974,-1,1974,1424,1423,-1,1974,1423,1422,-1,1975,1976,1428,-1,344,1977,1425,-1,1425,1977,1975,-1,1425,1975,1429,-1,1429,1975,1428,-1,1433,1430,1978,-1,1978,1430,1426,-1,1978,1426,1976,-1,1976,1426,1427,-1,1976,1427,1428,-1,1432,1979,1431,-1,1431,1979,1980,-1,1431,1980,1434,-1,1434,1980,1435,-1,1981,1438,1982,-1,1982,1438,1437,-1,1982,1437,1436,-1,1440,341,1983,-1,1983,341,340,-1,1983,340,1981,-1,1981,340,1439,-1,1981,1439,1438,-1,1444,1984,1443,-1,1443,1984,1985,-1,1443,1985,1442,-1,1442,1985,1441,-1,1445,1986,1448,-1,1448,1986,1987,-1,1448,1987,1447,-1,1447,1987,1446,-1,1449,1988,1450,-1,1450,1988,1989,-1,1450,1989,1451,-1,1455,1454,1990,-1,1990,1454,1453,-1,1990,1453,1989,-1,1989,1453,1452,-1,1989,1452,1451,-1,1456,1991,1457,-1,1457,1991,1992,-1,1457,1992,1458,-1,1458,1992,1459,-1,1993,1994,1462,-1,1464,1463,1995,-1,1995,1463,1460,-1,1995,1460,1994,-1,1994,1460,1461,-1,1994,1461,1462,-1,1465,1996,1466,-1,1466,1996,1997,-1,1469,1468,1997,-1,1997,1468,1467,-1,1997,1467,1466,-1,1470,1998,1471,-1,1471,1998,1999,-1,1471,1999,1475,-1,1475,1999,1474,-1,2000,1472,2001,-1,2001,1472,1473,-1,2002,1479,2000,-1,2000,1479,1476,-1,2000,1476,1472,-1,1481,1480,2003,-1,2003,1480,1477,-1,2003,1477,2002,-1,2002,1477,1478,-1,2002,1478,1479,-1,1482,2004,1483,-1,1483,2004,2005,-1,337,1485,2005,-1,2005,1485,1484,-1,2005,1484,1483,-1,338,2006,1487,-1,1487,2006,2007,-1,1487,2007,1491,-1,1491,2007,1490,-1,1495,1492,2008,-1,2008,1492,1488,-1,2008,1488,2009,-1,2009,1488,1489,-1,1494,2010,1493,-1,1493,2010,2011,-1,1493,2011,1496,-1,1496,2011,1497,-1,1498,2012,1499,-1,1499,2012,2013,-1,334,1501,2013,-1,2013,1501,1500,-1,2013,1500,1499,-1,335,2014,1502,-1,1502,2014,2015,-1,1502,2015,1506,-1,1506,2015,1505,-1,1510,1507,2016,-1,2016,1507,1503,-1,2016,1503,2017,-1,2017,1503,1504,-1,1509,2018,1508,-1,1508,2018,2019,-1,2020,1512,2019,-1,2019,1512,1511,-1,2019,1511,1508,-1,1515,1514,2020,-1,2020,1514,1513,-1,2020,1513,1512,-1,1516,2021,331,-1,331,2021,2022,-1,331,2022,332,-1,332,2022,1517,-1,1521,2023,1520,-1,1520,2023,2024,-1,1520,2024,1519,-1,1519,2024,1518,-1,1522,2025,1525,-1,1525,2025,2026,-1,2027,1523,2026,-1,2026,1523,1524,-1,2026,1524,1525,-1,2028,1527,2027,-1,2027,1527,1526,-1,2027,1526,1523,-1,1530,1529,2028,-1,2028,1529,1528,-1,2028,1528,1527,-1,1531,2029,1532,-1,1532,2029,2030,-1,1532,2030,1533,-1,1533,2030,1534,-1,1535,2031,1536,-1,1536,2031,2032,-1,1536,2032,1539,-1,1538,2033,1537,-1,1537,2033,2034,-1,1537,2034,1540,-1,1540,2034,1541,-1,1542,2035,1543,-1,1543,2035,2036,-1,1546,1545,2036,-1,2036,1545,1544,-1,2036,1544,1543,-1,2037,2038,1551,-1,1547,2039,1548,-1,1548,2039,2037,-1,1548,2037,1552,-1,1552,2037,1551,-1,1556,1553,2040,-1,2040,1553,1549,-1,2040,1549,2038,-1,2038,1549,1550,-1,2038,1550,1551,-1,1555,2041,1554,-1,1554,2041,2042,-1,1554,2042,1557,-1,1557,2042,1558,-1,1559,2043,1560,-1,1560,2043,2044,-1,1560,2044,1561,-1,1564,329,2045,-1,2045,329,328,-1,2045,328,2044,-1,2044,328,1562,-1,2044,1562,1561,-1,1568,2046,1567,-1,1567,2046,2047,-1,1567,2047,1566,-1,1566,2047,1565,-1,1569,2048,1572,-1,1572,2048,2049,-1,1572,2049,1571,-1,1571,2049,1570,-1,1573,2050,1574,-1,1574,2050,2051,-1,1574,2051,1575,-1,1575,2051,1576,-1,1576,2051,2052,-1,1576,2052,1577,-1,1579,326,2053,-1,2053,326,325,-1,2053,325,2052,-1,2052,325,1578,-1,2052,1578,1577,-1,1583,2054,1582,-1,1582,2054,2055,-1,1582,2055,1581,-1,1581,2055,1580,-1,1584,2056,1587,-1,1587,2056,2057,-1,1587,2057,1586,-1,1586,2057,1585,-1,1588,2058,1589,-1,1589,2058,2059,-1,1592,1591,2059,-1,2059,1591,1590,-1,2059,1590,1589,-1,1593,2060,322,-1,322,2060,2061,-1,322,2061,323,-1,323,2061,1595,-1,1599,2062,1598,-1,1598,2062,2063,-1,1598,2063,1597,-1,1597,2063,1596,-1,1600,2064,1603,-1,1603,2064,2065,-1,1603,2065,1602,-1,1602,2065,1601,-1,1604,2066,1605,-1,1605,2066,2067,-1,1608,1607,2067,-1,2067,1607,1606,-1,2067,1606,1605,-1,2068,1610,2069,-1,2069,1610,1609,-1,1818,1612,2068,-1,2068,1612,1611,-1,2068,1611,1610,-1,1614,2070,1617,-1,1617,2070,2071,-1,1617,2071,1616,-1,1616,2071,1615,-1,1618,2072,1619,-1,1619,2072,2073,-1,1619,2073,1620,-1,1620,2073,1621,-1,2074,1624,2075,-1,2075,1624,1623,-1,2075,1623,1622,-1,1817,1629,2076,-1,1629,1630,2076,-1,2076,1630,1626,-1,2076,1626,2074,-1,2074,1626,1625,-1,2074,1625,1624,-1,1632,1633,2077,-1,2077,1633,1634,-1,2077,1634,2078,-1,2078,1634,1631,-1,2078,1631,1627,-1,1635,2079,1636,-1,1636,2079,2080,-1,1636,2080,1637,-1,1637,2080,1638,-1,1642,320,2081,-1,2081,320,319,-1,2081,319,2082,-1,2082,319,1640,-1,2082,1640,1639,-1,1646,2083,1645,-1,1645,2083,2084,-1,1645,2084,1644,-1,1644,2084,1643,-1,1647,2085,1650,-1,1650,2085,2086,-1,1650,2086,1649,-1,1649,2086,1648,-1,1651,2087,1652,-1,1652,2087,2088,-1,1652,2088,1653,-1,1653,2088,1654,-1,1654,2088,2089,-1,1654,2089,1655,-1,1657,317,2090,-1,2090,317,316,-1,2090,316,2089,-1,2089,316,1656,-1,2089,1656,1655,-1,1661,2091,1660,-1,1660,2091,2092,-1,1660,2092,1659,-1,1659,2092,1658,-1,1662,2093,1665,-1,1665,2093,2094,-1,1665,2094,1664,-1,1664,2094,1663,-1,1666,2095,1667,-1,1667,2095,2096,-1,1670,1669,2096,-1,2096,1669,1668,-1,2096,1668,1667,-1,1671,2097,313,-1,313,2097,2098,-1,313,2098,314,-1,314,2098,1673,-1,2099,1676,2100,-1,2100,1676,1677,-1,1681,1678,2101,-1,2101,1678,1674,-1,2101,1674,2099,-1,2099,1674,1675,-1,2099,1675,1676,-1,1680,2102,1679,-1,1679,2102,2103,-1,1679,2103,1682,-1,1682,2103,1683,-1,2104,1686,2105,-1,2105,1686,1685,-1,2105,1685,1684,-1,1690,1689,2106,-1,2106,1689,1688,-1,2106,1688,2104,-1,2104,1688,1687,-1,2104,1687,1686,-1,1695,1692,2107,-1,2107,1692,1691,-1,2107,1691,2108,-1,1694,2109,1693,-1,1693,2109,2110,-1,1693,2110,1696,-1,1696,2110,1697,-1,1698,2111,1699,-1,1699,2111,2112,-1,1699,2112,1700,-1,2113,1702,2112,-1,2112,1702,1701,-1,2112,1701,1700,-1,1707,1708,2114,-1,2114,1708,1704,-1,2114,1704,2113,-1,2113,1704,1703,-1,2113,1703,1702,-1,1709,1705,1816,-1,1816,1705,1706,-1,1816,1706,2115,-1,1711,2116,1710,-1,1710,2116,2117,-1,1716,1715,2118,-1,2118,1715,1714,-1,2118,1714,2117,-1,2117,1714,1713,-1,2117,1713,1710,-1,1720,311,2119,-1,2119,311,310,-1,2119,310,2120,-1,2120,310,1718,-1,2120,1718,1717,-1,1724,2121,1723,-1,1723,2121,2122,-1,1723,2122,1722,-1,2123,1728,2124,-1,2124,1728,1725,-1,2124,1725,1721,-1,1730,1729,2125,-1,2125,1729,1726,-1,2125,1726,2123,-1,2123,1726,1727,-1,2123,1727,1728,-1,1731,2126,1732,-1,1732,2126,2127,-1,307,1734,2127,-1,2127,1734,1733,-1,2127,1733,1732,-1,2128,1735,2129,-1,2129,1735,308,-1,1815,1738,2128,-1,2128,1738,1739,-1,2128,1739,1735,-1,1741,1742,2130,-1,2130,1742,1743,-1,2130,1743,2131,-1,2131,1743,1740,-1,2131,1740,1736,-1,1744,2132,1745,-1,1745,2132,2133,-1,1748,1747,2133,-1,2133,1747,1746,-1,2133,1746,1745,-1,2134,1750,2135,-1,2135,1750,1749,-1,1814,1756,2136,-1,1756,1753,2136,-1,2136,1753,1752,-1,2136,1752,2134,-1,2134,1752,1751,-1,2134,1751,1750,-1,1758,1759,2137,-1,2137,1759,1760,-1,2137,1760,2138,-1,2138,1760,1757,-1,2138,1757,1754,-1,1761,2139,1762,-1,1762,2139,2140,-1,1762,2140,1763,-1,1767,1766,2141,-1,2141,1766,1765,-1,2141,1765,2140,-1,2140,1765,1764,-1,2140,1764,1763,-1,1768,2142,1769,-1,1769,2142,2143,-1,1769,2143,1770,-1,1771,2144,1774,-1,1774,2144,2145,-1,1774,2145,1773,-1,1773,2145,1772,-1,1775,2146,1776,-1,1776,2146,2147,-1,2148,1778,2147,-1,2147,1778,1777,-1,2147,1777,1776,-1,1781,1780,2148,-1,2148,1780,1779,-1,2148,1779,1778,-1,1782,2149,1783,-1,1783,2149,2150,-1,1783,2150,1787,-1,1787,2150,1786,-1,1784,1785,2151,-1,2151,1785,2152,-1,1789,1790,2153,-1,2153,1790,1791,-1,2153,1791,2151,-1,2151,1791,1788,-1,2151,1788,1784,-1,1792,2154,1793,-1,1793,2154,2155,-1,1793,2155,1794,-1,1794,2155,1795,-1,1799,305,2156,-1,2156,305,304,-1,2156,304,2157,-1,2157,304,1797,-1,2157,1797,1796,-1,1800,2158,1801,-1,1801,2158,2159,-1,1801,2159,1802,-1,1802,2159,2160,-1,1802,2160,1805,-1,1812,1806,2161,-1,2161,1806,1803,-1,2161,1803,2160,-1,2160,1803,1804,-1,2160,1804,1805,-1,1811,2162,1810,-1,1810,2162,2163,-1,1810,2163,1809,-1,1809,2163,495,-1,2164,498,2165,-1,2165,498,491,-1,2165,491,493,-1,503,505,2166,-1,2166,505,508,-1,2166,508,2164,-1,2164,508,496,-1,2164,496,498,-1,511,513,1813,-1,1813,513,501,-1,1813,501,2167,-1,518,2168,516,-1,516,2168,2169,-1,516,2169,527,-1,527,2169,525,-1,2170,1921,2171,-1,2171,1921,1883,-1,2171,1883,2172,-1,2172,1883,1882,-1,2170,2173,1921,-1,1921,2173,1923,-1,1921,1923,1321,-1,1321,1923,1320,-1,2174,1922,2175,-1,2175,1922,1923,-1,2175,1923,2176,-1,2176,1923,2173,-1,2174,2177,1922,-1,1922,2177,1924,-1,1922,1924,1326,-1,1326,1924,1325,-1,2177,2178,1924,-1,1924,2178,2179,-1,1924,2179,1925,-1,1925,2179,2180,-1,1925,2180,2181,-1,2181,2182,1925,-1,1925,2182,1926,-1,1925,1926,1328,-1,1328,1926,1329,-1,2182,2183,1926,-1,1926,2183,2184,-1,1926,2184,1927,-1,1927,2184,2185,-1,1927,2185,1928,-1,1928,2185,2186,-1,2186,2187,1928,-1,1928,2187,1929,-1,1928,1929,1333,-1,1333,1929,1337,-1,2187,2188,1929,-1,1929,2188,2189,-1,1929,2189,1930,-1,1930,2189,2190,-1,2190,2191,1930,-1,1930,2191,1931,-1,1930,1931,1334,-1,1334,1931,1338,-1,2191,2192,1931,-1,1931,2192,2193,-1,1931,2193,1932,-1,1932,2193,2194,-1,2195,1933,2196,-1,2196,1933,1932,-1,2196,1932,2197,-1,2197,1932,2194,-1,2195,2198,1933,-1,1933,2198,1934,-1,1933,1934,1343,-1,1343,1934,1344,-1,2199,1935,2200,-1,2200,1935,1934,-1,2200,1934,2201,-1,2201,1934,2198,-1,2199,2202,1935,-1,1935,2202,1936,-1,1935,1936,352,-1,352,1936,353,-1,2203,1937,2204,-1,2204,1937,1936,-1,2204,1936,2205,-1,2205,1936,2202,-1,2203,2206,1937,-1,1937,2206,1939,-1,1937,1939,1352,-1,1352,1939,1351,-1,2206,2207,1939,-1,1939,2207,2208,-1,1939,2208,1938,-1,1938,2208,2209,-1,1938,2209,1940,-1,1940,2209,2210,-1,2210,2211,1940,-1,1940,2211,1941,-1,1940,1941,1355,-1,1355,1941,1358,-1,2211,2212,1941,-1,1941,2212,2213,-1,1941,2213,1942,-1,1942,2213,2214,-1,2214,2215,1942,-1,1942,2215,1943,-1,1942,1943,1362,-1,1362,1943,1363,-1,2215,2216,1943,-1,1943,2216,2217,-1,1943,2217,1944,-1,1944,2217,2218,-1,1944,2218,2219,-1,2219,2220,1944,-1,1944,2220,1945,-1,1944,1945,1364,-1,1364,1945,1368,-1,2221,1946,2222,-1,2222,1946,1945,-1,2222,1945,2223,-1,2223,1945,2220,-1,2221,2224,1946,-1,1946,2224,1947,-1,1946,1947,1365,-1,1365,1947,1369,-1,2225,1948,2226,-1,2226,1948,1947,-1,2226,1947,2227,-1,2227,1947,2224,-1,2225,2228,1948,-1,1948,2228,1949,-1,1948,1949,1370,-1,1370,1949,1373,-1,2228,2229,1949,-1,1949,2229,2230,-1,1949,2230,1950,-1,1950,2230,2231,-1,1950,2231,2232,-1,2232,2233,1950,-1,1950,2233,1952,-1,1950,1952,1377,-1,1377,1952,1378,-1,2233,2234,1952,-1,1952,2234,2235,-1,1952,2235,1951,-1,1951,2235,2236,-1,1951,2236,1953,-1,1953,2236,2237,-1,2237,2238,1953,-1,1953,2238,1955,-1,1953,1955,1383,-1,1383,1955,1386,-1,2238,2239,1955,-1,1955,2239,2240,-1,1955,2240,1954,-1,1954,2240,2241,-1,2241,2242,1954,-1,1954,2242,1956,-1,1954,1956,1384,-1,1384,1956,1387,-1,2242,2243,1956,-1,1956,2243,2244,-1,1956,2244,1957,-1,1957,2244,2245,-1,2246,1958,2247,-1,2247,1958,1957,-1,2247,1957,2248,-1,2248,1957,2245,-1,2246,2249,1958,-1,1958,2249,1959,-1,1958,1959,1393,-1,1393,1959,1394,-1,2250,1960,2251,-1,2251,1960,1959,-1,2251,1959,2252,-1,2252,1959,2249,-1,2250,2253,1960,-1,1960,2253,1962,-1,1960,1962,1398,-1,1398,1962,1397,-1,2254,1961,2255,-1,2255,1961,1962,-1,2255,1962,2256,-1,2256,1962,2253,-1,2254,2257,1961,-1,1961,2257,1963,-1,1961,1963,1403,-1,1403,1963,1402,-1,2257,2258,1963,-1,1963,2258,2259,-1,1963,2259,1964,-1,1964,2259,2260,-1,1964,2260,1965,-1,1965,2260,2261,-1,2261,2262,1965,-1,1965,2262,1967,-1,1965,1967,1407,-1,1407,1967,1408,-1,2262,2263,1967,-1,1967,2263,2264,-1,1967,2264,1966,-1,1966,2264,2265,-1,2265,2266,1966,-1,1966,2266,1969,-1,1966,1969,1410,-1,1410,1969,1414,-1,2266,2267,1969,-1,1969,2267,2268,-1,1969,2268,1968,-1,1968,2268,2269,-1,2270,1970,2271,-1,2271,1970,1968,-1,2271,1968,2272,-1,2272,1968,2269,-1,2270,2273,1970,-1,1970,2273,1971,-1,1970,1971,1418,-1,1418,1971,1417,-1,2274,1972,2275,-1,2275,1972,1971,-1,2275,1971,2276,-1,2276,1971,2273,-1,2274,2277,1972,-1,1972,2277,1973,-1,1972,1973,1420,-1,1420,1973,1421,-1,2278,1974,2279,-1,2279,1974,1973,-1,2279,1973,2280,-1,2280,1973,2277,-1,2278,2281,1974,-1,1974,2281,1977,-1,1974,1977,343,-1,343,1977,344,-1,2282,1975,2283,-1,2283,1975,1977,-1,2283,1977,2284,-1,2284,1977,2281,-1,2282,2285,1975,-1,1975,2285,2286,-1,1975,2286,1976,-1,1976,2286,2287,-1,1976,2287,1978,-1,1978,2287,2288,-1,2288,2289,1978,-1,1978,2289,1979,-1,1978,1979,1433,-1,1433,1979,1432,-1,2289,2290,1979,-1,1979,2290,2291,-1,1979,2291,1980,-1,1980,2291,2292,-1,2292,2293,1980,-1,1980,2293,1982,-1,1980,1982,1435,-1,1435,1982,1436,-1,2293,2294,1982,-1,1982,2294,2295,-1,1982,2295,1981,-1,1981,2295,2296,-1,2297,1983,2298,-1,2298,1983,1981,-1,2298,1981,2299,-1,2299,1981,2296,-1,2297,2300,1983,-1,1983,2300,1984,-1,1983,1984,1440,-1,1440,1984,1444,-1,2301,1985,2302,-1,2302,1985,1984,-1,2302,1984,2303,-1,2303,1984,2300,-1,2301,2304,1985,-1,1985,2304,1986,-1,1985,1986,1441,-1,1441,1986,1445,-1,2305,1987,2306,-1,2306,1987,1986,-1,2306,1986,2307,-1,2307,1986,2304,-1,2305,2308,1987,-1,1987,2308,1988,-1,1987,1988,1446,-1,1446,1988,1449,-1,2308,2309,1988,-1,1988,2309,2310,-1,1988,2310,1989,-1,1989,2310,2311,-1,1989,2311,1990,-1,1990,2311,2312,-1,2312,2313,1990,-1,1990,2313,1991,-1,1990,1991,1455,-1,1455,1991,1456,-1,2313,2314,1991,-1,1991,2314,2315,-1,1991,2315,1992,-1,1992,2315,2316,-1,2316,2317,1992,-1,1992,2317,1993,-1,1992,1993,1459,-1,1459,1993,1462,-1,2317,2318,1993,-1,1993,2318,2319,-1,1993,2319,1994,-1,1994,2319,2320,-1,2321,1995,2322,-1,2322,1995,1994,-1,2322,1994,2323,-1,2323,1994,2320,-1,2321,2324,1995,-1,1995,2324,1996,-1,1995,1996,1464,-1,1464,1996,1465,-1,2325,1997,2326,-1,2326,1997,1996,-1,2326,1996,2327,-1,2327,1996,2324,-1,2325,2328,1997,-1,1997,2328,1998,-1,1997,1998,1469,-1,1469,1998,1470,-1,2329,1999,2330,-1,2330,1999,1998,-1,2330,1998,2331,-1,2331,1998,2328,-1,2329,2332,1999,-1,1999,2332,2001,-1,1999,2001,1474,-1,1474,2001,1473,-1,2333,2000,2334,-1,2334,2000,2001,-1,2334,2001,2335,-1,2335,2001,2332,-1,2333,2336,2000,-1,2000,2336,2337,-1,2000,2337,2002,-1,2002,2337,2338,-1,2002,2338,2003,-1,2003,2338,2339,-1,2339,2340,2003,-1,2003,2340,2004,-1,2003,2004,1481,-1,1481,2004,1482,-1,2340,2341,2004,-1,2004,2341,2342,-1,2004,2342,2005,-1,2005,2342,2343,-1,2343,2344,2005,-1,2005,2344,2006,-1,2005,2006,337,-1,337,2006,338,-1,2344,2345,2006,-1,2006,2345,2346,-1,2006,2346,2007,-1,2007,2346,2347,-1,2007,2347,2348,-1,2348,2349,2007,-1,2007,2349,2009,-1,2007,2009,1490,-1,1490,2009,1489,-1,2350,2008,2351,-1,2351,2008,2009,-1,2351,2009,2352,-1,2352,2009,2349,-1,2350,2353,2008,-1,2008,2353,2010,-1,2008,2010,1495,-1,1495,2010,1494,-1,2354,2011,2355,-1,2355,2011,2010,-1,2355,2010,2356,-1,2356,2010,2353,-1,2354,2357,2011,-1,2011,2357,2012,-1,2011,2012,1497,-1,1497,2012,1498,-1,2358,2013,2359,-1,2359,2013,2012,-1,2359,2012,2360,-1,2360,2012,2357,-1,2358,2361,2013,-1,2013,2361,2014,-1,2013,2014,334,-1,334,2014,335,-1,2361,2362,2014,-1,2014,2362,2363,-1,2014,2363,2015,-1,2015,2363,2364,-1,2364,2365,2015,-1,2015,2365,2017,-1,2015,2017,1505,-1,1505,2017,1504,-1,2365,2366,2017,-1,2017,2366,2367,-1,2017,2367,2016,-1,2016,2367,2368,-1,2368,2369,2016,-1,2016,2369,2018,-1,2016,2018,1510,-1,1510,2018,1509,-1,2369,2370,2018,-1,2018,2370,2371,-1,2018,2371,2019,-1,2019,2371,2372,-1,2373,2020,2374,-1,2374,2020,2019,-1,2374,2019,2375,-1,2375,2019,2372,-1,2373,2376,2020,-1,2020,2376,2021,-1,2020,2021,1515,-1,1515,2021,1516,-1,2377,2022,2378,-1,2378,2022,2021,-1,2378,2021,2379,-1,2379,2021,2376,-1,2377,2380,2022,-1,2022,2380,2023,-1,2022,2023,1517,-1,1517,2023,1521,-1,2381,2024,2382,-1,2382,2024,2023,-1,2382,2023,2383,-1,2383,2023,2380,-1,2381,2384,2024,-1,2024,2384,2025,-1,2024,2025,1518,-1,1518,2025,1522,-1,2385,2026,2386,-1,2386,2026,2025,-1,2386,2025,2387,-1,2387,2025,2384,-1,2385,2388,2026,-1,2026,2388,2389,-1,2026,2389,2027,-1,2027,2389,2390,-1,2027,2390,2028,-1,2028,2390,2391,-1,2391,2392,2028,-1,2028,2392,2029,-1,2028,2029,1530,-1,1530,2029,1531,-1,2392,2393,2029,-1,2029,2393,2394,-1,2029,2394,2030,-1,2030,2394,2395,-1,2395,2396,2030,-1,2030,2396,2031,-1,2030,2031,1534,-1,1534,2031,1535,-1,2396,2397,2031,-1,2031,2397,2398,-1,2031,2398,2032,-1,2032,2398,2399,-1,2032,2399,2400,-1,2400,2401,2032,-1,2032,2401,2033,-1,2032,2033,1539,-1,1539,2033,1538,-1,2402,2034,2403,-1,2403,2034,2033,-1,2403,2033,2404,-1,2404,2033,2401,-1,2402,2405,2034,-1,2034,2405,2035,-1,2034,2035,1541,-1,1541,2035,1542,-1,2406,2036,2407,-1,2407,2036,2035,-1,2407,2035,2408,-1,2408,2035,2405,-1,2406,2409,2036,-1,2036,2409,2039,-1,2036,2039,1546,-1,1546,2039,1547,-1,2410,2037,2411,-1,2411,2037,2039,-1,2411,2039,2412,-1,2412,2039,2409,-1,2410,2413,2037,-1,2037,2413,2414,-1,2037,2414,2038,-1,2038,2414,2415,-1,2038,2415,2040,-1,2040,2415,2416,-1,2416,2417,2040,-1,2040,2417,2041,-1,2040,2041,1556,-1,1556,2041,1555,-1,2417,2418,2041,-1,2041,2418,2419,-1,2041,2419,2042,-1,2042,2419,2420,-1,2420,2421,2042,-1,2042,2421,2043,-1,2042,2043,1558,-1,1558,2043,1559,-1,2421,2422,2043,-1,2043,2422,2423,-1,2043,2423,2044,-1,2044,2423,2424,-1,2425,2045,2426,-1,2426,2045,2044,-1,2426,2044,2427,-1,2427,2044,2424,-1,2425,2428,2045,-1,2045,2428,2046,-1,2045,2046,1564,-1,1564,2046,1568,-1,2429,2047,2430,-1,2430,2047,2046,-1,2430,2046,2431,-1,2431,2046,2428,-1,2429,2432,2047,-1,2047,2432,2048,-1,2047,2048,1565,-1,1565,2048,1569,-1,2433,2049,2434,-1,2434,2049,2048,-1,2434,2048,2435,-1,2435,2048,2432,-1,2433,2436,2049,-1,2049,2436,2050,-1,2049,2050,1570,-1,1570,2050,1573,-1,2437,2051,2438,-1,2438,2051,2050,-1,2438,2050,2439,-1,2439,2050,2436,-1,2437,2440,2051,-1,2051,2440,2441,-1,2051,2441,2052,-1,2052,2441,2442,-1,2052,2442,2053,-1,2053,2442,2443,-1,2443,2444,2053,-1,2053,2444,2054,-1,2053,2054,1579,-1,1579,2054,1583,-1,2444,2445,2054,-1,2054,2445,2446,-1,2054,2446,2055,-1,2055,2446,2447,-1,2447,2448,2055,-1,2055,2448,2056,-1,2055,2056,1580,-1,1580,2056,1584,-1,2448,2449,2056,-1,2056,2449,2450,-1,2056,2450,2057,-1,2057,2450,2451,-1,2057,2451,2452,-1,2452,2453,2057,-1,2057,2453,2058,-1,2057,2058,1585,-1,1585,2058,1588,-1,2454,2059,2455,-1,2455,2059,2058,-1,2455,2058,2456,-1,2456,2058,2453,-1,2454,2457,2059,-1,2059,2457,2060,-1,2059,2060,1592,-1,1592,2060,1593,-1,2458,2061,2459,-1,2459,2061,2060,-1,2459,2060,2460,-1,2460,2060,2457,-1,2458,2461,2061,-1,2061,2461,2062,-1,2061,2062,1595,-1,1595,2062,1599,-1,2462,2063,2463,-1,2463,2063,2062,-1,2463,2062,2464,-1,2464,2062,2461,-1,2462,2465,2063,-1,2063,2465,2064,-1,2063,2064,1596,-1,1596,2064,1600,-1,2465,2466,2064,-1,2064,2466,2467,-1,2064,2467,2065,-1,2065,2467,2468,-1,2468,2469,2065,-1,2065,2469,2066,-1,2065,2066,1601,-1,1601,2066,1604,-1,2469,2470,2066,-1,2066,2470,2471,-1,2066,2471,2067,-1,2067,2471,2472,-1,2472,2473,2067,-1,2067,2473,2069,-1,2067,2069,1608,-1,1608,2069,1609,-1,2473,2474,2069,-1,2069,2474,2475,-1,2069,2475,2068,-1,2068,2475,2476,-1,2477,1818,2478,-1,2478,1818,2068,-1,2478,2068,2479,-1,2479,2068,2476,-1,2477,2480,1818,-1,1818,2480,2070,-1,1818,2070,1613,-1,1613,2070,1614,-1,2481,2071,2482,-1,2482,2071,2070,-1,2482,2070,2483,-1,2483,2070,2480,-1,2481,2484,2071,-1,2071,2484,2072,-1,2071,2072,1615,-1,1615,2072,1618,-1,2485,2073,2486,-1,2486,2073,2072,-1,2486,2072,2487,-1,2487,2072,2484,-1,2485,2488,2073,-1,2073,2488,2075,-1,2073,2075,1621,-1,1621,2075,1622,-1,2489,2074,2490,-1,2490,2074,2075,-1,2490,2075,2491,-1,2491,2075,2488,-1,2489,2492,2074,-1,2074,2492,2493,-1,2074,2493,2076,-1,2076,2493,2494,-1,2076,2494,1817,-1,1817,2494,2495,-1,2495,2496,1817,-1,1817,2496,2078,-1,1817,2078,1628,-1,1628,2078,1627,-1,2496,2497,2078,-1,2078,2497,2498,-1,2078,2498,2077,-1,2077,2498,2499,-1,2499,2500,2077,-1,2077,2500,2079,-1,2077,2079,1632,-1,1632,2079,1635,-1,2500,2501,2079,-1,2079,2501,2502,-1,2079,2502,2080,-1,2080,2502,2503,-1,2080,2503,2504,-1,2504,2505,2080,-1,2080,2505,2082,-1,2080,2082,1638,-1,1638,2082,1639,-1,2506,2081,2507,-1,2507,2081,2082,-1,2507,2082,2508,-1,2508,2082,2505,-1,2506,2509,2081,-1,2081,2509,2083,-1,2081,2083,1642,-1,1642,2083,1646,-1,2510,2084,2511,-1,2511,2084,2083,-1,2511,2083,2512,-1,2512,2083,2509,-1,2510,2513,2084,-1,2084,2513,2085,-1,2084,2085,1643,-1,1643,2085,1647,-1,2513,2514,2085,-1,2085,2514,2515,-1,2085,2515,2086,-1,2086,2515,2516,-1,2086,2516,2517,-1,2517,2518,2086,-1,2086,2518,2087,-1,2086,2087,1648,-1,1648,2087,1651,-1,2518,2519,2087,-1,2087,2519,2520,-1,2087,2520,2088,-1,2088,2520,2521,-1,2088,2521,2089,-1,2521,2522,2089,-1,2089,2522,2523,-1,2089,2523,2090,-1,2090,2523,2524,-1,2524,2525,2090,-1,2090,2525,2091,-1,2090,2091,1657,-1,1657,2091,1661,-1,2525,2526,2091,-1,2091,2526,2527,-1,2091,2527,2092,-1,2092,2527,2528,-1,2092,2528,2529,-1,2529,2530,2092,-1,2092,2530,2093,-1,2092,2093,1658,-1,1658,2093,1662,-1,2531,2094,2532,-1,2532,2094,2093,-1,2532,2093,2533,-1,2533,2093,2530,-1,2531,2534,2094,-1,2094,2534,2095,-1,2094,2095,1663,-1,1663,2095,1666,-1,2535,2096,2536,-1,2536,2096,2095,-1,2536,2095,2537,-1,2537,2095,2534,-1,2535,2538,2096,-1,2096,2538,2097,-1,2096,2097,1670,-1,1670,2097,1671,-1,2539,2098,2540,-1,2540,2098,2097,-1,2540,2097,2541,-1,2541,2097,2538,-1,2539,2542,2098,-1,2098,2542,2100,-1,2098,2100,1673,-1,1673,2100,1677,-1,2542,2543,2100,-1,2100,2543,2544,-1,2100,2544,2099,-1,2099,2544,2545,-1,2099,2545,2101,-1,2101,2545,2546,-1,2546,2547,2101,-1,2101,2547,2102,-1,2101,2102,1681,-1,1681,2102,1680,-1,2547,2548,2102,-1,2102,2548,2549,-1,2102,2549,2103,-1,2103,2549,2550,-1,2550,2551,2103,-1,2103,2551,2105,-1,2103,2105,1683,-1,1683,2105,1684,-1,2551,2552,2105,-1,2105,2552,2553,-1,2105,2553,2104,-1,2104,2553,2554,-1,2555,2106,2556,-1,2556,2106,2104,-1,2556,2104,2557,-1,2557,2104,2554,-1,2555,2558,2106,-1,2106,2558,2108,-1,2106,2108,1690,-1,1690,2108,1691,-1,2559,2107,2560,-1,2560,2107,2108,-1,2560,2108,2561,-1,2561,2108,2558,-1,2559,2562,2107,-1,2107,2562,2109,-1,2107,2109,1695,-1,1695,2109,1694,-1,2563,2110,2564,-1,2564,2110,2109,-1,2564,2109,2565,-1,2565,2109,2562,-1,2563,2566,2110,-1,2110,2566,2111,-1,2110,2111,1697,-1,1697,2111,1698,-1,2567,2112,2568,-1,2568,2112,2111,-1,2568,2111,2569,-1,2569,2111,2566,-1,2567,2570,2112,-1,2112,2570,2571,-1,2112,2571,2113,-1,2113,2571,2572,-1,2113,2572,2114,-1,2114,2572,2573,-1,2573,2574,2114,-1,2114,2574,2115,-1,2114,2115,1707,-1,1707,2115,1706,-1,2574,2575,2115,-1,2115,2575,2576,-1,2115,2576,1816,-1,1816,2576,2577,-1,2577,2578,1816,-1,1816,2578,2116,-1,1816,2116,1712,-1,1712,2116,1711,-1,2578,2579,2116,-1,2116,2579,2580,-1,2116,2580,2117,-1,2117,2580,2581,-1,2582,2118,2583,-1,2583,2118,2117,-1,2583,2117,2584,-1,2584,2117,2581,-1,2582,2585,2118,-1,2118,2585,2120,-1,2118,2120,1716,-1,1716,2120,1717,-1,2586,2119,2587,-1,2587,2119,2120,-1,2587,2120,2588,-1,2588,2120,2585,-1,2586,2589,2119,-1,2119,2589,2121,-1,2119,2121,1720,-1,1720,2121,1724,-1,2590,2122,2591,-1,2591,2122,2121,-1,2591,2121,2592,-1,2592,2121,2589,-1,2590,2593,2122,-1,2122,2593,2124,-1,2122,2124,1722,-1,1722,2124,1721,-1,2593,2594,2124,-1,2124,2594,2595,-1,2124,2595,2123,-1,2123,2595,2596,-1,2123,2596,2125,-1,2125,2596,2597,-1,2597,2598,2125,-1,2125,2598,2126,-1,2125,2126,1730,-1,1730,2126,1731,-1,2598,2599,2126,-1,2126,2599,2600,-1,2126,2600,2127,-1,2127,2600,2601,-1,2601,2602,2127,-1,2127,2602,2129,-1,2127,2129,307,-1,307,2129,308,-1,2602,2603,2129,-1,2129,2603,2604,-1,2129,2604,2128,-1,2128,2604,2605,-1,2606,1815,2607,-1,2607,1815,2128,-1,2607,2128,2608,-1,2608,2128,2605,-1,2606,2609,1815,-1,1815,2609,2131,-1,1815,2131,1737,-1,1737,2131,1736,-1,2610,2130,2611,-1,2611,2130,2131,-1,2611,2131,2612,-1,2612,2131,2609,-1,2610,2613,2130,-1,2130,2613,2132,-1,2130,2132,1741,-1,1741,2132,1744,-1,2614,2133,2615,-1,2615,2133,2132,-1,2615,2132,2616,-1,2616,2132,2613,-1,2614,2617,2133,-1,2133,2617,2135,-1,2133,2135,1748,-1,1748,2135,1749,-1,2618,2134,2619,-1,2619,2134,2135,-1,2619,2135,2620,-1,2620,2135,2617,-1,2618,2621,2134,-1,2134,2621,2622,-1,2134,2622,2136,-1,2136,2622,2623,-1,2136,2623,1814,-1,1814,2623,2624,-1,2624,2625,1814,-1,1814,2625,2138,-1,1814,2138,1755,-1,1755,2138,1754,-1,2625,2626,2138,-1,2138,2626,2627,-1,2138,2627,2137,-1,2137,2627,2628,-1,2628,2629,2137,-1,2137,2629,2139,-1,2137,2139,1758,-1,1758,2139,1761,-1,2629,2630,2139,-1,2139,2630,2631,-1,2139,2631,2140,-1,2140,2631,2632,-1,2633,2141,2634,-1,2634,2141,2140,-1,2634,2140,2635,-1,2635,2140,2632,-1,2633,2636,2141,-1,2141,2636,2142,-1,2141,2142,1767,-1,1767,2142,1768,-1,2637,2143,2638,-1,2638,2143,2142,-1,2638,2142,2639,-1,2639,2142,2636,-1,2637,2640,2143,-1,2143,2640,2144,-1,2143,2144,1770,-1,1770,2144,1771,-1,2641,2145,2642,-1,2642,2145,2144,-1,2642,2144,2643,-1,2643,2144,2640,-1,2641,2644,2145,-1,2145,2644,2146,-1,2145,2146,1772,-1,1772,2146,1775,-1,2644,2645,2146,-1,2146,2645,2646,-1,2146,2646,2147,-1,2147,2646,2647,-1,2147,2647,2148,-1,2148,2647,2648,-1,2648,2649,2148,-1,2148,2649,2149,-1,2148,2149,1781,-1,1781,2149,1782,-1,2649,2650,2149,-1,2149,2650,2651,-1,2149,2651,2150,-1,2150,2651,2652,-1,2652,2653,2150,-1,2150,2653,2152,-1,2150,2152,1786,-1,1786,2152,1785,-1,2653,2654,2152,-1,2152,2654,2655,-1,2152,2655,2151,-1,2151,2655,2656,-1,2657,2153,2658,-1,2658,2153,2151,-1,2658,2151,2659,-1,2659,2151,2656,-1,2657,2660,2153,-1,2153,2660,2154,-1,2153,2154,1789,-1,1789,2154,1792,-1,2661,2155,2662,-1,2662,2155,2154,-1,2662,2154,2663,-1,2663,2154,2660,-1,2661,2664,2155,-1,2155,2664,2157,-1,2155,2157,1795,-1,1795,2157,1796,-1,2665,2156,2666,-1,2666,2156,2157,-1,2666,2157,2667,-1,2667,2157,2664,-1,2665,2668,2156,-1,2156,2668,2158,-1,2156,2158,1799,-1,1799,2158,1800,-1,2669,2159,2670,-1,2670,2159,2158,-1,2670,2158,2671,-1,2671,2158,2668,-1,2669,2672,2159,-1,2159,2672,2673,-1,2159,2673,2160,-1,2160,2673,2674,-1,2160,2674,2161,-1,2161,2674,2675,-1,2675,2676,2161,-1,2161,2676,2162,-1,2161,2162,1812,-1,1812,2162,1811,-1,2676,2677,2162,-1,2162,2677,2678,-1,2162,2678,2163,-1,2163,2678,2679,-1,2679,2680,2163,-1,2163,2680,2165,-1,2163,2165,495,-1,495,2165,493,-1,2680,2681,2165,-1,2165,2681,2682,-1,2165,2682,2164,-1,2164,2682,2683,-1,2684,2166,2685,-1,2685,2166,2164,-1,2685,2164,2686,-1,2686,2164,2683,-1,2684,2687,2166,-1,2166,2687,2167,-1,2166,2167,503,-1,503,2167,501,-1,2688,1813,2689,-1,2689,1813,2167,-1,2689,2167,2690,-1,2690,2167,2687,-1,2688,2691,1813,-1,1813,2691,2168,-1,1813,2168,520,-1,520,2168,518,-1,2692,2169,2693,-1,2693,2169,2168,-1,2693,2168,2694,-1,2694,2168,2691,-1,2692,2695,2169,-1,2169,2695,1828,-1,2169,1828,525,-1,525,1828,523,-1,2695,2696,1828,-1,1828,2696,2697,-1,1828,2697,1830,-1,1830,2697,2698,-1,1830,2698,1836,-1,1836,2698,2699,-1,2699,2700,1836,-1,1836,2700,1843,-1,1836,1843,1838,-1,1838,1843,1844,-1,2700,2701,1843,-1,1843,2701,2702,-1,1843,2702,1827,-1,1827,2702,2703,-1,2703,2704,1827,-1,1827,2704,1847,-1,1827,1847,1825,-1,1825,1847,1849,-1,1853,2705,1854,-1,1854,2705,1845,-1,1854,1845,2706,-1,2706,1845,1847,-1,2706,1847,2707,-1,2707,1847,2704,-1,2708,2709,2710,-1,1860,1850,2711,-1,2712,2713,2466,-1,2321,2322,2714,-1,2715,1882,1881,-1,1882,2715,2172,-1,2716,2717,2182,-1,2182,2717,2183,-1,2718,2719,2720,-1,2721,2722,2723,-1,2724,2725,2726,-1,2727,2728,2729,-1,2730,1880,2731,-1,2731,1880,2732,-1,2733,2734,2731,-1,2731,2734,2735,-1,2731,2735,2730,-1,2736,2737,2738,-1,2738,2737,2739,-1,2738,2739,2740,-1,2741,2742,2743,-1,2743,2742,2744,-1,2743,2744,2738,-1,2738,2744,2745,-1,2738,2745,2736,-1,2726,2725,2729,-1,2729,2725,2746,-1,2729,2746,2727,-1,2724,2726,2747,-1,2747,2726,2748,-1,2747,2748,2749,-1,2750,2751,2748,-1,2748,2751,2752,-1,2748,2752,2749,-1,2753,2754,2750,-1,2750,2754,2755,-1,2750,2755,2751,-1,2756,2757,2758,-1,2758,2757,2759,-1,2758,2759,2760,-1,2761,2762,2763,-1,2763,2762,2764,-1,2763,2764,2765,-1,2765,2764,2766,-1,2765,2766,2756,-1,2756,2766,2767,-1,2756,2767,2757,-1,2761,2763,2722,-1,2722,2763,2768,-1,2722,2768,2723,-1,2769,2770,2771,-1,2771,2770,2772,-1,2771,2772,2723,-1,2723,2772,2773,-1,2723,2773,2721,-1,2774,2775,2776,-1,2776,2775,2777,-1,2776,2777,2769,-1,2769,2777,2778,-1,2769,2778,2770,-1,2779,2780,2781,-1,2781,2780,2782,-1,2781,2782,2783,-1,2783,2782,2784,-1,2783,2784,2785,-1,2785,2784,2786,-1,2785,2786,2774,-1,2774,2786,2787,-1,2774,2787,2775,-1,2788,2789,2790,-1,2790,2789,2791,-1,2792,2793,2790,-1,2790,2793,2794,-1,2790,2794,2788,-1,2795,2796,2792,-1,2797,2798,2799,-1,2797,2799,2795,-1,2795,2799,2800,-1,2795,2800,2796,-1,2801,2802,2797,-1,2797,2802,2803,-1,2797,2803,2798,-1,2804,2805,2801,-1,2801,2805,2806,-1,2801,2806,2802,-1,2720,2719,2807,-1,2807,2719,2808,-1,2807,2808,2809,-1,2810,2811,2812,-1,2812,2811,2813,-1,2812,2813,2814,-1,2717,2815,2183,-1,2183,2815,2816,-1,2183,2816,2184,-1,2184,2816,2817,-1,2184,2817,2810,-1,2810,2817,2818,-1,2810,2818,2811,-1,2716,2182,2819,-1,2819,2182,2181,-1,2819,2181,2820,-1,2820,2181,2180,-1,2820,2180,2821,-1,2821,2180,2179,-1,2821,2179,2822,-1,2177,2823,2178,-1,2178,2823,2824,-1,2178,2824,2179,-1,2179,2824,2825,-1,2179,2825,2822,-1,2175,2826,2174,-1,2174,2826,2827,-1,2174,2827,2177,-1,2177,2827,2828,-1,2177,2828,2823,-1,2173,2829,2176,-1,2176,2829,2830,-1,2176,2830,2175,-1,2175,2830,2831,-1,2175,2831,2826,-1,2715,2832,2172,-1,2172,2832,2833,-1,2172,2833,2171,-1,2171,2833,2834,-1,2171,2834,2170,-1,2170,2834,2835,-1,2170,2835,2173,-1,2173,2835,2836,-1,2173,2836,2829,-1,2188,2812,2720,-1,2720,2812,2814,-1,2720,2814,2718,-1,2188,2187,2812,-1,2812,2187,2186,-1,2812,2186,2810,-1,2810,2186,2185,-1,2810,2185,2184,-1,2193,2192,2801,-1,2801,2192,2807,-1,2801,2807,2804,-1,2804,2807,2809,-1,2192,2191,2807,-1,2807,2191,2190,-1,2807,2190,2720,-1,2720,2190,2189,-1,2720,2189,2188,-1,2193,2801,2194,-1,2194,2801,2797,-1,2194,2797,2197,-1,2197,2797,2795,-1,2197,2795,2196,-1,2792,2790,2795,-1,2795,2790,2195,-1,2795,2195,2196,-1,2791,2201,2790,-1,2790,2201,2198,-1,2790,2198,2195,-1,2205,2202,2837,-1,2837,2202,2199,-1,2837,2199,2791,-1,2791,2199,2200,-1,2791,2200,2201,-1,2204,2838,2203,-1,2203,2838,2839,-1,2203,2839,2206,-1,2206,2839,2207,-1,2207,2839,2840,-1,2207,2840,2208,-1,2841,2842,2212,-1,2209,2843,2210,-1,2210,2843,2841,-1,2210,2841,2211,-1,2211,2841,2212,-1,2216,2215,2844,-1,2844,2215,2214,-1,2844,2214,2842,-1,2842,2214,2213,-1,2842,2213,2212,-1,2217,2845,2218,-1,2218,2845,2846,-1,2218,2846,2219,-1,2219,2846,2220,-1,2847,2848,2223,-1,2849,2221,2848,-1,2848,2221,2222,-1,2848,2222,2223,-1,2225,2226,2850,-1,2850,2226,2227,-1,2850,2227,2849,-1,2849,2227,2224,-1,2849,2224,2221,-1,2228,2851,2229,-1,2229,2851,2852,-1,2233,2232,2853,-1,2853,2232,2231,-1,2853,2231,2852,-1,2852,2231,2230,-1,2852,2230,2229,-1,2854,2235,2855,-1,2855,2235,2234,-1,2239,2238,2856,-1,2856,2238,2237,-1,2856,2237,2854,-1,2854,2237,2236,-1,2854,2236,2235,-1,2857,2241,2858,-1,2858,2241,2240,-1,2245,2244,2859,-1,2859,2244,2243,-1,2859,2243,2857,-1,2857,2243,2242,-1,2857,2242,2241,-1,2860,2861,2248,-1,2252,2249,2862,-1,2862,2249,2246,-1,2862,2246,2861,-1,2861,2246,2247,-1,2861,2247,2248,-1,2251,2863,2250,-1,2250,2863,2864,-1,2254,2255,2865,-1,2865,2255,2256,-1,2865,2256,2864,-1,2864,2256,2253,-1,2864,2253,2250,-1,2866,2259,2867,-1,2867,2259,2258,-1,2867,2258,2868,-1,2868,2258,2257,-1,2263,2262,2869,-1,2869,2262,2261,-1,2869,2261,2866,-1,2866,2261,2260,-1,2866,2260,2259,-1,2870,2265,2871,-1,2871,2265,2264,-1,2872,2873,2269,-1,2269,2268,2872,-1,2872,2268,2267,-1,2872,2267,2870,-1,2870,2267,2266,-1,2870,2266,2265,-1,2276,2273,2874,-1,2874,2273,2270,-1,2874,2270,2875,-1,2875,2270,2271,-1,2875,2271,2873,-1,2873,2271,2272,-1,2873,2272,2269,-1,2275,2876,2274,-1,2274,2876,2877,-1,2278,2279,2878,-1,2878,2279,2280,-1,2878,2280,2877,-1,2877,2280,2277,-1,2877,2277,2274,-1,2281,2879,2284,-1,2284,2879,2880,-1,2286,2285,2881,-1,2881,2285,2282,-1,2881,2282,2880,-1,2880,2282,2283,-1,2880,2283,2284,-1,2882,2288,2883,-1,2883,2288,2287,-1,2292,2291,2884,-1,2884,2291,2290,-1,2884,2290,2882,-1,2882,2290,2289,-1,2882,2289,2288,-1,2885,2294,2886,-1,2886,2294,2293,-1,2297,2298,2887,-1,2887,2298,2299,-1,2887,2299,2888,-1,2888,2299,2296,-1,2888,2296,2885,-1,2885,2296,2295,-1,2885,2295,2294,-1,2300,2889,2303,-1,2303,2889,2890,-1,2303,2890,2302,-1,2302,2890,2301,-1,2301,2890,2891,-1,2301,2891,2304,-1,2304,2891,2307,-1,2307,2891,2892,-1,2307,2892,2306,-1,2306,2892,2305,-1,2305,2892,2893,-1,2305,2893,2308,-1,2308,2893,2309,-1,2309,2893,2894,-1,2309,2894,2310,-1,2895,2312,2896,-1,2896,2312,2311,-1,2316,2315,2897,-1,2897,2315,2314,-1,2897,2314,2895,-1,2895,2314,2313,-1,2895,2313,2312,-1,2898,2318,2899,-1,2899,2318,2317,-1,2714,2322,2900,-1,2322,2323,2900,-1,2900,2323,2320,-1,2900,2320,2898,-1,2898,2320,2319,-1,2898,2319,2318,-1,2324,2901,2327,-1,2327,2901,2902,-1,2903,2325,2902,-1,2902,2325,2326,-1,2902,2326,2327,-1,2904,2331,2903,-1,2903,2331,2328,-1,2903,2328,2325,-1,2905,2329,2904,-1,2904,2329,2330,-1,2904,2330,2331,-1,2333,2334,2906,-1,2906,2334,2335,-1,2906,2335,2905,-1,2905,2335,2332,-1,2905,2332,2329,-1,2907,2337,2908,-1,2908,2337,2336,-1,2341,2340,2909,-1,2909,2340,2339,-1,2909,2339,2907,-1,2907,2339,2338,-1,2907,2338,2337,-1,2910,2343,2911,-1,2911,2343,2342,-1,2347,2346,2912,-1,2912,2346,2345,-1,2912,2345,2910,-1,2910,2345,2344,-1,2910,2344,2343,-1,2913,2914,2348,-1,2350,2351,2915,-1,2915,2351,2352,-1,2915,2352,2914,-1,2914,2352,2349,-1,2914,2349,2348,-1,2353,2916,2356,-1,2356,2916,2917,-1,2918,2354,2917,-1,2917,2354,2355,-1,2917,2355,2356,-1,2358,2359,2919,-1,2919,2359,2360,-1,2919,2360,2918,-1,2918,2360,2357,-1,2918,2357,2354,-1,2361,2920,2362,-1,2362,2920,2921,-1,2362,2921,2363,-1,2363,2921,2364,-1,2922,2923,2368,-1,2365,2924,2366,-1,2366,2924,2922,-1,2366,2922,2367,-1,2367,2922,2368,-1,2372,2371,2925,-1,2925,2371,2370,-1,2925,2370,2923,-1,2923,2370,2369,-1,2923,2369,2368,-1,2375,2926,2374,-1,2374,2926,2927,-1,2374,2927,2373,-1,2373,2927,2928,-1,2373,2928,2376,-1,2376,2928,2379,-1,2378,2929,2377,-1,2377,2929,2930,-1,2381,2382,2931,-1,2931,2382,2383,-1,2931,2383,2930,-1,2930,2383,2380,-1,2930,2380,2377,-1,2384,2932,2387,-1,2387,2932,2933,-1,2389,2388,2934,-1,2934,2388,2385,-1,2934,2385,2933,-1,2933,2385,2386,-1,2933,2386,2387,-1,2935,2936,2393,-1,2390,2937,2391,-1,2391,2937,2935,-1,2391,2935,2392,-1,2392,2935,2393,-1,2397,2396,2938,-1,2938,2396,2395,-1,2938,2395,2936,-1,2936,2395,2394,-1,2936,2394,2393,-1,2398,2939,2399,-1,2399,2939,2940,-1,2399,2940,2400,-1,2401,2941,2404,-1,2404,2941,2942,-1,2943,2402,2942,-1,2942,2402,2403,-1,2942,2403,2404,-1,2406,2407,2944,-1,2944,2407,2408,-1,2944,2408,2943,-1,2943,2408,2405,-1,2943,2405,2402,-1,2409,2945,2412,-1,2412,2945,2946,-1,2947,2410,2946,-1,2946,2410,2411,-1,2946,2411,2412,-1,2948,2949,2416,-1,2416,2415,2948,-1,2948,2415,2414,-1,2948,2414,2947,-1,2947,2414,2413,-1,2947,2413,2410,-1,2420,2419,2950,-1,2950,2419,2418,-1,2950,2418,2949,-1,2949,2418,2417,-1,2949,2417,2416,-1,2951,2422,2952,-1,2952,2422,2421,-1,2426,2427,2953,-1,2953,2427,2424,-1,2953,2424,2951,-1,2951,2424,2423,-1,2951,2423,2422,-1,2954,2955,2425,-1,2956,2431,2955,-1,2955,2431,2428,-1,2955,2428,2425,-1,2435,2432,2957,-1,2957,2432,2429,-1,2957,2429,2956,-1,2956,2429,2430,-1,2956,2430,2431,-1,2434,2958,2433,-1,2433,2958,2959,-1,2433,2959,2436,-1,2436,2959,2439,-1,2437,2438,2710,-1,2960,2441,2961,-1,2961,2441,2440,-1,2445,2444,2962,-1,2962,2444,2443,-1,2962,2443,2960,-1,2960,2443,2442,-1,2960,2442,2441,-1,2963,2447,2964,-1,2964,2447,2446,-1,2451,2450,2965,-1,2965,2450,2449,-1,2965,2449,2963,-1,2963,2449,2448,-1,2963,2448,2447,-1,2966,2967,2452,-1,2968,2456,2967,-1,2967,2456,2453,-1,2967,2453,2452,-1,2460,2457,2969,-1,2969,2457,2454,-1,2969,2454,2968,-1,2968,2454,2455,-1,2968,2455,2456,-1,2459,2970,2458,-1,2458,2970,2971,-1,2458,2971,2461,-1,2461,2971,2464,-1,2463,2972,2462,-1,2462,2972,2712,-1,2462,2712,2465,-1,2465,2712,2466,-1,2470,2469,2973,-1,2973,2469,2468,-1,2973,2468,2713,-1,2713,2468,2467,-1,2713,2467,2466,-1,2974,2472,2975,-1,2975,2472,2471,-1,2476,2475,2976,-1,2976,2475,2474,-1,2976,2474,2974,-1,2974,2474,2473,-1,2974,2473,2472,-1,2479,2977,2478,-1,2478,2977,2978,-1,2478,2978,2477,-1,2477,2978,2979,-1,2477,2979,2480,-1,2480,2979,2483,-1,2482,2980,2481,-1,2481,2980,2981,-1,2485,2486,2982,-1,2982,2486,2487,-1,2982,2487,2981,-1,2981,2487,2484,-1,2981,2484,2481,-1,2488,2983,2491,-1,2491,2983,2984,-1,2493,2492,2985,-1,2985,2492,2489,-1,2985,2489,2984,-1,2984,2489,2490,-1,2984,2490,2491,-1,2986,2495,2987,-1,2987,2495,2494,-1,2499,2498,2988,-1,2988,2498,2497,-1,2988,2497,2986,-1,2986,2497,2496,-1,2986,2496,2495,-1,2989,2501,2990,-1,2990,2501,2500,-1,2508,2505,2991,-1,2991,2505,2504,-1,2991,2504,2992,-1,2992,2504,2503,-1,2992,2503,2989,-1,2989,2503,2502,-1,2989,2502,2501,-1,2507,2993,2506,-1,2506,2993,2994,-1,2995,2512,2994,-1,2994,2512,2509,-1,2994,2509,2506,-1,2996,2510,2995,-1,2995,2510,2511,-1,2995,2511,2512,-1,2997,2514,2996,-1,2996,2514,2513,-1,2996,2513,2510,-1,2518,2517,2998,-1,2998,2517,2516,-1,2998,2516,2997,-1,2997,2516,2515,-1,2997,2515,2514,-1,2999,2520,3000,-1,3000,2520,2519,-1,2524,2523,3001,-1,3001,2523,2522,-1,3001,2522,2999,-1,2999,2522,2521,-1,2999,2521,2520,-1,3002,2526,3003,-1,3003,2526,2525,-1,2530,2529,3004,-1,3004,2529,2528,-1,3004,2528,3002,-1,3002,2528,2527,-1,3002,2527,2526,-1,3005,3006,2533,-1,2537,2534,3007,-1,3007,2534,2531,-1,3007,2531,3006,-1,3006,2531,2532,-1,3006,2532,2533,-1,2536,3008,2535,-1,2535,3008,3009,-1,3010,2541,3009,-1,3009,2541,2538,-1,3009,2538,2535,-1,2543,2542,3011,-1,3011,2542,2539,-1,3011,2539,3010,-1,3010,2539,2540,-1,3010,2540,2541,-1,2546,2545,3012,-1,3012,2545,2544,-1,3012,2544,3013,-1,3014,3015,2550,-1,2547,3016,2548,-1,2548,3016,3014,-1,2548,3014,2549,-1,2549,3014,2550,-1,2554,2553,3017,-1,3017,2553,2552,-1,3017,2552,3015,-1,3015,2552,2551,-1,3015,2551,2550,-1,3018,3019,2557,-1,2561,2558,3020,-1,3020,2558,2555,-1,3020,2555,3019,-1,3019,2555,2556,-1,3019,2556,2557,-1,2560,3021,2559,-1,2559,3021,3022,-1,3023,2565,3022,-1,3022,2565,2562,-1,3022,2562,2559,-1,2569,2566,3024,-1,3024,2566,2563,-1,3024,2563,3023,-1,3023,2563,2564,-1,3023,2564,2565,-1,2568,3025,2567,-1,2567,3025,3026,-1,2567,3026,2570,-1,2570,3026,2571,-1,3027,3028,2575,-1,2572,3029,2573,-1,2573,3029,3027,-1,2573,3027,2574,-1,2574,3027,2575,-1,2579,2578,3030,-1,3030,2578,2577,-1,3030,2577,3028,-1,3028,2577,2576,-1,3028,2576,2575,-1,2580,3031,2581,-1,2581,3031,3032,-1,2581,3032,2584,-1,2584,3032,3033,-1,2584,3033,2583,-1,2583,3033,2582,-1,2585,3034,2588,-1,2588,3034,3035,-1,2592,2589,3036,-1,3036,2589,2586,-1,3036,2586,3035,-1,3035,2586,2587,-1,3035,2587,2588,-1,2591,3037,2590,-1,2590,3037,3038,-1,2590,3038,2593,-1,2593,3038,2594,-1,2594,3038,3039,-1,2594,3039,2595,-1,3040,3041,2599,-1,2596,3042,2597,-1,2597,3042,3040,-1,2597,3040,2598,-1,2598,3040,2599,-1,2603,2602,3043,-1,3043,2602,2601,-1,3043,2601,3041,-1,3041,2601,2600,-1,3041,2600,2599,-1,2604,3044,2605,-1,2605,3044,3045,-1,2605,3045,2608,-1,2608,3045,2607,-1,3046,3047,2606,-1,3048,2612,3047,-1,3047,2612,2609,-1,3047,2609,2606,-1,2616,2613,3049,-1,3049,2613,2610,-1,3049,2610,3048,-1,3048,2610,2611,-1,3048,2611,2612,-1,2615,3050,2614,-1,2614,3050,3051,-1,2618,2619,3052,-1,3052,2619,2620,-1,3052,2620,3051,-1,3051,2620,2617,-1,3051,2617,2614,-1,3053,2622,3054,-1,3054,2622,2621,-1,2626,2625,3055,-1,3055,2625,2624,-1,3055,2624,3053,-1,3053,2624,2623,-1,3053,2623,2622,-1,3056,2628,3057,-1,3057,2628,2627,-1,2632,2631,3058,-1,3058,2631,2630,-1,3058,2630,3056,-1,3056,2630,2629,-1,3056,2629,2628,-1,3059,3060,2635,-1,3061,2633,3060,-1,3060,2633,2634,-1,3060,2634,2635,-1,2637,2638,3062,-1,3062,2638,2639,-1,3062,2639,3061,-1,3061,2639,2636,-1,3061,2636,2633,-1,2640,3063,2643,-1,2643,3063,3064,-1,2643,3064,2642,-1,2642,3064,2641,-1,3065,2646,3066,-1,3066,2646,2645,-1,3066,2645,3067,-1,3067,2645,2644,-1,2650,2649,3068,-1,3068,2649,2648,-1,3068,2648,3065,-1,3065,2648,2647,-1,3065,2647,2646,-1,3069,2652,3070,-1,3070,2652,2651,-1,3071,3072,2656,-1,2656,2655,3071,-1,3071,2655,2654,-1,3071,2654,3069,-1,3069,2654,2653,-1,3069,2653,2652,-1,2663,2660,3073,-1,3073,2660,2657,-1,3073,2657,3074,-1,3074,2657,2658,-1,3074,2658,3072,-1,3072,2658,2659,-1,3072,2659,2656,-1,2662,3075,2661,-1,2661,3075,3076,-1,2665,2666,3077,-1,3077,2666,2667,-1,3077,2667,3076,-1,3076,2667,2664,-1,3076,2664,2661,-1,2668,3078,2671,-1,2671,3078,3079,-1,2673,2672,3080,-1,3080,2672,2669,-1,3080,2669,3079,-1,3079,2669,2670,-1,3079,2670,2671,-1,3081,2675,3082,-1,3082,2675,2674,-1,2679,2678,3083,-1,3083,2678,2677,-1,3083,2677,3081,-1,3081,2677,2676,-1,3081,2676,2675,-1,3084,2681,3085,-1,3085,2681,2680,-1,2684,2685,3086,-1,3086,2685,2686,-1,3086,2686,3087,-1,3087,2686,2683,-1,3087,2683,3084,-1,3084,2683,2682,-1,3084,2682,2681,-1,2687,3088,2690,-1,2690,3088,3089,-1,3090,2688,3089,-1,3089,2688,2689,-1,3089,2689,2690,-1,3091,2694,3090,-1,3090,2694,2691,-1,3090,2691,2688,-1,2696,2695,3092,-1,3092,2695,2692,-1,3092,2692,3091,-1,3091,2692,2693,-1,3091,2693,2694,-1,2699,2698,3093,-1,3093,2698,2697,-1,3093,2697,3094,-1,2700,3095,2701,-1,2701,3095,3096,-1,2701,3096,2702,-1,2702,3096,2703,-1,3097,2707,3098,-1,3098,2707,2704,-1,2711,1850,3099,-1,1850,1852,3099,-1,3099,1852,1854,-1,3099,1854,3097,-1,3097,1854,2706,-1,3097,2706,2707,-1,1858,3100,1855,-1,1855,3100,3101,-1,3102,1867,3101,-1,3101,1867,1864,-1,3101,1864,1855,-1,3103,1872,3102,-1,3102,1872,1869,-1,3102,1869,1867,-1,1880,1879,2732,-1,2732,1879,1876,-1,2732,1876,3103,-1,3103,1876,1874,-1,3103,1874,1872,-1,3104,2837,3105,-1,3105,2837,2791,-1,3105,2791,3106,-1,3106,2791,2789,-1,3104,3107,2837,-1,2837,3107,2838,-1,2837,2838,2205,-1,2205,2838,2204,-1,3107,3108,2838,-1,2838,3108,3109,-1,2838,3109,2839,-1,2839,3109,3110,-1,2839,3110,2840,-1,2840,3110,3111,-1,2840,3111,3112,-1,3112,3113,2840,-1,2840,3113,2843,-1,2840,2843,2208,-1,2208,2843,2209,-1,3113,3114,2843,-1,2843,3114,3115,-1,2843,3115,2841,-1,2841,3115,3116,-1,2841,3116,2842,-1,3117,2844,3118,-1,3118,2844,2842,-1,3118,2842,3119,-1,3119,2842,3116,-1,3117,3120,2844,-1,2844,3120,2845,-1,2844,2845,2216,-1,2216,2845,2217,-1,3121,2846,3122,-1,3122,2846,2845,-1,3122,2845,3123,-1,3123,2845,3120,-1,3121,3124,2846,-1,2846,3124,2847,-1,2846,2847,2220,-1,2220,2847,2223,-1,3124,3125,2847,-1,2847,3125,3126,-1,2847,3126,2848,-1,2848,3126,3127,-1,2848,3127,2849,-1,3128,2850,3129,-1,3129,2850,2849,-1,3129,2849,3130,-1,3130,2849,3127,-1,3128,3131,2850,-1,2850,3131,2851,-1,2850,2851,2225,-1,2225,2851,2228,-1,3131,3132,2851,-1,2851,3132,3133,-1,2851,3133,2852,-1,2852,3133,3134,-1,2852,3134,2853,-1,2853,3134,3135,-1,2853,3135,3136,-1,3136,3137,2853,-1,2853,3137,2855,-1,2853,2855,2233,-1,2233,2855,2234,-1,3138,2856,3139,-1,3139,2856,2854,-1,3139,2854,3140,-1,3140,2854,2855,-1,3140,2855,3141,-1,3141,2855,3137,-1,3138,3142,2856,-1,2856,3142,2858,-1,2856,2858,2239,-1,2239,2858,2240,-1,3142,3143,2858,-1,2858,3143,3144,-1,2858,3144,2857,-1,2857,3144,3145,-1,2857,3145,2859,-1,2859,3145,3146,-1,2859,3146,3147,-1,3147,3148,2859,-1,2859,3148,2860,-1,2859,2860,2245,-1,2245,2860,2248,-1,3149,2862,3150,-1,3150,2862,2861,-1,3150,2861,3151,-1,3151,2861,2860,-1,3151,2860,3152,-1,3152,2860,3148,-1,3149,3153,2862,-1,2862,3153,2863,-1,2862,2863,2252,-1,2252,2863,2251,-1,3153,3154,2863,-1,2863,3154,3155,-1,2863,3155,2864,-1,2864,3155,3156,-1,2864,3156,2865,-1,2865,3156,3157,-1,2865,3157,3158,-1,3158,3159,2865,-1,2865,3159,2868,-1,2865,2868,2254,-1,2254,2868,2257,-1,3159,3160,2868,-1,2868,3160,3161,-1,2868,3161,2867,-1,2867,3161,3162,-1,2867,3162,2866,-1,3163,2869,3164,-1,3164,2869,2866,-1,3164,2866,3165,-1,3165,2866,3162,-1,3163,3166,2869,-1,2869,3166,2871,-1,2869,2871,2263,-1,2263,2871,2264,-1,3166,3167,2871,-1,2871,3167,3168,-1,2871,3168,2870,-1,2870,3168,3169,-1,2870,3169,2872,-1,2872,3169,3170,-1,3170,3171,2872,-1,2872,3171,3172,-1,2872,3172,2873,-1,2873,3172,3173,-1,2873,3173,2875,-1,3174,2874,3175,-1,3175,2874,2875,-1,3175,2875,3176,-1,3176,2875,3173,-1,3174,3177,2874,-1,2874,3177,2876,-1,2874,2876,2276,-1,2276,2876,2275,-1,3177,3178,2876,-1,2876,3178,3179,-1,2876,3179,2877,-1,2877,3179,3180,-1,2877,3180,2878,-1,2878,3180,3181,-1,2878,3181,3182,-1,3182,3183,2878,-1,2878,3183,2879,-1,2878,2879,2278,-1,2278,2879,2281,-1,3184,2881,3185,-1,3185,2881,2880,-1,3185,2880,3186,-1,3186,2880,2879,-1,3186,2879,3187,-1,3187,2879,3183,-1,3184,3188,2881,-1,2881,3188,2883,-1,2881,2883,2286,-1,2286,2883,2287,-1,3188,3189,2883,-1,2883,3189,3190,-1,2883,3190,2882,-1,2882,3190,3191,-1,2882,3191,2884,-1,2884,3191,3192,-1,2884,3192,3193,-1,3193,3194,2884,-1,2884,3194,2886,-1,2884,2886,2292,-1,2292,2886,2293,-1,3194,3195,2886,-1,2886,3195,3196,-1,2886,3196,2885,-1,2885,3196,3197,-1,2885,3197,2888,-1,3198,2887,3199,-1,3199,2887,2888,-1,3199,2888,3200,-1,3200,2888,3197,-1,3198,3201,2887,-1,2887,3201,2889,-1,2887,2889,2297,-1,2297,2889,2300,-1,3201,3202,2889,-1,2889,3202,3203,-1,2889,3203,2890,-1,2890,3203,3204,-1,2890,3204,2891,-1,2891,3204,3205,-1,3205,3206,2891,-1,2891,3206,3207,-1,2891,3207,2892,-1,2892,3207,3208,-1,2892,3208,2893,-1,2893,3208,3209,-1,2893,3209,2894,-1,2894,3209,3210,-1,2894,3210,3211,-1,3211,3212,2894,-1,2894,3212,2896,-1,2894,2896,2310,-1,2310,2896,2311,-1,3212,3213,2896,-1,2896,3213,3214,-1,2896,3214,2895,-1,2895,3214,3215,-1,2895,3215,2897,-1,2897,3215,3216,-1,2897,3216,3217,-1,3217,3218,2897,-1,2897,3218,2899,-1,2897,2899,2316,-1,2316,2899,2317,-1,3218,3219,2899,-1,2899,3219,3220,-1,2899,3220,2898,-1,2898,3220,3221,-1,2898,3221,2900,-1,3222,2714,3223,-1,3223,2714,2900,-1,3223,2900,3224,-1,3224,2900,3221,-1,3222,3225,2714,-1,2714,3225,2901,-1,2714,2901,2321,-1,2321,2901,2324,-1,3225,3226,2901,-1,2901,3226,3227,-1,2901,3227,2902,-1,2902,3227,3228,-1,2902,3228,2903,-1,2903,3228,3229,-1,3229,3230,2903,-1,2903,3230,3231,-1,2903,3231,2904,-1,2904,3231,3232,-1,2904,3232,2905,-1,3233,2906,3234,-1,3234,2906,2905,-1,3234,2905,3235,-1,3235,2905,3232,-1,3233,3236,2906,-1,2906,3236,2908,-1,2906,2908,2333,-1,2333,2908,2336,-1,3236,3237,2908,-1,2908,3237,3238,-1,2908,3238,2907,-1,2907,3238,3239,-1,2907,3239,2909,-1,2909,3239,3240,-1,2909,3240,3241,-1,3241,3242,2909,-1,2909,3242,2911,-1,2909,2911,2341,-1,2341,2911,2342,-1,3243,2912,3244,-1,3244,2912,2910,-1,3244,2910,3245,-1,3245,2910,2911,-1,3245,2911,3246,-1,3246,2911,3242,-1,3243,3247,2912,-1,2912,3247,2913,-1,2912,2913,2347,-1,2347,2913,2348,-1,3247,3248,2913,-1,2913,3248,3249,-1,2913,3249,2914,-1,2914,3249,3250,-1,2914,3250,2915,-1,2915,3250,3251,-1,2915,3251,3252,-1,3252,3253,2915,-1,2915,3253,2916,-1,2915,2916,2350,-1,2350,2916,2353,-1,3253,3254,2916,-1,2916,3254,3255,-1,2916,3255,2917,-1,2917,3255,3256,-1,2917,3256,2918,-1,3257,2919,3258,-1,3258,2919,2918,-1,3258,2918,3259,-1,3259,2918,3256,-1,3257,3260,2919,-1,2919,3260,2920,-1,2919,2920,2358,-1,2358,2920,2361,-1,3261,2921,3262,-1,3262,2921,2920,-1,3262,2920,3263,-1,3263,2920,3260,-1,3261,3264,2921,-1,2921,3264,2924,-1,2921,2924,2364,-1,2364,2924,2365,-1,3264,3265,2924,-1,2924,3265,3266,-1,2924,3266,2922,-1,2922,3266,3267,-1,2922,3267,2923,-1,3268,2925,3269,-1,3269,2925,2923,-1,3269,2923,3270,-1,3270,2923,3267,-1,3268,3271,2925,-1,2925,3271,2926,-1,2925,2926,2372,-1,2372,2926,2375,-1,3271,3272,2926,-1,2926,3272,3273,-1,2926,3273,2927,-1,2927,3273,3274,-1,2927,3274,2928,-1,2928,3274,3275,-1,2928,3275,3276,-1,3276,3277,2928,-1,2928,3277,2929,-1,2928,2929,2379,-1,2379,2929,2378,-1,3278,2931,3279,-1,3279,2931,2930,-1,3279,2930,3280,-1,3280,2930,2929,-1,3280,2929,3281,-1,3281,2929,3277,-1,3278,3282,2931,-1,2931,3282,2932,-1,2931,2932,2381,-1,2381,2932,2384,-1,3282,3283,2932,-1,2932,3283,3284,-1,2932,3284,2933,-1,2933,3284,3285,-1,2933,3285,2934,-1,2934,3285,3286,-1,2934,3286,3287,-1,3287,3288,2934,-1,2934,3288,2937,-1,2934,2937,2389,-1,2389,2937,2390,-1,3288,3289,2937,-1,2937,3289,3290,-1,2937,3290,2935,-1,2935,3290,3291,-1,2935,3291,2936,-1,3292,2938,3293,-1,3293,2938,2936,-1,3293,2936,3294,-1,3294,2936,3291,-1,3292,3295,2938,-1,2938,3295,2939,-1,2938,2939,2397,-1,2397,2939,2398,-1,3296,2940,3297,-1,3297,2940,2939,-1,3297,2939,3298,-1,3298,2939,3295,-1,3296,3299,2940,-1,2940,3299,2941,-1,2940,2941,2400,-1,2400,2941,2401,-1,3299,3300,2941,-1,2941,3300,3301,-1,2941,3301,2942,-1,2942,3301,3302,-1,2942,3302,2943,-1,3303,2944,3304,-1,3304,2944,2943,-1,3304,2943,3305,-1,3305,2943,3302,-1,3303,3306,2944,-1,2944,3306,2945,-1,2944,2945,2406,-1,2406,2945,2409,-1,3306,3307,2945,-1,2945,3307,3308,-1,2945,3308,2946,-1,2946,3308,3309,-1,2946,3309,2947,-1,2947,3309,3310,-1,3310,3311,2947,-1,2947,3311,3312,-1,2947,3312,2948,-1,2948,3312,3313,-1,2948,3313,2949,-1,3314,2950,3315,-1,3315,2950,2949,-1,3315,2949,3316,-1,3316,2949,3313,-1,3314,3317,2950,-1,2950,3317,2952,-1,2950,2952,2420,-1,2420,2952,2421,-1,3317,3318,2952,-1,2952,3318,3319,-1,2952,3319,2951,-1,2951,3319,3320,-1,2951,3320,2953,-1,2953,3320,3321,-1,2953,3321,3322,-1,3322,3323,2953,-1,2953,3323,2954,-1,2953,2954,2426,-1,2426,2954,2425,-1,3323,3324,2954,-1,2954,3324,3325,-1,2954,3325,2955,-1,2955,3325,3326,-1,2955,3326,2956,-1,3327,2957,3328,-1,3328,2957,2956,-1,3328,2956,3329,-1,3329,2956,3326,-1,3327,3330,2957,-1,2957,3330,2958,-1,2957,2958,2435,-1,2435,2958,2434,-1,3331,2959,3332,-1,3332,2959,2958,-1,3332,2958,3333,-1,3333,2958,3330,-1,3331,2708,2959,-1,2959,2708,2710,-1,2959,2710,2439,-1,2439,2710,2438,-1,2709,3334,2710,-1,2710,3334,2961,-1,2710,2961,2437,-1,2437,2961,2440,-1,3335,2962,3336,-1,3336,2962,2960,-1,3336,2960,3337,-1,3337,2960,2961,-1,3337,2961,3338,-1,3338,2961,3334,-1,3335,3339,2962,-1,2962,3339,2964,-1,2962,2964,2445,-1,2445,2964,2446,-1,3339,3340,2964,-1,2964,3340,3341,-1,2964,3341,2963,-1,2963,3341,3342,-1,2963,3342,2965,-1,2965,3342,3343,-1,2965,3343,3344,-1,3344,3345,2965,-1,2965,3345,2966,-1,2965,2966,2451,-1,2451,2966,2452,-1,3345,3346,2966,-1,2966,3346,3347,-1,2966,3347,2967,-1,2967,3347,3348,-1,2967,3348,2968,-1,3349,2969,3350,-1,3350,2969,2968,-1,3350,2968,3351,-1,3351,2968,3348,-1,3349,3352,2969,-1,2969,3352,2970,-1,2969,2970,2460,-1,2460,2970,2459,-1,3353,2971,3354,-1,3354,2971,2970,-1,3354,2970,3355,-1,3355,2970,3352,-1,3353,3356,2971,-1,2971,3356,2972,-1,2971,2972,2464,-1,2464,2972,2463,-1,3356,3357,2972,-1,2972,3357,3358,-1,2972,3358,2712,-1,2712,3358,3359,-1,2712,3359,2713,-1,3360,2973,3361,-1,3361,2973,2713,-1,3361,2713,3362,-1,3362,2713,3359,-1,3360,3363,2973,-1,2973,3363,2975,-1,2973,2975,2470,-1,2470,2975,2471,-1,3363,3364,2975,-1,2975,3364,3365,-1,2975,3365,2974,-1,2974,3365,3366,-1,2974,3366,2976,-1,2976,3366,3367,-1,2976,3367,3368,-1,3368,3369,2976,-1,2976,3369,2977,-1,2976,2977,2476,-1,2476,2977,2479,-1,3370,2979,3371,-1,3371,2979,2978,-1,3371,2978,3372,-1,3372,2978,2977,-1,3372,2977,3373,-1,3373,2977,3369,-1,3370,3374,2979,-1,2979,3374,2980,-1,2979,2980,2483,-1,2483,2980,2482,-1,3374,3375,2980,-1,2980,3375,3376,-1,2980,3376,2981,-1,2981,3376,3377,-1,2981,3377,2982,-1,2982,3377,3378,-1,2982,3378,3379,-1,3379,3380,2982,-1,2982,3380,2983,-1,2982,2983,2485,-1,2485,2983,2488,-1,3381,2985,3382,-1,3382,2985,2984,-1,3382,2984,3383,-1,3383,2984,2983,-1,3383,2983,3384,-1,3384,2983,3380,-1,3381,3385,2985,-1,2985,3385,2987,-1,2985,2987,2493,-1,2493,2987,2494,-1,3385,3386,2987,-1,2987,3386,3387,-1,2987,3387,2986,-1,2986,3387,3388,-1,2986,3388,2988,-1,2988,3388,3389,-1,2988,3389,3390,-1,3390,3391,2988,-1,2988,3391,2990,-1,2988,2990,2499,-1,2499,2990,2500,-1,3391,3392,2990,-1,2990,3392,3393,-1,2990,3393,2989,-1,2989,3393,3394,-1,2989,3394,2992,-1,3395,2991,3396,-1,3396,2991,2992,-1,3396,2992,3397,-1,3397,2992,3394,-1,3395,3398,2991,-1,2991,3398,2993,-1,2991,2993,2508,-1,2508,2993,2507,-1,3398,3399,2993,-1,2993,3399,3400,-1,2993,3400,2994,-1,2994,3400,3401,-1,2994,3401,2995,-1,2995,3401,3402,-1,3402,3403,2995,-1,2995,3403,3404,-1,2995,3404,2996,-1,2996,3404,3405,-1,2996,3405,2997,-1,3406,2998,3407,-1,3407,2998,2997,-1,3407,2997,3408,-1,3408,2997,3405,-1,3406,3409,2998,-1,2998,3409,3000,-1,2998,3000,2518,-1,2518,3000,2519,-1,3409,3410,3000,-1,3000,3410,3411,-1,3000,3411,2999,-1,2999,3411,3412,-1,2999,3412,3001,-1,3001,3412,3413,-1,3001,3413,3414,-1,3414,3415,3001,-1,3001,3415,3003,-1,3001,3003,2524,-1,2524,3003,2525,-1,3416,3004,3417,-1,3417,3004,3002,-1,3417,3002,3418,-1,3418,3002,3003,-1,3418,3003,3419,-1,3419,3003,3415,-1,3416,3420,3004,-1,3004,3420,3005,-1,3004,3005,2530,-1,2530,3005,2533,-1,3420,3421,3005,-1,3005,3421,3422,-1,3005,3422,3006,-1,3006,3422,3423,-1,3006,3423,3007,-1,3007,3423,3424,-1,3007,3424,3425,-1,3425,3426,3007,-1,3007,3426,3008,-1,3007,3008,2537,-1,2537,3008,2536,-1,3426,3427,3008,-1,3008,3427,3428,-1,3008,3428,3009,-1,3009,3428,3429,-1,3009,3429,3010,-1,3430,3011,3431,-1,3431,3011,3010,-1,3431,3010,3432,-1,3432,3010,3429,-1,3430,3433,3011,-1,3011,3433,3013,-1,3011,3013,2543,-1,2543,3013,2544,-1,3434,3012,3435,-1,3435,3012,3013,-1,3435,3013,3436,-1,3436,3013,3433,-1,3434,3437,3012,-1,3012,3437,3016,-1,3012,3016,2546,-1,2546,3016,2547,-1,3437,3438,3016,-1,3016,3438,3439,-1,3016,3439,3014,-1,3014,3439,3440,-1,3014,3440,3015,-1,3441,3017,3442,-1,3442,3017,3015,-1,3442,3015,3443,-1,3443,3015,3440,-1,3441,3444,3017,-1,3017,3444,3018,-1,3017,3018,2554,-1,2554,3018,2557,-1,3444,3445,3018,-1,3018,3445,3446,-1,3018,3446,3019,-1,3019,3446,3447,-1,3019,3447,3020,-1,3020,3447,3448,-1,3020,3448,3449,-1,3449,3450,3020,-1,3020,3450,3021,-1,3020,3021,2561,-1,2561,3021,2560,-1,3450,3451,3021,-1,3021,3451,3452,-1,3021,3452,3022,-1,3022,3452,3453,-1,3022,3453,3023,-1,3454,3024,3455,-1,3455,3024,3023,-1,3455,3023,3456,-1,3456,3023,3453,-1,3454,3457,3024,-1,3024,3457,3025,-1,3024,3025,2569,-1,2569,3025,2568,-1,3458,3026,3459,-1,3459,3026,3025,-1,3459,3025,3460,-1,3460,3025,3457,-1,3458,3461,3026,-1,3026,3461,3029,-1,3026,3029,2571,-1,2571,3029,2572,-1,3461,3462,3029,-1,3029,3462,3463,-1,3029,3463,3027,-1,3027,3463,3464,-1,3027,3464,3028,-1,3465,3030,3466,-1,3466,3030,3028,-1,3466,3028,3467,-1,3467,3028,3464,-1,3465,3468,3030,-1,3030,3468,3031,-1,3030,3031,2579,-1,2579,3031,2580,-1,3468,3469,3031,-1,3031,3469,3470,-1,3031,3470,3032,-1,3032,3470,3471,-1,3032,3471,3033,-1,3033,3471,3472,-1,3033,3472,3473,-1,3473,3474,3033,-1,3033,3474,3034,-1,3033,3034,2582,-1,2582,3034,2585,-1,3475,3036,3476,-1,3476,3036,3035,-1,3476,3035,3477,-1,3477,3035,3034,-1,3477,3034,3478,-1,3478,3034,3474,-1,3475,3479,3036,-1,3036,3479,3037,-1,3036,3037,2592,-1,2592,3037,2591,-1,3479,3480,3037,-1,3037,3480,3481,-1,3037,3481,3038,-1,3038,3481,3482,-1,3038,3482,3039,-1,3039,3482,3483,-1,3039,3483,3484,-1,3484,3485,3039,-1,3039,3485,3042,-1,3039,3042,2595,-1,2595,3042,2596,-1,3485,3486,3042,-1,3042,3486,3487,-1,3042,3487,3040,-1,3040,3487,3488,-1,3040,3488,3041,-1,3489,3043,3490,-1,3490,3043,3041,-1,3490,3041,3491,-1,3491,3041,3488,-1,3489,3492,3043,-1,3043,3492,3044,-1,3043,3044,2603,-1,2603,3044,2604,-1,3493,3045,3494,-1,3494,3045,3044,-1,3494,3044,3495,-1,3495,3044,3492,-1,3493,3496,3045,-1,3045,3496,3046,-1,3045,3046,2607,-1,2607,3046,2606,-1,3496,3497,3046,-1,3046,3497,3498,-1,3046,3498,3047,-1,3047,3498,3499,-1,3047,3499,3048,-1,3500,3049,3501,-1,3501,3049,3048,-1,3501,3048,3502,-1,3502,3048,3499,-1,3500,3503,3049,-1,3049,3503,3050,-1,3049,3050,2616,-1,2616,3050,2615,-1,3503,3504,3050,-1,3050,3504,3505,-1,3050,3505,3051,-1,3051,3505,3506,-1,3051,3506,3052,-1,3052,3506,3507,-1,3052,3507,3508,-1,3508,3509,3052,-1,3052,3509,3054,-1,3052,3054,2618,-1,2618,3054,2621,-1,3510,3055,3511,-1,3511,3055,3053,-1,3511,3053,3512,-1,3512,3053,3054,-1,3512,3054,3513,-1,3513,3054,3509,-1,3510,3514,3055,-1,3055,3514,3057,-1,3055,3057,2626,-1,2626,3057,2627,-1,3514,3515,3057,-1,3057,3515,3516,-1,3057,3516,3056,-1,3056,3516,3517,-1,3056,3517,3058,-1,3058,3517,3518,-1,3058,3518,3519,-1,3519,3520,3058,-1,3058,3520,3059,-1,3058,3059,2632,-1,2632,3059,2635,-1,3520,3521,3059,-1,3059,3521,3522,-1,3059,3522,3060,-1,3060,3522,3523,-1,3060,3523,3061,-1,3524,3062,3525,-1,3525,3062,3061,-1,3525,3061,3526,-1,3526,3061,3523,-1,3524,3527,3062,-1,3062,3527,3063,-1,3062,3063,2637,-1,2637,3063,2640,-1,3528,3064,3529,-1,3529,3064,3063,-1,3529,3063,3530,-1,3530,3063,3527,-1,3528,3531,3064,-1,3064,3531,3067,-1,3064,3067,2641,-1,2641,3067,2644,-1,3531,3532,3067,-1,3067,3532,3533,-1,3067,3533,3066,-1,3066,3533,3534,-1,3066,3534,3065,-1,3535,3068,3536,-1,3536,3068,3065,-1,3536,3065,3537,-1,3537,3065,3534,-1,3535,3538,3068,-1,3068,3538,3070,-1,3068,3070,2650,-1,2650,3070,2651,-1,3538,3539,3070,-1,3070,3539,3540,-1,3070,3540,3069,-1,3069,3540,3541,-1,3069,3541,3071,-1,3071,3541,3542,-1,3542,3543,3071,-1,3071,3543,3544,-1,3071,3544,3072,-1,3072,3544,3545,-1,3072,3545,3074,-1,3546,3073,3547,-1,3547,3073,3074,-1,3547,3074,3548,-1,3548,3074,3545,-1,3546,3549,3073,-1,3073,3549,3075,-1,3073,3075,2663,-1,2663,3075,2662,-1,3549,3550,3075,-1,3075,3550,3551,-1,3075,3551,3076,-1,3076,3551,3552,-1,3076,3552,3077,-1,3077,3552,3553,-1,3077,3553,3554,-1,3554,3555,3077,-1,3077,3555,3078,-1,3077,3078,2665,-1,2665,3078,2668,-1,3556,3080,3557,-1,3557,3080,3079,-1,3557,3079,3558,-1,3558,3079,3078,-1,3558,3078,3559,-1,3559,3078,3555,-1,3556,3560,3080,-1,3080,3560,3082,-1,3080,3082,2673,-1,2673,3082,2674,-1,3560,3561,3082,-1,3082,3561,3562,-1,3082,3562,3081,-1,3081,3562,3563,-1,3081,3563,3083,-1,3083,3563,3564,-1,3083,3564,3565,-1,3565,3566,3083,-1,3083,3566,3085,-1,3083,3085,2679,-1,2679,3085,2680,-1,3566,3567,3085,-1,3085,3567,3568,-1,3085,3568,3084,-1,3084,3568,3569,-1,3084,3569,3087,-1,3570,3086,3571,-1,3571,3086,3087,-1,3571,3087,3572,-1,3572,3087,3569,-1,3570,3573,3086,-1,3086,3573,3088,-1,3086,3088,2684,-1,2684,3088,2687,-1,3573,3574,3088,-1,3088,3574,3575,-1,3088,3575,3089,-1,3089,3575,3576,-1,3089,3576,3090,-1,3090,3576,3577,-1,3578,3092,3579,-1,3579,3092,3091,-1,3579,3091,3580,-1,3580,3091,3090,-1,3580,3090,3581,-1,3581,3090,3577,-1,3578,3582,3092,-1,3092,3582,3094,-1,3092,3094,2696,-1,2696,3094,2697,-1,3583,3093,3584,-1,3584,3093,3094,-1,3584,3094,3585,-1,3585,3094,3582,-1,3583,3586,3093,-1,3093,3586,3095,-1,3093,3095,2699,-1,2699,3095,2700,-1,3587,3096,3588,-1,3588,3096,3095,-1,3588,3095,3589,-1,3589,3095,3586,-1,3587,3590,3096,-1,3096,3590,3098,-1,3096,3098,2703,-1,2703,3098,2704,-1,3590,3591,3098,-1,3098,3591,3592,-1,3098,3592,3097,-1,3097,3592,3593,-1,3097,3593,3099,-1,3594,2711,3595,-1,3595,2711,3099,-1,3595,3099,3596,-1,3596,3099,3593,-1,3594,3597,2711,-1,2711,3597,3100,-1,2711,3100,1860,-1,1860,3100,1858,-1,3597,3598,3100,-1,3100,3598,3599,-1,3100,3599,3101,-1,3101,3599,3600,-1,3101,3600,3102,-1,3102,3600,3601,-1,3601,3602,3102,-1,3102,3602,3603,-1,3102,3603,3103,-1,3103,3603,3604,-1,3103,3604,2732,-1,2732,3604,3605,-1,2732,3605,2731,-1,2731,3605,3606,-1,2731,3606,3607,-1,3607,3608,2731,-1,2731,3608,2740,-1,2731,2740,2733,-1,2733,2740,2739,-1,3608,3609,2740,-1,2740,3609,3610,-1,2740,3610,2738,-1,2738,3610,3611,-1,2738,3611,2743,-1,2743,3611,3612,-1,2743,3612,3613,-1,3613,3614,2743,-1,2743,3614,2729,-1,2743,2729,2741,-1,2741,2729,2728,-1,3614,3615,2729,-1,2729,3615,3616,-1,2729,3616,2726,-1,2726,3616,3617,-1,2726,3617,2748,-1,2759,3618,2760,-1,2760,3618,3619,-1,2760,3619,3620,-1,3620,3619,2753,-1,3620,2753,3621,-1,3621,2753,2750,-1,3621,2750,3622,-1,3622,2750,2748,-1,3622,2748,3623,-1,3623,2748,3617,-1,209,207,3624,-1,199,201,3625,-1,192,194,3626,-1,195,190,3627,-1,182,184,3628,-1,175,177,3629,-1,172,170,3630,-1,165,167,3631,-1,158,160,3632,-1,155,153,3633,-1,148,150,3634,-1,141,143,3635,-1,134,136,3636,-1,137,132,3637,-1,124,126,3638,-1,117,119,3639,-1,120,115,3640,-1,114,112,3641,-1,107,109,3642,-1,100,102,3643,-1,97,95,3644,-1,90,92,3645,-1,83,85,3646,-1,213,226,3647,-1,3647,226,3648,-1,3647,3648,3649,-1,3649,3648,3650,-1,3649,3650,3651,-1,3651,3650,3652,-1,3651,3652,3653,-1,3653,3652,3654,-1,3653,3654,3655,-1,3655,3654,3646,-1,223,251,3656,-1,3656,251,3657,-1,3656,3657,3658,-1,3658,3657,3659,-1,3658,3659,3660,-1,3660,3659,3661,-1,3660,3661,3662,-1,3662,3661,3663,-1,3662,3663,3664,-1,3664,3663,3645,-1,261,260,3665,-1,3665,260,3666,-1,3665,3666,3667,-1,3667,3666,3668,-1,3667,3668,3669,-1,3669,3668,3670,-1,3669,3670,3671,-1,3671,3670,3672,-1,3671,3672,3673,-1,3673,3672,3643,-1,257,240,3674,-1,3674,240,3675,-1,3674,3675,3676,-1,3676,3675,3677,-1,3676,3677,3678,-1,3678,3677,3679,-1,3678,3679,3680,-1,3680,3679,3681,-1,3680,3681,3682,-1,3682,3681,3642,-1,230,228,3683,-1,3683,228,3684,-1,3683,3684,3685,-1,3685,3684,3686,-1,3685,3686,3687,-1,3687,3686,3688,-1,3687,3688,3689,-1,3689,3688,3690,-1,3689,3690,3691,-1,3691,3690,3638,-1,245,243,3692,-1,3692,243,3693,-1,3692,3693,3694,-1,3694,3693,3695,-1,3694,3695,3696,-1,3696,3695,3697,-1,3696,3697,3698,-1,3698,3697,3699,-1,3698,3699,3700,-1,3700,3699,3637,-1,233,273,3701,-1,3701,273,3702,-1,3701,3702,3703,-1,3703,3702,3704,-1,3703,3704,3705,-1,3705,3704,3706,-1,3705,3706,3707,-1,3707,3706,3708,-1,3707,3708,3709,-1,3709,3708,3635,-1,270,268,3710,-1,3710,268,3711,-1,3710,3711,3712,-1,3712,3711,3713,-1,3712,3713,3714,-1,3714,3713,3715,-1,3714,3715,3716,-1,3716,3715,3717,-1,3716,3717,3718,-1,3718,3717,3634,-1,275,293,3719,-1,3719,293,3720,-1,3719,3720,3721,-1,3721,3720,3722,-1,3721,3722,3723,-1,3723,3722,3724,-1,3723,3724,3725,-1,3725,3724,3726,-1,3725,3726,3727,-1,3727,3726,3632,-1,290,289,3728,-1,3728,289,3729,-1,3728,3729,3730,-1,3730,3729,3731,-1,3730,3731,3732,-1,3732,3731,3733,-1,3732,3733,3734,-1,3734,3733,3735,-1,3734,3735,3736,-1,3736,3735,3631,-1,266,265,3737,-1,3737,265,3738,-1,3737,3738,3739,-1,3739,3738,3740,-1,3739,3740,3741,-1,3741,3740,3742,-1,3741,3742,3743,-1,3743,3742,3744,-1,3743,3744,3745,-1,3745,3744,3629,-1,283,282,3746,-1,3746,282,3747,-1,3746,3747,3748,-1,3748,3747,3749,-1,3748,3749,3750,-1,3750,3749,3751,-1,3750,3751,3752,-1,3752,3751,3753,-1,3752,3753,3754,-1,3754,3753,3628,-1,288,287,3755,-1,3755,287,3756,-1,3755,3756,3757,-1,3757,3756,3758,-1,3757,3758,3759,-1,3759,3758,3760,-1,3759,3760,3761,-1,3761,3760,3762,-1,3761,3762,3763,-1,3763,3762,3627,-1,302,300,3764,-1,3764,300,3765,-1,3764,3765,3766,-1,3766,3765,3767,-1,3766,3767,3768,-1,3768,3767,3769,-1,3768,3769,3770,-1,3770,3769,3771,-1,3770,3771,3772,-1,3772,3771,3625,-1,297,295,3773,-1,3773,295,3774,-1,3773,3774,3775,-1,3775,3774,3776,-1,3775,3776,3777,-1,3777,3776,3778,-1,3777,3778,3779,-1,3779,3778,3780,-1,3779,3780,3781,-1,3781,3780,3624,-1,215,213,3782,-1,3782,213,3647,-1,3782,3647,3783,-1,3783,3647,3649,-1,3783,3649,3784,-1,3784,3649,3651,-1,3784,3651,3785,-1,3785,3651,3653,-1,3785,3653,3786,-1,3786,3653,3655,-1,3786,3655,211,-1,211,3655,80,-1,3646,85,3655,-1,3655,85,86,-1,3655,86,80,-1,87,83,3787,-1,3787,83,3646,-1,3787,3646,3788,-1,3788,3646,3654,-1,3788,3654,3789,-1,3789,3654,3652,-1,3789,3652,3790,-1,3790,3652,3650,-1,3790,3650,3791,-1,3791,3650,3648,-1,3791,3648,225,-1,225,3648,226,-1,225,223,3791,-1,3791,223,3656,-1,3791,3656,3790,-1,3790,3656,3658,-1,3790,3658,3789,-1,3789,3658,3660,-1,3789,3660,3788,-1,3788,3660,3662,-1,3788,3662,3787,-1,3787,3662,3664,-1,3787,3664,87,-1,87,3664,88,-1,3645,92,3664,-1,3664,92,93,-1,3664,93,88,-1,94,90,3792,-1,3792,90,3645,-1,3792,3645,3793,-1,3793,3645,3663,-1,3793,3663,3794,-1,3794,3663,3661,-1,3794,3661,3795,-1,3795,3661,3659,-1,3795,3659,3796,-1,3796,3659,3657,-1,3796,3657,250,-1,250,3657,251,-1,250,248,3796,-1,3796,248,3797,-1,3796,3797,3795,-1,3795,3797,3798,-1,3795,3798,3794,-1,3794,3798,3799,-1,3794,3799,3793,-1,3793,3799,3800,-1,3793,3800,3792,-1,3792,3800,3644,-1,3792,3644,94,-1,94,3644,95,-1,98,97,3673,-1,3673,97,3644,-1,3673,3644,3671,-1,3671,3644,3800,-1,3671,3800,3669,-1,3669,3800,3799,-1,3669,3799,3667,-1,3667,3799,3798,-1,3667,3798,3665,-1,3665,3798,3797,-1,3665,3797,261,-1,261,3797,248,-1,3643,102,3673,-1,3673,102,103,-1,3673,103,98,-1,104,100,3801,-1,3801,100,3643,-1,3801,3643,3802,-1,3802,3643,3672,-1,3802,3672,3803,-1,3803,3672,3670,-1,3803,3670,3804,-1,3804,3670,3668,-1,3804,3668,3805,-1,3805,3668,3666,-1,3805,3666,258,-1,258,3666,260,-1,258,257,3805,-1,3805,257,3674,-1,3805,3674,3804,-1,3804,3674,3676,-1,3804,3676,3803,-1,3803,3676,3678,-1,3803,3678,3802,-1,3802,3678,3680,-1,3802,3680,3801,-1,3801,3680,3682,-1,3801,3682,104,-1,104,3682,105,-1,3642,109,3682,-1,3682,109,110,-1,3682,110,105,-1,111,107,3806,-1,3806,107,3642,-1,3806,3642,3807,-1,3807,3642,3681,-1,3807,3681,3808,-1,3808,3681,3679,-1,3808,3679,3809,-1,3809,3679,3677,-1,3809,3677,3810,-1,3810,3677,3675,-1,3810,3675,238,-1,238,3675,240,-1,238,237,3810,-1,3810,237,3811,-1,3810,3811,3809,-1,3809,3811,3812,-1,3809,3812,3808,-1,3808,3812,3813,-1,3808,3813,3807,-1,3807,3813,3814,-1,3807,3814,3806,-1,3806,3814,3641,-1,3806,3641,111,-1,111,3641,112,-1,115,114,3640,-1,3640,114,3641,-1,3640,3641,3815,-1,3815,3641,3814,-1,3815,3814,3816,-1,3816,3814,3813,-1,3816,3813,3817,-1,3817,3813,3812,-1,3817,3812,3818,-1,3818,3812,3811,-1,3818,3811,220,-1,220,3811,237,-1,119,120,3639,-1,3639,120,3640,-1,3639,3640,3819,-1,3819,3640,3815,-1,3819,3815,3820,-1,3820,3815,3816,-1,3820,3816,3821,-1,3821,3816,3817,-1,3821,3817,3822,-1,3822,3817,3818,-1,3822,3818,218,-1,218,3818,220,-1,121,117,3823,-1,3823,117,3639,-1,3823,3639,3824,-1,3824,3639,3819,-1,3824,3819,3825,-1,3825,3819,3820,-1,3825,3820,3826,-1,3826,3820,3821,-1,3826,3821,3827,-1,3827,3821,3822,-1,3827,3822,231,-1,231,3822,218,-1,231,230,3827,-1,3827,230,3683,-1,3827,3683,3826,-1,3826,3683,3685,-1,3826,3685,3825,-1,3825,3685,3687,-1,3825,3687,3824,-1,3824,3687,3689,-1,3824,3689,3823,-1,3823,3689,3691,-1,3823,3691,121,-1,121,3691,122,-1,3638,126,3691,-1,3691,126,127,-1,3691,127,122,-1,128,124,3828,-1,3828,124,3638,-1,3828,3638,3829,-1,3829,3638,3690,-1,3829,3690,3830,-1,3830,3690,3688,-1,3830,3688,3831,-1,3831,3688,3686,-1,3831,3686,3832,-1,3832,3686,3684,-1,3832,3684,246,-1,246,3684,228,-1,246,245,3832,-1,3832,245,3692,-1,3832,3692,3831,-1,3831,3692,3694,-1,3831,3694,3830,-1,3830,3694,3696,-1,3830,3696,3829,-1,3829,3696,3698,-1,3829,3698,3828,-1,3828,3698,3700,-1,3828,3700,128,-1,128,3700,129,-1,3637,132,3700,-1,3700,132,131,-1,3700,131,129,-1,136,137,3636,-1,3636,137,3637,-1,3636,3637,3833,-1,3833,3637,3699,-1,3833,3699,3834,-1,3834,3699,3697,-1,3834,3697,3835,-1,3835,3697,3695,-1,3835,3695,3836,-1,3836,3695,3693,-1,3836,3693,242,-1,242,3693,243,-1,138,134,3837,-1,3837,134,3636,-1,3837,3636,3838,-1,3838,3636,3833,-1,3838,3833,3839,-1,3839,3833,3834,-1,3839,3834,3840,-1,3840,3834,3835,-1,3840,3835,3841,-1,3841,3835,3836,-1,3841,3836,235,-1,235,3836,242,-1,235,233,3841,-1,3841,233,3701,-1,3841,3701,3840,-1,3840,3701,3703,-1,3840,3703,3839,-1,3839,3703,3705,-1,3839,3705,3838,-1,3838,3705,3707,-1,3838,3707,3837,-1,3837,3707,3709,-1,3837,3709,138,-1,138,3709,139,-1,3635,143,3709,-1,3709,143,144,-1,3709,144,139,-1,145,141,3842,-1,3842,141,3635,-1,3842,3635,3843,-1,3843,3635,3708,-1,3843,3708,3844,-1,3844,3708,3706,-1,3844,3706,3845,-1,3845,3706,3704,-1,3845,3704,3846,-1,3846,3704,3702,-1,3846,3702,272,-1,272,3702,273,-1,272,270,3846,-1,3846,270,3710,-1,3846,3710,3845,-1,3845,3710,3712,-1,3845,3712,3844,-1,3844,3712,3714,-1,3844,3714,3843,-1,3843,3714,3716,-1,3843,3716,3842,-1,3842,3716,3718,-1,3842,3718,145,-1,145,3718,146,-1,3634,150,3718,-1,3718,150,151,-1,3718,151,146,-1,152,148,3847,-1,3847,148,3634,-1,3847,3634,3848,-1,3848,3634,3717,-1,3848,3717,3849,-1,3849,3717,3715,-1,3849,3715,3850,-1,3850,3715,3713,-1,3850,3713,3851,-1,3851,3713,3711,-1,3851,3711,278,-1,278,3711,268,-1,278,277,3851,-1,3851,277,3852,-1,3851,3852,3850,-1,3850,3852,3853,-1,3850,3853,3849,-1,3849,3853,3854,-1,3849,3854,3848,-1,3848,3854,3855,-1,3848,3855,3847,-1,3847,3855,3633,-1,3847,3633,152,-1,152,3633,153,-1,156,155,3727,-1,3727,155,3633,-1,3727,3633,3725,-1,3725,3633,3855,-1,3725,3855,3723,-1,3723,3855,3854,-1,3723,3854,3721,-1,3721,3854,3853,-1,3721,3853,3719,-1,3719,3853,3852,-1,3719,3852,275,-1,275,3852,277,-1,3632,160,3727,-1,3727,160,161,-1,3727,161,156,-1,162,158,3856,-1,3856,158,3632,-1,3856,3632,3857,-1,3857,3632,3726,-1,3857,3726,3858,-1,3858,3726,3724,-1,3858,3724,3859,-1,3859,3724,3722,-1,3859,3722,3860,-1,3860,3722,3720,-1,3860,3720,292,-1,292,3720,293,-1,292,290,3860,-1,3860,290,3728,-1,3860,3728,3859,-1,3859,3728,3730,-1,3859,3730,3858,-1,3858,3730,3732,-1,3858,3732,3857,-1,3857,3732,3734,-1,3857,3734,3856,-1,3856,3734,3736,-1,3856,3736,162,-1,162,3736,163,-1,3631,167,3736,-1,3736,167,168,-1,3736,168,163,-1,169,165,3861,-1,3861,165,3631,-1,3861,3631,3862,-1,3862,3631,3735,-1,3862,3735,3863,-1,3863,3735,3733,-1,3863,3733,3864,-1,3864,3733,3731,-1,3864,3731,3865,-1,3865,3731,3729,-1,3865,3729,255,-1,255,3729,289,-1,255,253,3865,-1,3865,253,3866,-1,3865,3866,3864,-1,3864,3866,3867,-1,3864,3867,3863,-1,3863,3867,3868,-1,3863,3868,3862,-1,3862,3868,3869,-1,3862,3869,3861,-1,3861,3869,3630,-1,3861,3630,169,-1,169,3630,170,-1,173,172,3745,-1,3745,172,3630,-1,3745,3630,3743,-1,3743,3630,3869,-1,3743,3869,3741,-1,3741,3869,3868,-1,3741,3868,3739,-1,3739,3868,3867,-1,3739,3867,3737,-1,3737,3867,3866,-1,3737,3866,266,-1,266,3866,253,-1,3629,177,3745,-1,3745,177,178,-1,3745,178,173,-1,179,175,3870,-1,3870,175,3629,-1,3870,3629,3871,-1,3871,3629,3744,-1,3871,3744,3872,-1,3872,3744,3742,-1,3872,3742,3873,-1,3873,3742,3740,-1,3873,3740,3874,-1,3874,3740,3738,-1,3874,3738,263,-1,263,3738,265,-1,263,283,3874,-1,3874,283,3746,-1,3874,3746,3873,-1,3873,3746,3748,-1,3873,3748,3872,-1,3872,3748,3750,-1,3872,3750,3871,-1,3871,3750,3752,-1,3871,3752,3870,-1,3870,3752,3754,-1,3870,3754,179,-1,179,3754,180,-1,3628,184,3754,-1,3754,184,185,-1,3754,185,180,-1,186,182,3875,-1,3875,182,3628,-1,3875,3628,3876,-1,3876,3628,3753,-1,3876,3753,3877,-1,3877,3753,3751,-1,3877,3751,3878,-1,3878,3751,3749,-1,3878,3749,3879,-1,3879,3749,3747,-1,3879,3747,280,-1,280,3747,282,-1,280,288,3879,-1,3879,288,3755,-1,3879,3755,3878,-1,3878,3755,3757,-1,3878,3757,3877,-1,3877,3757,3759,-1,3877,3759,3876,-1,3876,3759,3761,-1,3876,3761,3875,-1,3875,3761,3763,-1,3875,3763,186,-1,186,3763,187,-1,3627,190,3763,-1,3763,190,189,-1,3763,189,187,-1,194,195,3626,-1,3626,195,3627,-1,3626,3627,3880,-1,3880,3627,3762,-1,3880,3762,3881,-1,3881,3762,3760,-1,3881,3760,3882,-1,3882,3760,3758,-1,3882,3758,3883,-1,3883,3758,3756,-1,3883,3756,285,-1,285,3756,287,-1,196,192,3884,-1,3884,192,3626,-1,3884,3626,3885,-1,3885,3626,3880,-1,3885,3880,3886,-1,3886,3880,3881,-1,3886,3881,3887,-1,3887,3881,3882,-1,3887,3882,3888,-1,3888,3882,3883,-1,3888,3883,303,-1,303,3883,285,-1,303,302,3888,-1,3888,302,3764,-1,3888,3764,3887,-1,3887,3764,3766,-1,3887,3766,3886,-1,3886,3766,3768,-1,3886,3768,3885,-1,3885,3768,3770,-1,3885,3770,3884,-1,3884,3770,3772,-1,3884,3772,196,-1,196,3772,197,-1,3625,201,3772,-1,3772,201,202,-1,3772,202,197,-1,203,199,3889,-1,3889,199,3625,-1,3889,3625,3890,-1,3890,3625,3771,-1,3890,3771,3891,-1,3891,3771,3769,-1,3891,3769,3892,-1,3892,3769,3767,-1,3892,3767,3893,-1,3893,3767,3765,-1,3893,3765,299,-1,299,3765,300,-1,299,297,3893,-1,3893,297,3773,-1,3893,3773,3892,-1,3892,3773,3775,-1,3892,3775,3891,-1,3891,3775,3777,-1,3891,3777,3890,-1,3890,3777,3779,-1,3890,3779,3889,-1,3889,3779,3781,-1,3889,3781,203,-1,203,3781,204,-1,3624,207,3781,-1,3781,207,206,-1,3781,206,204,-1,210,209,3894,-1,3894,209,3624,-1,3894,3624,3895,-1,3895,3624,3780,-1,3895,3780,3896,-1,3896,3780,3778,-1,3896,3778,3897,-1,3897,3778,3776,-1,3897,3776,3898,-1,3898,3776,3774,-1,3898,3774,294,-1,294,3774,295,-1,294,215,3898,-1,3898,215,3782,-1,3898,3782,3897,-1,3897,3782,3783,-1,3897,3783,3896,-1,3896,3783,3784,-1,3896,3784,3895,-1,3895,3784,3785,-1,3895,3785,3894,-1,3894,3785,3786,-1,3894,3786,210,-1,210,3786,211,-1,3899,214,3900,-1,3900,214,216,-1,3900,216,3901,-1,3901,216,296,-1,3901,296,3902,-1,3902,296,298,-1,3902,298,3903,-1,3903,298,301,-1,3903,301,3904,-1,3904,301,284,-1,3904,284,3905,-1,3905,284,286,-1,3905,286,3906,-1,3906,286,279,-1,3906,279,3907,-1,3907,279,281,-1,3907,281,3908,-1,3908,281,262,-1,3908,262,3909,-1,3909,262,264,-1,3909,264,3910,-1,3910,264,252,-1,3910,252,3911,-1,3911,252,254,-1,3911,254,3912,-1,3912,254,256,-1,3912,256,3913,-1,3913,256,291,-1,3913,291,3914,-1,3914,291,274,-1,3914,274,3915,-1,3915,274,276,-1,3915,276,3916,-1,3916,276,267,-1,3916,267,3917,-1,3917,267,269,-1,3917,269,3918,-1,3918,269,271,-1,3918,271,3919,-1,3919,271,232,-1,3919,232,3920,-1,3920,232,234,-1,3920,234,3921,-1,3921,234,236,-1,3921,236,3922,-1,3922,236,244,-1,3922,244,3923,-1,3923,244,227,-1,3923,227,3924,-1,3924,227,229,-1,3924,229,3925,-1,3925,229,217,-1,3925,217,3926,-1,3926,217,219,-1,3926,219,3927,-1,3927,219,221,-1,3927,221,3928,-1,3928,221,239,-1,3928,239,3929,-1,3929,239,241,-1,3929,241,3930,-1,3930,241,259,-1,3930,259,3931,-1,3931,259,247,-1,3931,247,3932,-1,3932,247,249,-1,3932,249,3933,-1,3933,249,222,-1,3933,222,3934,-1,3934,222,224,-1,3934,224,3935,-1,3935,224,212,-1,3935,212,3899,-1,3899,212,214,-1,
        ]
    }
}
Shape{
    appearance Appearance {
        material  Material 	{
            diffuseColor 1.0 1.0 1.0
            specularColor 0.5019607843137255 0.5019607843137255 0.5019607843137255
            ambientIntensity 1.0
            transparency 0.0
            shininess 0.5
        }
    }
    geometry IndexedFaceSet {
        ccw TRUE
        solid FALSE
        coord DEF co Coordinate {
            point [
                0.0 -0.0 4.7047, -0.008 -0.0611 4.7047, 0.6498 -0.1519 4.7047, -0.0692 -0.167 4.7047, 0.4632 -0.5647 4.7047, -0.0316 -0.1181 4.7047, 0.5486 -0.4384 4.7047, 0.6114 -0.2995 4.7047, -0.1751 -0.2282 4.7047, 0.099 -0.8341 4.7047, -0.1181 -0.2046 4.7047, 0.2351 -0.7655 4.7047, 0.3577 -0.6748 4.7047, -0.2973 -0.2282 4.7047, -0.3504 -0.8917 4.7047, -0.2362 -0.2362 4.7047, -0.198 -0.8982 4.7047, -0.0468 -0.8788 4.7047, 0.6628 0.0 4.7047, 0.6498 0.1519 4.7047, -0.008 0.0611 4.7047, 0.6114 0.2995 4.7047, -0.0316 0.1181 4.7047, -0.4644 -0.0611 4.7047, -0.4724 0.0 4.7047, -1.1319 -0.0762 4.7047, -0.4408 0.1181 4.7047, -1.0554 0.3703 4.7047, -0.4644 0.0611 4.7047, -1.1062 0.2265 4.7047, -1.1319 0.0762 4.7047, -0.2362 0.2362 4.7047, -0.3504 0.8917 4.7047, -0.2973 0.2282 4.7047, -0.4994 0.8596 4.7047, -0.3543 0.2046 4.7047, -0.4032 -0.167 4.7047, -0.7708 -0.7228 4.7047, -0.3543 -0.2046 4.7047, -0.6409 -0.8027 4.7047, -0.4994 -0.8596 4.7047, -1.1062 -0.2265 4.7047, -1.0554 -0.3703 4.7047, -0.4408 -0.1181 4.7047, -0.981 -0.5034 4.7047, -0.8852 -0.622 4.7047, -0.1181 0.2046 4.7047, 0.099 0.8341 4.7047, -0.1751 0.2282 4.7047, -0.0468 0.8788 4.7047, -0.198 0.8982 4.7047, 0.5486 0.4384 4.7047, 0.4632 0.5647 4.7047, -0.0692 0.167 4.7047, 0.3577 0.6748 4.7047, 0.2351 0.7655 4.7047, -0.6409 0.8027 4.7047, -0.7708 0.7228 4.7047, -0.4032 0.167 4.7047, -0.8852 0.622 4.7047, -0.981 0.5034 4.7047
            ]
        }
        coordIndex [
            0,1,2,-1,3,4,5,-1,5,4,6,-1,5,6,1,-1,1,6,7,-1,1,7,2,-1,8,9,10,-1,10,9,11,-1,10,11,3,-1,3,11,12,-1,3,12,4,-1,13,14,15,-1,15,14,16,-1,15,16,8,-1,8,16,17,-1,8,17,9,-1,2,18,0,-1,0,18,19,-1,0,19,20,-1,20,19,21,-1,20,21,22,-1,23,24,25,-1,26,27,28,-1,28,27,29,-1,28,29,24,-1,24,29,30,-1,24,30,25,-1,31,32,33,-1,33,32,34,-1,33,34,35,-1,36,37,38,-1,38,37,39,-1,38,39,13,-1,13,39,40,-1,13,40,14,-1,25,41,23,-1,23,41,42,-1,23,42,43,-1,43,42,44,-1,43,44,36,-1,36,44,45,-1,36,45,37,-1,46,47,48,-1,48,47,49,-1,48,49,31,-1,31,49,50,-1,31,50,32,-1,21,51,22,-1,22,51,52,-1,22,52,53,-1,53,52,54,-1,53,54,46,-1,46,54,55,-1,46,55,47,-1,34,56,35,-1,35,56,57,-1,35,57,58,-1,58,57,59,-1,58,59,26,-1,26,59,60,-1,26,60,27,-1,
        ]
    }
}
Shape{
    appearance Appearance {
        material  Material 	{
            diffuseColor 0.6470588235294118 0.5176470588235295 0.0
            specularColor 0.45098039215686275 0.3607843137254902 0.0
            ambientIntensity 0.4973
            transparency 0.0
            shininess 0.5
        }
    }
    geometry IndexedFaceSet {
        ccw TRUE
        solid FALSE
        coord DEF co Coordinate {
            point [
                0.0 0.0 3.9173, 0.0 -0.0 4.7047, -0.008 0.0611 3.9173, -0.008 0.0611 4.7047, -0.0316 0.1181 3.9173, -0.0316 0.1181 4.7047, -0.0692 0.167 3.9173, -0.0692 0.167 4.7047, -0.1181 0.2046 3.9173, -0.1181 0.2046 4.7047, -0.1751 0.2282 3.9173, -0.1751 0.2282 4.7047, -0.2362 0.2362 3.9173, -0.2362 0.2362 4.7047, -0.2973 0.2282 3.9173, -0.2973 0.2282 4.7047, -0.3543 0.2046 3.9173, -0.3543 0.2046 4.7047, -0.4032 0.167 3.9173, -0.4032 0.167 4.7047, -0.4408 0.1181 3.9173, -0.4408 0.1181 4.7047, -0.4644 0.0611 3.9173, -0.4644 0.0611 4.7047, -0.4724 0.0 3.9173, -0.4724 0.0 4.7047, -0.4644 -0.0611 3.9173, -0.4644 -0.0611 4.7047, -0.4408 -0.1181 3.9173, -0.4408 -0.1181 4.7047, -0.4032 -0.167 3.9173, -0.4032 -0.167 4.7047, -0.3543 -0.2046 3.9173, -0.3543 -0.2046 4.7047, -0.2973 -0.2282 3.9173, -0.2973 -0.2282 4.7047, -0.2362 -0.2362 3.9173, -0.2362 -0.2362 4.7047, -0.1751 -0.2282 3.9173, -0.1751 -0.2282 4.7047, -0.1181 -0.2046 3.9173, -0.1181 -0.2046 4.7047, -0.0692 -0.167 3.9173, -0.0692 -0.167 4.7047, -0.0316 -0.1181 3.9173, -0.0316 -0.1181 4.7047, -0.008 -0.0611 3.9173, -0.008 -0.0611 4.7047, -0.2362 0.0 3.9173, 0.0782 -0.0187 4.7441, 0.0 0.0 4.7441, -0.0022 -0.0322 4.7441, 0.0788 0.0 4.7441, 0.0782 0.0187 4.7441, -0.0022 0.0322 4.7441, 0.0738 0.0557 4.7441, -0.0087 0.0637 4.7441, 0.065 0.092 4.7441, -0.0195 0.0941 4.7441, 0.052 0.127 4.7441, -0.0344 0.1227 4.7441, 0.035 0.1602 4.7441, -0.053 0.1491 4.7441, 0.0141 0.1911 4.7441, -0.075 0.1726 4.7441, -0.1 -0.193 4.7441, -0.0377 -0.2446 4.7441, -0.075 -0.1726 4.7441, -0.0102 -0.2194 4.7441, -0.053 -0.1491 4.7441, 0.0141 -0.1911 4.7441, -0.0344 -0.1227 4.7441, 0.035 -0.1602 4.7441, -0.0195 -0.0941 4.7441, 0.052 -0.127 4.7441, -0.0087 -0.0637 4.7441, 0.065 -0.092 4.7441, 0.0738 -0.0557 4.7441, -0.438 0.1227 4.7441, -0.5164 0.1438 4.7441, -0.4529 0.0941 4.7441, -0.5315 0.1097 4.7441, -0.4637 0.0637 4.7441, -0.5423 0.074 4.7441, -0.4702 0.0322 4.7441, -0.549 0.0373 4.7441, -0.4724 0.0 4.7441, -0.5512 0.0 4.7441, -0.4702 -0.0322 4.7441, -0.549 -0.0373 4.7441, -0.4637 -0.0637 4.7441, -0.5423 -0.074 4.7441, -0.4529 -0.0941 4.7441, -0.2843 0.2313 4.7441, -0.3192 0.3038 4.7441, -0.3153 0.2226 4.7441, -0.3546 0.2919 4.7441, -0.3449 0.2097 4.7441, -0.3883 0.2758 4.7441, -0.3724 0.193 4.7441, -0.4198 0.2559 4.7441, -0.3974 0.1726 4.7441, -0.4488 0.2324 4.7441, -0.4194 0.1491 4.7441, -0.4748 0.2056 4.7441, -0.4974 0.176 4.7441, -0.0102 0.2194 4.7441, -0.0377 0.2446 4.7441, -0.1 0.193 4.7441, -0.0681 0.2663 4.7441, -0.1275 0.2097 4.7441, -0.1007 0.2843 4.7441, -0.1571 0.2226 4.7441, -0.1353 0.2984 4.7441, -0.1881 0.2313 4.7441, -0.1713 0.3082 4.7441, -0.2201 0.2357 4.7441, -0.2082 0.3137 4.7441, -0.2523 0.2357 4.7441, -0.2455 0.3148 4.7441, -0.2827 0.3115 4.7441, -0.3153 -0.2226 4.7441, -0.3192 -0.3038 4.7441, -0.2843 -0.2313 4.7441, -0.2827 -0.3115 4.7441, -0.2523 -0.2357 4.7441, -0.2455 -0.3148 4.7441, -0.2201 -0.2357 4.7441, -0.2082 -0.3137 4.7441, -0.1881 -0.2313 4.7441, -0.1713 -0.3082 4.7441, -0.1571 -0.2226 4.7441, -0.1353 -0.2984 4.7441, -0.1275 -0.2097 4.7441, -0.1007 -0.2843 4.7441, -0.0681 -0.2663 4.7441, -0.5315 -0.1097 4.7441, -0.5164 -0.1438 4.7441, -0.438 -0.1227 4.7441, -0.4974 -0.176 4.7441, -0.4194 -0.1491 4.7441, -0.4748 -0.2056 4.7441, -0.3974 -0.1726 4.7441, -0.4488 -0.2324 4.7441, -0.3724 -0.193 4.7441, -0.4198 -0.2559 4.7441, -0.3449 -0.2097 4.7441, -0.3883 -0.2758 4.7441, -0.3546 -0.2919 4.7441, -0.1 0.193 4.7047, -0.0377 0.2446 4.7047, -0.075 0.1726 4.7047, -0.0102 0.2194 4.7047, -0.053 0.1491 4.7047, 0.0141 0.1911 4.7047, -0.0344 0.1227 4.7047, 0.035 0.1602 4.7047, -0.0195 0.0941 4.7047, 0.052 0.127 4.7047, -0.0087 0.0637 4.7047, 0.065 0.092 4.7047, -0.0022 0.0322 4.7047, 0.0738 0.0557 4.7047, 0.0782 0.0187 4.7047, 0.0 0.0 4.7047, -0.438 -0.1227 4.7047, -0.5164 -0.1438 4.7047, -0.4529 -0.0941 4.7047, -0.5315 -0.1097 4.7047, -0.4637 -0.0637 4.7047, -0.5423 -0.074 4.7047, -0.4702 -0.0322 4.7047, -0.549 -0.0373 4.7047, -0.5512 0.0 4.7047, -0.4702 0.0322 4.7047, -0.549 0.0373 4.7047, -0.4637 0.0637 4.7047, -0.5423 0.074 4.7047, -0.4529 0.0941 4.7047, -0.3153 0.2226 4.7047, -0.3192 0.3038 4.7047, -0.2843 0.2313 4.7047, -0.2827 0.3115 4.7047, -0.2523 0.2357 4.7047, -0.2455 0.3148 4.7047, -0.2201 0.2357 4.7047, -0.2082 0.3137 4.7047, -0.1881 0.2313 4.7047, -0.1713 0.3082 4.7047, -0.1571 0.2226 4.7047, -0.1353 0.2984 4.7047, -0.1275 0.2097 4.7047, -0.1007 0.2843 4.7047, -0.0681 0.2663 4.7047, -0.2843 -0.2313 4.7047, -0.3192 -0.3038 4.7047, -0.3153 -0.2226 4.7047, -0.3546 -0.2919 4.7047, -0.3449 -0.2097 4.7047, -0.3883 -0.2758 4.7047, -0.3724 -0.193 4.7047, -0.4198 -0.2559 4.7047, -0.3974 -0.1726 4.7047, -0.4488 -0.2324 4.7047, -0.4194 -0.1491 4.7047, -0.4748 -0.2056 4.7047, -0.4974 -0.176 4.7047, -0.5315 0.1097 4.7047, -0.5164 0.1438 4.7047, -0.438 0.1227 4.7047, -0.4974 0.176 4.7047, -0.4194 0.1491 4.7047, -0.4748 0.2056 4.7047, -0.3974 0.1726 4.7047, -0.4488 0.2324 4.7047, -0.3724 0.193 4.7047, -0.4198 0.2559 4.7047, -0.3449 0.2097 4.7047, -0.3883 0.2758 4.7047, -0.3546 0.2919 4.7047, 0.0788 0.0 4.7047, 0.0782 -0.0187 4.7047, -0.0022 -0.0322 4.7047, 0.0738 -0.0557 4.7047, -0.0087 -0.0637 4.7047, 0.065 -0.092 4.7047, -0.0195 -0.0941 4.7047, 0.052 -0.127 4.7047, -0.0344 -0.1227 4.7047, 0.035 -0.1602 4.7047, -0.053 -0.1491 4.7047, 0.0141 -0.1911 4.7047, -0.075 -0.1726 4.7047, -0.0102 -0.2194 4.7047, -0.0377 -0.2446 4.7047, -0.1 -0.193 4.7047, -0.0681 -0.2663 4.7047, -0.1275 -0.2097 4.7047, -0.1007 -0.2843 4.7047, -0.1571 -0.2226 4.7047, -0.1353 -0.2984 4.7047, -0.1881 -0.2313 4.7047, -0.1713 -0.3082 4.7047, -0.2201 -0.2357 4.7047, -0.2082 -0.3137 4.7047, -0.2523 -0.2357 4.7047, -0.2455 -0.3148 4.7047, -0.2827 -0.3115 4.7047
            ]
        }
        coordIndex [
            0,1,2,-1,2,1,3,-1,2,3,4,-1,4,3,5,-1,4,5,6,-1,6,5,7,-1,6,7,8,-1,8,7,9,-1,8,9,10,-1,10,9,11,-1,10,11,12,-1,12,11,13,-1,12,13,14,-1,14,13,15,-1,14,15,16,-1,16,15,17,-1,16,17,18,-1,18,17,19,-1,18,19,20,-1,20,19,21,-1,20,21,22,-1,22,21,23,-1,22,23,24,-1,24,23,25,-1,24,25,26,-1,26,25,27,-1,26,27,28,-1,28,27,29,-1,28,29,30,-1,30,29,31,-1,30,31,32,-1,32,31,33,-1,32,33,34,-1,34,33,35,-1,34,35,36,-1,36,35,37,-1,36,37,38,-1,38,37,39,-1,38,39,40,-1,40,39,41,-1,40,41,42,-1,42,41,43,-1,42,43,44,-1,44,43,45,-1,44,45,46,-1,46,45,47,-1,46,47,0,-1,0,47,1,-1,44,46,48,-1,48,46,0,-1,48,0,2,-1,38,40,48,-1,48,40,42,-1,48,42,44,-1,32,34,48,-1,48,34,36,-1,48,36,38,-1,26,28,48,-1,48,28,30,-1,48,30,32,-1,20,22,48,-1,48,22,24,-1,48,24,26,-1,14,16,48,-1,48,16,18,-1,48,18,20,-1,8,10,48,-1,48,10,12,-1,48,12,14,-1,2,4,48,-1,48,4,6,-1,48,6,8,-1,49,50,51,-1,49,52,50,-1,50,52,53,-1,50,53,54,-1,54,53,55,-1,54,55,56,-1,56,55,57,-1,56,57,58,-1,58,57,59,-1,58,59,60,-1,60,59,61,-1,60,61,62,-1,62,61,63,-1,62,63,64,-1,65,66,67,-1,67,66,68,-1,67,68,69,-1,69,68,70,-1,69,70,71,-1,71,70,72,-1,71,72,73,-1,73,72,74,-1,73,74,75,-1,75,74,76,-1,75,76,51,-1,51,76,77,-1,51,77,49,-1,78,79,80,-1,80,79,81,-1,80,81,82,-1,82,81,83,-1,82,83,84,-1,84,83,85,-1,84,85,86,-1,86,85,87,-1,86,87,88,-1,88,87,89,-1,88,89,90,-1,90,89,91,-1,90,91,92,-1,93,94,95,-1,95,94,96,-1,95,96,97,-1,97,96,98,-1,97,98,99,-1,99,98,100,-1,99,100,101,-1,101,100,102,-1,101,102,103,-1,103,102,104,-1,103,104,78,-1,78,104,105,-1,78,105,79,-1,63,106,64,-1,64,106,107,-1,64,107,108,-1,108,107,109,-1,108,109,110,-1,110,109,111,-1,110,111,112,-1,112,111,113,-1,112,113,114,-1,114,113,115,-1,114,115,116,-1,116,115,117,-1,116,117,118,-1,118,117,119,-1,118,119,93,-1,93,119,120,-1,93,120,94,-1,121,122,123,-1,123,122,124,-1,123,124,125,-1,125,124,126,-1,125,126,127,-1,127,126,128,-1,127,128,129,-1,129,128,130,-1,129,130,131,-1,131,130,132,-1,131,132,133,-1,133,132,134,-1,133,134,65,-1,65,134,135,-1,65,135,66,-1,91,136,92,-1,92,136,137,-1,92,137,138,-1,138,137,139,-1,138,139,140,-1,140,139,141,-1,140,141,142,-1,142,141,143,-1,142,143,144,-1,144,143,145,-1,144,145,146,-1,146,145,147,-1,146,147,121,-1,121,147,148,-1,121,148,122,-1,149,150,151,-1,151,150,152,-1,151,152,153,-1,153,152,154,-1,153,154,155,-1,155,154,156,-1,155,156,157,-1,157,156,158,-1,157,158,159,-1,159,158,160,-1,159,160,161,-1,160,162,161,-1,161,162,163,-1,161,163,164,-1,165,166,167,-1,167,166,168,-1,167,168,169,-1,169,168,170,-1,169,170,171,-1,171,170,172,-1,171,172,25,-1,25,172,173,-1,25,173,174,-1,174,173,175,-1,174,175,176,-1,176,175,177,-1,176,177,178,-1,179,180,181,-1,181,180,182,-1,181,182,183,-1,183,182,184,-1,183,184,185,-1,185,184,186,-1,185,186,187,-1,187,186,188,-1,187,188,189,-1,189,188,190,-1,189,190,191,-1,191,190,192,-1,191,192,149,-1,149,192,193,-1,149,193,150,-1,194,195,196,-1,196,195,197,-1,196,197,198,-1,198,197,199,-1,198,199,200,-1,200,199,201,-1,200,201,202,-1,202,201,203,-1,202,203,204,-1,204,203,205,-1,204,205,165,-1,165,205,206,-1,165,206,166,-1,177,207,178,-1,178,207,208,-1,178,208,209,-1,209,208,210,-1,209,210,211,-1,211,210,212,-1,211,212,213,-1,213,212,214,-1,213,214,215,-1,215,214,216,-1,215,216,217,-1,217,216,218,-1,217,218,179,-1,179,218,219,-1,179,219,180,-1,163,220,164,-1,164,220,221,-1,164,221,222,-1,222,221,223,-1,222,223,224,-1,224,223,225,-1,224,225,226,-1,226,225,227,-1,226,227,228,-1,228,227,229,-1,228,229,230,-1,230,229,231,-1,230,231,232,-1,231,233,232,-1,232,233,234,-1,232,234,235,-1,235,234,236,-1,235,236,237,-1,237,236,238,-1,237,238,239,-1,239,238,240,-1,239,240,241,-1,241,240,242,-1,241,242,243,-1,243,242,244,-1,243,244,245,-1,245,244,246,-1,245,246,194,-1,194,246,247,-1,194,247,195,-1,53,52,220,-1,220,52,221,-1,52,49,221,-1,221,49,77,-1,221,77,223,-1,223,77,76,-1,223,76,225,-1,225,76,74,-1,225,74,227,-1,227,74,72,-1,227,72,229,-1,229,72,70,-1,229,70,231,-1,231,70,68,-1,231,68,233,-1,233,68,66,-1,233,66,234,-1,234,66,135,-1,234,135,236,-1,236,135,134,-1,236,134,238,-1,238,134,132,-1,238,132,240,-1,240,132,130,-1,240,130,242,-1,242,130,128,-1,242,128,244,-1,244,128,126,-1,244,126,246,-1,246,126,124,-1,246,124,247,-1,247,124,122,-1,247,122,195,-1,195,122,148,-1,195,148,197,-1,197,148,147,-1,197,147,199,-1,199,147,145,-1,199,145,201,-1,201,145,143,-1,201,143,203,-1,203,143,141,-1,203,141,205,-1,205,141,139,-1,205,139,206,-1,206,139,137,-1,206,137,166,-1,166,137,136,-1,166,136,168,-1,168,136,91,-1,168,91,170,-1,170,91,89,-1,170,89,172,-1,172,89,87,-1,172,87,173,-1,173,87,85,-1,173,85,175,-1,175,85,83,-1,175,83,177,-1,177,83,81,-1,177,81,207,-1,207,81,79,-1,207,79,208,-1,208,79,105,-1,208,105,210,-1,210,105,104,-1,210,104,212,-1,212,104,102,-1,212,102,214,-1,214,102,100,-1,214,100,216,-1,216,100,98,-1,216,98,218,-1,218,98,96,-1,218,96,219,-1,219,96,94,-1,219,94,180,-1,180,94,120,-1,180,120,182,-1,182,120,119,-1,182,119,184,-1,184,119,117,-1,184,117,186,-1,186,117,115,-1,186,115,188,-1,188,115,113,-1,188,113,190,-1,190,113,111,-1,190,111,192,-1,192,111,109,-1,192,109,193,-1,193,109,107,-1,193,107,150,-1,150,107,106,-1,150,106,152,-1,152,106,63,-1,152,63,154,-1,154,63,61,-1,154,61,156,-1,156,61,59,-1,156,59,158,-1,158,59,57,-1,158,57,160,-1,160,57,55,-1,160,55,162,-1,162,55,53,-1,162,53,163,-1,163,53,220,-1,86,25,84,-1,84,25,174,-1,84,174,82,-1,82,174,176,-1,82,176,80,-1,80,176,178,-1,80,178,78,-1,78,178,209,-1,78,209,103,-1,103,209,211,-1,103,211,101,-1,101,211,213,-1,101,213,99,-1,99,213,215,-1,99,215,97,-1,97,215,217,-1,97,217,95,-1,95,217,179,-1,95,179,93,-1,93,179,181,-1,93,181,118,-1,118,181,183,-1,118,183,116,-1,116,183,185,-1,116,185,114,-1,114,185,187,-1,114,187,112,-1,112,187,189,-1,112,189,110,-1,110,189,191,-1,110,191,108,-1,108,191,149,-1,108,149,64,-1,64,149,151,-1,64,151,62,-1,62,151,153,-1,62,153,60,-1,60,153,155,-1,60,155,58,-1,58,155,157,-1,58,157,56,-1,56,157,159,-1,56,159,54,-1,54,159,161,-1,54,161,50,-1,50,161,164,-1,50,164,51,-1,51,164,222,-1,51,222,75,-1,75,222,224,-1,75,224,73,-1,73,224,226,-1,73,226,71,-1,71,226,228,-1,71,228,69,-1,69,228,230,-1,69,230,67,-1,67,230,232,-1,67,232,65,-1,65,232,235,-1,65,235,133,-1,133,235,237,-1,133,237,131,-1,131,237,239,-1,131,239,129,-1,129,239,241,-1,129,241,127,-1,127,241,243,-1,127,243,125,-1,125,243,245,-1,125,245,123,-1,123,245,194,-1,123,194,121,-1,121,194,196,-1,121,196,146,-1,146,196,198,-1,146,198,144,-1,144,198,200,-1,144,200,142,-1,142,200,202,-1,142,202,140,-1,140,202,204,-1,140,204,138,-1,138,204,165,-1,138,165,92,-1,92,165,167,-1,92,167,90,-1,90,167,169,-1,90,169,88,-1,88,169,171,-1,88,171,86,-1,86,171,25,-1,
        ]
    }
}