ISO-10303-21;
HEADER;
FILE_DESCRIPTION(('KiCad electronic assembly'),'2;1');
FILE_NAME('line_array_h_pol.step','2025-12-14T22:53:00',('Pcbnew'),(
    'Kicad'),'Open CASCADE STEP processor 7.9','KiCad to STEP converter'
  ,'Unknown');
FILE_SCHEMA(('AUTOMOTIVE_DESIGN { 1 0 10303 214 1 1 1 1 }'));
ENDSEC;
DATA;
#1 = APPLICATION_PROTOCOL_DEFINITION('international standard',
  'automotive_design',2000,#2);
#2 = APPLICATION_CONTEXT(
  'core data for automotive mechanical design processes');
#3 = SHAPE_DEFINITION_REPRESENTATION(#4,#10);
#4 = PRODUCT_DEFINITION_SHAPE('','',#5);
#5 = PRODUCT_DEFINITION('design','',#6,#9);
#6 = PRODUCT_DEFINITION_FORMATION('','',#7);
#7 = PRODUCT('line_array_h_pol 1','line_array_h_pol 1','',(#8));
#8 = PRODUCT_CONTEXT('',#2,'mechanical');
#9 = PRODUCT_DEFINITION_CONTEXT('part definition',#2,'design');
#10 = SHAPE_REPRESENTATION('',(#11,#15,#19,#23),#27);
#11 = AXIS2_PLACEMENT_3D('',#12,#13,#14);
#12 = CARTESIAN_POINT('',(0.,0.,0.));
#13 = DIRECTION('',(0.,0.,1.));
#14 = DIRECTION('',(1.,0.,-0.));
#15 = AXIS2_PLACEMENT_3D('',#16,#17,#18);
#16 = CARTESIAN_POINT('',(0.,0.,0.));
#17 = DIRECTION('',(0.,0.,1.));
#18 = DIRECTION('',(1.,0.,-0.));
#19 = AXIS2_PLACEMENT_3D('',#20,#21,#22);
#20 = CARTESIAN_POINT('',(0.,0.,0.));
#21 = DIRECTION('',(0.,0.,1.));
#22 = DIRECTION('',(1.,0.,-0.));
#23 = AXIS2_PLACEMENT_3D('',#24,#25,#26);
#24 = CARTESIAN_POINT('',(0.,0.,0.));
#25 = DIRECTION('',(0.,0.,1.));
#26 = DIRECTION('',(1.,0.,-0.));
#27 = ( GEOMETRIC_REPRESENTATION_CONTEXT(3) 
GLOBAL_UNCERTAINTY_ASSIGNED_CONTEXT((#31)) GLOBAL_UNIT_ASSIGNED_CONTEXT(
(#28,#29,#30)) REPRESENTATION_CONTEXT('Context #1',
  '3D Context with UNIT and UNCERTAINTY') );
#28 = ( LENGTH_UNIT() NAMED_UNIT(*) SI_UNIT(.MILLI.,.METRE.) );
#29 = ( NAMED_UNIT(*) PLANE_ANGLE_UNIT() SI_UNIT($,.RADIAN.) );
#30 = ( NAMED_UNIT(*) SI_UNIT($,.STERADIAN.) SOLID_ANGLE_UNIT() );
#31 = UNCERTAINTY_MEASURE_WITH_UNIT(LENGTH_MEASURE(1.E-07),#28,
  'distance_accuracy_value','confusion accuracy');
#32 = PRODUCT_RELATED_PRODUCT_CATEGORY('part',$,(#7));
#33 = SHAPE_DEFINITION_REPRESENTATION(#34,#40);
#34 = PRODUCT_DEFINITION_SHAPE('','',#35);
#35 = PRODUCT_DEFINITION('design','',#36,#39);
#36 = PRODUCT_DEFINITION_FORMATION('','',#37);
#37 = PRODUCT('line_array_h_pol_copper','line_array_h_pol_copper','',(
    #38));
#38 = PRODUCT_CONTEXT('',#2,'mechanical');
#39 = PRODUCT_DEFINITION_CONTEXT('part definition',#2,'design');
#40 = SHAPE_REPRESENTATION('',(#11,#41,#3359),#3509);
#41 = MANIFOLD_SOLID_BREP('',#42);
#42 = CLOSED_SHELL('',(#43,#83,#114,#145,#176,#207,#238,#269,#300,#331,
    #362,#393,#424,#455,#486,#517,#548,#579,#610,#641,#672,#703,#734,
    #765,#796,#827,#858,#889,#920,#951,#982,#1013,#1044,#1075,#1106,
    #1137,#1168,#1199,#1230,#1261,#1292,#1323,#1354,#1385,#1416,#1447,
    #1478,#1509,#1540,#1571,#1602,#1633,#1664,#1695,#1726,#1757,#1788,
    #1819,#1850,#1881,#1912,#1943,#1974,#2005,#2036,#2067,#2098,#2129,
    #2160,#2191,#2222,#2253,#2284,#2315,#2346,#2377,#2408,#2439,#2470,
    #2501,#2532,#2563,#2594,#2625,#2656,#2687,#2718,#2749,#2780,#2811,
    #2842,#2873,#2904,#2935,#2966,#2997,#3028,#3059,#3090,#3121,#3143,
    #3251));
#43 = ADVANCED_FACE('',(#44),#78,.T.);
#44 = FACE_BOUND('',#45,.T.);
#45 = EDGE_LOOP('',(#46,#56,#64,#72));
#46 = ORIENTED_EDGE('',*,*,#47,.T.);
#47 = EDGE_CURVE('',#48,#50,#52,.T.);
#48 = VERTEX_POINT('',#49);
#49 = CARTESIAN_POINT('',(26.5,147.8,1.524));
#50 = VERTEX_POINT('',#51);
#51 = CARTESIAN_POINT('',(26.5,147.8,1.559));
#52 = LINE('',#53,#54);
#53 = CARTESIAN_POINT('',(26.5,147.8,1.524));
#54 = VECTOR('',#55,1.);
#55 = DIRECTION('',(0.,0.,1.));
#56 = ORIENTED_EDGE('',*,*,#57,.T.);
#57 = EDGE_CURVE('',#50,#58,#60,.T.);
#58 = VERTEX_POINT('',#59);
#59 = CARTESIAN_POINT('',(26.5,154.3,1.559));
#60 = LINE('',#61,#62);
#61 = CARTESIAN_POINT('',(26.5,147.8,1.559));
#62 = VECTOR('',#63,1.);
#63 = DIRECTION('',(0.,1.,0.));
#64 = ORIENTED_EDGE('',*,*,#65,.F.);
#65 = EDGE_CURVE('',#66,#58,#68,.T.);
#66 = VERTEX_POINT('',#67);
#67 = CARTESIAN_POINT('',(26.5,154.3,1.524));
#68 = LINE('',#69,#70);
#69 = CARTESIAN_POINT('',(26.5,154.3,1.524));
#70 = VECTOR('',#71,1.);
#71 = DIRECTION('',(0.,0.,1.));
#72 = ORIENTED_EDGE('',*,*,#73,.F.);
#73 = EDGE_CURVE('',#48,#66,#74,.T.);
#74 = LINE('',#75,#76);
#75 = CARTESIAN_POINT('',(26.5,147.8,1.524));
#76 = VECTOR('',#77,1.);
#77 = DIRECTION('',(0.,1.,0.));
#78 = PLANE('',#79);
#79 = AXIS2_PLACEMENT_3D('',#80,#81,#82);
#80 = CARTESIAN_POINT('',(26.5,147.8,1.524));
#81 = DIRECTION('',(-1.,0.,0.));
#82 = DIRECTION('',(0.,1.,0.));
#83 = ADVANCED_FACE('',(#84),#109,.T.);
#84 = FACE_BOUND('',#85,.T.);
#85 = EDGE_LOOP('',(#86,#87,#95,#103));
#86 = ORIENTED_EDGE('',*,*,#65,.T.);
#87 = ORIENTED_EDGE('',*,*,#88,.T.);
#88 = EDGE_CURVE('',#58,#89,#91,.T.);
#89 = VERTEX_POINT('',#90);
#90 = CARTESIAN_POINT('',(39.6,154.3,1.559));
#91 = LINE('',#92,#93);
#92 = CARTESIAN_POINT('',(26.5,154.3,1.559));
#93 = VECTOR('',#94,1.);
#94 = DIRECTION('',(1.,0.,0.));
#95 = ORIENTED_EDGE('',*,*,#96,.F.);
#96 = EDGE_CURVE('',#97,#89,#99,.T.);
#97 = VERTEX_POINT('',#98);
#98 = CARTESIAN_POINT('',(39.6,154.3,1.524));
#99 = LINE('',#100,#101);
#100 = CARTESIAN_POINT('',(39.6,154.3,1.524));
#101 = VECTOR('',#102,1.);
#102 = DIRECTION('',(0.,0.,1.));
#103 = ORIENTED_EDGE('',*,*,#104,.F.);
#104 = EDGE_CURVE('',#66,#97,#105,.T.);
#105 = LINE('',#106,#107);
#106 = CARTESIAN_POINT('',(26.5,154.3,1.524));
#107 = VECTOR('',#108,1.);
#108 = DIRECTION('',(1.,0.,0.));
#109 = PLANE('',#110);
#110 = AXIS2_PLACEMENT_3D('',#111,#112,#113);
#111 = CARTESIAN_POINT('',(26.5,154.3,1.524));
#112 = DIRECTION('',(0.,1.,0.));
#113 = DIRECTION('',(1.,0.,0.));
#114 = ADVANCED_FACE('',(#115),#140,.T.);
#115 = FACE_BOUND('',#116,.T.);
#116 = EDGE_LOOP('',(#117,#118,#126,#134));
#117 = ORIENTED_EDGE('',*,*,#96,.T.);
#118 = ORIENTED_EDGE('',*,*,#119,.T.);
#119 = EDGE_CURVE('',#89,#120,#122,.T.);
#120 = VERTEX_POINT('',#121);
#121 = CARTESIAN_POINT('',(39.6,138.3,1.559));
#122 = LINE('',#123,#124);
#123 = CARTESIAN_POINT('',(39.6,154.3,1.559));
#124 = VECTOR('',#125,1.);
#125 = DIRECTION('',(0.,-1.,0.));
#126 = ORIENTED_EDGE('',*,*,#127,.F.);
#127 = EDGE_CURVE('',#128,#120,#130,.T.);
#128 = VERTEX_POINT('',#129);
#129 = CARTESIAN_POINT('',(39.6,138.3,1.524));
#130 = LINE('',#131,#132);
#131 = CARTESIAN_POINT('',(39.6,138.3,1.524));
#132 = VECTOR('',#133,1.);
#133 = DIRECTION('',(0.,0.,1.));
#134 = ORIENTED_EDGE('',*,*,#135,.F.);
#135 = EDGE_CURVE('',#97,#128,#136,.T.);
#136 = LINE('',#137,#138);
#137 = CARTESIAN_POINT('',(39.6,154.3,1.524));
#138 = VECTOR('',#139,1.);
#139 = DIRECTION('',(0.,-1.,0.));
#140 = PLANE('',#141);
#141 = AXIS2_PLACEMENT_3D('',#142,#143,#144);
#142 = CARTESIAN_POINT('',(39.6,154.3,1.524));
#143 = DIRECTION('',(1.,0.,-0.));
#144 = DIRECTION('',(0.,-1.,0.));
#145 = ADVANCED_FACE('',(#146),#171,.T.);
#146 = FACE_BOUND('',#147,.T.);
#147 = EDGE_LOOP('',(#148,#149,#157,#165));
#148 = ORIENTED_EDGE('',*,*,#127,.T.);
#149 = ORIENTED_EDGE('',*,*,#150,.T.);
#150 = EDGE_CURVE('',#120,#151,#153,.T.);
#151 = VERTEX_POINT('',#152);
#152 = CARTESIAN_POINT('',(26.5,138.3,1.559));
#153 = LINE('',#154,#155);
#154 = CARTESIAN_POINT('',(39.6,138.3,1.559));
#155 = VECTOR('',#156,1.);
#156 = DIRECTION('',(-1.,0.,0.));
#157 = ORIENTED_EDGE('',*,*,#158,.F.);
#158 = EDGE_CURVE('',#159,#151,#161,.T.);
#159 = VERTEX_POINT('',#160);
#160 = CARTESIAN_POINT('',(26.5,138.3,1.524));
#161 = LINE('',#162,#163);
#162 = CARTESIAN_POINT('',(26.5,138.3,1.524));
#163 = VECTOR('',#164,1.);
#164 = DIRECTION('',(0.,0.,1.));
#165 = ORIENTED_EDGE('',*,*,#166,.F.);
#166 = EDGE_CURVE('',#128,#159,#167,.T.);
#167 = LINE('',#168,#169);
#168 = CARTESIAN_POINT('',(39.6,138.3,1.524));
#169 = VECTOR('',#170,1.);
#170 = DIRECTION('',(-1.,0.,0.));
#171 = PLANE('',#172);
#172 = AXIS2_PLACEMENT_3D('',#173,#174,#175);
#173 = CARTESIAN_POINT('',(39.6,138.3,1.524));
#174 = DIRECTION('',(0.,-1.,0.));
#175 = DIRECTION('',(-1.,0.,0.));
#176 = ADVANCED_FACE('',(#177),#202,.T.);
#177 = FACE_BOUND('',#178,.T.);
#178 = EDGE_LOOP('',(#179,#180,#188,#196));
#179 = ORIENTED_EDGE('',*,*,#158,.T.);
#180 = ORIENTED_EDGE('',*,*,#181,.T.);
#181 = EDGE_CURVE('',#151,#182,#184,.T.);
#182 = VERTEX_POINT('',#183);
#183 = CARTESIAN_POINT('',(26.5,144.8,1.559));
#184 = LINE('',#185,#186);
#185 = CARTESIAN_POINT('',(26.5,138.3,1.559));
#186 = VECTOR('',#187,1.);
#187 = DIRECTION('',(0.,1.,0.));
#188 = ORIENTED_EDGE('',*,*,#189,.F.);
#189 = EDGE_CURVE('',#190,#182,#192,.T.);
#190 = VERTEX_POINT('',#191);
#191 = CARTESIAN_POINT('',(26.5,144.8,1.524));
#192 = LINE('',#193,#194);
#193 = CARTESIAN_POINT('',(26.5,144.8,1.524));
#194 = VECTOR('',#195,1.);
#195 = DIRECTION('',(0.,0.,1.));
#196 = ORIENTED_EDGE('',*,*,#197,.F.);
#197 = EDGE_CURVE('',#159,#190,#198,.T.);
#198 = LINE('',#199,#200);
#199 = CARTESIAN_POINT('',(26.5,138.3,1.524));
#200 = VECTOR('',#201,1.);
#201 = DIRECTION('',(0.,1.,0.));
#202 = PLANE('',#203);
#203 = AXIS2_PLACEMENT_3D('',#204,#205,#206);
#204 = CARTESIAN_POINT('',(26.5,138.3,1.524));
#205 = DIRECTION('',(-1.,0.,0.));
#206 = DIRECTION('',(0.,1.,0.));
#207 = ADVANCED_FACE('',(#208),#233,.T.);
#208 = FACE_BOUND('',#209,.T.);
#209 = EDGE_LOOP('',(#210,#211,#219,#227));
#210 = ORIENTED_EDGE('',*,*,#189,.T.);
#211 = ORIENTED_EDGE('',*,*,#212,.T.);
#212 = EDGE_CURVE('',#182,#213,#215,.T.);
#213 = VERTEX_POINT('',#214);
#214 = CARTESIAN_POINT('',(29.5,144.8,1.559));
#215 = LINE('',#216,#217);
#216 = CARTESIAN_POINT('',(26.5,144.8,1.559));
#217 = VECTOR('',#218,1.);
#218 = DIRECTION('',(1.,0.,0.));
#219 = ORIENTED_EDGE('',*,*,#220,.F.);
#220 = EDGE_CURVE('',#221,#213,#223,.T.);
#221 = VERTEX_POINT('',#222);
#222 = CARTESIAN_POINT('',(29.5,144.8,1.524));
#223 = LINE('',#224,#225);
#224 = CARTESIAN_POINT('',(29.5,144.8,1.524));
#225 = VECTOR('',#226,1.);
#226 = DIRECTION('',(0.,0.,1.));
#227 = ORIENTED_EDGE('',*,*,#228,.F.);
#228 = EDGE_CURVE('',#190,#221,#229,.T.);
#229 = LINE('',#230,#231);
#230 = CARTESIAN_POINT('',(26.5,144.8,1.524));
#231 = VECTOR('',#232,1.);
#232 = DIRECTION('',(1.,0.,0.));
#233 = PLANE('',#234);
#234 = AXIS2_PLACEMENT_3D('',#235,#236,#237);
#235 = CARTESIAN_POINT('',(26.5,144.8,1.524));
#236 = DIRECTION('',(0.,1.,0.));
#237 = DIRECTION('',(1.,0.,0.));
#238 = ADVANCED_FACE('',(#239),#264,.T.);
#239 = FACE_BOUND('',#240,.T.);
#240 = EDGE_LOOP('',(#241,#242,#250,#258));
#241 = ORIENTED_EDGE('',*,*,#220,.T.);
#242 = ORIENTED_EDGE('',*,*,#243,.T.);
#243 = EDGE_CURVE('',#213,#244,#246,.T.);
#244 = VERTEX_POINT('',#245);
#245 = CARTESIAN_POINT('',(29.5,145.8,1.559));
#246 = LINE('',#247,#248);
#247 = CARTESIAN_POINT('',(29.5,144.8,1.559));
#248 = VECTOR('',#249,1.);
#249 = DIRECTION('',(0.,1.,0.));
#250 = ORIENTED_EDGE('',*,*,#251,.F.);
#251 = EDGE_CURVE('',#252,#244,#254,.T.);
#252 = VERTEX_POINT('',#253);
#253 = CARTESIAN_POINT('',(29.5,145.8,1.524));
#254 = LINE('',#255,#256);
#255 = CARTESIAN_POINT('',(29.5,145.8,1.524));
#256 = VECTOR('',#257,1.);
#257 = DIRECTION('',(0.,0.,1.));
#258 = ORIENTED_EDGE('',*,*,#259,.F.);
#259 = EDGE_CURVE('',#221,#252,#260,.T.);
#260 = LINE('',#261,#262);
#261 = CARTESIAN_POINT('',(29.5,144.8,1.524));
#262 = VECTOR('',#263,1.);
#263 = DIRECTION('',(0.,1.,0.));
#264 = PLANE('',#265);
#265 = AXIS2_PLACEMENT_3D('',#266,#267,#268);
#266 = CARTESIAN_POINT('',(29.5,144.8,1.524));
#267 = DIRECTION('',(-1.,0.,0.));
#268 = DIRECTION('',(0.,1.,0.));
#269 = ADVANCED_FACE('',(#270),#295,.T.);
#270 = FACE_BOUND('',#271,.T.);
#271 = EDGE_LOOP('',(#272,#273,#281,#289));
#272 = ORIENTED_EDGE('',*,*,#251,.T.);
#273 = ORIENTED_EDGE('',*,*,#274,.T.);
#274 = EDGE_CURVE('',#244,#275,#277,.T.);
#275 = VERTEX_POINT('',#276);
#276 = CARTESIAN_POINT('',(9.75,145.8,1.559));
#277 = LINE('',#278,#279);
#278 = CARTESIAN_POINT('',(29.5,145.8,1.559));
#279 = VECTOR('',#280,1.);
#280 = DIRECTION('',(-1.,0.,0.));
#281 = ORIENTED_EDGE('',*,*,#282,.F.);
#282 = EDGE_CURVE('',#283,#275,#285,.T.);
#283 = VERTEX_POINT('',#284);
#284 = CARTESIAN_POINT('',(9.75,145.8,1.524));
#285 = LINE('',#286,#287);
#286 = CARTESIAN_POINT('',(9.75,145.8,1.524));
#287 = VECTOR('',#288,1.);
#288 = DIRECTION('',(0.,0.,1.));
#289 = ORIENTED_EDGE('',*,*,#290,.F.);
#290 = EDGE_CURVE('',#252,#283,#291,.T.);
#291 = LINE('',#292,#293);
#292 = CARTESIAN_POINT('',(29.5,145.8,1.524));
#293 = VECTOR('',#294,1.);
#294 = DIRECTION('',(-1.,0.,0.));
#295 = PLANE('',#296);
#296 = AXIS2_PLACEMENT_3D('',#297,#298,#299);
#297 = CARTESIAN_POINT('',(29.5,145.8,1.524));
#298 = DIRECTION('',(0.,-1.,0.));
#299 = DIRECTION('',(-1.,0.,0.));
#300 = ADVANCED_FACE('',(#301),#326,.T.);
#301 = FACE_BOUND('',#302,.T.);
#302 = EDGE_LOOP('',(#303,#304,#312,#320));
#303 = ORIENTED_EDGE('',*,*,#282,.T.);
#304 = ORIENTED_EDGE('',*,*,#305,.T.);
#305 = EDGE_CURVE('',#275,#306,#308,.T.);
#306 = VERTEX_POINT('',#307);
#307 = CARTESIAN_POINT('',(9.75,138.2,1.559));
#308 = LINE('',#309,#310);
#309 = CARTESIAN_POINT('',(9.75,145.8,1.559));
#310 = VECTOR('',#311,1.);
#311 = DIRECTION('',(0.,-1.,0.));
#312 = ORIENTED_EDGE('',*,*,#313,.F.);
#313 = EDGE_CURVE('',#314,#306,#316,.T.);
#314 = VERTEX_POINT('',#315);
#315 = CARTESIAN_POINT('',(9.75,138.2,1.524));
#316 = LINE('',#317,#318);
#317 = CARTESIAN_POINT('',(9.75,138.2,1.524));
#318 = VECTOR('',#319,1.);
#319 = DIRECTION('',(0.,0.,1.));
#320 = ORIENTED_EDGE('',*,*,#321,.F.);
#321 = EDGE_CURVE('',#283,#314,#322,.T.);
#322 = LINE('',#323,#324);
#323 = CARTESIAN_POINT('',(9.75,145.8,1.524));
#324 = VECTOR('',#325,1.);
#325 = DIRECTION('',(0.,-1.,0.));
#326 = PLANE('',#327);
#327 = AXIS2_PLACEMENT_3D('',#328,#329,#330);
#328 = CARTESIAN_POINT('',(9.75,145.8,1.524));
#329 = DIRECTION('',(1.,0.,-0.));
#330 = DIRECTION('',(0.,-1.,0.));
#331 = ADVANCED_FACE('',(#332),#357,.T.);
#332 = FACE_BOUND('',#333,.T.);
#333 = EDGE_LOOP('',(#334,#335,#343,#351));
#334 = ORIENTED_EDGE('',*,*,#313,.T.);
#335 = ORIENTED_EDGE('',*,*,#336,.T.);
#336 = EDGE_CURVE('',#306,#337,#339,.T.);
#337 = VERTEX_POINT('',#338);
#338 = CARTESIAN_POINT('',(10.625,138.2,1.559));
#339 = LINE('',#340,#341);
#340 = CARTESIAN_POINT('',(9.75,138.2,1.559));
#341 = VECTOR('',#342,1.);
#342 = DIRECTION('',(1.,0.,0.));
#343 = ORIENTED_EDGE('',*,*,#344,.F.);
#344 = EDGE_CURVE('',#345,#337,#347,.T.);
#345 = VERTEX_POINT('',#346);
#346 = CARTESIAN_POINT('',(10.625,138.2,1.524));
#347 = LINE('',#348,#349);
#348 = CARTESIAN_POINT('',(10.625,138.2,1.524));
#349 = VECTOR('',#350,1.);
#350 = DIRECTION('',(0.,0.,1.));
#351 = ORIENTED_EDGE('',*,*,#352,.F.);
#352 = EDGE_CURVE('',#314,#345,#353,.T.);
#353 = LINE('',#354,#355);
#354 = CARTESIAN_POINT('',(9.75,138.2,1.524));
#355 = VECTOR('',#356,1.);
#356 = DIRECTION('',(1.,0.,0.));
#357 = PLANE('',#358);
#358 = AXIS2_PLACEMENT_3D('',#359,#360,#361);
#359 = CARTESIAN_POINT('',(9.75,138.2,1.524));
#360 = DIRECTION('',(0.,1.,0.));
#361 = DIRECTION('',(1.,0.,0.));
#362 = ADVANCED_FACE('',(#363),#388,.T.);
#363 = FACE_BOUND('',#364,.T.);
#364 = EDGE_LOOP('',(#365,#366,#374,#382));
#365 = ORIENTED_EDGE('',*,*,#344,.T.);
#366 = ORIENTED_EDGE('',*,*,#367,.T.);
#367 = EDGE_CURVE('',#337,#368,#370,.T.);
#368 = VERTEX_POINT('',#369);
#369 = CARTESIAN_POINT('',(10.625,121.8,1.559));
#370 = LINE('',#371,#372);
#371 = CARTESIAN_POINT('',(10.625,138.2,1.559));
#372 = VECTOR('',#373,1.);
#373 = DIRECTION('',(0.,-1.,0.));
#374 = ORIENTED_EDGE('',*,*,#375,.F.);
#375 = EDGE_CURVE('',#376,#368,#378,.T.);
#376 = VERTEX_POINT('',#377);
#377 = CARTESIAN_POINT('',(10.625,121.8,1.524));
#378 = LINE('',#379,#380);
#379 = CARTESIAN_POINT('',(10.625,121.8,1.524));
#380 = VECTOR('',#381,1.);
#381 = DIRECTION('',(0.,0.,1.));
#382 = ORIENTED_EDGE('',*,*,#383,.F.);
#383 = EDGE_CURVE('',#345,#376,#384,.T.);
#384 = LINE('',#385,#386);
#385 = CARTESIAN_POINT('',(10.625,138.2,1.524));
#386 = VECTOR('',#387,1.);
#387 = DIRECTION('',(0.,-1.,0.));
#388 = PLANE('',#389);
#389 = AXIS2_PLACEMENT_3D('',#390,#391,#392);
#390 = CARTESIAN_POINT('',(10.625,138.2,1.524));
#391 = DIRECTION('',(1.,0.,-0.));
#392 = DIRECTION('',(0.,-1.,0.));
#393 = ADVANCED_FACE('',(#394),#419,.T.);
#394 = FACE_BOUND('',#395,.T.);
#395 = EDGE_LOOP('',(#396,#397,#405,#413));
#396 = ORIENTED_EDGE('',*,*,#375,.T.);
#397 = ORIENTED_EDGE('',*,*,#398,.T.);
#398 = EDGE_CURVE('',#368,#399,#401,.T.);
#399 = VERTEX_POINT('',#400);
#400 = CARTESIAN_POINT('',(9.75,121.8,1.559));
#401 = LINE('',#402,#403);
#402 = CARTESIAN_POINT('',(10.625,121.8,1.559));
#403 = VECTOR('',#404,1.);
#404 = DIRECTION('',(-1.,0.,0.));
#405 = ORIENTED_EDGE('',*,*,#406,.F.);
#406 = EDGE_CURVE('',#407,#399,#409,.T.);
#407 = VERTEX_POINT('',#408);
#408 = CARTESIAN_POINT('',(9.75,121.8,1.524));
#409 = LINE('',#410,#411);
#410 = CARTESIAN_POINT('',(9.75,121.8,1.524));
#411 = VECTOR('',#412,1.);
#412 = DIRECTION('',(0.,0.,1.));
#413 = ORIENTED_EDGE('',*,*,#414,.F.);
#414 = EDGE_CURVE('',#376,#407,#415,.T.);
#415 = LINE('',#416,#417);
#416 = CARTESIAN_POINT('',(10.625,121.8,1.524));
#417 = VECTOR('',#418,1.);
#418 = DIRECTION('',(-1.,0.,0.));
#419 = PLANE('',#420);
#420 = AXIS2_PLACEMENT_3D('',#421,#422,#423);
#421 = CARTESIAN_POINT('',(10.625,121.8,1.524));
#422 = DIRECTION('',(0.,-1.,0.));
#423 = DIRECTION('',(-1.,0.,0.));
#424 = ADVANCED_FACE('',(#425),#450,.T.);
#425 = FACE_BOUND('',#426,.T.);
#426 = EDGE_LOOP('',(#427,#428,#436,#444));
#427 = ORIENTED_EDGE('',*,*,#406,.T.);
#428 = ORIENTED_EDGE('',*,*,#429,.T.);
#429 = EDGE_CURVE('',#399,#430,#432,.T.);
#430 = VERTEX_POINT('',#431);
#431 = CARTESIAN_POINT('',(9.75,114.2,1.559));
#432 = LINE('',#433,#434);
#433 = CARTESIAN_POINT('',(9.75,121.8,1.559));
#434 = VECTOR('',#435,1.);
#435 = DIRECTION('',(0.,-1.,0.));
#436 = ORIENTED_EDGE('',*,*,#437,.F.);
#437 = EDGE_CURVE('',#438,#430,#440,.T.);
#438 = VERTEX_POINT('',#439);
#439 = CARTESIAN_POINT('',(9.75,114.2,1.524));
#440 = LINE('',#441,#442);
#441 = CARTESIAN_POINT('',(9.75,114.2,1.524));
#442 = VECTOR('',#443,1.);
#443 = DIRECTION('',(0.,0.,1.));
#444 = ORIENTED_EDGE('',*,*,#445,.F.);
#445 = EDGE_CURVE('',#407,#438,#446,.T.);
#446 = LINE('',#447,#448);
#447 = CARTESIAN_POINT('',(9.75,121.8,1.524));
#448 = VECTOR('',#449,1.);
#449 = DIRECTION('',(0.,-1.,0.));
#450 = PLANE('',#451);
#451 = AXIS2_PLACEMENT_3D('',#452,#453,#454);
#452 = CARTESIAN_POINT('',(9.75,121.8,1.524));
#453 = DIRECTION('',(1.,0.,-0.));
#454 = DIRECTION('',(0.,-1.,0.));
#455 = ADVANCED_FACE('',(#456),#481,.T.);
#456 = FACE_BOUND('',#457,.T.);
#457 = EDGE_LOOP('',(#458,#459,#467,#475));
#458 = ORIENTED_EDGE('',*,*,#437,.T.);
#459 = ORIENTED_EDGE('',*,*,#460,.T.);
#460 = EDGE_CURVE('',#430,#461,#463,.T.);
#461 = VERTEX_POINT('',#462);
#462 = CARTESIAN_POINT('',(30.925,114.2,1.559));
#463 = LINE('',#464,#465);
#464 = CARTESIAN_POINT('',(9.75,114.2,1.559));
#465 = VECTOR('',#466,1.);
#466 = DIRECTION('',(1.,0.,0.));
#467 = ORIENTED_EDGE('',*,*,#468,.F.);
#468 = EDGE_CURVE('',#469,#461,#471,.T.);
#469 = VERTEX_POINT('',#470);
#470 = CARTESIAN_POINT('',(30.925,114.2,1.524));
#471 = LINE('',#472,#473);
#472 = CARTESIAN_POINT('',(30.925,114.2,1.524));
#473 = VECTOR('',#474,1.);
#474 = DIRECTION('',(0.,0.,1.));
#475 = ORIENTED_EDGE('',*,*,#476,.F.);
#476 = EDGE_CURVE('',#438,#469,#477,.T.);
#477 = LINE('',#478,#479);
#478 = CARTESIAN_POINT('',(9.75,114.2,1.524));
#479 = VECTOR('',#480,1.);
#480 = DIRECTION('',(1.,0.,0.));
#481 = PLANE('',#482);
#482 = AXIS2_PLACEMENT_3D('',#483,#484,#485);
#483 = CARTESIAN_POINT('',(9.75,114.2,1.524));
#484 = DIRECTION('',(0.,1.,0.));
#485 = DIRECTION('',(1.,0.,0.));
#486 = ADVANCED_FACE('',(#487),#512,.T.);
#487 = FACE_BOUND('',#488,.T.);
#488 = EDGE_LOOP('',(#489,#490,#498,#506));
#489 = ORIENTED_EDGE('',*,*,#468,.T.);
#490 = ORIENTED_EDGE('',*,*,#491,.T.);
#491 = EDGE_CURVE('',#461,#492,#494,.T.);
#492 = VERTEX_POINT('',#493);
#493 = CARTESIAN_POINT('',(30.925,115.2,1.559));
#494 = LINE('',#495,#496);
#495 = CARTESIAN_POINT('',(30.925,114.2,1.559));
#496 = VECTOR('',#497,1.);
#497 = DIRECTION('',(0.,1.,0.));
#498 = ORIENTED_EDGE('',*,*,#499,.F.);
#499 = EDGE_CURVE('',#500,#492,#502,.T.);
#500 = VERTEX_POINT('',#501);
#501 = CARTESIAN_POINT('',(30.925,115.2,1.524));
#502 = LINE('',#503,#504);
#503 = CARTESIAN_POINT('',(30.925,115.2,1.524));
#504 = VECTOR('',#505,1.);
#505 = DIRECTION('',(0.,0.,1.));
#506 = ORIENTED_EDGE('',*,*,#507,.F.);
#507 = EDGE_CURVE('',#469,#500,#508,.T.);
#508 = LINE('',#509,#510);
#509 = CARTESIAN_POINT('',(30.925,114.2,1.524));
#510 = VECTOR('',#511,1.);
#511 = DIRECTION('',(0.,1.,0.));
#512 = PLANE('',#513);
#513 = AXIS2_PLACEMENT_3D('',#514,#515,#516);
#514 = CARTESIAN_POINT('',(30.925,114.2,1.524));
#515 = DIRECTION('',(-1.,0.,0.));
#516 = DIRECTION('',(0.,1.,0.));
#517 = ADVANCED_FACE('',(#518),#543,.T.);
#518 = FACE_BOUND('',#519,.T.);
#519 = EDGE_LOOP('',(#520,#521,#529,#537));
#520 = ORIENTED_EDGE('',*,*,#499,.T.);
#521 = ORIENTED_EDGE('',*,*,#522,.T.);
#522 = EDGE_CURVE('',#492,#523,#525,.T.);
#523 = VERTEX_POINT('',#524);
#524 = CARTESIAN_POINT('',(27.925,115.2,1.559));
#525 = LINE('',#526,#527);
#526 = CARTESIAN_POINT('',(30.925,115.2,1.559));
#527 = VECTOR('',#528,1.);
#528 = DIRECTION('',(-1.,0.,0.));
#529 = ORIENTED_EDGE('',*,*,#530,.F.);
#530 = EDGE_CURVE('',#531,#523,#533,.T.);
#531 = VERTEX_POINT('',#532);
#532 = CARTESIAN_POINT('',(27.925,115.2,1.524));
#533 = LINE('',#534,#535);
#534 = CARTESIAN_POINT('',(27.925,115.2,1.524));
#535 = VECTOR('',#536,1.);
#536 = DIRECTION('',(0.,0.,1.));
#537 = ORIENTED_EDGE('',*,*,#538,.F.);
#538 = EDGE_CURVE('',#500,#531,#539,.T.);
#539 = LINE('',#540,#541);
#540 = CARTESIAN_POINT('',(30.925,115.2,1.524));
#541 = VECTOR('',#542,1.);
#542 = DIRECTION('',(-1.,0.,0.));
#543 = PLANE('',#544);
#544 = AXIS2_PLACEMENT_3D('',#545,#546,#547);
#545 = CARTESIAN_POINT('',(30.925,115.2,1.524));
#546 = DIRECTION('',(0.,-1.,0.));
#547 = DIRECTION('',(-1.,0.,0.));
#548 = ADVANCED_FACE('',(#549),#574,.T.);
#549 = FACE_BOUND('',#550,.T.);
#550 = EDGE_LOOP('',(#551,#552,#560,#568));
#551 = ORIENTED_EDGE('',*,*,#530,.T.);
#552 = ORIENTED_EDGE('',*,*,#553,.T.);
#553 = EDGE_CURVE('',#523,#554,#556,.T.);
#554 = VERTEX_POINT('',#555);
#555 = CARTESIAN_POINT('',(27.925,121.7,1.559));
#556 = LINE('',#557,#558);
#557 = CARTESIAN_POINT('',(27.925,115.2,1.559));
#558 = VECTOR('',#559,1.);
#559 = DIRECTION('',(0.,1.,0.));
#560 = ORIENTED_EDGE('',*,*,#561,.F.);
#561 = EDGE_CURVE('',#562,#554,#564,.T.);
#562 = VERTEX_POINT('',#563);
#563 = CARTESIAN_POINT('',(27.925,121.7,1.524));
#564 = LINE('',#565,#566);
#565 = CARTESIAN_POINT('',(27.925,121.7,1.524));
#566 = VECTOR('',#567,1.);
#567 = DIRECTION('',(0.,0.,1.));
#568 = ORIENTED_EDGE('',*,*,#569,.F.);
#569 = EDGE_CURVE('',#531,#562,#570,.T.);
#570 = LINE('',#571,#572);
#571 = CARTESIAN_POINT('',(27.925,115.2,1.524));
#572 = VECTOR('',#573,1.);
#573 = DIRECTION('',(0.,1.,0.));
#574 = PLANE('',#575);
#575 = AXIS2_PLACEMENT_3D('',#576,#577,#578);
#576 = CARTESIAN_POINT('',(27.925,115.2,1.524));
#577 = DIRECTION('',(-1.,0.,0.));
#578 = DIRECTION('',(0.,1.,0.));
#579 = ADVANCED_FACE('',(#580),#605,.T.);
#580 = FACE_BOUND('',#581,.T.);
#581 = EDGE_LOOP('',(#582,#583,#591,#599));
#582 = ORIENTED_EDGE('',*,*,#561,.T.);
#583 = ORIENTED_EDGE('',*,*,#584,.T.);
#584 = EDGE_CURVE('',#554,#585,#587,.T.);
#585 = VERTEX_POINT('',#586);
#586 = CARTESIAN_POINT('',(41.025,121.7,1.559));
#587 = LINE('',#588,#589);
#588 = CARTESIAN_POINT('',(27.925,121.7,1.559));
#589 = VECTOR('',#590,1.);
#590 = DIRECTION('',(1.,0.,0.));
#591 = ORIENTED_EDGE('',*,*,#592,.F.);
#592 = EDGE_CURVE('',#593,#585,#595,.T.);
#593 = VERTEX_POINT('',#594);
#594 = CARTESIAN_POINT('',(41.025,121.7,1.524));
#595 = LINE('',#596,#597);
#596 = CARTESIAN_POINT('',(41.025,121.7,1.524));
#597 = VECTOR('',#598,1.);
#598 = DIRECTION('',(0.,0.,1.));
#599 = ORIENTED_EDGE('',*,*,#600,.F.);
#600 = EDGE_CURVE('',#562,#593,#601,.T.);
#601 = LINE('',#602,#603);
#602 = CARTESIAN_POINT('',(27.925,121.7,1.524));
#603 = VECTOR('',#604,1.);
#604 = DIRECTION('',(1.,0.,0.));
#605 = PLANE('',#606);
#606 = AXIS2_PLACEMENT_3D('',#607,#608,#609);
#607 = CARTESIAN_POINT('',(27.925,121.7,1.524));
#608 = DIRECTION('',(0.,1.,0.));
#609 = DIRECTION('',(1.,0.,0.));
#610 = ADVANCED_FACE('',(#611),#636,.T.);
#611 = FACE_BOUND('',#612,.T.);
#612 = EDGE_LOOP('',(#613,#614,#622,#630));
#613 = ORIENTED_EDGE('',*,*,#592,.T.);
#614 = ORIENTED_EDGE('',*,*,#615,.T.);
#615 = EDGE_CURVE('',#585,#616,#618,.T.);
#616 = VERTEX_POINT('',#617);
#617 = CARTESIAN_POINT('',(41.025,105.7,1.559));
#618 = LINE('',#619,#620);
#619 = CARTESIAN_POINT('',(41.025,121.7,1.559));
#620 = VECTOR('',#621,1.);
#621 = DIRECTION('',(0.,-1.,0.));
#622 = ORIENTED_EDGE('',*,*,#623,.F.);
#623 = EDGE_CURVE('',#624,#616,#626,.T.);
#624 = VERTEX_POINT('',#625);
#625 = CARTESIAN_POINT('',(41.025,105.7,1.524));
#626 = LINE('',#627,#628);
#627 = CARTESIAN_POINT('',(41.025,105.7,1.524));
#628 = VECTOR('',#629,1.);
#629 = DIRECTION('',(0.,0.,1.));
#630 = ORIENTED_EDGE('',*,*,#631,.F.);
#631 = EDGE_CURVE('',#593,#624,#632,.T.);
#632 = LINE('',#633,#634);
#633 = CARTESIAN_POINT('',(41.025,121.7,1.524));
#634 = VECTOR('',#635,1.);
#635 = DIRECTION('',(0.,-1.,0.));
#636 = PLANE('',#637);
#637 = AXIS2_PLACEMENT_3D('',#638,#639,#640);
#638 = CARTESIAN_POINT('',(41.025,121.7,1.524));
#639 = DIRECTION('',(1.,0.,-0.));
#640 = DIRECTION('',(0.,-1.,0.));
#641 = ADVANCED_FACE('',(#642),#667,.T.);
#642 = FACE_BOUND('',#643,.T.);
#643 = EDGE_LOOP('',(#644,#645,#653,#661));
#644 = ORIENTED_EDGE('',*,*,#623,.T.);
#645 = ORIENTED_EDGE('',*,*,#646,.T.);
#646 = EDGE_CURVE('',#616,#647,#649,.T.);
#647 = VERTEX_POINT('',#648);
#648 = CARTESIAN_POINT('',(27.925,105.7,1.559));
#649 = LINE('',#650,#651);
#650 = CARTESIAN_POINT('',(41.025,105.7,1.559));
#651 = VECTOR('',#652,1.);
#652 = DIRECTION('',(-1.,0.,0.));
#653 = ORIENTED_EDGE('',*,*,#654,.F.);
#654 = EDGE_CURVE('',#655,#647,#657,.T.);
#655 = VERTEX_POINT('',#656);
#656 = CARTESIAN_POINT('',(27.925,105.7,1.524));
#657 = LINE('',#658,#659);
#658 = CARTESIAN_POINT('',(27.925,105.7,1.524));
#659 = VECTOR('',#660,1.);
#660 = DIRECTION('',(0.,0.,1.));
#661 = ORIENTED_EDGE('',*,*,#662,.F.);
#662 = EDGE_CURVE('',#624,#655,#663,.T.);
#663 = LINE('',#664,#665);
#664 = CARTESIAN_POINT('',(41.025,105.7,1.524));
#665 = VECTOR('',#666,1.);
#666 = DIRECTION('',(-1.,0.,0.));
#667 = PLANE('',#668);
#668 = AXIS2_PLACEMENT_3D('',#669,#670,#671);
#669 = CARTESIAN_POINT('',(41.025,105.7,1.524));
#670 = DIRECTION('',(0.,-1.,0.));
#671 = DIRECTION('',(-1.,0.,0.));
#672 = ADVANCED_FACE('',(#673),#698,.T.);
#673 = FACE_BOUND('',#674,.T.);
#674 = EDGE_LOOP('',(#675,#676,#684,#692));
#675 = ORIENTED_EDGE('',*,*,#654,.T.);
#676 = ORIENTED_EDGE('',*,*,#677,.T.);
#677 = EDGE_CURVE('',#647,#678,#680,.T.);
#678 = VERTEX_POINT('',#679);
#679 = CARTESIAN_POINT('',(27.925,112.2,1.559));
#680 = LINE('',#681,#682);
#681 = CARTESIAN_POINT('',(27.925,105.7,1.559));
#682 = VECTOR('',#683,1.);
#683 = DIRECTION('',(0.,1.,0.));
#684 = ORIENTED_EDGE('',*,*,#685,.F.);
#685 = EDGE_CURVE('',#686,#678,#688,.T.);
#686 = VERTEX_POINT('',#687);
#687 = CARTESIAN_POINT('',(27.925,112.2,1.524));
#688 = LINE('',#689,#690);
#689 = CARTESIAN_POINT('',(27.925,112.2,1.524));
#690 = VECTOR('',#691,1.);
#691 = DIRECTION('',(0.,0.,1.));
#692 = ORIENTED_EDGE('',*,*,#693,.F.);
#693 = EDGE_CURVE('',#655,#686,#694,.T.);
#694 = LINE('',#695,#696);
#695 = CARTESIAN_POINT('',(27.925,105.7,1.524));
#696 = VECTOR('',#697,1.);
#697 = DIRECTION('',(0.,1.,0.));
#698 = PLANE('',#699);
#699 = AXIS2_PLACEMENT_3D('',#700,#701,#702);
#700 = CARTESIAN_POINT('',(27.925,105.7,1.524));
#701 = DIRECTION('',(-1.,0.,0.));
#702 = DIRECTION('',(0.,1.,0.));
#703 = ADVANCED_FACE('',(#704),#729,.T.);
#704 = FACE_BOUND('',#705,.T.);
#705 = EDGE_LOOP('',(#706,#707,#715,#723));
#706 = ORIENTED_EDGE('',*,*,#685,.T.);
#707 = ORIENTED_EDGE('',*,*,#708,.T.);
#708 = EDGE_CURVE('',#678,#709,#711,.T.);
#709 = VERTEX_POINT('',#710);
#710 = CARTESIAN_POINT('',(30.925,112.2,1.559));
#711 = LINE('',#712,#713);
#712 = CARTESIAN_POINT('',(27.925,112.2,1.559));
#713 = VECTOR('',#714,1.);
#714 = DIRECTION('',(1.,0.,0.));
#715 = ORIENTED_EDGE('',*,*,#716,.F.);
#716 = EDGE_CURVE('',#717,#709,#719,.T.);
#717 = VERTEX_POINT('',#718);
#718 = CARTESIAN_POINT('',(30.925,112.2,1.524));
#719 = LINE('',#720,#721);
#720 = CARTESIAN_POINT('',(30.925,112.2,1.524));
#721 = VECTOR('',#722,1.);
#722 = DIRECTION('',(0.,0.,1.));
#723 = ORIENTED_EDGE('',*,*,#724,.F.);
#724 = EDGE_CURVE('',#686,#717,#725,.T.);
#725 = LINE('',#726,#727);
#726 = CARTESIAN_POINT('',(27.925,112.2,1.524));
#727 = VECTOR('',#728,1.);
#728 = DIRECTION('',(1.,0.,0.));
#729 = PLANE('',#730);
#730 = AXIS2_PLACEMENT_3D('',#731,#732,#733);
#731 = CARTESIAN_POINT('',(27.925,112.2,1.524));
#732 = DIRECTION('',(0.,1.,0.));
#733 = DIRECTION('',(1.,0.,0.));
#734 = ADVANCED_FACE('',(#735),#760,.T.);
#735 = FACE_BOUND('',#736,.T.);
#736 = EDGE_LOOP('',(#737,#738,#746,#754));
#737 = ORIENTED_EDGE('',*,*,#716,.T.);
#738 = ORIENTED_EDGE('',*,*,#739,.T.);
#739 = EDGE_CURVE('',#709,#740,#742,.T.);
#740 = VERTEX_POINT('',#741);
#741 = CARTESIAN_POINT('',(30.925,113.2,1.559));
#742 = LINE('',#743,#744);
#743 = CARTESIAN_POINT('',(30.925,112.2,1.559));
#744 = VECTOR('',#745,1.);
#745 = DIRECTION('',(0.,1.,0.));
#746 = ORIENTED_EDGE('',*,*,#747,.F.);
#747 = EDGE_CURVE('',#748,#740,#750,.T.);
#748 = VERTEX_POINT('',#749);
#749 = CARTESIAN_POINT('',(30.925,113.2,1.524));
#750 = LINE('',#751,#752);
#751 = CARTESIAN_POINT('',(30.925,113.2,1.524));
#752 = VECTOR('',#753,1.);
#753 = DIRECTION('',(0.,0.,1.));
#754 = ORIENTED_EDGE('',*,*,#755,.F.);
#755 = EDGE_CURVE('',#717,#748,#756,.T.);
#756 = LINE('',#757,#758);
#757 = CARTESIAN_POINT('',(30.925,112.2,1.524));
#758 = VECTOR('',#759,1.);
#759 = DIRECTION('',(0.,1.,0.));
#760 = PLANE('',#761);
#761 = AXIS2_PLACEMENT_3D('',#762,#763,#764);
#762 = CARTESIAN_POINT('',(30.925,112.2,1.524));
#763 = DIRECTION('',(-1.,0.,0.));
#764 = DIRECTION('',(0.,1.,0.));
#765 = ADVANCED_FACE('',(#766),#791,.T.);
#766 = FACE_BOUND('',#767,.T.);
#767 = EDGE_LOOP('',(#768,#769,#777,#785));
#768 = ORIENTED_EDGE('',*,*,#747,.T.);
#769 = ORIENTED_EDGE('',*,*,#770,.T.);
#770 = EDGE_CURVE('',#740,#771,#773,.T.);
#771 = VERTEX_POINT('',#772);
#772 = CARTESIAN_POINT('',(10.625,113.2,1.559));
#773 = LINE('',#774,#775);
#774 = CARTESIAN_POINT('',(30.925,113.2,1.559));
#775 = VECTOR('',#776,1.);
#776 = DIRECTION('',(-1.,0.,0.));
#777 = ORIENTED_EDGE('',*,*,#778,.F.);
#778 = EDGE_CURVE('',#779,#771,#781,.T.);
#779 = VERTEX_POINT('',#780);
#780 = CARTESIAN_POINT('',(10.625,113.2,1.524));
#781 = LINE('',#782,#783);
#782 = CARTESIAN_POINT('',(10.625,113.2,1.524));
#783 = VECTOR('',#784,1.);
#784 = DIRECTION('',(0.,0.,1.));
#785 = ORIENTED_EDGE('',*,*,#786,.F.);
#786 = EDGE_CURVE('',#748,#779,#787,.T.);
#787 = LINE('',#788,#789);
#788 = CARTESIAN_POINT('',(30.925,113.2,1.524));
#789 = VECTOR('',#790,1.);
#790 = DIRECTION('',(-1.,0.,0.));
#791 = PLANE('',#792);
#792 = AXIS2_PLACEMENT_3D('',#793,#794,#795);
#793 = CARTESIAN_POINT('',(30.925,113.2,1.524));
#794 = DIRECTION('',(0.,-1.,0.));
#795 = DIRECTION('',(-1.,0.,0.));
#796 = ADVANCED_FACE('',(#797),#822,.T.);
#797 = FACE_BOUND('',#798,.T.);
#798 = EDGE_LOOP('',(#799,#800,#808,#816));
#799 = ORIENTED_EDGE('',*,*,#778,.T.);
#800 = ORIENTED_EDGE('',*,*,#801,.T.);
#801 = EDGE_CURVE('',#771,#802,#804,.T.);
#802 = VERTEX_POINT('',#803);
#803 = CARTESIAN_POINT('',(10.625,82.,1.559));
#804 = LINE('',#805,#806);
#805 = CARTESIAN_POINT('',(10.625,113.2,1.559));
#806 = VECTOR('',#807,1.);
#807 = DIRECTION('',(0.,-1.,0.));
#808 = ORIENTED_EDGE('',*,*,#809,.F.);
#809 = EDGE_CURVE('',#810,#802,#812,.T.);
#810 = VERTEX_POINT('',#811);
#811 = CARTESIAN_POINT('',(10.625,82.,1.524));
#812 = LINE('',#813,#814);
#813 = CARTESIAN_POINT('',(10.625,82.,1.524));
#814 = VECTOR('',#815,1.);
#815 = DIRECTION('',(0.,0.,1.));
#816 = ORIENTED_EDGE('',*,*,#817,.F.);
#817 = EDGE_CURVE('',#779,#810,#818,.T.);
#818 = LINE('',#819,#820);
#819 = CARTESIAN_POINT('',(10.625,113.2,1.524));
#820 = VECTOR('',#821,1.);
#821 = DIRECTION('',(0.,-1.,0.));
#822 = PLANE('',#823);
#823 = AXIS2_PLACEMENT_3D('',#824,#825,#826);
#824 = CARTESIAN_POINT('',(10.625,113.2,1.524));
#825 = DIRECTION('',(1.,0.,-0.));
#826 = DIRECTION('',(0.,-1.,0.));
#827 = ADVANCED_FACE('',(#828),#853,.T.);
#828 = FACE_BOUND('',#829,.T.);
#829 = EDGE_LOOP('',(#830,#831,#839,#847));
#830 = ORIENTED_EDGE('',*,*,#809,.T.);
#831 = ORIENTED_EDGE('',*,*,#832,.T.);
#832 = EDGE_CURVE('',#802,#833,#835,.T.);
#833 = VERTEX_POINT('',#834);
#834 = CARTESIAN_POINT('',(31.625,82.,1.559));
#835 = LINE('',#836,#837);
#836 = CARTESIAN_POINT('',(10.625,82.,1.559));
#837 = VECTOR('',#838,1.);
#838 = DIRECTION('',(1.,0.,0.));
#839 = ORIENTED_EDGE('',*,*,#840,.F.);
#840 = EDGE_CURVE('',#841,#833,#843,.T.);
#841 = VERTEX_POINT('',#842);
#842 = CARTESIAN_POINT('',(31.625,82.,1.524));
#843 = LINE('',#844,#845);
#844 = CARTESIAN_POINT('',(31.625,82.,1.524));
#845 = VECTOR('',#846,1.);
#846 = DIRECTION('',(0.,0.,1.));
#847 = ORIENTED_EDGE('',*,*,#848,.F.);
#848 = EDGE_CURVE('',#810,#841,#849,.T.);
#849 = LINE('',#850,#851);
#850 = CARTESIAN_POINT('',(10.625,82.,1.524));
#851 = VECTOR('',#852,1.);
#852 = DIRECTION('',(1.,0.,0.));
#853 = PLANE('',#854);
#854 = AXIS2_PLACEMENT_3D('',#855,#856,#857);
#855 = CARTESIAN_POINT('',(10.625,82.,1.524));
#856 = DIRECTION('',(0.,1.,0.));
#857 = DIRECTION('',(1.,0.,0.));
#858 = ADVANCED_FACE('',(#859),#884,.T.);
#859 = FACE_BOUND('',#860,.T.);
#860 = EDGE_LOOP('',(#861,#862,#870,#878));
#861 = ORIENTED_EDGE('',*,*,#840,.T.);
#862 = ORIENTED_EDGE('',*,*,#863,.T.);
#863 = EDGE_CURVE('',#833,#864,#866,.T.);
#864 = VERTEX_POINT('',#865);
#865 = CARTESIAN_POINT('',(31.625,83.,1.559));
#866 = LINE('',#867,#868);
#867 = CARTESIAN_POINT('',(31.625,82.,1.559));
#868 = VECTOR('',#869,1.);
#869 = DIRECTION('',(0.,1.,0.));
#870 = ORIENTED_EDGE('',*,*,#871,.F.);
#871 = EDGE_CURVE('',#872,#864,#874,.T.);
#872 = VERTEX_POINT('',#873);
#873 = CARTESIAN_POINT('',(31.625,83.,1.524));
#874 = LINE('',#875,#876);
#875 = CARTESIAN_POINT('',(31.625,83.,1.524));
#876 = VECTOR('',#877,1.);
#877 = DIRECTION('',(0.,0.,1.));
#878 = ORIENTED_EDGE('',*,*,#879,.F.);
#879 = EDGE_CURVE('',#841,#872,#880,.T.);
#880 = LINE('',#881,#882);
#881 = CARTESIAN_POINT('',(31.625,82.,1.524));
#882 = VECTOR('',#883,1.);
#883 = DIRECTION('',(0.,1.,0.));
#884 = PLANE('',#885);
#885 = AXIS2_PLACEMENT_3D('',#886,#887,#888);
#886 = CARTESIAN_POINT('',(31.625,82.,1.524));
#887 = DIRECTION('',(-1.,0.,0.));
#888 = DIRECTION('',(0.,1.,0.));
#889 = ADVANCED_FACE('',(#890),#915,.T.);
#890 = FACE_BOUND('',#891,.T.);
#891 = EDGE_LOOP('',(#892,#893,#901,#909));
#892 = ORIENTED_EDGE('',*,*,#871,.T.);
#893 = ORIENTED_EDGE('',*,*,#894,.T.);
#894 = EDGE_CURVE('',#864,#895,#897,.T.);
#895 = VERTEX_POINT('',#896);
#896 = CARTESIAN_POINT('',(28.625,83.,1.559));
#897 = LINE('',#898,#899);
#898 = CARTESIAN_POINT('',(31.625,83.,1.559));
#899 = VECTOR('',#900,1.);
#900 = DIRECTION('',(-1.,0.,0.));
#901 = ORIENTED_EDGE('',*,*,#902,.F.);
#902 = EDGE_CURVE('',#903,#895,#905,.T.);
#903 = VERTEX_POINT('',#904);
#904 = CARTESIAN_POINT('',(28.625,83.,1.524));
#905 = LINE('',#906,#907);
#906 = CARTESIAN_POINT('',(28.625,83.,1.524));
#907 = VECTOR('',#908,1.);
#908 = DIRECTION('',(0.,0.,1.));
#909 = ORIENTED_EDGE('',*,*,#910,.F.);
#910 = EDGE_CURVE('',#872,#903,#911,.T.);
#911 = LINE('',#912,#913);
#912 = CARTESIAN_POINT('',(31.625,83.,1.524));
#913 = VECTOR('',#914,1.);
#914 = DIRECTION('',(-1.,0.,0.));
#915 = PLANE('',#916);
#916 = AXIS2_PLACEMENT_3D('',#917,#918,#919);
#917 = CARTESIAN_POINT('',(31.625,83.,1.524));
#918 = DIRECTION('',(0.,-1.,0.));
#919 = DIRECTION('',(-1.,0.,0.));
#920 = ADVANCED_FACE('',(#921),#946,.T.);
#921 = FACE_BOUND('',#922,.T.);
#922 = EDGE_LOOP('',(#923,#924,#932,#940));
#923 = ORIENTED_EDGE('',*,*,#902,.T.);
#924 = ORIENTED_EDGE('',*,*,#925,.T.);
#925 = EDGE_CURVE('',#895,#926,#928,.T.);
#926 = VERTEX_POINT('',#927);
#927 = CARTESIAN_POINT('',(28.625,89.5,1.559));
#928 = LINE('',#929,#930);
#929 = CARTESIAN_POINT('',(28.625,83.,1.559));
#930 = VECTOR('',#931,1.);
#931 = DIRECTION('',(0.,1.,0.));
#932 = ORIENTED_EDGE('',*,*,#933,.F.);
#933 = EDGE_CURVE('',#934,#926,#936,.T.);
#934 = VERTEX_POINT('',#935);
#935 = CARTESIAN_POINT('',(28.625,89.5,1.524));
#936 = LINE('',#937,#938);
#937 = CARTESIAN_POINT('',(28.625,89.5,1.524));
#938 = VECTOR('',#939,1.);
#939 = DIRECTION('',(0.,0.,1.));
#940 = ORIENTED_EDGE('',*,*,#941,.F.);
#941 = EDGE_CURVE('',#903,#934,#942,.T.);
#942 = LINE('',#943,#944);
#943 = CARTESIAN_POINT('',(28.625,83.,1.524));
#944 = VECTOR('',#945,1.);
#945 = DIRECTION('',(0.,1.,0.));
#946 = PLANE('',#947);
#947 = AXIS2_PLACEMENT_3D('',#948,#949,#950);
#948 = CARTESIAN_POINT('',(28.625,83.,1.524));
#949 = DIRECTION('',(-1.,0.,0.));
#950 = DIRECTION('',(0.,1.,0.));
#951 = ADVANCED_FACE('',(#952),#977,.T.);
#952 = FACE_BOUND('',#953,.T.);
#953 = EDGE_LOOP('',(#954,#955,#963,#971));
#954 = ORIENTED_EDGE('',*,*,#933,.T.);
#955 = ORIENTED_EDGE('',*,*,#956,.T.);
#956 = EDGE_CURVE('',#926,#957,#959,.T.);
#957 = VERTEX_POINT('',#958);
#958 = CARTESIAN_POINT('',(41.725,89.5,1.559));
#959 = LINE('',#960,#961);
#960 = CARTESIAN_POINT('',(28.625,89.5,1.559));
#961 = VECTOR('',#962,1.);
#962 = DIRECTION('',(1.,0.,0.));
#963 = ORIENTED_EDGE('',*,*,#964,.F.);
#964 = EDGE_CURVE('',#965,#957,#967,.T.);
#965 = VERTEX_POINT('',#966);
#966 = CARTESIAN_POINT('',(41.725,89.5,1.524));
#967 = LINE('',#968,#969);
#968 = CARTESIAN_POINT('',(41.725,89.5,1.524));
#969 = VECTOR('',#970,1.);
#970 = DIRECTION('',(0.,0.,1.));
#971 = ORIENTED_EDGE('',*,*,#972,.F.);
#972 = EDGE_CURVE('',#934,#965,#973,.T.);
#973 = LINE('',#974,#975);
#974 = CARTESIAN_POINT('',(28.625,89.5,1.524));
#975 = VECTOR('',#976,1.);
#976 = DIRECTION('',(1.,0.,0.));
#977 = PLANE('',#978);
#978 = AXIS2_PLACEMENT_3D('',#979,#980,#981);
#979 = CARTESIAN_POINT('',(28.625,89.5,1.524));
#980 = DIRECTION('',(0.,1.,0.));
#981 = DIRECTION('',(1.,0.,0.));
#982 = ADVANCED_FACE('',(#983),#1008,.T.);
#983 = FACE_BOUND('',#984,.T.);
#984 = EDGE_LOOP('',(#985,#986,#994,#1002));
#985 = ORIENTED_EDGE('',*,*,#964,.T.);
#986 = ORIENTED_EDGE('',*,*,#987,.T.);
#987 = EDGE_CURVE('',#957,#988,#990,.T.);
#988 = VERTEX_POINT('',#989);
#989 = CARTESIAN_POINT('',(41.725,73.5,1.559));
#990 = LINE('',#991,#992);
#991 = CARTESIAN_POINT('',(41.725,89.5,1.559));
#992 = VECTOR('',#993,1.);
#993 = DIRECTION('',(0.,-1.,0.));
#994 = ORIENTED_EDGE('',*,*,#995,.F.);
#995 = EDGE_CURVE('',#996,#988,#998,.T.);
#996 = VERTEX_POINT('',#997);
#997 = CARTESIAN_POINT('',(41.725,73.5,1.524));
#998 = LINE('',#999,#1000);
#999 = CARTESIAN_POINT('',(41.725,73.5,1.524));
#1000 = VECTOR('',#1001,1.);
#1001 = DIRECTION('',(0.,0.,1.));
#1002 = ORIENTED_EDGE('',*,*,#1003,.F.);
#1003 = EDGE_CURVE('',#965,#996,#1004,.T.);
#1004 = LINE('',#1005,#1006);
#1005 = CARTESIAN_POINT('',(41.725,89.5,1.524));
#1006 = VECTOR('',#1007,1.);
#1007 = DIRECTION('',(0.,-1.,0.));
#1008 = PLANE('',#1009);
#1009 = AXIS2_PLACEMENT_3D('',#1010,#1011,#1012);
#1010 = CARTESIAN_POINT('',(41.725,89.5,1.524));
#1011 = DIRECTION('',(1.,0.,-0.));
#1012 = DIRECTION('',(0.,-1.,0.));
#1013 = ADVANCED_FACE('',(#1014),#1039,.T.);
#1014 = FACE_BOUND('',#1015,.T.);
#1015 = EDGE_LOOP('',(#1016,#1017,#1025,#1033));
#1016 = ORIENTED_EDGE('',*,*,#995,.T.);
#1017 = ORIENTED_EDGE('',*,*,#1018,.T.);
#1018 = EDGE_CURVE('',#988,#1019,#1021,.T.);
#1019 = VERTEX_POINT('',#1020);
#1020 = CARTESIAN_POINT('',(28.625,73.5,1.559));
#1021 = LINE('',#1022,#1023);
#1022 = CARTESIAN_POINT('',(41.725,73.5,1.559));
#1023 = VECTOR('',#1024,1.);
#1024 = DIRECTION('',(-1.,0.,0.));
#1025 = ORIENTED_EDGE('',*,*,#1026,.F.);
#1026 = EDGE_CURVE('',#1027,#1019,#1029,.T.);
#1027 = VERTEX_POINT('',#1028);
#1028 = CARTESIAN_POINT('',(28.625,73.5,1.524));
#1029 = LINE('',#1030,#1031);
#1030 = CARTESIAN_POINT('',(28.625,73.5,1.524));
#1031 = VECTOR('',#1032,1.);
#1032 = DIRECTION('',(0.,0.,1.));
#1033 = ORIENTED_EDGE('',*,*,#1034,.F.);
#1034 = EDGE_CURVE('',#996,#1027,#1035,.T.);
#1035 = LINE('',#1036,#1037);
#1036 = CARTESIAN_POINT('',(41.725,73.5,1.524));
#1037 = VECTOR('',#1038,1.);
#1038 = DIRECTION('',(-1.,0.,0.));
#1039 = PLANE('',#1040);
#1040 = AXIS2_PLACEMENT_3D('',#1041,#1042,#1043);
#1041 = CARTESIAN_POINT('',(41.725,73.5,1.524));
#1042 = DIRECTION('',(0.,-1.,0.));
#1043 = DIRECTION('',(-1.,0.,0.));
#1044 = ADVANCED_FACE('',(#1045),#1070,.T.);
#1045 = FACE_BOUND('',#1046,.T.);
#1046 = EDGE_LOOP('',(#1047,#1048,#1056,#1064));
#1047 = ORIENTED_EDGE('',*,*,#1026,.T.);
#1048 = ORIENTED_EDGE('',*,*,#1049,.T.);
#1049 = EDGE_CURVE('',#1019,#1050,#1052,.T.);
#1050 = VERTEX_POINT('',#1051);
#1051 = CARTESIAN_POINT('',(28.625,80.,1.559));
#1052 = LINE('',#1053,#1054);
#1053 = CARTESIAN_POINT('',(28.625,73.5,1.559));
#1054 = VECTOR('',#1055,1.);
#1055 = DIRECTION('',(0.,1.,0.));
#1056 = ORIENTED_EDGE('',*,*,#1057,.F.);
#1057 = EDGE_CURVE('',#1058,#1050,#1060,.T.);
#1058 = VERTEX_POINT('',#1059);
#1059 = CARTESIAN_POINT('',(28.625,80.,1.524));
#1060 = LINE('',#1061,#1062);
#1061 = CARTESIAN_POINT('',(28.625,80.,1.524));
#1062 = VECTOR('',#1063,1.);
#1063 = DIRECTION('',(0.,0.,1.));
#1064 = ORIENTED_EDGE('',*,*,#1065,.F.);
#1065 = EDGE_CURVE('',#1027,#1058,#1066,.T.);
#1066 = LINE('',#1067,#1068);
#1067 = CARTESIAN_POINT('',(28.625,73.5,1.524));
#1068 = VECTOR('',#1069,1.);
#1069 = DIRECTION('',(0.,1.,0.));
#1070 = PLANE('',#1071);
#1071 = AXIS2_PLACEMENT_3D('',#1072,#1073,#1074);
#1072 = CARTESIAN_POINT('',(28.625,73.5,1.524));
#1073 = DIRECTION('',(-1.,0.,0.));
#1074 = DIRECTION('',(0.,1.,0.));
#1075 = ADVANCED_FACE('',(#1076),#1101,.T.);
#1076 = FACE_BOUND('',#1077,.T.);
#1077 = EDGE_LOOP('',(#1078,#1079,#1087,#1095));
#1078 = ORIENTED_EDGE('',*,*,#1057,.T.);
#1079 = ORIENTED_EDGE('',*,*,#1080,.T.);
#1080 = EDGE_CURVE('',#1050,#1081,#1083,.T.);
#1081 = VERTEX_POINT('',#1082);
#1082 = CARTESIAN_POINT('',(31.625,80.,1.559));
#1083 = LINE('',#1084,#1085);
#1084 = CARTESIAN_POINT('',(28.625,80.,1.559));
#1085 = VECTOR('',#1086,1.);
#1086 = DIRECTION('',(1.,0.,0.));
#1087 = ORIENTED_EDGE('',*,*,#1088,.F.);
#1088 = EDGE_CURVE('',#1089,#1081,#1091,.T.);
#1089 = VERTEX_POINT('',#1090);
#1090 = CARTESIAN_POINT('',(31.625,80.,1.524));
#1091 = LINE('',#1092,#1093);
#1092 = CARTESIAN_POINT('',(31.625,80.,1.524));
#1093 = VECTOR('',#1094,1.);
#1094 = DIRECTION('',(0.,0.,1.));
#1095 = ORIENTED_EDGE('',*,*,#1096,.F.);
#1096 = EDGE_CURVE('',#1058,#1089,#1097,.T.);
#1097 = LINE('',#1098,#1099);
#1098 = CARTESIAN_POINT('',(28.625,80.,1.524));
#1099 = VECTOR('',#1100,1.);
#1100 = DIRECTION('',(1.,0.,0.));
#1101 = PLANE('',#1102);
#1102 = AXIS2_PLACEMENT_3D('',#1103,#1104,#1105);
#1103 = CARTESIAN_POINT('',(28.625,80.,1.524));
#1104 = DIRECTION('',(0.,1.,0.));
#1105 = DIRECTION('',(1.,0.,0.));
#1106 = ADVANCED_FACE('',(#1107),#1132,.T.);
#1107 = FACE_BOUND('',#1108,.T.);
#1108 = EDGE_LOOP('',(#1109,#1110,#1118,#1126));
#1109 = ORIENTED_EDGE('',*,*,#1088,.T.);
#1110 = ORIENTED_EDGE('',*,*,#1111,.T.);
#1111 = EDGE_CURVE('',#1081,#1112,#1114,.T.);
#1112 = VERTEX_POINT('',#1113);
#1113 = CARTESIAN_POINT('',(31.625,81.,1.559));
#1114 = LINE('',#1115,#1116);
#1115 = CARTESIAN_POINT('',(31.625,80.,1.559));
#1116 = VECTOR('',#1117,1.);
#1117 = DIRECTION('',(0.,1.,0.));
#1118 = ORIENTED_EDGE('',*,*,#1119,.F.);
#1119 = EDGE_CURVE('',#1120,#1112,#1122,.T.);
#1120 = VERTEX_POINT('',#1121);
#1121 = CARTESIAN_POINT('',(31.625,81.,1.524));
#1122 = LINE('',#1123,#1124);
#1123 = CARTESIAN_POINT('',(31.625,81.,1.524));
#1124 = VECTOR('',#1125,1.);
#1125 = DIRECTION('',(0.,0.,1.));
#1126 = ORIENTED_EDGE('',*,*,#1127,.F.);
#1127 = EDGE_CURVE('',#1089,#1120,#1128,.T.);
#1128 = LINE('',#1129,#1130);
#1129 = CARTESIAN_POINT('',(31.625,80.,1.524));
#1130 = VECTOR('',#1131,1.);
#1131 = DIRECTION('',(0.,1.,0.));
#1132 = PLANE('',#1133);
#1133 = AXIS2_PLACEMENT_3D('',#1134,#1135,#1136);
#1134 = CARTESIAN_POINT('',(31.625,80.,1.524));
#1135 = DIRECTION('',(-1.,0.,0.));
#1136 = DIRECTION('',(0.,1.,0.));
#1137 = ADVANCED_FACE('',(#1138),#1163,.T.);
#1138 = FACE_BOUND('',#1139,.T.);
#1139 = EDGE_LOOP('',(#1140,#1141,#1149,#1157));
#1140 = ORIENTED_EDGE('',*,*,#1119,.T.);
#1141 = ORIENTED_EDGE('',*,*,#1142,.T.);
#1142 = EDGE_CURVE('',#1112,#1143,#1145,.T.);
#1143 = VERTEX_POINT('',#1144);
#1144 = CARTESIAN_POINT('',(11.325,81.,1.559));
#1145 = LINE('',#1146,#1147);
#1146 = CARTESIAN_POINT('',(31.625,81.,1.559));
#1147 = VECTOR('',#1148,1.);
#1148 = DIRECTION('',(-1.,0.,0.));
#1149 = ORIENTED_EDGE('',*,*,#1150,.F.);
#1150 = EDGE_CURVE('',#1151,#1143,#1153,.T.);
#1151 = VERTEX_POINT('',#1152);
#1152 = CARTESIAN_POINT('',(11.325,81.,1.524));
#1153 = LINE('',#1154,#1155);
#1154 = CARTESIAN_POINT('',(11.325,81.,1.524));
#1155 = VECTOR('',#1156,1.);
#1156 = DIRECTION('',(0.,0.,1.));
#1157 = ORIENTED_EDGE('',*,*,#1158,.F.);
#1158 = EDGE_CURVE('',#1120,#1151,#1159,.T.);
#1159 = LINE('',#1160,#1161);
#1160 = CARTESIAN_POINT('',(31.625,81.,1.524));
#1161 = VECTOR('',#1162,1.);
#1162 = DIRECTION('',(-1.,0.,0.));
#1163 = PLANE('',#1164);
#1164 = AXIS2_PLACEMENT_3D('',#1165,#1166,#1167);
#1165 = CARTESIAN_POINT('',(31.625,81.,1.524));
#1166 = DIRECTION('',(0.,-1.,0.));
#1167 = DIRECTION('',(-1.,0.,0.));
#1168 = ADVANCED_FACE('',(#1169),#1194,.T.);
#1169 = FACE_BOUND('',#1170,.T.);
#1170 = EDGE_LOOP('',(#1171,#1172,#1180,#1188));
#1171 = ORIENTED_EDGE('',*,*,#1150,.T.);
#1172 = ORIENTED_EDGE('',*,*,#1173,.T.);
#1173 = EDGE_CURVE('',#1143,#1174,#1176,.T.);
#1174 = VERTEX_POINT('',#1175);
#1175 = CARTESIAN_POINT('',(11.325,73.7,1.559));
#1176 = LINE('',#1177,#1178);
#1177 = CARTESIAN_POINT('',(11.325,81.,1.559));
#1178 = VECTOR('',#1179,1.);
#1179 = DIRECTION('',(0.,-1.,0.));
#1180 = ORIENTED_EDGE('',*,*,#1181,.F.);
#1181 = EDGE_CURVE('',#1182,#1174,#1184,.T.);
#1182 = VERTEX_POINT('',#1183);
#1183 = CARTESIAN_POINT('',(11.325,73.7,1.524));
#1184 = LINE('',#1185,#1186);
#1185 = CARTESIAN_POINT('',(11.325,73.7,1.524));
#1186 = VECTOR('',#1187,1.);
#1187 = DIRECTION('',(0.,0.,1.));
#1188 = ORIENTED_EDGE('',*,*,#1189,.F.);
#1189 = EDGE_CURVE('',#1151,#1182,#1190,.T.);
#1190 = LINE('',#1191,#1192);
#1191 = CARTESIAN_POINT('',(11.325,81.,1.524));
#1192 = VECTOR('',#1193,1.);
#1193 = DIRECTION('',(0.,-1.,0.));
#1194 = PLANE('',#1195);
#1195 = AXIS2_PLACEMENT_3D('',#1196,#1197,#1198);
#1196 = CARTESIAN_POINT('',(11.325,81.,1.524));
#1197 = DIRECTION('',(1.,0.,-0.));
#1198 = DIRECTION('',(0.,-1.,0.));
#1199 = ADVANCED_FACE('',(#1200),#1225,.T.);
#1200 = FACE_BOUND('',#1201,.T.);
#1201 = EDGE_LOOP('',(#1202,#1203,#1211,#1219));
#1202 = ORIENTED_EDGE('',*,*,#1181,.T.);
#1203 = ORIENTED_EDGE('',*,*,#1204,.T.);
#1204 = EDGE_CURVE('',#1174,#1205,#1207,.T.);
#1205 = VERTEX_POINT('',#1206);
#1206 = CARTESIAN_POINT('',(10.625,73.7,1.559));
#1207 = LINE('',#1208,#1209);
#1208 = CARTESIAN_POINT('',(11.325,73.7,1.559));
#1209 = VECTOR('',#1210,1.);
#1210 = DIRECTION('',(-1.,0.,0.));
#1211 = ORIENTED_EDGE('',*,*,#1212,.F.);
#1212 = EDGE_CURVE('',#1213,#1205,#1215,.T.);
#1213 = VERTEX_POINT('',#1214);
#1214 = CARTESIAN_POINT('',(10.625,73.7,1.524));
#1215 = LINE('',#1216,#1217);
#1216 = CARTESIAN_POINT('',(10.625,73.7,1.524));
#1217 = VECTOR('',#1218,1.);
#1218 = DIRECTION('',(0.,0.,1.));
#1219 = ORIENTED_EDGE('',*,*,#1220,.F.);
#1220 = EDGE_CURVE('',#1182,#1213,#1221,.T.);
#1221 = LINE('',#1222,#1223);
#1222 = CARTESIAN_POINT('',(11.325,73.7,1.524));
#1223 = VECTOR('',#1224,1.);
#1224 = DIRECTION('',(-1.,0.,0.));
#1225 = PLANE('',#1226);
#1226 = AXIS2_PLACEMENT_3D('',#1227,#1228,#1229);
#1227 = CARTESIAN_POINT('',(11.325,73.7,1.524));
#1228 = DIRECTION('',(0.,-1.,0.));
#1229 = DIRECTION('',(-1.,0.,0.));
#1230 = ADVANCED_FACE('',(#1231),#1256,.T.);
#1231 = FACE_BOUND('',#1232,.T.);
#1232 = EDGE_LOOP('',(#1233,#1234,#1242,#1250));
#1233 = ORIENTED_EDGE('',*,*,#1212,.T.);
#1234 = ORIENTED_EDGE('',*,*,#1235,.T.);
#1235 = EDGE_CURVE('',#1205,#1236,#1238,.T.);
#1236 = VERTEX_POINT('',#1237);
#1237 = CARTESIAN_POINT('',(10.625,57.3,1.559));
#1238 = LINE('',#1239,#1240);
#1239 = CARTESIAN_POINT('',(10.625,73.7,1.559));
#1240 = VECTOR('',#1241,1.);
#1241 = DIRECTION('',(0.,-1.,0.));
#1242 = ORIENTED_EDGE('',*,*,#1243,.F.);
#1243 = EDGE_CURVE('',#1244,#1236,#1246,.T.);
#1244 = VERTEX_POINT('',#1245);
#1245 = CARTESIAN_POINT('',(10.625,57.3,1.524));
#1246 = LINE('',#1247,#1248);
#1247 = CARTESIAN_POINT('',(10.625,57.3,1.524));
#1248 = VECTOR('',#1249,1.);
#1249 = DIRECTION('',(0.,0.,1.));
#1250 = ORIENTED_EDGE('',*,*,#1251,.F.);
#1251 = EDGE_CURVE('',#1213,#1244,#1252,.T.);
#1252 = LINE('',#1253,#1254);
#1253 = CARTESIAN_POINT('',(10.625,73.7,1.524));
#1254 = VECTOR('',#1255,1.);
#1255 = DIRECTION('',(0.,-1.,0.));
#1256 = PLANE('',#1257);
#1257 = AXIS2_PLACEMENT_3D('',#1258,#1259,#1260);
#1258 = CARTESIAN_POINT('',(10.625,73.7,1.524));
#1259 = DIRECTION('',(1.,0.,-0.));
#1260 = DIRECTION('',(0.,-1.,0.));
#1261 = ADVANCED_FACE('',(#1262),#1287,.T.);
#1262 = FACE_BOUND('',#1263,.T.);
#1263 = EDGE_LOOP('',(#1264,#1265,#1273,#1281));
#1264 = ORIENTED_EDGE('',*,*,#1243,.T.);
#1265 = ORIENTED_EDGE('',*,*,#1266,.T.);
#1266 = EDGE_CURVE('',#1236,#1267,#1269,.T.);
#1267 = VERTEX_POINT('',#1268);
#1268 = CARTESIAN_POINT('',(11.325,57.3,1.559));
#1269 = LINE('',#1270,#1271);
#1270 = CARTESIAN_POINT('',(10.625,57.3,1.559));
#1271 = VECTOR('',#1272,1.);
#1272 = DIRECTION('',(1.,0.,0.));
#1273 = ORIENTED_EDGE('',*,*,#1274,.F.);
#1274 = EDGE_CURVE('',#1275,#1267,#1277,.T.);
#1275 = VERTEX_POINT('',#1276);
#1276 = CARTESIAN_POINT('',(11.325,57.3,1.524));
#1277 = LINE('',#1278,#1279);
#1278 = CARTESIAN_POINT('',(11.325,57.3,1.524));
#1279 = VECTOR('',#1280,1.);
#1280 = DIRECTION('',(0.,0.,1.));
#1281 = ORIENTED_EDGE('',*,*,#1282,.F.);
#1282 = EDGE_CURVE('',#1244,#1275,#1283,.T.);
#1283 = LINE('',#1284,#1285);
#1284 = CARTESIAN_POINT('',(10.625,57.3,1.524));
#1285 = VECTOR('',#1286,1.);
#1286 = DIRECTION('',(1.,0.,0.));
#1287 = PLANE('',#1288);
#1288 = AXIS2_PLACEMENT_3D('',#1289,#1290,#1291);
#1289 = CARTESIAN_POINT('',(10.625,57.3,1.524));
#1290 = DIRECTION('',(0.,1.,0.));
#1291 = DIRECTION('',(1.,0.,0.));
#1292 = ADVANCED_FACE('',(#1293),#1318,.T.);
#1293 = FACE_BOUND('',#1294,.T.);
#1294 = EDGE_LOOP('',(#1295,#1296,#1304,#1312));
#1295 = ORIENTED_EDGE('',*,*,#1274,.T.);
#1296 = ORIENTED_EDGE('',*,*,#1297,.T.);
#1297 = EDGE_CURVE('',#1267,#1298,#1300,.T.);
#1298 = VERTEX_POINT('',#1299);
#1299 = CARTESIAN_POINT('',(11.325,50.,1.559));
#1300 = LINE('',#1301,#1302);
#1301 = CARTESIAN_POINT('',(11.325,57.3,1.559));
#1302 = VECTOR('',#1303,1.);
#1303 = DIRECTION('',(0.,-1.,0.));
#1304 = ORIENTED_EDGE('',*,*,#1305,.F.);
#1305 = EDGE_CURVE('',#1306,#1298,#1308,.T.);
#1306 = VERTEX_POINT('',#1307);
#1307 = CARTESIAN_POINT('',(11.325,50.,1.524));
#1308 = LINE('',#1309,#1310);
#1309 = CARTESIAN_POINT('',(11.325,50.,1.524));
#1310 = VECTOR('',#1311,1.);
#1311 = DIRECTION('',(0.,0.,1.));
#1312 = ORIENTED_EDGE('',*,*,#1313,.F.);
#1313 = EDGE_CURVE('',#1275,#1306,#1314,.T.);
#1314 = LINE('',#1315,#1316);
#1315 = CARTESIAN_POINT('',(11.325,57.3,1.524));
#1316 = VECTOR('',#1317,1.);
#1317 = DIRECTION('',(0.,-1.,0.));
#1318 = PLANE('',#1319);
#1319 = AXIS2_PLACEMENT_3D('',#1320,#1321,#1322);
#1320 = CARTESIAN_POINT('',(11.325,57.3,1.524));
#1321 = DIRECTION('',(1.,0.,-0.));
#1322 = DIRECTION('',(0.,-1.,0.));
#1323 = ADVANCED_FACE('',(#1324),#1349,.T.);
#1324 = FACE_BOUND('',#1325,.T.);
#1325 = EDGE_LOOP('',(#1326,#1327,#1335,#1343));
#1326 = ORIENTED_EDGE('',*,*,#1305,.T.);
#1327 = ORIENTED_EDGE('',*,*,#1328,.T.);
#1328 = EDGE_CURVE('',#1298,#1329,#1331,.T.);
#1329 = VERTEX_POINT('',#1330);
#1330 = CARTESIAN_POINT('',(32.2,50.,1.559));
#1331 = LINE('',#1332,#1333);
#1332 = CARTESIAN_POINT('',(11.325,50.,1.559));
#1333 = VECTOR('',#1334,1.);
#1334 = DIRECTION('',(1.,0.,0.));
#1335 = ORIENTED_EDGE('',*,*,#1336,.F.);
#1336 = EDGE_CURVE('',#1337,#1329,#1339,.T.);
#1337 = VERTEX_POINT('',#1338);
#1338 = CARTESIAN_POINT('',(32.2,50.,1.524));
#1339 = LINE('',#1340,#1341);
#1340 = CARTESIAN_POINT('',(32.2,50.,1.524));
#1341 = VECTOR('',#1342,1.);
#1342 = DIRECTION('',(0.,0.,1.));
#1343 = ORIENTED_EDGE('',*,*,#1344,.F.);
#1344 = EDGE_CURVE('',#1306,#1337,#1345,.T.);
#1345 = LINE('',#1346,#1347);
#1346 = CARTESIAN_POINT('',(11.325,50.,1.524));
#1347 = VECTOR('',#1348,1.);
#1348 = DIRECTION('',(1.,0.,0.));
#1349 = PLANE('',#1350);
#1350 = AXIS2_PLACEMENT_3D('',#1351,#1352,#1353);
#1351 = CARTESIAN_POINT('',(11.325,50.,1.524));
#1352 = DIRECTION('',(0.,1.,0.));
#1353 = DIRECTION('',(1.,0.,0.));
#1354 = ADVANCED_FACE('',(#1355),#1380,.T.);
#1355 = FACE_BOUND('',#1356,.T.);
#1356 = EDGE_LOOP('',(#1357,#1358,#1366,#1374));
#1357 = ORIENTED_EDGE('',*,*,#1336,.T.);
#1358 = ORIENTED_EDGE('',*,*,#1359,.T.);
#1359 = EDGE_CURVE('',#1329,#1360,#1362,.T.);
#1360 = VERTEX_POINT('',#1361);
#1361 = CARTESIAN_POINT('',(32.2,51.,1.559));
#1362 = LINE('',#1363,#1364);
#1363 = CARTESIAN_POINT('',(32.2,50.,1.559));
#1364 = VECTOR('',#1365,1.);
#1365 = DIRECTION('',(0.,1.,0.));
#1366 = ORIENTED_EDGE('',*,*,#1367,.F.);
#1367 = EDGE_CURVE('',#1368,#1360,#1370,.T.);
#1368 = VERTEX_POINT('',#1369);
#1369 = CARTESIAN_POINT('',(32.2,51.,1.524));
#1370 = LINE('',#1371,#1372);
#1371 = CARTESIAN_POINT('',(32.2,51.,1.524));
#1372 = VECTOR('',#1373,1.);
#1373 = DIRECTION('',(0.,0.,1.));
#1374 = ORIENTED_EDGE('',*,*,#1375,.F.);
#1375 = EDGE_CURVE('',#1337,#1368,#1376,.T.);
#1376 = LINE('',#1377,#1378);
#1377 = CARTESIAN_POINT('',(32.2,50.,1.524));
#1378 = VECTOR('',#1379,1.);
#1379 = DIRECTION('',(0.,1.,0.));
#1380 = PLANE('',#1381);
#1381 = AXIS2_PLACEMENT_3D('',#1382,#1383,#1384);
#1382 = CARTESIAN_POINT('',(32.2,50.,1.524));
#1383 = DIRECTION('',(-1.,0.,0.));
#1384 = DIRECTION('',(0.,1.,0.));
#1385 = ADVANCED_FACE('',(#1386),#1411,.T.);
#1386 = FACE_BOUND('',#1387,.T.);
#1387 = EDGE_LOOP('',(#1388,#1389,#1397,#1405));
#1388 = ORIENTED_EDGE('',*,*,#1367,.T.);
#1389 = ORIENTED_EDGE('',*,*,#1390,.T.);
#1390 = EDGE_CURVE('',#1360,#1391,#1393,.T.);
#1391 = VERTEX_POINT('',#1392);
#1392 = CARTESIAN_POINT('',(29.2,51.,1.559));
#1393 = LINE('',#1394,#1395);
#1394 = CARTESIAN_POINT('',(32.2,51.,1.559));
#1395 = VECTOR('',#1396,1.);
#1396 = DIRECTION('',(-1.,0.,0.));
#1397 = ORIENTED_EDGE('',*,*,#1398,.F.);
#1398 = EDGE_CURVE('',#1399,#1391,#1401,.T.);
#1399 = VERTEX_POINT('',#1400);
#1400 = CARTESIAN_POINT('',(29.2,51.,1.524));
#1401 = LINE('',#1402,#1403);
#1402 = CARTESIAN_POINT('',(29.2,51.,1.524));
#1403 = VECTOR('',#1404,1.);
#1404 = DIRECTION('',(0.,0.,1.));
#1405 = ORIENTED_EDGE('',*,*,#1406,.F.);
#1406 = EDGE_CURVE('',#1368,#1399,#1407,.T.);
#1407 = LINE('',#1408,#1409);
#1408 = CARTESIAN_POINT('',(32.2,51.,1.524));
#1409 = VECTOR('',#1410,1.);
#1410 = DIRECTION('',(-1.,0.,0.));
#1411 = PLANE('',#1412);
#1412 = AXIS2_PLACEMENT_3D('',#1413,#1414,#1415);
#1413 = CARTESIAN_POINT('',(32.2,51.,1.524));
#1414 = DIRECTION('',(0.,-1.,0.));
#1415 = DIRECTION('',(-1.,0.,0.));
#1416 = ADVANCED_FACE('',(#1417),#1442,.T.);
#1417 = FACE_BOUND('',#1418,.T.);
#1418 = EDGE_LOOP('',(#1419,#1420,#1428,#1436));
#1419 = ORIENTED_EDGE('',*,*,#1398,.T.);
#1420 = ORIENTED_EDGE('',*,*,#1421,.T.);
#1421 = EDGE_CURVE('',#1391,#1422,#1424,.T.);
#1422 = VERTEX_POINT('',#1423);
#1423 = CARTESIAN_POINT('',(29.2,57.5,1.559));
#1424 = LINE('',#1425,#1426);
#1425 = CARTESIAN_POINT('',(29.2,51.,1.559));
#1426 = VECTOR('',#1427,1.);
#1427 = DIRECTION('',(0.,1.,0.));
#1428 = ORIENTED_EDGE('',*,*,#1429,.F.);
#1429 = EDGE_CURVE('',#1430,#1422,#1432,.T.);
#1430 = VERTEX_POINT('',#1431);
#1431 = CARTESIAN_POINT('',(29.2,57.5,1.524));
#1432 = LINE('',#1433,#1434);
#1433 = CARTESIAN_POINT('',(29.2,57.5,1.524));
#1434 = VECTOR('',#1435,1.);
#1435 = DIRECTION('',(0.,0.,1.));
#1436 = ORIENTED_EDGE('',*,*,#1437,.F.);
#1437 = EDGE_CURVE('',#1399,#1430,#1438,.T.);
#1438 = LINE('',#1439,#1440);
#1439 = CARTESIAN_POINT('',(29.2,51.,1.524));
#1440 = VECTOR('',#1441,1.);
#1441 = DIRECTION('',(0.,1.,0.));
#1442 = PLANE('',#1443);
#1443 = AXIS2_PLACEMENT_3D('',#1444,#1445,#1446);
#1444 = CARTESIAN_POINT('',(29.2,51.,1.524));
#1445 = DIRECTION('',(-1.,0.,0.));
#1446 = DIRECTION('',(0.,1.,0.));
#1447 = ADVANCED_FACE('',(#1448),#1473,.T.);
#1448 = FACE_BOUND('',#1449,.T.);
#1449 = EDGE_LOOP('',(#1450,#1451,#1459,#1467));
#1450 = ORIENTED_EDGE('',*,*,#1429,.T.);
#1451 = ORIENTED_EDGE('',*,*,#1452,.T.);
#1452 = EDGE_CURVE('',#1422,#1453,#1455,.T.);
#1453 = VERTEX_POINT('',#1454);
#1454 = CARTESIAN_POINT('',(42.3,57.5,1.559));
#1455 = LINE('',#1456,#1457);
#1456 = CARTESIAN_POINT('',(29.2,57.5,1.559));
#1457 = VECTOR('',#1458,1.);
#1458 = DIRECTION('',(1.,0.,0.));
#1459 = ORIENTED_EDGE('',*,*,#1460,.F.);
#1460 = EDGE_CURVE('',#1461,#1453,#1463,.T.);
#1461 = VERTEX_POINT('',#1462);
#1462 = CARTESIAN_POINT('',(42.3,57.5,1.524));
#1463 = LINE('',#1464,#1465);
#1464 = CARTESIAN_POINT('',(42.3,57.5,1.524));
#1465 = VECTOR('',#1466,1.);
#1466 = DIRECTION('',(0.,0.,1.));
#1467 = ORIENTED_EDGE('',*,*,#1468,.F.);
#1468 = EDGE_CURVE('',#1430,#1461,#1469,.T.);
#1469 = LINE('',#1470,#1471);
#1470 = CARTESIAN_POINT('',(29.2,57.5,1.524));
#1471 = VECTOR('',#1472,1.);
#1472 = DIRECTION('',(1.,0.,0.));
#1473 = PLANE('',#1474);
#1474 = AXIS2_PLACEMENT_3D('',#1475,#1476,#1477);
#1475 = CARTESIAN_POINT('',(29.2,57.5,1.524));
#1476 = DIRECTION('',(0.,1.,0.));
#1477 = DIRECTION('',(1.,0.,0.));
#1478 = ADVANCED_FACE('',(#1479),#1504,.T.);
#1479 = FACE_BOUND('',#1480,.T.);
#1480 = EDGE_LOOP('',(#1481,#1482,#1490,#1498));
#1481 = ORIENTED_EDGE('',*,*,#1460,.T.);
#1482 = ORIENTED_EDGE('',*,*,#1483,.T.);
#1483 = EDGE_CURVE('',#1453,#1484,#1486,.T.);
#1484 = VERTEX_POINT('',#1485);
#1485 = CARTESIAN_POINT('',(42.3,41.5,1.559));
#1486 = LINE('',#1487,#1488);
#1487 = CARTESIAN_POINT('',(42.3,57.5,1.559));
#1488 = VECTOR('',#1489,1.);
#1489 = DIRECTION('',(0.,-1.,0.));
#1490 = ORIENTED_EDGE('',*,*,#1491,.F.);
#1491 = EDGE_CURVE('',#1492,#1484,#1494,.T.);
#1492 = VERTEX_POINT('',#1493);
#1493 = CARTESIAN_POINT('',(42.3,41.5,1.524));
#1494 = LINE('',#1495,#1496);
#1495 = CARTESIAN_POINT('',(42.3,41.5,1.524));
#1496 = VECTOR('',#1497,1.);
#1497 = DIRECTION('',(0.,0.,1.));
#1498 = ORIENTED_EDGE('',*,*,#1499,.F.);
#1499 = EDGE_CURVE('',#1461,#1492,#1500,.T.);
#1500 = LINE('',#1501,#1502);
#1501 = CARTESIAN_POINT('',(42.3,57.5,1.524));
#1502 = VECTOR('',#1503,1.);
#1503 = DIRECTION('',(0.,-1.,0.));
#1504 = PLANE('',#1505);
#1505 = AXIS2_PLACEMENT_3D('',#1506,#1507,#1508);
#1506 = CARTESIAN_POINT('',(42.3,57.5,1.524));
#1507 = DIRECTION('',(1.,0.,-0.));
#1508 = DIRECTION('',(0.,-1.,0.));
#1509 = ADVANCED_FACE('',(#1510),#1535,.T.);
#1510 = FACE_BOUND('',#1511,.T.);
#1511 = EDGE_LOOP('',(#1512,#1513,#1521,#1529));
#1512 = ORIENTED_EDGE('',*,*,#1491,.T.);
#1513 = ORIENTED_EDGE('',*,*,#1514,.T.);
#1514 = EDGE_CURVE('',#1484,#1515,#1517,.T.);
#1515 = VERTEX_POINT('',#1516);
#1516 = CARTESIAN_POINT('',(29.2,41.5,1.559));
#1517 = LINE('',#1518,#1519);
#1518 = CARTESIAN_POINT('',(42.3,41.5,1.559));
#1519 = VECTOR('',#1520,1.);
#1520 = DIRECTION('',(-1.,0.,0.));
#1521 = ORIENTED_EDGE('',*,*,#1522,.F.);
#1522 = EDGE_CURVE('',#1523,#1515,#1525,.T.);
#1523 = VERTEX_POINT('',#1524);
#1524 = CARTESIAN_POINT('',(29.2,41.5,1.524));
#1525 = LINE('',#1526,#1527);
#1526 = CARTESIAN_POINT('',(29.2,41.5,1.524));
#1527 = VECTOR('',#1528,1.);
#1528 = DIRECTION('',(0.,0.,1.));
#1529 = ORIENTED_EDGE('',*,*,#1530,.F.);
#1530 = EDGE_CURVE('',#1492,#1523,#1531,.T.);
#1531 = LINE('',#1532,#1533);
#1532 = CARTESIAN_POINT('',(42.3,41.5,1.524));
#1533 = VECTOR('',#1534,1.);
#1534 = DIRECTION('',(-1.,0.,0.));
#1535 = PLANE('',#1536);
#1536 = AXIS2_PLACEMENT_3D('',#1537,#1538,#1539);
#1537 = CARTESIAN_POINT('',(42.3,41.5,1.524));
#1538 = DIRECTION('',(0.,-1.,0.));
#1539 = DIRECTION('',(-1.,0.,0.));
#1540 = ADVANCED_FACE('',(#1541),#1566,.T.);
#1541 = FACE_BOUND('',#1542,.T.);
#1542 = EDGE_LOOP('',(#1543,#1544,#1552,#1560));
#1543 = ORIENTED_EDGE('',*,*,#1522,.T.);
#1544 = ORIENTED_EDGE('',*,*,#1545,.T.);
#1545 = EDGE_CURVE('',#1515,#1546,#1548,.T.);
#1546 = VERTEX_POINT('',#1547);
#1547 = CARTESIAN_POINT('',(29.2,48.,1.559));
#1548 = LINE('',#1549,#1550);
#1549 = CARTESIAN_POINT('',(29.2,41.5,1.559));
#1550 = VECTOR('',#1551,1.);
#1551 = DIRECTION('',(0.,1.,0.));
#1552 = ORIENTED_EDGE('',*,*,#1553,.F.);
#1553 = EDGE_CURVE('',#1554,#1546,#1556,.T.);
#1554 = VERTEX_POINT('',#1555);
#1555 = CARTESIAN_POINT('',(29.2,48.,1.524));
#1556 = LINE('',#1557,#1558);
#1557 = CARTESIAN_POINT('',(29.2,48.,1.524));
#1558 = VECTOR('',#1559,1.);
#1559 = DIRECTION('',(0.,0.,1.));
#1560 = ORIENTED_EDGE('',*,*,#1561,.F.);
#1561 = EDGE_CURVE('',#1523,#1554,#1562,.T.);
#1562 = LINE('',#1563,#1564);
#1563 = CARTESIAN_POINT('',(29.2,41.5,1.524));
#1564 = VECTOR('',#1565,1.);
#1565 = DIRECTION('',(0.,1.,0.));
#1566 = PLANE('',#1567);
#1567 = AXIS2_PLACEMENT_3D('',#1568,#1569,#1570);
#1568 = CARTESIAN_POINT('',(29.2,41.5,1.524));
#1569 = DIRECTION('',(-1.,0.,0.));
#1570 = DIRECTION('',(0.,1.,0.));
#1571 = ADVANCED_FACE('',(#1572),#1597,.T.);
#1572 = FACE_BOUND('',#1573,.T.);
#1573 = EDGE_LOOP('',(#1574,#1575,#1583,#1591));
#1574 = ORIENTED_EDGE('',*,*,#1553,.T.);
#1575 = ORIENTED_EDGE('',*,*,#1576,.T.);
#1576 = EDGE_CURVE('',#1546,#1577,#1579,.T.);
#1577 = VERTEX_POINT('',#1578);
#1578 = CARTESIAN_POINT('',(32.2,48.,1.559));
#1579 = LINE('',#1580,#1581);
#1580 = CARTESIAN_POINT('',(29.2,48.,1.559));
#1581 = VECTOR('',#1582,1.);
#1582 = DIRECTION('',(1.,0.,0.));
#1583 = ORIENTED_EDGE('',*,*,#1584,.F.);
#1584 = EDGE_CURVE('',#1585,#1577,#1587,.T.);
#1585 = VERTEX_POINT('',#1586);
#1586 = CARTESIAN_POINT('',(32.2,48.,1.524));
#1587 = LINE('',#1588,#1589);
#1588 = CARTESIAN_POINT('',(32.2,48.,1.524));
#1589 = VECTOR('',#1590,1.);
#1590 = DIRECTION('',(0.,0.,1.));
#1591 = ORIENTED_EDGE('',*,*,#1592,.F.);
#1592 = EDGE_CURVE('',#1554,#1585,#1593,.T.);
#1593 = LINE('',#1594,#1595);
#1594 = CARTESIAN_POINT('',(29.2,48.,1.524));
#1595 = VECTOR('',#1596,1.);
#1596 = DIRECTION('',(1.,0.,0.));
#1597 = PLANE('',#1598);
#1598 = AXIS2_PLACEMENT_3D('',#1599,#1600,#1601);
#1599 = CARTESIAN_POINT('',(29.2,48.,1.524));
#1600 = DIRECTION('',(0.,1.,0.));
#1601 = DIRECTION('',(1.,0.,0.));
#1602 = ADVANCED_FACE('',(#1603),#1628,.T.);
#1603 = FACE_BOUND('',#1604,.T.);
#1604 = EDGE_LOOP('',(#1605,#1606,#1614,#1622));
#1605 = ORIENTED_EDGE('',*,*,#1584,.T.);
#1606 = ORIENTED_EDGE('',*,*,#1607,.T.);
#1607 = EDGE_CURVE('',#1577,#1608,#1610,.T.);
#1608 = VERTEX_POINT('',#1609);
#1609 = CARTESIAN_POINT('',(32.2,49.,1.559));
#1610 = LINE('',#1611,#1612);
#1611 = CARTESIAN_POINT('',(32.2,48.,1.559));
#1612 = VECTOR('',#1613,1.);
#1613 = DIRECTION('',(0.,1.,0.));
#1614 = ORIENTED_EDGE('',*,*,#1615,.F.);
#1615 = EDGE_CURVE('',#1616,#1608,#1618,.T.);
#1616 = VERTEX_POINT('',#1617);
#1617 = CARTESIAN_POINT('',(32.2,49.,1.524));
#1618 = LINE('',#1619,#1620);
#1619 = CARTESIAN_POINT('',(32.2,49.,1.524));
#1620 = VECTOR('',#1621,1.);
#1621 = DIRECTION('',(0.,0.,1.));
#1622 = ORIENTED_EDGE('',*,*,#1623,.F.);
#1623 = EDGE_CURVE('',#1585,#1616,#1624,.T.);
#1624 = LINE('',#1625,#1626);
#1625 = CARTESIAN_POINT('',(32.2,48.,1.524));
#1626 = VECTOR('',#1627,1.);
#1627 = DIRECTION('',(0.,1.,0.));
#1628 = PLANE('',#1629);
#1629 = AXIS2_PLACEMENT_3D('',#1630,#1631,#1632);
#1630 = CARTESIAN_POINT('',(32.2,48.,1.524));
#1631 = DIRECTION('',(-1.,0.,0.));
#1632 = DIRECTION('',(0.,1.,0.));
#1633 = ADVANCED_FACE('',(#1634),#1659,.T.);
#1634 = FACE_BOUND('',#1635,.T.);
#1635 = EDGE_LOOP('',(#1636,#1637,#1645,#1653));
#1636 = ORIENTED_EDGE('',*,*,#1615,.T.);
#1637 = ORIENTED_EDGE('',*,*,#1638,.T.);
#1638 = EDGE_CURVE('',#1608,#1639,#1641,.T.);
#1639 = VERTEX_POINT('',#1640);
#1640 = CARTESIAN_POINT('',(11.9,49.,1.559));
#1641 = LINE('',#1642,#1643);
#1642 = CARTESIAN_POINT('',(32.2,49.,1.559));
#1643 = VECTOR('',#1644,1.);
#1644 = DIRECTION('',(-1.,0.,0.));
#1645 = ORIENTED_EDGE('',*,*,#1646,.F.);
#1646 = EDGE_CURVE('',#1647,#1639,#1649,.T.);
#1647 = VERTEX_POINT('',#1648);
#1648 = CARTESIAN_POINT('',(11.9,49.,1.524));
#1649 = LINE('',#1650,#1651);
#1650 = CARTESIAN_POINT('',(11.9,49.,1.524));
#1651 = VECTOR('',#1652,1.);
#1652 = DIRECTION('',(0.,0.,1.));
#1653 = ORIENTED_EDGE('',*,*,#1654,.F.);
#1654 = EDGE_CURVE('',#1616,#1647,#1655,.T.);
#1655 = LINE('',#1656,#1657);
#1656 = CARTESIAN_POINT('',(32.2,49.,1.524));
#1657 = VECTOR('',#1658,1.);
#1658 = DIRECTION('',(-1.,0.,0.));
#1659 = PLANE('',#1660);
#1660 = AXIS2_PLACEMENT_3D('',#1661,#1662,#1663);
#1661 = CARTESIAN_POINT('',(32.2,49.,1.524));
#1662 = DIRECTION('',(0.,-1.,0.));
#1663 = DIRECTION('',(-1.,0.,0.));
#1664 = ADVANCED_FACE('',(#1665),#1690,.T.);
#1665 = FACE_BOUND('',#1666,.T.);
#1666 = EDGE_LOOP('',(#1667,#1668,#1676,#1684));
#1667 = ORIENTED_EDGE('',*,*,#1646,.T.);
#1668 = ORIENTED_EDGE('',*,*,#1669,.T.);
#1669 = EDGE_CURVE('',#1639,#1670,#1672,.T.);
#1670 = VERTEX_POINT('',#1671);
#1671 = CARTESIAN_POINT('',(11.9,41.8,1.559));
#1672 = LINE('',#1673,#1674);
#1673 = CARTESIAN_POINT('',(11.9,49.,1.559));
#1674 = VECTOR('',#1675,1.);
#1675 = DIRECTION('',(0.,-1.,0.));
#1676 = ORIENTED_EDGE('',*,*,#1677,.F.);
#1677 = EDGE_CURVE('',#1678,#1670,#1680,.T.);
#1678 = VERTEX_POINT('',#1679);
#1679 = CARTESIAN_POINT('',(11.9,41.8,1.524));
#1680 = LINE('',#1681,#1682);
#1681 = CARTESIAN_POINT('',(11.9,41.8,1.524));
#1682 = VECTOR('',#1683,1.);
#1683 = DIRECTION('',(0.,0.,1.));
#1684 = ORIENTED_EDGE('',*,*,#1685,.F.);
#1685 = EDGE_CURVE('',#1647,#1678,#1686,.T.);
#1686 = LINE('',#1687,#1688);
#1687 = CARTESIAN_POINT('',(11.9,49.,1.524));
#1688 = VECTOR('',#1689,1.);
#1689 = DIRECTION('',(0.,-1.,0.));
#1690 = PLANE('',#1691);
#1691 = AXIS2_PLACEMENT_3D('',#1692,#1693,#1694);
#1692 = CARTESIAN_POINT('',(11.9,49.,1.524));
#1693 = DIRECTION('',(1.,0.,-0.));
#1694 = DIRECTION('',(0.,-1.,0.));
#1695 = ADVANCED_FACE('',(#1696),#1721,.T.);
#1696 = FACE_BOUND('',#1697,.T.);
#1697 = EDGE_LOOP('',(#1698,#1699,#1707,#1715));
#1698 = ORIENTED_EDGE('',*,*,#1677,.T.);
#1699 = ORIENTED_EDGE('',*,*,#1700,.T.);
#1700 = EDGE_CURVE('',#1670,#1701,#1703,.T.);
#1701 = VERTEX_POINT('',#1702);
#1702 = CARTESIAN_POINT('',(10.625,41.8,1.559));
#1703 = LINE('',#1704,#1705);
#1704 = CARTESIAN_POINT('',(11.9,41.8,1.559));
#1705 = VECTOR('',#1706,1.);
#1706 = DIRECTION('',(-1.,0.,0.));
#1707 = ORIENTED_EDGE('',*,*,#1708,.F.);
#1708 = EDGE_CURVE('',#1709,#1701,#1711,.T.);
#1709 = VERTEX_POINT('',#1710);
#1710 = CARTESIAN_POINT('',(10.625,41.8,1.524));
#1711 = LINE('',#1712,#1713);
#1712 = CARTESIAN_POINT('',(10.625,41.8,1.524));
#1713 = VECTOR('',#1714,1.);
#1714 = DIRECTION('',(0.,0.,1.));
#1715 = ORIENTED_EDGE('',*,*,#1716,.F.);
#1716 = EDGE_CURVE('',#1678,#1709,#1717,.T.);
#1717 = LINE('',#1718,#1719);
#1718 = CARTESIAN_POINT('',(11.9,41.8,1.524));
#1719 = VECTOR('',#1720,1.);
#1720 = DIRECTION('',(-1.,0.,0.));
#1721 = PLANE('',#1722);
#1722 = AXIS2_PLACEMENT_3D('',#1723,#1724,#1725);
#1723 = CARTESIAN_POINT('',(11.9,41.8,1.524));
#1724 = DIRECTION('',(0.,-1.,0.));
#1725 = DIRECTION('',(-1.,0.,0.));
#1726 = ADVANCED_FACE('',(#1727),#1752,.T.);
#1727 = FACE_BOUND('',#1728,.T.);
#1728 = EDGE_LOOP('',(#1729,#1730,#1738,#1746));
#1729 = ORIENTED_EDGE('',*,*,#1708,.T.);
#1730 = ORIENTED_EDGE('',*,*,#1731,.T.);
#1731 = EDGE_CURVE('',#1701,#1732,#1734,.T.);
#1732 = VERTEX_POINT('',#1733);
#1733 = CARTESIAN_POINT('',(10.625,25.4,1.559));
#1734 = LINE('',#1735,#1736);
#1735 = CARTESIAN_POINT('',(10.625,41.8,1.559));
#1736 = VECTOR('',#1737,1.);
#1737 = DIRECTION('',(0.,-1.,0.));
#1738 = ORIENTED_EDGE('',*,*,#1739,.F.);
#1739 = EDGE_CURVE('',#1740,#1732,#1742,.T.);
#1740 = VERTEX_POINT('',#1741);
#1741 = CARTESIAN_POINT('',(10.625,25.4,1.524));
#1742 = LINE('',#1743,#1744);
#1743 = CARTESIAN_POINT('',(10.625,25.4,1.524));
#1744 = VECTOR('',#1745,1.);
#1745 = DIRECTION('',(0.,0.,1.));
#1746 = ORIENTED_EDGE('',*,*,#1747,.F.);
#1747 = EDGE_CURVE('',#1709,#1740,#1748,.T.);
#1748 = LINE('',#1749,#1750);
#1749 = CARTESIAN_POINT('',(10.625,41.8,1.524));
#1750 = VECTOR('',#1751,1.);
#1751 = DIRECTION('',(0.,-1.,0.));
#1752 = PLANE('',#1753);
#1753 = AXIS2_PLACEMENT_3D('',#1754,#1755,#1756);
#1754 = CARTESIAN_POINT('',(10.625,41.8,1.524));
#1755 = DIRECTION('',(1.,0.,-0.));
#1756 = DIRECTION('',(0.,-1.,0.));
#1757 = ADVANCED_FACE('',(#1758),#1783,.T.);
#1758 = FACE_BOUND('',#1759,.T.);
#1759 = EDGE_LOOP('',(#1760,#1761,#1769,#1777));
#1760 = ORIENTED_EDGE('',*,*,#1739,.T.);
#1761 = ORIENTED_EDGE('',*,*,#1762,.T.);
#1762 = EDGE_CURVE('',#1732,#1763,#1765,.T.);
#1763 = VERTEX_POINT('',#1764);
#1764 = CARTESIAN_POINT('',(11.9,25.4,1.559));
#1765 = LINE('',#1766,#1767);
#1766 = CARTESIAN_POINT('',(10.625,25.4,1.559));
#1767 = VECTOR('',#1768,1.);
#1768 = DIRECTION('',(1.,0.,0.));
#1769 = ORIENTED_EDGE('',*,*,#1770,.F.);
#1770 = EDGE_CURVE('',#1771,#1763,#1773,.T.);
#1771 = VERTEX_POINT('',#1772);
#1772 = CARTESIAN_POINT('',(11.9,25.4,1.524));
#1773 = LINE('',#1774,#1775);
#1774 = CARTESIAN_POINT('',(11.9,25.4,1.524));
#1775 = VECTOR('',#1776,1.);
#1776 = DIRECTION('',(0.,0.,1.));
#1777 = ORIENTED_EDGE('',*,*,#1778,.F.);
#1778 = EDGE_CURVE('',#1740,#1771,#1779,.T.);
#1779 = LINE('',#1780,#1781);
#1780 = CARTESIAN_POINT('',(10.625,25.4,1.524));
#1781 = VECTOR('',#1782,1.);
#1782 = DIRECTION('',(1.,0.,0.));
#1783 = PLANE('',#1784);
#1784 = AXIS2_PLACEMENT_3D('',#1785,#1786,#1787);
#1785 = CARTESIAN_POINT('',(10.625,25.4,1.524));
#1786 = DIRECTION('',(0.,1.,0.));
#1787 = DIRECTION('',(1.,0.,0.));
#1788 = ADVANCED_FACE('',(#1789),#1814,.T.);
#1789 = FACE_BOUND('',#1790,.T.);
#1790 = EDGE_LOOP('',(#1791,#1792,#1800,#1808));
#1791 = ORIENTED_EDGE('',*,*,#1770,.T.);
#1792 = ORIENTED_EDGE('',*,*,#1793,.T.);
#1793 = EDGE_CURVE('',#1763,#1794,#1796,.T.);
#1794 = VERTEX_POINT('',#1795);
#1795 = CARTESIAN_POINT('',(11.9,18.2,1.559));
#1796 = LINE('',#1797,#1798);
#1797 = CARTESIAN_POINT('',(11.9,25.4,1.559));
#1798 = VECTOR('',#1799,1.);
#1799 = DIRECTION('',(0.,-1.,0.));
#1800 = ORIENTED_EDGE('',*,*,#1801,.F.);
#1801 = EDGE_CURVE('',#1802,#1794,#1804,.T.);
#1802 = VERTEX_POINT('',#1803);
#1803 = CARTESIAN_POINT('',(11.9,18.2,1.524));
#1804 = LINE('',#1805,#1806);
#1805 = CARTESIAN_POINT('',(11.9,18.2,1.524));
#1806 = VECTOR('',#1807,1.);
#1807 = DIRECTION('',(0.,0.,1.));
#1808 = ORIENTED_EDGE('',*,*,#1809,.F.);
#1809 = EDGE_CURVE('',#1771,#1802,#1810,.T.);
#1810 = LINE('',#1811,#1812);
#1811 = CARTESIAN_POINT('',(11.9,25.4,1.524));
#1812 = VECTOR('',#1813,1.);
#1813 = DIRECTION('',(0.,-1.,0.));
#1814 = PLANE('',#1815);
#1815 = AXIS2_PLACEMENT_3D('',#1816,#1817,#1818);
#1816 = CARTESIAN_POINT('',(11.9,25.4,1.524));
#1817 = DIRECTION('',(1.,0.,-0.));
#1818 = DIRECTION('',(0.,-1.,0.));
#1819 = ADVANCED_FACE('',(#1820),#1845,.T.);
#1820 = FACE_BOUND('',#1821,.T.);
#1821 = EDGE_LOOP('',(#1822,#1823,#1831,#1839));
#1822 = ORIENTED_EDGE('',*,*,#1801,.T.);
#1823 = ORIENTED_EDGE('',*,*,#1824,.T.);
#1824 = EDGE_CURVE('',#1794,#1825,#1827,.T.);
#1825 = VERTEX_POINT('',#1826);
#1826 = CARTESIAN_POINT('',(26.175,18.2,1.559));
#1827 = LINE('',#1828,#1829);
#1828 = CARTESIAN_POINT('',(11.9,18.2,1.559));
#1829 = VECTOR('',#1830,1.);
#1830 = DIRECTION('',(1.,0.,0.));
#1831 = ORIENTED_EDGE('',*,*,#1832,.F.);
#1832 = EDGE_CURVE('',#1833,#1825,#1835,.T.);
#1833 = VERTEX_POINT('',#1834);
#1834 = CARTESIAN_POINT('',(26.175,18.2,1.524));
#1835 = LINE('',#1836,#1837);
#1836 = CARTESIAN_POINT('',(26.175,18.2,1.524));
#1837 = VECTOR('',#1838,1.);
#1838 = DIRECTION('',(0.,0.,1.));
#1839 = ORIENTED_EDGE('',*,*,#1840,.F.);
#1840 = EDGE_CURVE('',#1802,#1833,#1841,.T.);
#1841 = LINE('',#1842,#1843);
#1842 = CARTESIAN_POINT('',(11.9,18.2,1.524));
#1843 = VECTOR('',#1844,1.);
#1844 = DIRECTION('',(1.,0.,0.));
#1845 = PLANE('',#1846);
#1846 = AXIS2_PLACEMENT_3D('',#1847,#1848,#1849);
#1847 = CARTESIAN_POINT('',(11.9,18.2,1.524));
#1848 = DIRECTION('',(0.,1.,0.));
#1849 = DIRECTION('',(1.,0.,0.));
#1850 = ADVANCED_FACE('',(#1851),#1876,.T.);
#1851 = FACE_BOUND('',#1852,.T.);
#1852 = EDGE_LOOP('',(#1853,#1854,#1862,#1870));
#1853 = ORIENTED_EDGE('',*,*,#1832,.T.);
#1854 = ORIENTED_EDGE('',*,*,#1855,.T.);
#1855 = EDGE_CURVE('',#1825,#1856,#1858,.T.);
#1856 = VERTEX_POINT('',#1857);
#1857 = CARTESIAN_POINT('',(26.175,19.2,1.559));
#1858 = LINE('',#1859,#1860);
#1859 = CARTESIAN_POINT('',(26.175,18.2,1.559));
#1860 = VECTOR('',#1861,1.);
#1861 = DIRECTION('',(0.,1.,0.));
#1862 = ORIENTED_EDGE('',*,*,#1863,.F.);
#1863 = EDGE_CURVE('',#1864,#1856,#1866,.T.);
#1864 = VERTEX_POINT('',#1865);
#1865 = CARTESIAN_POINT('',(26.175,19.2,1.524));
#1866 = LINE('',#1867,#1868);
#1867 = CARTESIAN_POINT('',(26.175,19.2,1.524));
#1868 = VECTOR('',#1869,1.);
#1869 = DIRECTION('',(0.,0.,1.));
#1870 = ORIENTED_EDGE('',*,*,#1871,.F.);
#1871 = EDGE_CURVE('',#1833,#1864,#1872,.T.);
#1872 = LINE('',#1873,#1874);
#1873 = CARTESIAN_POINT('',(26.175,18.2,1.524));
#1874 = VECTOR('',#1875,1.);
#1875 = DIRECTION('',(0.,1.,0.));
#1876 = PLANE('',#1877);
#1877 = AXIS2_PLACEMENT_3D('',#1878,#1879,#1880);
#1878 = CARTESIAN_POINT('',(26.175,18.2,1.524));
#1879 = DIRECTION('',(-1.,0.,0.));
#1880 = DIRECTION('',(0.,1.,0.));
#1881 = ADVANCED_FACE('',(#1882),#1907,.T.);
#1882 = FACE_BOUND('',#1883,.T.);
#1883 = EDGE_LOOP('',(#1884,#1885,#1893,#1901));
#1884 = ORIENTED_EDGE('',*,*,#1863,.T.);
#1885 = ORIENTED_EDGE('',*,*,#1886,.T.);
#1886 = EDGE_CURVE('',#1856,#1887,#1889,.T.);
#1887 = VERTEX_POINT('',#1888);
#1888 = CARTESIAN_POINT('',(23.175,19.2,1.559));
#1889 = LINE('',#1890,#1891);
#1890 = CARTESIAN_POINT('',(26.175,19.2,1.559));
#1891 = VECTOR('',#1892,1.);
#1892 = DIRECTION('',(-1.,0.,0.));
#1893 = ORIENTED_EDGE('',*,*,#1894,.F.);
#1894 = EDGE_CURVE('',#1895,#1887,#1897,.T.);
#1895 = VERTEX_POINT('',#1896);
#1896 = CARTESIAN_POINT('',(23.175,19.2,1.524));
#1897 = LINE('',#1898,#1899);
#1898 = CARTESIAN_POINT('',(23.175,19.2,1.524));
#1899 = VECTOR('',#1900,1.);
#1900 = DIRECTION('',(0.,0.,1.));
#1901 = ORIENTED_EDGE('',*,*,#1902,.F.);
#1902 = EDGE_CURVE('',#1864,#1895,#1903,.T.);
#1903 = LINE('',#1904,#1905);
#1904 = CARTESIAN_POINT('',(26.175,19.2,1.524));
#1905 = VECTOR('',#1906,1.);
#1906 = DIRECTION('',(-1.,0.,0.));
#1907 = PLANE('',#1908);
#1908 = AXIS2_PLACEMENT_3D('',#1909,#1910,#1911);
#1909 = CARTESIAN_POINT('',(26.175,19.2,1.524));
#1910 = DIRECTION('',(0.,-1.,0.));
#1911 = DIRECTION('',(-1.,0.,0.));
#1912 = ADVANCED_FACE('',(#1913),#1938,.T.);
#1913 = FACE_BOUND('',#1914,.T.);
#1914 = EDGE_LOOP('',(#1915,#1916,#1924,#1932));
#1915 = ORIENTED_EDGE('',*,*,#1894,.T.);
#1916 = ORIENTED_EDGE('',*,*,#1917,.T.);
#1917 = EDGE_CURVE('',#1887,#1918,#1920,.T.);
#1918 = VERTEX_POINT('',#1919);
#1919 = CARTESIAN_POINT('',(23.175,25.7,1.559));
#1920 = LINE('',#1921,#1922);
#1921 = CARTESIAN_POINT('',(23.175,19.2,1.559));
#1922 = VECTOR('',#1923,1.);
#1923 = DIRECTION('',(0.,1.,0.));
#1924 = ORIENTED_EDGE('',*,*,#1925,.F.);
#1925 = EDGE_CURVE('',#1926,#1918,#1928,.T.);
#1926 = VERTEX_POINT('',#1927);
#1927 = CARTESIAN_POINT('',(23.175,25.7,1.524));
#1928 = LINE('',#1929,#1930);
#1929 = CARTESIAN_POINT('',(23.175,25.7,1.524));
#1930 = VECTOR('',#1931,1.);
#1931 = DIRECTION('',(0.,0.,1.));
#1932 = ORIENTED_EDGE('',*,*,#1933,.F.);
#1933 = EDGE_CURVE('',#1895,#1926,#1934,.T.);
#1934 = LINE('',#1935,#1936);
#1935 = CARTESIAN_POINT('',(23.175,19.2,1.524));
#1936 = VECTOR('',#1937,1.);
#1937 = DIRECTION('',(0.,1.,0.));
#1938 = PLANE('',#1939);
#1939 = AXIS2_PLACEMENT_3D('',#1940,#1941,#1942);
#1940 = CARTESIAN_POINT('',(23.175,19.2,1.524));
#1941 = DIRECTION('',(-1.,0.,0.));
#1942 = DIRECTION('',(0.,1.,0.));
#1943 = ADVANCED_FACE('',(#1944),#1969,.T.);
#1944 = FACE_BOUND('',#1945,.T.);
#1945 = EDGE_LOOP('',(#1946,#1947,#1955,#1963));
#1946 = ORIENTED_EDGE('',*,*,#1925,.T.);
#1947 = ORIENTED_EDGE('',*,*,#1948,.T.);
#1948 = EDGE_CURVE('',#1918,#1949,#1951,.T.);
#1949 = VERTEX_POINT('',#1950);
#1950 = CARTESIAN_POINT('',(36.275,25.7,1.559));
#1951 = LINE('',#1952,#1953);
#1952 = CARTESIAN_POINT('',(23.175,25.7,1.559));
#1953 = VECTOR('',#1954,1.);
#1954 = DIRECTION('',(1.,0.,0.));
#1955 = ORIENTED_EDGE('',*,*,#1956,.F.);
#1956 = EDGE_CURVE('',#1957,#1949,#1959,.T.);
#1957 = VERTEX_POINT('',#1958);
#1958 = CARTESIAN_POINT('',(36.275,25.7,1.524));
#1959 = LINE('',#1960,#1961);
#1960 = CARTESIAN_POINT('',(36.275,25.7,1.524));
#1961 = VECTOR('',#1962,1.);
#1962 = DIRECTION('',(0.,0.,1.));
#1963 = ORIENTED_EDGE('',*,*,#1964,.F.);
#1964 = EDGE_CURVE('',#1926,#1957,#1965,.T.);
#1965 = LINE('',#1966,#1967);
#1966 = CARTESIAN_POINT('',(23.175,25.7,1.524));
#1967 = VECTOR('',#1968,1.);
#1968 = DIRECTION('',(1.,0.,0.));
#1969 = PLANE('',#1970);
#1970 = AXIS2_PLACEMENT_3D('',#1971,#1972,#1973);
#1971 = CARTESIAN_POINT('',(23.175,25.7,1.524));
#1972 = DIRECTION('',(0.,1.,0.));
#1973 = DIRECTION('',(1.,0.,0.));
#1974 = ADVANCED_FACE('',(#1975),#2000,.T.);
#1975 = FACE_BOUND('',#1976,.T.);
#1976 = EDGE_LOOP('',(#1977,#1978,#1986,#1994));
#1977 = ORIENTED_EDGE('',*,*,#1956,.T.);
#1978 = ORIENTED_EDGE('',*,*,#1979,.T.);
#1979 = EDGE_CURVE('',#1949,#1980,#1982,.T.);
#1980 = VERTEX_POINT('',#1981);
#1981 = CARTESIAN_POINT('',(36.275,9.7,1.559));
#1982 = LINE('',#1983,#1984);
#1983 = CARTESIAN_POINT('',(36.275,25.7,1.559));
#1984 = VECTOR('',#1985,1.);
#1985 = DIRECTION('',(0.,-1.,0.));
#1986 = ORIENTED_EDGE('',*,*,#1987,.F.);
#1987 = EDGE_CURVE('',#1988,#1980,#1990,.T.);
#1988 = VERTEX_POINT('',#1989);
#1989 = CARTESIAN_POINT('',(36.275,9.7,1.524));
#1990 = LINE('',#1991,#1992);
#1991 = CARTESIAN_POINT('',(36.275,9.7,1.524));
#1992 = VECTOR('',#1993,1.);
#1993 = DIRECTION('',(0.,0.,1.));
#1994 = ORIENTED_EDGE('',*,*,#1995,.F.);
#1995 = EDGE_CURVE('',#1957,#1988,#1996,.T.);
#1996 = LINE('',#1997,#1998);
#1997 = CARTESIAN_POINT('',(36.275,25.7,1.524));
#1998 = VECTOR('',#1999,1.);
#1999 = DIRECTION('',(0.,-1.,0.));
#2000 = PLANE('',#2001);
#2001 = AXIS2_PLACEMENT_3D('',#2002,#2003,#2004);
#2002 = CARTESIAN_POINT('',(36.275,25.7,1.524));
#2003 = DIRECTION('',(1.,0.,-0.));
#2004 = DIRECTION('',(0.,-1.,0.));
#2005 = ADVANCED_FACE('',(#2006),#2031,.T.);
#2006 = FACE_BOUND('',#2007,.T.);
#2007 = EDGE_LOOP('',(#2008,#2009,#2017,#2025));
#2008 = ORIENTED_EDGE('',*,*,#1987,.T.);
#2009 = ORIENTED_EDGE('',*,*,#2010,.T.);
#2010 = EDGE_CURVE('',#1980,#2011,#2013,.T.);
#2011 = VERTEX_POINT('',#2012);
#2012 = CARTESIAN_POINT('',(23.175,9.7,1.559));
#2013 = LINE('',#2014,#2015);
#2014 = CARTESIAN_POINT('',(36.275,9.7,1.559));
#2015 = VECTOR('',#2016,1.);
#2016 = DIRECTION('',(-1.,0.,0.));
#2017 = ORIENTED_EDGE('',*,*,#2018,.F.);
#2018 = EDGE_CURVE('',#2019,#2011,#2021,.T.);
#2019 = VERTEX_POINT('',#2020);
#2020 = CARTESIAN_POINT('',(23.175,9.7,1.524));
#2021 = LINE('',#2022,#2023);
#2022 = CARTESIAN_POINT('',(23.175,9.7,1.524));
#2023 = VECTOR('',#2024,1.);
#2024 = DIRECTION('',(0.,0.,1.));
#2025 = ORIENTED_EDGE('',*,*,#2026,.F.);
#2026 = EDGE_CURVE('',#1988,#2019,#2027,.T.);
#2027 = LINE('',#2028,#2029);
#2028 = CARTESIAN_POINT('',(36.275,9.7,1.524));
#2029 = VECTOR('',#2030,1.);
#2030 = DIRECTION('',(-1.,0.,0.));
#2031 = PLANE('',#2032);
#2032 = AXIS2_PLACEMENT_3D('',#2033,#2034,#2035);
#2033 = CARTESIAN_POINT('',(36.275,9.7,1.524));
#2034 = DIRECTION('',(0.,-1.,0.));
#2035 = DIRECTION('',(-1.,0.,0.));
#2036 = ADVANCED_FACE('',(#2037),#2062,.T.);
#2037 = FACE_BOUND('',#2038,.T.);
#2038 = EDGE_LOOP('',(#2039,#2040,#2048,#2056));
#2039 = ORIENTED_EDGE('',*,*,#2018,.T.);
#2040 = ORIENTED_EDGE('',*,*,#2041,.T.);
#2041 = EDGE_CURVE('',#2011,#2042,#2044,.T.);
#2042 = VERTEX_POINT('',#2043);
#2043 = CARTESIAN_POINT('',(23.175,16.2,1.559));
#2044 = LINE('',#2045,#2046);
#2045 = CARTESIAN_POINT('',(23.175,9.7,1.559));
#2046 = VECTOR('',#2047,1.);
#2047 = DIRECTION('',(0.,1.,0.));
#2048 = ORIENTED_EDGE('',*,*,#2049,.F.);
#2049 = EDGE_CURVE('',#2050,#2042,#2052,.T.);
#2050 = VERTEX_POINT('',#2051);
#2051 = CARTESIAN_POINT('',(23.175,16.2,1.524));
#2052 = LINE('',#2053,#2054);
#2053 = CARTESIAN_POINT('',(23.175,16.2,1.524));
#2054 = VECTOR('',#2055,1.);
#2055 = DIRECTION('',(0.,0.,1.));
#2056 = ORIENTED_EDGE('',*,*,#2057,.F.);
#2057 = EDGE_CURVE('',#2019,#2050,#2058,.T.);
#2058 = LINE('',#2059,#2060);
#2059 = CARTESIAN_POINT('',(23.175,9.7,1.524));
#2060 = VECTOR('',#2061,1.);
#2061 = DIRECTION('',(0.,1.,0.));
#2062 = PLANE('',#2063);
#2063 = AXIS2_PLACEMENT_3D('',#2064,#2065,#2066);
#2064 = CARTESIAN_POINT('',(23.175,9.7,1.524));
#2065 = DIRECTION('',(-1.,0.,0.));
#2066 = DIRECTION('',(0.,1.,0.));
#2067 = ADVANCED_FACE('',(#2068),#2093,.T.);
#2068 = FACE_BOUND('',#2069,.T.);
#2069 = EDGE_LOOP('',(#2070,#2071,#2079,#2087));
#2070 = ORIENTED_EDGE('',*,*,#2049,.T.);
#2071 = ORIENTED_EDGE('',*,*,#2072,.T.);
#2072 = EDGE_CURVE('',#2042,#2073,#2075,.T.);
#2073 = VERTEX_POINT('',#2074);
#2074 = CARTESIAN_POINT('',(26.175,16.2,1.559));
#2075 = LINE('',#2076,#2077);
#2076 = CARTESIAN_POINT('',(23.175,16.2,1.559));
#2077 = VECTOR('',#2078,1.);
#2078 = DIRECTION('',(1.,0.,0.));
#2079 = ORIENTED_EDGE('',*,*,#2080,.F.);
#2080 = EDGE_CURVE('',#2081,#2073,#2083,.T.);
#2081 = VERTEX_POINT('',#2082);
#2082 = CARTESIAN_POINT('',(26.175,16.2,1.524));
#2083 = LINE('',#2084,#2085);
#2084 = CARTESIAN_POINT('',(26.175,16.2,1.524));
#2085 = VECTOR('',#2086,1.);
#2086 = DIRECTION('',(0.,0.,1.));
#2087 = ORIENTED_EDGE('',*,*,#2088,.F.);
#2088 = EDGE_CURVE('',#2050,#2081,#2089,.T.);
#2089 = LINE('',#2090,#2091);
#2090 = CARTESIAN_POINT('',(23.175,16.2,1.524));
#2091 = VECTOR('',#2092,1.);
#2092 = DIRECTION('',(1.,0.,0.));
#2093 = PLANE('',#2094);
#2094 = AXIS2_PLACEMENT_3D('',#2095,#2096,#2097);
#2095 = CARTESIAN_POINT('',(23.175,16.2,1.524));
#2096 = DIRECTION('',(0.,1.,0.));
#2097 = DIRECTION('',(1.,0.,0.));
#2098 = ADVANCED_FACE('',(#2099),#2124,.T.);
#2099 = FACE_BOUND('',#2100,.T.);
#2100 = EDGE_LOOP('',(#2101,#2102,#2110,#2118));
#2101 = ORIENTED_EDGE('',*,*,#2080,.T.);
#2102 = ORIENTED_EDGE('',*,*,#2103,.T.);
#2103 = EDGE_CURVE('',#2073,#2104,#2106,.T.);
#2104 = VERTEX_POINT('',#2105);
#2105 = CARTESIAN_POINT('',(26.175,17.2,1.559));
#2106 = LINE('',#2107,#2108);
#2107 = CARTESIAN_POINT('',(26.175,16.2,1.559));
#2108 = VECTOR('',#2109,1.);
#2109 = DIRECTION('',(0.,1.,0.));
#2110 = ORIENTED_EDGE('',*,*,#2111,.F.);
#2111 = EDGE_CURVE('',#2112,#2104,#2114,.T.);
#2112 = VERTEX_POINT('',#2113);
#2113 = CARTESIAN_POINT('',(26.175,17.2,1.524));
#2114 = LINE('',#2115,#2116);
#2115 = CARTESIAN_POINT('',(26.175,17.2,1.524));
#2116 = VECTOR('',#2117,1.);
#2117 = DIRECTION('',(0.,0.,1.));
#2118 = ORIENTED_EDGE('',*,*,#2119,.F.);
#2119 = EDGE_CURVE('',#2081,#2112,#2120,.T.);
#2120 = LINE('',#2121,#2122);
#2121 = CARTESIAN_POINT('',(26.175,16.2,1.524));
#2122 = VECTOR('',#2123,1.);
#2123 = DIRECTION('',(0.,1.,0.));
#2124 = PLANE('',#2125);
#2125 = AXIS2_PLACEMENT_3D('',#2126,#2127,#2128);
#2126 = CARTESIAN_POINT('',(26.175,16.2,1.524));
#2127 = DIRECTION('',(-1.,0.,0.));
#2128 = DIRECTION('',(0.,1.,0.));
#2129 = ADVANCED_FACE('',(#2130),#2155,.T.);
#2130 = FACE_BOUND('',#2131,.T.);
#2131 = EDGE_LOOP('',(#2132,#2133,#2141,#2149));
#2132 = ORIENTED_EDGE('',*,*,#2111,.T.);
#2133 = ORIENTED_EDGE('',*,*,#2134,.T.);
#2134 = EDGE_CURVE('',#2104,#2135,#2137,.T.);
#2135 = VERTEX_POINT('',#2136);
#2136 = CARTESIAN_POINT('',(12.425,17.2,1.559));
#2137 = LINE('',#2138,#2139);
#2138 = CARTESIAN_POINT('',(26.175,17.2,1.559));
#2139 = VECTOR('',#2140,1.);
#2140 = DIRECTION('',(-1.,0.,0.));
#2141 = ORIENTED_EDGE('',*,*,#2142,.F.);
#2142 = EDGE_CURVE('',#2143,#2135,#2145,.T.);
#2143 = VERTEX_POINT('',#2144);
#2144 = CARTESIAN_POINT('',(12.425,17.2,1.524));
#2145 = LINE('',#2146,#2147);
#2146 = CARTESIAN_POINT('',(12.425,17.2,1.524));
#2147 = VECTOR('',#2148,1.);
#2148 = DIRECTION('',(0.,0.,1.));
#2149 = ORIENTED_EDGE('',*,*,#2150,.F.);
#2150 = EDGE_CURVE('',#2112,#2143,#2151,.T.);
#2151 = LINE('',#2152,#2153);
#2152 = CARTESIAN_POINT('',(26.175,17.2,1.524));
#2153 = VECTOR('',#2154,1.);
#2154 = DIRECTION('',(-1.,0.,0.));
#2155 = PLANE('',#2156);
#2156 = AXIS2_PLACEMENT_3D('',#2157,#2158,#2159);
#2157 = CARTESIAN_POINT('',(26.175,17.2,1.524));
#2158 = DIRECTION('',(0.,-1.,0.));
#2159 = DIRECTION('',(-1.,0.,0.));
#2160 = ADVANCED_FACE('',(#2161),#2186,.T.);
#2161 = FACE_BOUND('',#2162,.T.);
#2162 = EDGE_LOOP('',(#2163,#2164,#2172,#2180));
#2163 = ORIENTED_EDGE('',*,*,#2142,.T.);
#2164 = ORIENTED_EDGE('',*,*,#2165,.T.);
#2165 = EDGE_CURVE('',#2135,#2166,#2168,.T.);
#2166 = VERTEX_POINT('',#2167);
#2167 = CARTESIAN_POINT('',(12.425,10.,1.559));
#2168 = LINE('',#2169,#2170);
#2169 = CARTESIAN_POINT('',(12.425,17.2,1.559));
#2170 = VECTOR('',#2171,1.);
#2171 = DIRECTION('',(0.,-1.,0.));
#2172 = ORIENTED_EDGE('',*,*,#2173,.F.);
#2173 = EDGE_CURVE('',#2174,#2166,#2176,.T.);
#2174 = VERTEX_POINT('',#2175);
#2175 = CARTESIAN_POINT('',(12.425,10.,1.524));
#2176 = LINE('',#2177,#2178);
#2177 = CARTESIAN_POINT('',(12.425,10.,1.524));
#2178 = VECTOR('',#2179,1.);
#2179 = DIRECTION('',(0.,0.,1.));
#2180 = ORIENTED_EDGE('',*,*,#2181,.F.);
#2181 = EDGE_CURVE('',#2143,#2174,#2182,.T.);
#2182 = LINE('',#2183,#2184);
#2183 = CARTESIAN_POINT('',(12.425,17.2,1.524));
#2184 = VECTOR('',#2185,1.);
#2185 = DIRECTION('',(0.,-1.,0.));
#2186 = PLANE('',#2187);
#2187 = AXIS2_PLACEMENT_3D('',#2188,#2189,#2190);
#2188 = CARTESIAN_POINT('',(12.425,17.2,1.524));
#2189 = DIRECTION('',(1.,0.,-0.));
#2190 = DIRECTION('',(0.,-1.,0.));
#2191 = ADVANCED_FACE('',(#2192),#2217,.T.);
#2192 = FACE_BOUND('',#2193,.T.);
#2193 = EDGE_LOOP('',(#2194,#2195,#2203,#2211));
#2194 = ORIENTED_EDGE('',*,*,#2173,.T.);
#2195 = ORIENTED_EDGE('',*,*,#2196,.T.);
#2196 = EDGE_CURVE('',#2166,#2197,#2199,.T.);
#2197 = VERTEX_POINT('',#2198);
#2198 = CARTESIAN_POINT('',(10.625,10.,1.559));
#2199 = LINE('',#2200,#2201);
#2200 = CARTESIAN_POINT('',(12.425,10.,1.559));
#2201 = VECTOR('',#2202,1.);
#2202 = DIRECTION('',(-1.,0.,0.));
#2203 = ORIENTED_EDGE('',*,*,#2204,.F.);
#2204 = EDGE_CURVE('',#2205,#2197,#2207,.T.);
#2205 = VERTEX_POINT('',#2206);
#2206 = CARTESIAN_POINT('',(10.625,10.,1.524));
#2207 = LINE('',#2208,#2209);
#2208 = CARTESIAN_POINT('',(10.625,10.,1.524));
#2209 = VECTOR('',#2210,1.);
#2210 = DIRECTION('',(0.,0.,1.));
#2211 = ORIENTED_EDGE('',*,*,#2212,.F.);
#2212 = EDGE_CURVE('',#2174,#2205,#2213,.T.);
#2213 = LINE('',#2214,#2215);
#2214 = CARTESIAN_POINT('',(12.425,10.,1.524));
#2215 = VECTOR('',#2216,1.);
#2216 = DIRECTION('',(-1.,0.,0.));
#2217 = PLANE('',#2218);
#2218 = AXIS2_PLACEMENT_3D('',#2219,#2220,#2221);
#2219 = CARTESIAN_POINT('',(12.425,10.,1.524));
#2220 = DIRECTION('',(0.,-1.,0.));
#2221 = DIRECTION('',(-1.,0.,0.));
#2222 = ADVANCED_FACE('',(#2223),#2248,.T.);
#2223 = FACE_BOUND('',#2224,.T.);
#2224 = EDGE_LOOP('',(#2225,#2226,#2234,#2242));
#2225 = ORIENTED_EDGE('',*,*,#2204,.T.);
#2226 = ORIENTED_EDGE('',*,*,#2227,.T.);
#2227 = EDGE_CURVE('',#2197,#2228,#2230,.T.);
#2228 = VERTEX_POINT('',#2229);
#2229 = CARTESIAN_POINT('',(10.625,0.,1.559));
#2230 = LINE('',#2231,#2232);
#2231 = CARTESIAN_POINT('',(10.625,10.,1.559));
#2232 = VECTOR('',#2233,1.);
#2233 = DIRECTION('',(0.,-1.,0.));
#2234 = ORIENTED_EDGE('',*,*,#2235,.F.);
#2235 = EDGE_CURVE('',#2236,#2228,#2238,.T.);
#2236 = VERTEX_POINT('',#2237);
#2237 = CARTESIAN_POINT('',(10.625,-0.,1.524));
#2238 = LINE('',#2239,#2240);
#2239 = CARTESIAN_POINT('',(10.625,-0.,1.524));
#2240 = VECTOR('',#2241,1.);
#2241 = DIRECTION('',(0.,0.,1.));
#2242 = ORIENTED_EDGE('',*,*,#2243,.F.);
#2243 = EDGE_CURVE('',#2205,#2236,#2244,.T.);
#2244 = LINE('',#2245,#2246);
#2245 = CARTESIAN_POINT('',(10.625,10.,1.524));
#2246 = VECTOR('',#2247,1.);
#2247 = DIRECTION('',(0.,-1.,0.));
#2248 = PLANE('',#2249);
#2249 = AXIS2_PLACEMENT_3D('',#2250,#2251,#2252);
#2250 = CARTESIAN_POINT('',(10.625,10.,1.524));
#2251 = DIRECTION('',(1.,0.,-0.));
#2252 = DIRECTION('',(0.,-1.,0.));
#2253 = ADVANCED_FACE('',(#2254),#2279,.T.);
#2254 = FACE_BOUND('',#2255,.T.);
#2255 = EDGE_LOOP('',(#2256,#2257,#2265,#2273));
#2256 = ORIENTED_EDGE('',*,*,#2235,.T.);
#2257 = ORIENTED_EDGE('',*,*,#2258,.T.);
#2258 = EDGE_CURVE('',#2228,#2259,#2261,.T.);
#2259 = VERTEX_POINT('',#2260);
#2260 = CARTESIAN_POINT('',(6.775,0.,1.559));
#2261 = LINE('',#2262,#2263);
#2262 = CARTESIAN_POINT('',(10.625,0.,1.559));
#2263 = VECTOR('',#2264,1.);
#2264 = DIRECTION('',(-1.,0.,0.));
#2265 = ORIENTED_EDGE('',*,*,#2266,.F.);
#2266 = EDGE_CURVE('',#2267,#2259,#2269,.T.);
#2267 = VERTEX_POINT('',#2268);
#2268 = CARTESIAN_POINT('',(6.775,-0.,1.524));
#2269 = LINE('',#2270,#2271);
#2270 = CARTESIAN_POINT('',(6.775,-0.,1.524));
#2271 = VECTOR('',#2272,1.);
#2272 = DIRECTION('',(0.,0.,1.));
#2273 = ORIENTED_EDGE('',*,*,#2274,.F.);
#2274 = EDGE_CURVE('',#2236,#2267,#2275,.T.);
#2275 = LINE('',#2276,#2277);
#2276 = CARTESIAN_POINT('',(10.625,-0.,1.524));
#2277 = VECTOR('',#2278,1.);
#2278 = DIRECTION('',(-1.,0.,0.));
#2279 = PLANE('',#2280);
#2280 = AXIS2_PLACEMENT_3D('',#2281,#2282,#2283);
#2281 = CARTESIAN_POINT('',(10.625,0.,1.524));
#2282 = DIRECTION('',(0.,-1.,0.));
#2283 = DIRECTION('',(-1.,0.,0.));
#2284 = ADVANCED_FACE('',(#2285),#2310,.T.);
#2285 = FACE_BOUND('',#2286,.T.);
#2286 = EDGE_LOOP('',(#2287,#2288,#2296,#2304));
#2287 = ORIENTED_EDGE('',*,*,#2266,.T.);
#2288 = ORIENTED_EDGE('',*,*,#2289,.T.);
#2289 = EDGE_CURVE('',#2259,#2290,#2292,.T.);
#2290 = VERTEX_POINT('',#2291);
#2291 = CARTESIAN_POINT('',(6.775,10.,1.559));
#2292 = LINE('',#2293,#2294);
#2293 = CARTESIAN_POINT('',(6.775,0.,1.559));
#2294 = VECTOR('',#2295,1.);
#2295 = DIRECTION('',(0.,1.,0.));
#2296 = ORIENTED_EDGE('',*,*,#2297,.F.);
#2297 = EDGE_CURVE('',#2298,#2290,#2300,.T.);
#2298 = VERTEX_POINT('',#2299);
#2299 = CARTESIAN_POINT('',(6.775,10.,1.524));
#2300 = LINE('',#2301,#2302);
#2301 = CARTESIAN_POINT('',(6.775,10.,1.524));
#2302 = VECTOR('',#2303,1.);
#2303 = DIRECTION('',(0.,0.,1.));
#2304 = ORIENTED_EDGE('',*,*,#2305,.F.);
#2305 = EDGE_CURVE('',#2267,#2298,#2306,.T.);
#2306 = LINE('',#2307,#2308);
#2307 = CARTESIAN_POINT('',(6.775,-0.,1.524));
#2308 = VECTOR('',#2309,1.);
#2309 = DIRECTION('',(0.,1.,0.));
#2310 = PLANE('',#2311);
#2311 = AXIS2_PLACEMENT_3D('',#2312,#2313,#2314);
#2312 = CARTESIAN_POINT('',(6.775,0.,1.524));
#2313 = DIRECTION('',(-1.,0.,0.));
#2314 = DIRECTION('',(0.,1.,0.));
#2315 = ADVANCED_FACE('',(#2316),#2341,.T.);
#2316 = FACE_BOUND('',#2317,.T.);
#2317 = EDGE_LOOP('',(#2318,#2319,#2327,#2335));
#2318 = ORIENTED_EDGE('',*,*,#2297,.T.);
#2319 = ORIENTED_EDGE('',*,*,#2320,.T.);
#2320 = EDGE_CURVE('',#2290,#2321,#2323,.T.);
#2321 = VERTEX_POINT('',#2322);
#2322 = CARTESIAN_POINT('',(4.975,10.,1.559));
#2323 = LINE('',#2324,#2325);
#2324 = CARTESIAN_POINT('',(6.775,10.,1.559));
#2325 = VECTOR('',#2326,1.);
#2326 = DIRECTION('',(-1.,0.,0.));
#2327 = ORIENTED_EDGE('',*,*,#2328,.F.);
#2328 = EDGE_CURVE('',#2329,#2321,#2331,.T.);
#2329 = VERTEX_POINT('',#2330);
#2330 = CARTESIAN_POINT('',(4.975,10.,1.524));
#2331 = LINE('',#2332,#2333);
#2332 = CARTESIAN_POINT('',(4.975,10.,1.524));
#2333 = VECTOR('',#2334,1.);
#2334 = DIRECTION('',(0.,0.,1.));
#2335 = ORIENTED_EDGE('',*,*,#2336,.F.);
#2336 = EDGE_CURVE('',#2298,#2329,#2337,.T.);
#2337 = LINE('',#2338,#2339);
#2338 = CARTESIAN_POINT('',(6.775,10.,1.524));
#2339 = VECTOR('',#2340,1.);
#2340 = DIRECTION('',(-1.,0.,0.));
#2341 = PLANE('',#2342);
#2342 = AXIS2_PLACEMENT_3D('',#2343,#2344,#2345);
#2343 = CARTESIAN_POINT('',(6.775,10.,1.524));
#2344 = DIRECTION('',(0.,-1.,0.));
#2345 = DIRECTION('',(-1.,0.,0.));
#2346 = ADVANCED_FACE('',(#2347),#2372,.T.);
#2347 = FACE_BOUND('',#2348,.T.);
#2348 = EDGE_LOOP('',(#2349,#2350,#2358,#2366));
#2349 = ORIENTED_EDGE('',*,*,#2328,.T.);
#2350 = ORIENTED_EDGE('',*,*,#2351,.T.);
#2351 = EDGE_CURVE('',#2321,#2352,#2354,.T.);
#2352 = VERTEX_POINT('',#2353);
#2353 = CARTESIAN_POINT('',(4.975,17.7,1.559));
#2354 = LINE('',#2355,#2356);
#2355 = CARTESIAN_POINT('',(4.975,10.,1.559));
#2356 = VECTOR('',#2357,1.);
#2357 = DIRECTION('',(0.,1.,0.));
#2358 = ORIENTED_EDGE('',*,*,#2359,.F.);
#2359 = EDGE_CURVE('',#2360,#2352,#2362,.T.);
#2360 = VERTEX_POINT('',#2361);
#2361 = CARTESIAN_POINT('',(4.975,17.7,1.524));
#2362 = LINE('',#2363,#2364);
#2363 = CARTESIAN_POINT('',(4.975,17.7,1.524));
#2364 = VECTOR('',#2365,1.);
#2365 = DIRECTION('',(0.,0.,1.));
#2366 = ORIENTED_EDGE('',*,*,#2367,.F.);
#2367 = EDGE_CURVE('',#2329,#2360,#2368,.T.);
#2368 = LINE('',#2369,#2370);
#2369 = CARTESIAN_POINT('',(4.975,10.,1.524));
#2370 = VECTOR('',#2371,1.);
#2371 = DIRECTION('',(0.,1.,0.));
#2372 = PLANE('',#2373);
#2373 = AXIS2_PLACEMENT_3D('',#2374,#2375,#2376);
#2374 = CARTESIAN_POINT('',(4.975,10.,1.524));
#2375 = DIRECTION('',(-1.,0.,0.));
#2376 = DIRECTION('',(0.,1.,0.));
#2377 = ADVANCED_FACE('',(#2378),#2403,.T.);
#2378 = FACE_BOUND('',#2379,.T.);
#2379 = EDGE_LOOP('',(#2380,#2381,#2389,#2397));
#2380 = ORIENTED_EDGE('',*,*,#2359,.T.);
#2381 = ORIENTED_EDGE('',*,*,#2382,.T.);
#2382 = EDGE_CURVE('',#2352,#2383,#2385,.T.);
#2383 = VERTEX_POINT('',#2384);
#2384 = CARTESIAN_POINT('',(5.5,17.7,1.559));
#2385 = LINE('',#2386,#2387);
#2386 = CARTESIAN_POINT('',(4.975,17.7,1.559));
#2387 = VECTOR('',#2388,1.);
#2388 = DIRECTION('',(1.,0.,0.));
#2389 = ORIENTED_EDGE('',*,*,#2390,.F.);
#2390 = EDGE_CURVE('',#2391,#2383,#2393,.T.);
#2391 = VERTEX_POINT('',#2392);
#2392 = CARTESIAN_POINT('',(5.5,17.7,1.524));
#2393 = LINE('',#2394,#2395);
#2394 = CARTESIAN_POINT('',(5.5,17.7,1.524));
#2395 = VECTOR('',#2396,1.);
#2396 = DIRECTION('',(0.,0.,1.));
#2397 = ORIENTED_EDGE('',*,*,#2398,.F.);
#2398 = EDGE_CURVE('',#2360,#2391,#2399,.T.);
#2399 = LINE('',#2400,#2401);
#2400 = CARTESIAN_POINT('',(4.975,17.7,1.524));
#2401 = VECTOR('',#2402,1.);
#2402 = DIRECTION('',(1.,0.,0.));
#2403 = PLANE('',#2404);
#2404 = AXIS2_PLACEMENT_3D('',#2405,#2406,#2407);
#2405 = CARTESIAN_POINT('',(4.975,17.7,1.524));
#2406 = DIRECTION('',(0.,1.,0.));
#2407 = DIRECTION('',(1.,0.,0.));
#2408 = ADVANCED_FACE('',(#2409),#2434,.T.);
#2409 = FACE_BOUND('',#2410,.T.);
#2410 = EDGE_LOOP('',(#2411,#2412,#2420,#2428));
#2411 = ORIENTED_EDGE('',*,*,#2390,.T.);
#2412 = ORIENTED_EDGE('',*,*,#2413,.T.);
#2413 = EDGE_CURVE('',#2383,#2414,#2416,.T.);
#2414 = VERTEX_POINT('',#2415);
#2415 = CARTESIAN_POINT('',(5.5,25.4,1.559));
#2416 = LINE('',#2417,#2418);
#2417 = CARTESIAN_POINT('',(5.5,17.7,1.559));
#2418 = VECTOR('',#2419,1.);
#2419 = DIRECTION('',(0.,1.,0.));
#2420 = ORIENTED_EDGE('',*,*,#2421,.F.);
#2421 = EDGE_CURVE('',#2422,#2414,#2424,.T.);
#2422 = VERTEX_POINT('',#2423);
#2423 = CARTESIAN_POINT('',(5.5,25.4,1.524));
#2424 = LINE('',#2425,#2426);
#2425 = CARTESIAN_POINT('',(5.5,25.4,1.524));
#2426 = VECTOR('',#2427,1.);
#2427 = DIRECTION('',(0.,0.,1.));
#2428 = ORIENTED_EDGE('',*,*,#2429,.F.);
#2429 = EDGE_CURVE('',#2391,#2422,#2430,.T.);
#2430 = LINE('',#2431,#2432);
#2431 = CARTESIAN_POINT('',(5.5,17.7,1.524));
#2432 = VECTOR('',#2433,1.);
#2433 = DIRECTION('',(0.,1.,0.));
#2434 = PLANE('',#2435);
#2435 = AXIS2_PLACEMENT_3D('',#2436,#2437,#2438);
#2436 = CARTESIAN_POINT('',(5.5,17.7,1.524));
#2437 = DIRECTION('',(-1.,0.,0.));
#2438 = DIRECTION('',(0.,1.,0.));
#2439 = ADVANCED_FACE('',(#2440),#2465,.T.);
#2440 = FACE_BOUND('',#2441,.T.);
#2441 = EDGE_LOOP('',(#2442,#2443,#2451,#2459));
#2442 = ORIENTED_EDGE('',*,*,#2421,.T.);
#2443 = ORIENTED_EDGE('',*,*,#2444,.T.);
#2444 = EDGE_CURVE('',#2414,#2445,#2447,.T.);
#2445 = VERTEX_POINT('',#2446);
#2446 = CARTESIAN_POINT('',(6.775,25.4,1.559));
#2447 = LINE('',#2448,#2449);
#2448 = CARTESIAN_POINT('',(5.5,25.4,1.559));
#2449 = VECTOR('',#2450,1.);
#2450 = DIRECTION('',(1.,0.,0.));
#2451 = ORIENTED_EDGE('',*,*,#2452,.F.);
#2452 = EDGE_CURVE('',#2453,#2445,#2455,.T.);
#2453 = VERTEX_POINT('',#2454);
#2454 = CARTESIAN_POINT('',(6.775,25.4,1.524));
#2455 = LINE('',#2456,#2457);
#2456 = CARTESIAN_POINT('',(6.775,25.4,1.524));
#2457 = VECTOR('',#2458,1.);
#2458 = DIRECTION('',(0.,0.,1.));
#2459 = ORIENTED_EDGE('',*,*,#2460,.F.);
#2460 = EDGE_CURVE('',#2422,#2453,#2461,.T.);
#2461 = LINE('',#2462,#2463);
#2462 = CARTESIAN_POINT('',(5.5,25.4,1.524));
#2463 = VECTOR('',#2464,1.);
#2464 = DIRECTION('',(1.,0.,0.));
#2465 = PLANE('',#2466);
#2466 = AXIS2_PLACEMENT_3D('',#2467,#2468,#2469);
#2467 = CARTESIAN_POINT('',(5.5,25.4,1.524));
#2468 = DIRECTION('',(0.,1.,0.));
#2469 = DIRECTION('',(1.,0.,0.));
#2470 = ADVANCED_FACE('',(#2471),#2496,.T.);
#2471 = FACE_BOUND('',#2472,.T.);
#2472 = EDGE_LOOP('',(#2473,#2474,#2482,#2490));
#2473 = ORIENTED_EDGE('',*,*,#2452,.T.);
#2474 = ORIENTED_EDGE('',*,*,#2475,.T.);
#2475 = EDGE_CURVE('',#2445,#2476,#2478,.T.);
#2476 = VERTEX_POINT('',#2477);
#2477 = CARTESIAN_POINT('',(6.775,41.8,1.559));
#2478 = LINE('',#2479,#2480);
#2479 = CARTESIAN_POINT('',(6.775,25.4,1.559));
#2480 = VECTOR('',#2481,1.);
#2481 = DIRECTION('',(0.,1.,0.));
#2482 = ORIENTED_EDGE('',*,*,#2483,.F.);
#2483 = EDGE_CURVE('',#2484,#2476,#2486,.T.);
#2484 = VERTEX_POINT('',#2485);
#2485 = CARTESIAN_POINT('',(6.775,41.8,1.524));
#2486 = LINE('',#2487,#2488);
#2487 = CARTESIAN_POINT('',(6.775,41.8,1.524));
#2488 = VECTOR('',#2489,1.);
#2489 = DIRECTION('',(0.,0.,1.));
#2490 = ORIENTED_EDGE('',*,*,#2491,.F.);
#2491 = EDGE_CURVE('',#2453,#2484,#2492,.T.);
#2492 = LINE('',#2493,#2494);
#2493 = CARTESIAN_POINT('',(6.775,25.4,1.524));
#2494 = VECTOR('',#2495,1.);
#2495 = DIRECTION('',(0.,1.,0.));
#2496 = PLANE('',#2497);
#2497 = AXIS2_PLACEMENT_3D('',#2498,#2499,#2500);
#2498 = CARTESIAN_POINT('',(6.775,25.4,1.524));
#2499 = DIRECTION('',(-1.,0.,0.));
#2500 = DIRECTION('',(0.,1.,0.));
#2501 = ADVANCED_FACE('',(#2502),#2527,.T.);
#2502 = FACE_BOUND('',#2503,.T.);
#2503 = EDGE_LOOP('',(#2504,#2505,#2513,#2521));
#2504 = ORIENTED_EDGE('',*,*,#2483,.T.);
#2505 = ORIENTED_EDGE('',*,*,#2506,.T.);
#2506 = EDGE_CURVE('',#2476,#2507,#2509,.T.);
#2507 = VERTEX_POINT('',#2508);
#2508 = CARTESIAN_POINT('',(5.5,41.8,1.559));
#2509 = LINE('',#2510,#2511);
#2510 = CARTESIAN_POINT('',(6.775,41.8,1.559));
#2511 = VECTOR('',#2512,1.);
#2512 = DIRECTION('',(-1.,0.,0.));
#2513 = ORIENTED_EDGE('',*,*,#2514,.F.);
#2514 = EDGE_CURVE('',#2515,#2507,#2517,.T.);
#2515 = VERTEX_POINT('',#2516);
#2516 = CARTESIAN_POINT('',(5.5,41.8,1.524));
#2517 = LINE('',#2518,#2519);
#2518 = CARTESIAN_POINT('',(5.5,41.8,1.524));
#2519 = VECTOR('',#2520,1.);
#2520 = DIRECTION('',(0.,0.,1.));
#2521 = ORIENTED_EDGE('',*,*,#2522,.F.);
#2522 = EDGE_CURVE('',#2484,#2515,#2523,.T.);
#2523 = LINE('',#2524,#2525);
#2524 = CARTESIAN_POINT('',(6.775,41.8,1.524));
#2525 = VECTOR('',#2526,1.);
#2526 = DIRECTION('',(-1.,0.,0.));
#2527 = PLANE('',#2528);
#2528 = AXIS2_PLACEMENT_3D('',#2529,#2530,#2531);
#2529 = CARTESIAN_POINT('',(6.775,41.8,1.524));
#2530 = DIRECTION('',(0.,-1.,0.));
#2531 = DIRECTION('',(-1.,0.,0.));
#2532 = ADVANCED_FACE('',(#2533),#2558,.T.);
#2533 = FACE_BOUND('',#2534,.T.);
#2534 = EDGE_LOOP('',(#2535,#2536,#2544,#2552));
#2535 = ORIENTED_EDGE('',*,*,#2514,.T.);
#2536 = ORIENTED_EDGE('',*,*,#2537,.T.);
#2537 = EDGE_CURVE('',#2507,#2538,#2540,.T.);
#2538 = VERTEX_POINT('',#2539);
#2539 = CARTESIAN_POINT('',(5.5,49.5,1.559));
#2540 = LINE('',#2541,#2542);
#2541 = CARTESIAN_POINT('',(5.5,41.8,1.559));
#2542 = VECTOR('',#2543,1.);
#2543 = DIRECTION('',(0.,1.,0.));
#2544 = ORIENTED_EDGE('',*,*,#2545,.F.);
#2545 = EDGE_CURVE('',#2546,#2538,#2548,.T.);
#2546 = VERTEX_POINT('',#2547);
#2547 = CARTESIAN_POINT('',(5.5,49.5,1.524));
#2548 = LINE('',#2549,#2550);
#2549 = CARTESIAN_POINT('',(5.5,49.5,1.524));
#2550 = VECTOR('',#2551,1.);
#2551 = DIRECTION('',(0.,0.,1.));
#2552 = ORIENTED_EDGE('',*,*,#2553,.F.);
#2553 = EDGE_CURVE('',#2515,#2546,#2554,.T.);
#2554 = LINE('',#2555,#2556);
#2555 = CARTESIAN_POINT('',(5.5,41.8,1.524));
#2556 = VECTOR('',#2557,1.);
#2557 = DIRECTION('',(0.,1.,0.));
#2558 = PLANE('',#2559);
#2559 = AXIS2_PLACEMENT_3D('',#2560,#2561,#2562);
#2560 = CARTESIAN_POINT('',(5.5,41.8,1.524));
#2561 = DIRECTION('',(-1.,0.,0.));
#2562 = DIRECTION('',(0.,1.,0.));
#2563 = ADVANCED_FACE('',(#2564),#2589,.T.);
#2564 = FACE_BOUND('',#2565,.T.);
#2565 = EDGE_LOOP('',(#2566,#2567,#2575,#2583));
#2566 = ORIENTED_EDGE('',*,*,#2545,.T.);
#2567 = ORIENTED_EDGE('',*,*,#2568,.T.);
#2568 = EDGE_CURVE('',#2538,#2569,#2571,.T.);
#2569 = VERTEX_POINT('',#2570);
#2570 = CARTESIAN_POINT('',(6.075,49.5,1.559));
#2571 = LINE('',#2572,#2573);
#2572 = CARTESIAN_POINT('',(5.5,49.5,1.559));
#2573 = VECTOR('',#2574,1.);
#2574 = DIRECTION('',(1.,0.,0.));
#2575 = ORIENTED_EDGE('',*,*,#2576,.F.);
#2576 = EDGE_CURVE('',#2577,#2569,#2579,.T.);
#2577 = VERTEX_POINT('',#2578);
#2578 = CARTESIAN_POINT('',(6.075,49.5,1.524));
#2579 = LINE('',#2580,#2581);
#2580 = CARTESIAN_POINT('',(6.075,49.5,1.524));
#2581 = VECTOR('',#2582,1.);
#2582 = DIRECTION('',(0.,0.,1.));
#2583 = ORIENTED_EDGE('',*,*,#2584,.F.);
#2584 = EDGE_CURVE('',#2546,#2577,#2585,.T.);
#2585 = LINE('',#2586,#2587);
#2586 = CARTESIAN_POINT('',(5.5,49.5,1.524));
#2587 = VECTOR('',#2588,1.);
#2588 = DIRECTION('',(1.,0.,0.));
#2589 = PLANE('',#2590);
#2590 = AXIS2_PLACEMENT_3D('',#2591,#2592,#2593);
#2591 = CARTESIAN_POINT('',(5.5,49.5,1.524));
#2592 = DIRECTION('',(0.,1.,0.));
#2593 = DIRECTION('',(1.,0.,0.));
#2594 = ADVANCED_FACE('',(#2595),#2620,.T.);
#2595 = FACE_BOUND('',#2596,.T.);
#2596 = EDGE_LOOP('',(#2597,#2598,#2606,#2614));
#2597 = ORIENTED_EDGE('',*,*,#2576,.T.);
#2598 = ORIENTED_EDGE('',*,*,#2599,.T.);
#2599 = EDGE_CURVE('',#2569,#2600,#2602,.T.);
#2600 = VERTEX_POINT('',#2601);
#2601 = CARTESIAN_POINT('',(6.075,57.3,1.559));
#2602 = LINE('',#2603,#2604);
#2603 = CARTESIAN_POINT('',(6.075,49.5,1.559));
#2604 = VECTOR('',#2605,1.);
#2605 = DIRECTION('',(0.,1.,0.));
#2606 = ORIENTED_EDGE('',*,*,#2607,.F.);
#2607 = EDGE_CURVE('',#2608,#2600,#2610,.T.);
#2608 = VERTEX_POINT('',#2609);
#2609 = CARTESIAN_POINT('',(6.075,57.3,1.524));
#2610 = LINE('',#2611,#2612);
#2611 = CARTESIAN_POINT('',(6.075,57.3,1.524));
#2612 = VECTOR('',#2613,1.);
#2613 = DIRECTION('',(0.,0.,1.));
#2614 = ORIENTED_EDGE('',*,*,#2615,.F.);
#2615 = EDGE_CURVE('',#2577,#2608,#2616,.T.);
#2616 = LINE('',#2617,#2618);
#2617 = CARTESIAN_POINT('',(6.075,49.5,1.524));
#2618 = VECTOR('',#2619,1.);
#2619 = DIRECTION('',(0.,1.,0.));
#2620 = PLANE('',#2621);
#2621 = AXIS2_PLACEMENT_3D('',#2622,#2623,#2624);
#2622 = CARTESIAN_POINT('',(6.075,49.5,1.524));
#2623 = DIRECTION('',(-1.,0.,0.));
#2624 = DIRECTION('',(0.,1.,0.));
#2625 = ADVANCED_FACE('',(#2626),#2651,.T.);
#2626 = FACE_BOUND('',#2627,.T.);
#2627 = EDGE_LOOP('',(#2628,#2629,#2637,#2645));
#2628 = ORIENTED_EDGE('',*,*,#2607,.T.);
#2629 = ORIENTED_EDGE('',*,*,#2630,.T.);
#2630 = EDGE_CURVE('',#2600,#2631,#2633,.T.);
#2631 = VERTEX_POINT('',#2632);
#2632 = CARTESIAN_POINT('',(6.775,57.3,1.559));
#2633 = LINE('',#2634,#2635);
#2634 = CARTESIAN_POINT('',(6.075,57.3,1.559));
#2635 = VECTOR('',#2636,1.);
#2636 = DIRECTION('',(1.,0.,0.));
#2637 = ORIENTED_EDGE('',*,*,#2638,.F.);
#2638 = EDGE_CURVE('',#2639,#2631,#2641,.T.);
#2639 = VERTEX_POINT('',#2640);
#2640 = CARTESIAN_POINT('',(6.775,57.3,1.524));
#2641 = LINE('',#2642,#2643);
#2642 = CARTESIAN_POINT('',(6.775,57.3,1.524));
#2643 = VECTOR('',#2644,1.);
#2644 = DIRECTION('',(0.,0.,1.));
#2645 = ORIENTED_EDGE('',*,*,#2646,.F.);
#2646 = EDGE_CURVE('',#2608,#2639,#2647,.T.);
#2647 = LINE('',#2648,#2649);
#2648 = CARTESIAN_POINT('',(6.075,57.3,1.524));
#2649 = VECTOR('',#2650,1.);
#2650 = DIRECTION('',(1.,0.,0.));
#2651 = PLANE('',#2652);
#2652 = AXIS2_PLACEMENT_3D('',#2653,#2654,#2655);
#2653 = CARTESIAN_POINT('',(6.075,57.3,1.524));
#2654 = DIRECTION('',(0.,1.,0.));
#2655 = DIRECTION('',(1.,0.,0.));
#2656 = ADVANCED_FACE('',(#2657),#2682,.T.);
#2657 = FACE_BOUND('',#2658,.T.);
#2658 = EDGE_LOOP('',(#2659,#2660,#2668,#2676));
#2659 = ORIENTED_EDGE('',*,*,#2638,.T.);
#2660 = ORIENTED_EDGE('',*,*,#2661,.T.);
#2661 = EDGE_CURVE('',#2631,#2662,#2664,.T.);
#2662 = VERTEX_POINT('',#2663);
#2663 = CARTESIAN_POINT('',(6.775,73.7,1.559));
#2664 = LINE('',#2665,#2666);
#2665 = CARTESIAN_POINT('',(6.775,57.3,1.559));
#2666 = VECTOR('',#2667,1.);
#2667 = DIRECTION('',(0.,1.,0.));
#2668 = ORIENTED_EDGE('',*,*,#2669,.F.);
#2669 = EDGE_CURVE('',#2670,#2662,#2672,.T.);
#2670 = VERTEX_POINT('',#2671);
#2671 = CARTESIAN_POINT('',(6.775,73.7,1.524));
#2672 = LINE('',#2673,#2674);
#2673 = CARTESIAN_POINT('',(6.775,73.7,1.524));
#2674 = VECTOR('',#2675,1.);
#2675 = DIRECTION('',(0.,0.,1.));
#2676 = ORIENTED_EDGE('',*,*,#2677,.F.);
#2677 = EDGE_CURVE('',#2639,#2670,#2678,.T.);
#2678 = LINE('',#2679,#2680);
#2679 = CARTESIAN_POINT('',(6.775,57.3,1.524));
#2680 = VECTOR('',#2681,1.);
#2681 = DIRECTION('',(0.,1.,0.));
#2682 = PLANE('',#2683);
#2683 = AXIS2_PLACEMENT_3D('',#2684,#2685,#2686);
#2684 = CARTESIAN_POINT('',(6.775,57.3,1.524));
#2685 = DIRECTION('',(-1.,0.,0.));
#2686 = DIRECTION('',(0.,1.,0.));
#2687 = ADVANCED_FACE('',(#2688),#2713,.T.);
#2688 = FACE_BOUND('',#2689,.T.);
#2689 = EDGE_LOOP('',(#2690,#2691,#2699,#2707));
#2690 = ORIENTED_EDGE('',*,*,#2669,.T.);
#2691 = ORIENTED_EDGE('',*,*,#2692,.T.);
#2692 = EDGE_CURVE('',#2662,#2693,#2695,.T.);
#2693 = VERTEX_POINT('',#2694);
#2694 = CARTESIAN_POINT('',(6.075,73.7,1.559));
#2695 = LINE('',#2696,#2697);
#2696 = CARTESIAN_POINT('',(6.775,73.7,1.559));
#2697 = VECTOR('',#2698,1.);
#2698 = DIRECTION('',(-1.,0.,0.));
#2699 = ORIENTED_EDGE('',*,*,#2700,.F.);
#2700 = EDGE_CURVE('',#2701,#2693,#2703,.T.);
#2701 = VERTEX_POINT('',#2702);
#2702 = CARTESIAN_POINT('',(6.075,73.7,1.524));
#2703 = LINE('',#2704,#2705);
#2704 = CARTESIAN_POINT('',(6.075,73.7,1.524));
#2705 = VECTOR('',#2706,1.);
#2706 = DIRECTION('',(0.,0.,1.));
#2707 = ORIENTED_EDGE('',*,*,#2708,.F.);
#2708 = EDGE_CURVE('',#2670,#2701,#2709,.T.);
#2709 = LINE('',#2710,#2711);
#2710 = CARTESIAN_POINT('',(6.775,73.7,1.524));
#2711 = VECTOR('',#2712,1.);
#2712 = DIRECTION('',(-1.,0.,0.));
#2713 = PLANE('',#2714);
#2714 = AXIS2_PLACEMENT_3D('',#2715,#2716,#2717);
#2715 = CARTESIAN_POINT('',(6.775,73.7,1.524));
#2716 = DIRECTION('',(0.,-1.,0.));
#2717 = DIRECTION('',(-1.,0.,0.));
#2718 = ADVANCED_FACE('',(#2719),#2744,.T.);
#2719 = FACE_BOUND('',#2720,.T.);
#2720 = EDGE_LOOP('',(#2721,#2722,#2730,#2738));
#2721 = ORIENTED_EDGE('',*,*,#2700,.T.);
#2722 = ORIENTED_EDGE('',*,*,#2723,.T.);
#2723 = EDGE_CURVE('',#2693,#2724,#2726,.T.);
#2724 = VERTEX_POINT('',#2725);
#2725 = CARTESIAN_POINT('',(6.075,81.5,1.559));
#2726 = LINE('',#2727,#2728);
#2727 = CARTESIAN_POINT('',(6.075,73.7,1.559));
#2728 = VECTOR('',#2729,1.);
#2729 = DIRECTION('',(0.,1.,0.));
#2730 = ORIENTED_EDGE('',*,*,#2731,.F.);
#2731 = EDGE_CURVE('',#2732,#2724,#2734,.T.);
#2732 = VERTEX_POINT('',#2733);
#2733 = CARTESIAN_POINT('',(6.075,81.5,1.524));
#2734 = LINE('',#2735,#2736);
#2735 = CARTESIAN_POINT('',(6.075,81.5,1.524));
#2736 = VECTOR('',#2737,1.);
#2737 = DIRECTION('',(0.,0.,1.));
#2738 = ORIENTED_EDGE('',*,*,#2739,.F.);
#2739 = EDGE_CURVE('',#2701,#2732,#2740,.T.);
#2740 = LINE('',#2741,#2742);
#2741 = CARTESIAN_POINT('',(6.075,73.7,1.524));
#2742 = VECTOR('',#2743,1.);
#2743 = DIRECTION('',(0.,1.,0.));
#2744 = PLANE('',#2745);
#2745 = AXIS2_PLACEMENT_3D('',#2746,#2747,#2748);
#2746 = CARTESIAN_POINT('',(6.075,73.7,1.524));
#2747 = DIRECTION('',(-1.,0.,0.));
#2748 = DIRECTION('',(0.,1.,0.));
#2749 = ADVANCED_FACE('',(#2750),#2775,.T.);
#2750 = FACE_BOUND('',#2751,.T.);
#2751 = EDGE_LOOP('',(#2752,#2753,#2761,#2769));
#2752 = ORIENTED_EDGE('',*,*,#2731,.T.);
#2753 = ORIENTED_EDGE('',*,*,#2754,.T.);
#2754 = EDGE_CURVE('',#2724,#2755,#2757,.T.);
#2755 = VERTEX_POINT('',#2756);
#2756 = CARTESIAN_POINT('',(6.775,81.5,1.559));
#2757 = LINE('',#2758,#2759);
#2758 = CARTESIAN_POINT('',(6.075,81.5,1.559));
#2759 = VECTOR('',#2760,1.);
#2760 = DIRECTION('',(1.,0.,0.));
#2761 = ORIENTED_EDGE('',*,*,#2762,.F.);
#2762 = EDGE_CURVE('',#2763,#2755,#2765,.T.);
#2763 = VERTEX_POINT('',#2764);
#2764 = CARTESIAN_POINT('',(6.775,81.5,1.524));
#2765 = LINE('',#2766,#2767);
#2766 = CARTESIAN_POINT('',(6.775,81.5,1.524));
#2767 = VECTOR('',#2768,1.);
#2768 = DIRECTION('',(0.,0.,1.));
#2769 = ORIENTED_EDGE('',*,*,#2770,.F.);
#2770 = EDGE_CURVE('',#2732,#2763,#2771,.T.);
#2771 = LINE('',#2772,#2773);
#2772 = CARTESIAN_POINT('',(6.075,81.5,1.524));
#2773 = VECTOR('',#2774,1.);
#2774 = DIRECTION('',(1.,0.,0.));
#2775 = PLANE('',#2776);
#2776 = AXIS2_PLACEMENT_3D('',#2777,#2778,#2779);
#2777 = CARTESIAN_POINT('',(6.075,81.5,1.524));
#2778 = DIRECTION('',(0.,1.,0.));
#2779 = DIRECTION('',(1.,0.,0.));
#2780 = ADVANCED_FACE('',(#2781),#2806,.T.);
#2781 = FACE_BOUND('',#2782,.T.);
#2782 = EDGE_LOOP('',(#2783,#2784,#2792,#2800));
#2783 = ORIENTED_EDGE('',*,*,#2762,.T.);
#2784 = ORIENTED_EDGE('',*,*,#2785,.T.);
#2785 = EDGE_CURVE('',#2755,#2786,#2788,.T.);
#2786 = VERTEX_POINT('',#2787);
#2787 = CARTESIAN_POINT('',(6.775,113.7,1.559));
#2788 = LINE('',#2789,#2790);
#2789 = CARTESIAN_POINT('',(6.775,81.5,1.559));
#2790 = VECTOR('',#2791,1.);
#2791 = DIRECTION('',(0.,1.,0.));
#2792 = ORIENTED_EDGE('',*,*,#2793,.F.);
#2793 = EDGE_CURVE('',#2794,#2786,#2796,.T.);
#2794 = VERTEX_POINT('',#2795);
#2795 = CARTESIAN_POINT('',(6.775,113.7,1.524));
#2796 = LINE('',#2797,#2798);
#2797 = CARTESIAN_POINT('',(6.775,113.7,1.524));
#2798 = VECTOR('',#2799,1.);
#2799 = DIRECTION('',(0.,0.,1.));
#2800 = ORIENTED_EDGE('',*,*,#2801,.F.);
#2801 = EDGE_CURVE('',#2763,#2794,#2802,.T.);
#2802 = LINE('',#2803,#2804);
#2803 = CARTESIAN_POINT('',(6.775,81.5,1.524));
#2804 = VECTOR('',#2805,1.);
#2805 = DIRECTION('',(0.,1.,0.));
#2806 = PLANE('',#2807);
#2807 = AXIS2_PLACEMENT_3D('',#2808,#2809,#2810);
#2808 = CARTESIAN_POINT('',(6.775,81.5,1.524));
#2809 = DIRECTION('',(-1.,0.,0.));
#2810 = DIRECTION('',(0.,1.,0.));
#2811 = ADVANCED_FACE('',(#2812),#2837,.T.);
#2812 = FACE_BOUND('',#2813,.T.);
#2813 = EDGE_LOOP('',(#2814,#2815,#2823,#2831));
#2814 = ORIENTED_EDGE('',*,*,#2793,.T.);
#2815 = ORIENTED_EDGE('',*,*,#2816,.T.);
#2816 = EDGE_CURVE('',#2786,#2817,#2819,.T.);
#2817 = VERTEX_POINT('',#2818);
#2818 = CARTESIAN_POINT('',(7.65,113.7,1.559));
#2819 = LINE('',#2820,#2821);
#2820 = CARTESIAN_POINT('',(6.775,113.7,1.559));
#2821 = VECTOR('',#2822,1.);
#2822 = DIRECTION('',(1.,0.,0.));
#2823 = ORIENTED_EDGE('',*,*,#2824,.F.);
#2824 = EDGE_CURVE('',#2825,#2817,#2827,.T.);
#2825 = VERTEX_POINT('',#2826);
#2826 = CARTESIAN_POINT('',(7.65,113.7,1.524));
#2827 = LINE('',#2828,#2829);
#2828 = CARTESIAN_POINT('',(7.65,113.7,1.524));
#2829 = VECTOR('',#2830,1.);
#2830 = DIRECTION('',(0.,0.,1.));
#2831 = ORIENTED_EDGE('',*,*,#2832,.F.);
#2832 = EDGE_CURVE('',#2794,#2825,#2833,.T.);
#2833 = LINE('',#2834,#2835);
#2834 = CARTESIAN_POINT('',(6.775,113.7,1.524));
#2835 = VECTOR('',#2836,1.);
#2836 = DIRECTION('',(1.,0.,0.));
#2837 = PLANE('',#2838);
#2838 = AXIS2_PLACEMENT_3D('',#2839,#2840,#2841);
#2839 = CARTESIAN_POINT('',(6.775,113.7,1.524));
#2840 = DIRECTION('',(0.,1.,0.));
#2841 = DIRECTION('',(1.,0.,0.));
#2842 = ADVANCED_FACE('',(#2843),#2868,.T.);
#2843 = FACE_BOUND('',#2844,.T.);
#2844 = EDGE_LOOP('',(#2845,#2846,#2854,#2862));
#2845 = ORIENTED_EDGE('',*,*,#2824,.T.);
#2846 = ORIENTED_EDGE('',*,*,#2847,.T.);
#2847 = EDGE_CURVE('',#2817,#2848,#2850,.T.);
#2848 = VERTEX_POINT('',#2849);
#2849 = CARTESIAN_POINT('',(7.65,121.8,1.559));
#2850 = LINE('',#2851,#2852);
#2851 = CARTESIAN_POINT('',(7.65,113.7,1.559));
#2852 = VECTOR('',#2853,1.);
#2853 = DIRECTION('',(0.,1.,0.));
#2854 = ORIENTED_EDGE('',*,*,#2855,.F.);
#2855 = EDGE_CURVE('',#2856,#2848,#2858,.T.);
#2856 = VERTEX_POINT('',#2857);
#2857 = CARTESIAN_POINT('',(7.65,121.8,1.524));
#2858 = LINE('',#2859,#2860);
#2859 = CARTESIAN_POINT('',(7.65,121.8,1.524));
#2860 = VECTOR('',#2861,1.);
#2861 = DIRECTION('',(0.,0.,1.));
#2862 = ORIENTED_EDGE('',*,*,#2863,.F.);
#2863 = EDGE_CURVE('',#2825,#2856,#2864,.T.);
#2864 = LINE('',#2865,#2866);
#2865 = CARTESIAN_POINT('',(7.65,113.7,1.524));
#2866 = VECTOR('',#2867,1.);
#2867 = DIRECTION('',(0.,1.,0.));
#2868 = PLANE('',#2869);
#2869 = AXIS2_PLACEMENT_3D('',#2870,#2871,#2872);
#2870 = CARTESIAN_POINT('',(7.65,113.7,1.524));
#2871 = DIRECTION('',(-1.,0.,0.));
#2872 = DIRECTION('',(0.,1.,0.));
#2873 = ADVANCED_FACE('',(#2874),#2899,.T.);
#2874 = FACE_BOUND('',#2875,.T.);
#2875 = EDGE_LOOP('',(#2876,#2877,#2885,#2893));
#2876 = ORIENTED_EDGE('',*,*,#2855,.T.);
#2877 = ORIENTED_EDGE('',*,*,#2878,.T.);
#2878 = EDGE_CURVE('',#2848,#2879,#2881,.T.);
#2879 = VERTEX_POINT('',#2880);
#2880 = CARTESIAN_POINT('',(6.775,121.8,1.559));
#2881 = LINE('',#2882,#2883);
#2882 = CARTESIAN_POINT('',(7.65,121.8,1.559));
#2883 = VECTOR('',#2884,1.);
#2884 = DIRECTION('',(-1.,0.,0.));
#2885 = ORIENTED_EDGE('',*,*,#2886,.F.);
#2886 = EDGE_CURVE('',#2887,#2879,#2889,.T.);
#2887 = VERTEX_POINT('',#2888);
#2888 = CARTESIAN_POINT('',(6.775,121.8,1.524));
#2889 = LINE('',#2890,#2891);
#2890 = CARTESIAN_POINT('',(6.775,121.8,1.524));
#2891 = VECTOR('',#2892,1.);
#2892 = DIRECTION('',(0.,0.,1.));
#2893 = ORIENTED_EDGE('',*,*,#2894,.F.);
#2894 = EDGE_CURVE('',#2856,#2887,#2895,.T.);
#2895 = LINE('',#2896,#2897);
#2896 = CARTESIAN_POINT('',(7.65,121.8,1.524));
#2897 = VECTOR('',#2898,1.);
#2898 = DIRECTION('',(-1.,0.,0.));
#2899 = PLANE('',#2900);
#2900 = AXIS2_PLACEMENT_3D('',#2901,#2902,#2903);
#2901 = CARTESIAN_POINT('',(7.65,121.8,1.524));
#2902 = DIRECTION('',(0.,-1.,0.));
#2903 = DIRECTION('',(-1.,0.,0.));
#2904 = ADVANCED_FACE('',(#2905),#2930,.T.);
#2905 = FACE_BOUND('',#2906,.T.);
#2906 = EDGE_LOOP('',(#2907,#2908,#2916,#2924));
#2907 = ORIENTED_EDGE('',*,*,#2886,.T.);
#2908 = ORIENTED_EDGE('',*,*,#2909,.T.);
#2909 = EDGE_CURVE('',#2879,#2910,#2912,.T.);
#2910 = VERTEX_POINT('',#2911);
#2911 = CARTESIAN_POINT('',(6.775,138.2,1.559));
#2912 = LINE('',#2913,#2914);
#2913 = CARTESIAN_POINT('',(6.775,121.8,1.559));
#2914 = VECTOR('',#2915,1.);
#2915 = DIRECTION('',(0.,1.,0.));
#2916 = ORIENTED_EDGE('',*,*,#2917,.F.);
#2917 = EDGE_CURVE('',#2918,#2910,#2920,.T.);
#2918 = VERTEX_POINT('',#2919);
#2919 = CARTESIAN_POINT('',(6.775,138.2,1.524));
#2920 = LINE('',#2921,#2922);
#2921 = CARTESIAN_POINT('',(6.775,138.2,1.524));
#2922 = VECTOR('',#2923,1.);
#2923 = DIRECTION('',(0.,0.,1.));
#2924 = ORIENTED_EDGE('',*,*,#2925,.F.);
#2925 = EDGE_CURVE('',#2887,#2918,#2926,.T.);
#2926 = LINE('',#2927,#2928);
#2927 = CARTESIAN_POINT('',(6.775,121.8,1.524));
#2928 = VECTOR('',#2929,1.);
#2929 = DIRECTION('',(0.,1.,0.));
#2930 = PLANE('',#2931);
#2931 = AXIS2_PLACEMENT_3D('',#2932,#2933,#2934);
#2932 = CARTESIAN_POINT('',(6.775,121.8,1.524));
#2933 = DIRECTION('',(-1.,0.,0.));
#2934 = DIRECTION('',(0.,1.,0.));
#2935 = ADVANCED_FACE('',(#2936),#2961,.T.);
#2936 = FACE_BOUND('',#2937,.T.);
#2937 = EDGE_LOOP('',(#2938,#2939,#2947,#2955));
#2938 = ORIENTED_EDGE('',*,*,#2917,.T.);
#2939 = ORIENTED_EDGE('',*,*,#2940,.T.);
#2940 = EDGE_CURVE('',#2910,#2941,#2943,.T.);
#2941 = VERTEX_POINT('',#2942);
#2942 = CARTESIAN_POINT('',(7.65,138.2,1.559));
#2943 = LINE('',#2944,#2945);
#2944 = CARTESIAN_POINT('',(6.775,138.2,1.559));
#2945 = VECTOR('',#2946,1.);
#2946 = DIRECTION('',(1.,0.,0.));
#2947 = ORIENTED_EDGE('',*,*,#2948,.F.);
#2948 = EDGE_CURVE('',#2949,#2941,#2951,.T.);
#2949 = VERTEX_POINT('',#2950);
#2950 = CARTESIAN_POINT('',(7.65,138.2,1.524));
#2951 = LINE('',#2952,#2953);
#2952 = CARTESIAN_POINT('',(7.65,138.2,1.524));
#2953 = VECTOR('',#2954,1.);
#2954 = DIRECTION('',(0.,0.,1.));
#2955 = ORIENTED_EDGE('',*,*,#2956,.F.);
#2956 = EDGE_CURVE('',#2918,#2949,#2957,.T.);
#2957 = LINE('',#2958,#2959);
#2958 = CARTESIAN_POINT('',(6.775,138.2,1.524));
#2959 = VECTOR('',#2960,1.);
#2960 = DIRECTION('',(1.,0.,0.));
#2961 = PLANE('',#2962);
#2962 = AXIS2_PLACEMENT_3D('',#2963,#2964,#2965);
#2963 = CARTESIAN_POINT('',(6.775,138.2,1.524));
#2964 = DIRECTION('',(0.,1.,0.));
#2965 = DIRECTION('',(1.,0.,0.));
#2966 = ADVANCED_FACE('',(#2967),#2992,.T.);
#2967 = FACE_BOUND('',#2968,.T.);
#2968 = EDGE_LOOP('',(#2969,#2970,#2978,#2986));
#2969 = ORIENTED_EDGE('',*,*,#2948,.T.);
#2970 = ORIENTED_EDGE('',*,*,#2971,.T.);
#2971 = EDGE_CURVE('',#2941,#2972,#2974,.T.);
#2972 = VERTEX_POINT('',#2973);
#2973 = CARTESIAN_POINT('',(7.65,145.8,1.559));
#2974 = LINE('',#2975,#2976);
#2975 = CARTESIAN_POINT('',(7.65,138.2,1.559));
#2976 = VECTOR('',#2977,1.);
#2977 = DIRECTION('',(0.,1.,0.));
#2978 = ORIENTED_EDGE('',*,*,#2979,.F.);
#2979 = EDGE_CURVE('',#2980,#2972,#2982,.T.);
#2980 = VERTEX_POINT('',#2981);
#2981 = CARTESIAN_POINT('',(7.65,145.8,1.524));
#2982 = LINE('',#2983,#2984);
#2983 = CARTESIAN_POINT('',(7.65,145.8,1.524));
#2984 = VECTOR('',#2985,1.);
#2985 = DIRECTION('',(0.,0.,1.));
#2986 = ORIENTED_EDGE('',*,*,#2987,.F.);
#2987 = EDGE_CURVE('',#2949,#2980,#2988,.T.);
#2988 = LINE('',#2989,#2990);
#2989 = CARTESIAN_POINT('',(7.65,138.2,1.524));
#2990 = VECTOR('',#2991,1.);
#2991 = DIRECTION('',(0.,1.,0.));
#2992 = PLANE('',#2993);
#2993 = AXIS2_PLACEMENT_3D('',#2994,#2995,#2996);
#2994 = CARTESIAN_POINT('',(7.65,138.2,1.524));
#2995 = DIRECTION('',(-1.,0.,0.));
#2996 = DIRECTION('',(0.,1.,0.));
#2997 = ADVANCED_FACE('',(#2998),#3023,.T.);
#2998 = FACE_BOUND('',#2999,.T.);
#2999 = EDGE_LOOP('',(#3000,#3001,#3009,#3017));
#3000 = ORIENTED_EDGE('',*,*,#2979,.T.);
#3001 = ORIENTED_EDGE('',*,*,#3002,.T.);
#3002 = EDGE_CURVE('',#2972,#3003,#3005,.T.);
#3003 = VERTEX_POINT('',#3004);
#3004 = CARTESIAN_POINT('',(8.2,145.8,1.559));
#3005 = LINE('',#3006,#3007);
#3006 = CARTESIAN_POINT('',(7.65,145.8,1.559));
#3007 = VECTOR('',#3008,1.);
#3008 = DIRECTION('',(1.,0.,0.));
#3009 = ORIENTED_EDGE('',*,*,#3010,.F.);
#3010 = EDGE_CURVE('',#3011,#3003,#3013,.T.);
#3011 = VERTEX_POINT('',#3012);
#3012 = CARTESIAN_POINT('',(8.2,145.8,1.524));
#3013 = LINE('',#3014,#3015);
#3014 = CARTESIAN_POINT('',(8.2,145.8,1.524));
#3015 = VECTOR('',#3016,1.);
#3016 = DIRECTION('',(0.,0.,1.));
#3017 = ORIENTED_EDGE('',*,*,#3018,.F.);
#3018 = EDGE_CURVE('',#2980,#3011,#3019,.T.);
#3019 = LINE('',#3020,#3021);
#3020 = CARTESIAN_POINT('',(7.65,145.8,1.524));
#3021 = VECTOR('',#3022,1.);
#3022 = DIRECTION('',(1.,0.,0.));
#3023 = PLANE('',#3024);
#3024 = AXIS2_PLACEMENT_3D('',#3025,#3026,#3027);
#3025 = CARTESIAN_POINT('',(7.65,145.8,1.524));
#3026 = DIRECTION('',(0.,1.,0.));
#3027 = DIRECTION('',(1.,0.,0.));
#3028 = ADVANCED_FACE('',(#3029),#3054,.T.);
#3029 = FACE_BOUND('',#3030,.T.);
#3030 = EDGE_LOOP('',(#3031,#3032,#3040,#3048));
#3031 = ORIENTED_EDGE('',*,*,#3010,.T.);
#3032 = ORIENTED_EDGE('',*,*,#3033,.T.);
#3033 = EDGE_CURVE('',#3003,#3034,#3036,.T.);
#3034 = VERTEX_POINT('',#3035);
#3035 = CARTESIAN_POINT('',(9.2,146.8,1.559));
#3036 = LINE('',#3037,#3038);
#3037 = CARTESIAN_POINT('',(8.2,145.8,1.559));
#3038 = VECTOR('',#3039,1.);
#3039 = DIRECTION('',(0.707106781187,0.707106781187,0.));
#3040 = ORIENTED_EDGE('',*,*,#3041,.F.);
#3041 = EDGE_CURVE('',#3042,#3034,#3044,.T.);
#3042 = VERTEX_POINT('',#3043);
#3043 = CARTESIAN_POINT('',(9.2,146.8,1.524));
#3044 = LINE('',#3045,#3046);
#3045 = CARTESIAN_POINT('',(9.2,146.8,1.524));
#3046 = VECTOR('',#3047,1.);
#3047 = DIRECTION('',(0.,0.,1.));
#3048 = ORIENTED_EDGE('',*,*,#3049,.F.);
#3049 = EDGE_CURVE('',#3011,#3042,#3050,.T.);
#3050 = LINE('',#3051,#3052);
#3051 = CARTESIAN_POINT('',(8.2,145.8,1.524));
#3052 = VECTOR('',#3053,1.);
#3053 = DIRECTION('',(0.707106781187,0.707106781187,0.));
#3054 = PLANE('',#3055);
#3055 = AXIS2_PLACEMENT_3D('',#3056,#3057,#3058);
#3056 = CARTESIAN_POINT('',(8.2,145.8,1.524));
#3057 = DIRECTION('',(-0.707106781187,0.707106781187,0.));
#3058 = DIRECTION('',(0.707106781187,0.707106781187,0.));
#3059 = ADVANCED_FACE('',(#3060),#3085,.T.);
#3060 = FACE_BOUND('',#3061,.T.);
#3061 = EDGE_LOOP('',(#3062,#3063,#3071,#3079));
#3062 = ORIENTED_EDGE('',*,*,#3041,.T.);
#3063 = ORIENTED_EDGE('',*,*,#3064,.T.);
#3064 = EDGE_CURVE('',#3034,#3065,#3067,.T.);
#3065 = VERTEX_POINT('',#3066);
#3066 = CARTESIAN_POINT('',(29.5,146.8,1.559));
#3067 = LINE('',#3068,#3069);
#3068 = CARTESIAN_POINT('',(9.2,146.8,1.559));
#3069 = VECTOR('',#3070,1.);
#3070 = DIRECTION('',(1.,0.,0.));
#3071 = ORIENTED_EDGE('',*,*,#3072,.F.);
#3072 = EDGE_CURVE('',#3073,#3065,#3075,.T.);
#3073 = VERTEX_POINT('',#3074);
#3074 = CARTESIAN_POINT('',(29.5,146.8,1.524));
#3075 = LINE('',#3076,#3077);
#3076 = CARTESIAN_POINT('',(29.5,146.8,1.524));
#3077 = VECTOR('',#3078,1.);
#3078 = DIRECTION('',(0.,0.,1.));
#3079 = ORIENTED_EDGE('',*,*,#3080,.F.);
#3080 = EDGE_CURVE('',#3042,#3073,#3081,.T.);
#3081 = LINE('',#3082,#3083);
#3082 = CARTESIAN_POINT('',(9.2,146.8,1.524));
#3083 = VECTOR('',#3084,1.);
#3084 = DIRECTION('',(1.,0.,0.));
#3085 = PLANE('',#3086);
#3086 = AXIS2_PLACEMENT_3D('',#3087,#3088,#3089);
#3087 = CARTESIAN_POINT('',(9.2,146.8,1.524));
#3088 = DIRECTION('',(0.,1.,0.));
#3089 = DIRECTION('',(1.,0.,0.));
#3090 = ADVANCED_FACE('',(#3091),#3116,.T.);
#3091 = FACE_BOUND('',#3092,.T.);
#3092 = EDGE_LOOP('',(#3093,#3094,#3102,#3110));
#3093 = ORIENTED_EDGE('',*,*,#3072,.T.);
#3094 = ORIENTED_EDGE('',*,*,#3095,.T.);
#3095 = EDGE_CURVE('',#3065,#3096,#3098,.T.);
#3096 = VERTEX_POINT('',#3097);
#3097 = CARTESIAN_POINT('',(29.5,147.8,1.559));
#3098 = LINE('',#3099,#3100);
#3099 = CARTESIAN_POINT('',(29.5,146.8,1.559));
#3100 = VECTOR('',#3101,1.);
#3101 = DIRECTION('',(0.,1.,0.));
#3102 = ORIENTED_EDGE('',*,*,#3103,.F.);
#3103 = EDGE_CURVE('',#3104,#3096,#3106,.T.);
#3104 = VERTEX_POINT('',#3105);
#3105 = CARTESIAN_POINT('',(29.5,147.8,1.524));
#3106 = LINE('',#3107,#3108);
#3107 = CARTESIAN_POINT('',(29.5,147.8,1.524));
#3108 = VECTOR('',#3109,1.);
#3109 = DIRECTION('',(0.,0.,1.));
#3110 = ORIENTED_EDGE('',*,*,#3111,.F.);
#3111 = EDGE_CURVE('',#3073,#3104,#3112,.T.);
#3112 = LINE('',#3113,#3114);
#3113 = CARTESIAN_POINT('',(29.5,146.8,1.524));
#3114 = VECTOR('',#3115,1.);
#3115 = DIRECTION('',(0.,1.,0.));
#3116 = PLANE('',#3117);
#3117 = AXIS2_PLACEMENT_3D('',#3118,#3119,#3120);
#3118 = CARTESIAN_POINT('',(29.5,146.8,1.524));
#3119 = DIRECTION('',(-1.,0.,0.));
#3120 = DIRECTION('',(0.,1.,0.));
#3121 = ADVANCED_FACE('',(#3122),#3138,.T.);
#3122 = FACE_BOUND('',#3123,.T.);
#3123 = EDGE_LOOP('',(#3124,#3125,#3131,#3132));
#3124 = ORIENTED_EDGE('',*,*,#3103,.T.);
#3125 = ORIENTED_EDGE('',*,*,#3126,.T.);
#3126 = EDGE_CURVE('',#3096,#50,#3127,.T.);
#3127 = LINE('',#3128,#3129);
#3128 = CARTESIAN_POINT('',(29.5,147.8,1.559));
#3129 = VECTOR('',#3130,1.);
#3130 = DIRECTION('',(-1.,0.,0.));
#3131 = ORIENTED_EDGE('',*,*,#47,.F.);
#3132 = ORIENTED_EDGE('',*,*,#3133,.F.);
#3133 = EDGE_CURVE('',#3104,#48,#3134,.T.);
#3134 = LINE('',#3135,#3136);
#3135 = CARTESIAN_POINT('',(29.5,147.8,1.524));
#3136 = VECTOR('',#3137,1.);
#3137 = DIRECTION('',(-1.,0.,0.));
#3138 = PLANE('',#3139);
#3139 = AXIS2_PLACEMENT_3D('',#3140,#3141,#3142);
#3140 = CARTESIAN_POINT('',(29.5,147.8,1.524));
#3141 = DIRECTION('',(0.,-1.,0.));
#3142 = DIRECTION('',(-1.,0.,0.));
#3143 = ADVANCED_FACE('',(#3144),#3246,.F.);
#3144 = FACE_BOUND('',#3145,.T.);
#3145 = EDGE_LOOP('',(#3146,#3147,#3148,#3149,#3150,#3151,#3152,#3153,
    #3154,#3155,#3156,#3157,#3158,#3159,#3160,#3161,#3162,#3163,#3164,
    #3165,#3166,#3167,#3168,#3169,#3170,#3171,#3172,#3173,#3174,#3175,
    #3176,#3177,#3178,#3179,#3180,#3181,#3182,#3183,#3184,#3185,#3186,
    #3187,#3188,#3189,#3190,#3191,#3192,#3193,#3194,#3195,#3196,#3197,
    #3198,#3199,#3200,#3201,#3202,#3203,#3204,#3205,#3206,#3207,#3208,
    #3209,#3210,#3211,#3212,#3213,#3214,#3215,#3216,#3217,#3218,#3219,
    #3220,#3221,#3222,#3223,#3224,#3225,#3226,#3227,#3228,#3229,#3230,
    #3231,#3232,#3233,#3234,#3235,#3236,#3237,#3238,#3239,#3240,#3241,
    #3242,#3243,#3244,#3245));
#3146 = ORIENTED_EDGE('',*,*,#73,.T.);
#3147 = ORIENTED_EDGE('',*,*,#104,.T.);
#3148 = ORIENTED_EDGE('',*,*,#135,.T.);
#3149 = ORIENTED_EDGE('',*,*,#166,.T.);
#3150 = ORIENTED_EDGE('',*,*,#197,.T.);
#3151 = ORIENTED_EDGE('',*,*,#228,.T.);
#3152 = ORIENTED_EDGE('',*,*,#259,.T.);
#3153 = ORIENTED_EDGE('',*,*,#290,.T.);
#3154 = ORIENTED_EDGE('',*,*,#321,.T.);
#3155 = ORIENTED_EDGE('',*,*,#352,.T.);
#3156 = ORIENTED_EDGE('',*,*,#383,.T.);
#3157 = ORIENTED_EDGE('',*,*,#414,.T.);
#3158 = ORIENTED_EDGE('',*,*,#445,.T.);
#3159 = ORIENTED_EDGE('',*,*,#476,.T.);
#3160 = ORIENTED_EDGE('',*,*,#507,.T.);
#3161 = ORIENTED_EDGE('',*,*,#538,.T.);
#3162 = ORIENTED_EDGE('',*,*,#569,.T.);
#3163 = ORIENTED_EDGE('',*,*,#600,.T.);
#3164 = ORIENTED_EDGE('',*,*,#631,.T.);
#3165 = ORIENTED_EDGE('',*,*,#662,.T.);
#3166 = ORIENTED_EDGE('',*,*,#693,.T.);
#3167 = ORIENTED_EDGE('',*,*,#724,.T.);
#3168 = ORIENTED_EDGE('',*,*,#755,.T.);
#3169 = ORIENTED_EDGE('',*,*,#786,.T.);
#3170 = ORIENTED_EDGE('',*,*,#817,.T.);
#3171 = ORIENTED_EDGE('',*,*,#848,.T.);
#3172 = ORIENTED_EDGE('',*,*,#879,.T.);
#3173 = ORIENTED_EDGE('',*,*,#910,.T.);
#3174 = ORIENTED_EDGE('',*,*,#941,.T.);
#3175 = ORIENTED_EDGE('',*,*,#972,.T.);
#3176 = ORIENTED_EDGE('',*,*,#1003,.T.);
#3177 = ORIENTED_EDGE('',*,*,#1034,.T.);
#3178 = ORIENTED_EDGE('',*,*,#1065,.T.);
#3179 = ORIENTED_EDGE('',*,*,#1096,.T.);
#3180 = ORIENTED_EDGE('',*,*,#1127,.T.);
#3181 = ORIENTED_EDGE('',*,*,#1158,.T.);
#3182 = ORIENTED_EDGE('',*,*,#1189,.T.);
#3183 = ORIENTED_EDGE('',*,*,#1220,.T.);
#3184 = ORIENTED_EDGE('',*,*,#1251,.T.);
#3185 = ORIENTED_EDGE('',*,*,#1282,.T.);
#3186 = ORIENTED_EDGE('',*,*,#1313,.T.);
#3187 = ORIENTED_EDGE('',*,*,#1344,.T.);
#3188 = ORIENTED_EDGE('',*,*,#1375,.T.);
#3189 = ORIENTED_EDGE('',*,*,#1406,.T.);
#3190 = ORIENTED_EDGE('',*,*,#1437,.T.);
#3191 = ORIENTED_EDGE('',*,*,#1468,.T.);
#3192 = ORIENTED_EDGE('',*,*,#1499,.T.);
#3193 = ORIENTED_EDGE('',*,*,#1530,.T.);
#3194 = ORIENTED_EDGE('',*,*,#1561,.T.);
#3195 = ORIENTED_EDGE('',*,*,#1592,.T.);
#3196 = ORIENTED_EDGE('',*,*,#1623,.T.);
#3197 = ORIENTED_EDGE('',*,*,#1654,.T.);
#3198 = ORIENTED_EDGE('',*,*,#1685,.T.);
#3199 = ORIENTED_EDGE('',*,*,#1716,.T.);
#3200 = ORIENTED_EDGE('',*,*,#1747,.T.);
#3201 = ORIENTED_EDGE('',*,*,#1778,.T.);
#3202 = ORIENTED_EDGE('',*,*,#1809,.T.);
#3203 = ORIENTED_EDGE('',*,*,#1840,.T.);
#3204 = ORIENTED_EDGE('',*,*,#1871,.T.);
#3205 = ORIENTED_EDGE('',*,*,#1902,.T.);
#3206 = ORIENTED_EDGE('',*,*,#1933,.T.);
#3207 = ORIENTED_EDGE('',*,*,#1964,.T.);
#3208 = ORIENTED_EDGE('',*,*,#1995,.T.);
#3209 = ORIENTED_EDGE('',*,*,#2026,.T.);
#3210 = ORIENTED_EDGE('',*,*,#2057,.T.);
#3211 = ORIENTED_EDGE('',*,*,#2088,.T.);
#3212 = ORIENTED_EDGE('',*,*,#2119,.T.);
#3213 = ORIENTED_EDGE('',*,*,#2150,.T.);
#3214 = ORIENTED_EDGE('',*,*,#2181,.T.);
#3215 = ORIENTED_EDGE('',*,*,#2212,.T.);
#3216 = ORIENTED_EDGE('',*,*,#2243,.T.);
#3217 = ORIENTED_EDGE('',*,*,#2274,.T.);
#3218 = ORIENTED_EDGE('',*,*,#2305,.T.);
#3219 = ORIENTED_EDGE('',*,*,#2336,.T.);
#3220 = ORIENTED_EDGE('',*,*,#2367,.T.);
#3221 = ORIENTED_EDGE('',*,*,#2398,.T.);
#3222 = ORIENTED_EDGE('',*,*,#2429,.T.);
#3223 = ORIENTED_EDGE('',*,*,#2460,.T.);
#3224 = ORIENTED_EDGE('',*,*,#2491,.T.);
#3225 = ORIENTED_EDGE('',*,*,#2522,.T.);
#3226 = ORIENTED_EDGE('',*,*,#2553,.T.);
#3227 = ORIENTED_EDGE('',*,*,#2584,.T.);
#3228 = ORIENTED_EDGE('',*,*,#2615,.T.);
#3229 = ORIENTED_EDGE('',*,*,#2646,.T.);
#3230 = ORIENTED_EDGE('',*,*,#2677,.T.);
#3231 = ORIENTED_EDGE('',*,*,#2708,.T.);
#3232 = ORIENTED_EDGE('',*,*,#2739,.T.);
#3233 = ORIENTED_EDGE('',*,*,#2770,.T.);
#3234 = ORIENTED_EDGE('',*,*,#2801,.T.);
#3235 = ORIENTED_EDGE('',*,*,#2832,.T.);
#3236 = ORIENTED_EDGE('',*,*,#2863,.T.);
#3237 = ORIENTED_EDGE('',*,*,#2894,.T.);
#3238 = ORIENTED_EDGE('',*,*,#2925,.T.);
#3239 = ORIENTED_EDGE('',*,*,#2956,.T.);
#3240 = ORIENTED_EDGE('',*,*,#2987,.T.);
#3241 = ORIENTED_EDGE('',*,*,#3018,.T.);
#3242 = ORIENTED_EDGE('',*,*,#3049,.T.);
#3243 = ORIENTED_EDGE('',*,*,#3080,.T.);
#3244 = ORIENTED_EDGE('',*,*,#3111,.T.);
#3245 = ORIENTED_EDGE('',*,*,#3133,.T.);
#3246 = PLANE('',#3247);
#3247 = AXIS2_PLACEMENT_3D('',#3248,#3249,#3250);
#3248 = CARTESIAN_POINT('',(0.,0.,1.524));
#3249 = DIRECTION('',(0.,0.,1.));
#3250 = DIRECTION('',(1.,0.,-0.));
#3251 = ADVANCED_FACE('',(#3252),#3354,.T.);
#3252 = FACE_BOUND('',#3253,.F.);
#3253 = EDGE_LOOP('',(#3254,#3255,#3256,#3257,#3258,#3259,#3260,#3261,
    #3262,#3263,#3264,#3265,#3266,#3267,#3268,#3269,#3270,#3271,#3272,
    #3273,#3274,#3275,#3276,#3277,#3278,#3279,#3280,#3281,#3282,#3283,
    #3284,#3285,#3286,#3287,#3288,#3289,#3290,#3291,#3292,#3293,#3294,
    #3295,#3296,#3297,#3298,#3299,#3300,#3301,#3302,#3303,#3304,#3305,
    #3306,#3307,#3308,#3309,#3310,#3311,#3312,#3313,#3314,#3315,#3316,
    #3317,#3318,#3319,#3320,#3321,#3322,#3323,#3324,#3325,#3326,#3327,
    #3328,#3329,#3330,#3331,#3332,#3333,#3334,#3335,#3336,#3337,#3338,
    #3339,#3340,#3341,#3342,#3343,#3344,#3345,#3346,#3347,#3348,#3349,
    #3350,#3351,#3352,#3353));
#3254 = ORIENTED_EDGE('',*,*,#57,.T.);
#3255 = ORIENTED_EDGE('',*,*,#88,.T.);
#3256 = ORIENTED_EDGE('',*,*,#119,.T.);
#3257 = ORIENTED_EDGE('',*,*,#150,.T.);
#3258 = ORIENTED_EDGE('',*,*,#181,.T.);
#3259 = ORIENTED_EDGE('',*,*,#212,.T.);
#3260 = ORIENTED_EDGE('',*,*,#243,.T.);
#3261 = ORIENTED_EDGE('',*,*,#274,.T.);
#3262 = ORIENTED_EDGE('',*,*,#305,.T.);
#3263 = ORIENTED_EDGE('',*,*,#336,.T.);
#3264 = ORIENTED_EDGE('',*,*,#367,.T.);
#3265 = ORIENTED_EDGE('',*,*,#398,.T.);
#3266 = ORIENTED_EDGE('',*,*,#429,.T.);
#3267 = ORIENTED_EDGE('',*,*,#460,.T.);
#3268 = ORIENTED_EDGE('',*,*,#491,.T.);
#3269 = ORIENTED_EDGE('',*,*,#522,.T.);
#3270 = ORIENTED_EDGE('',*,*,#553,.T.);
#3271 = ORIENTED_EDGE('',*,*,#584,.T.);
#3272 = ORIENTED_EDGE('',*,*,#615,.T.);
#3273 = ORIENTED_EDGE('',*,*,#646,.T.);
#3274 = ORIENTED_EDGE('',*,*,#677,.T.);
#3275 = ORIENTED_EDGE('',*,*,#708,.T.);
#3276 = ORIENTED_EDGE('',*,*,#739,.T.);
#3277 = ORIENTED_EDGE('',*,*,#770,.T.);
#3278 = ORIENTED_EDGE('',*,*,#801,.T.);
#3279 = ORIENTED_EDGE('',*,*,#832,.T.);
#3280 = ORIENTED_EDGE('',*,*,#863,.T.);
#3281 = ORIENTED_EDGE('',*,*,#894,.T.);
#3282 = ORIENTED_EDGE('',*,*,#925,.T.);
#3283 = ORIENTED_EDGE('',*,*,#956,.T.);
#3284 = ORIENTED_EDGE('',*,*,#987,.T.);
#3285 = ORIENTED_EDGE('',*,*,#1018,.T.);
#3286 = ORIENTED_EDGE('',*,*,#1049,.T.);
#3287 = ORIENTED_EDGE('',*,*,#1080,.T.);
#3288 = ORIENTED_EDGE('',*,*,#1111,.T.);
#3289 = ORIENTED_EDGE('',*,*,#1142,.T.);
#3290 = ORIENTED_EDGE('',*,*,#1173,.T.);
#3291 = ORIENTED_EDGE('',*,*,#1204,.T.);
#3292 = ORIENTED_EDGE('',*,*,#1235,.T.);
#3293 = ORIENTED_EDGE('',*,*,#1266,.T.);
#3294 = ORIENTED_EDGE('',*,*,#1297,.T.);
#3295 = ORIENTED_EDGE('',*,*,#1328,.T.);
#3296 = ORIENTED_EDGE('',*,*,#1359,.T.);
#3297 = ORIENTED_EDGE('',*,*,#1390,.T.);
#3298 = ORIENTED_EDGE('',*,*,#1421,.T.);
#3299 = ORIENTED_EDGE('',*,*,#1452,.T.);
#3300 = ORIENTED_EDGE('',*,*,#1483,.T.);
#3301 = ORIENTED_EDGE('',*,*,#1514,.T.);
#3302 = ORIENTED_EDGE('',*,*,#1545,.T.);
#3303 = ORIENTED_EDGE('',*,*,#1576,.T.);
#3304 = ORIENTED_EDGE('',*,*,#1607,.T.);
#3305 = ORIENTED_EDGE('',*,*,#1638,.T.);
#3306 = ORIENTED_EDGE('',*,*,#1669,.T.);
#3307 = ORIENTED_EDGE('',*,*,#1700,.T.);
#3308 = ORIENTED_EDGE('',*,*,#1731,.T.);
#3309 = ORIENTED_EDGE('',*,*,#1762,.T.);
#3310 = ORIENTED_EDGE('',*,*,#1793,.T.);
#3311 = ORIENTED_EDGE('',*,*,#1824,.T.);
#3312 = ORIENTED_EDGE('',*,*,#1855,.T.);
#3313 = ORIENTED_EDGE('',*,*,#1886,.T.);
#3314 = ORIENTED_EDGE('',*,*,#1917,.T.);
#3315 = ORIENTED_EDGE('',*,*,#1948,.T.);
#3316 = ORIENTED_EDGE('',*,*,#1979,.T.);
#3317 = ORIENTED_EDGE('',*,*,#2010,.T.);
#3318 = ORIENTED_EDGE('',*,*,#2041,.T.);
#3319 = ORIENTED_EDGE('',*,*,#2072,.T.);
#3320 = ORIENTED_EDGE('',*,*,#2103,.T.);
#3321 = ORIENTED_EDGE('',*,*,#2134,.T.);
#3322 = ORIENTED_EDGE('',*,*,#2165,.T.);
#3323 = ORIENTED_EDGE('',*,*,#2196,.T.);
#3324 = ORIENTED_EDGE('',*,*,#2227,.T.);
#3325 = ORIENTED_EDGE('',*,*,#2258,.T.);
#3326 = ORIENTED_EDGE('',*,*,#2289,.T.);
#3327 = ORIENTED_EDGE('',*,*,#2320,.T.);
#3328 = ORIENTED_EDGE('',*,*,#2351,.T.);
#3329 = ORIENTED_EDGE('',*,*,#2382,.T.);
#3330 = ORIENTED_EDGE('',*,*,#2413,.T.);
#3331 = ORIENTED_EDGE('',*,*,#2444,.T.);
#3332 = ORIENTED_EDGE('',*,*,#2475,.T.);
#3333 = ORIENTED_EDGE('',*,*,#2506,.T.);
#3334 = ORIENTED_EDGE('',*,*,#2537,.T.);
#3335 = ORIENTED_EDGE('',*,*,#2568,.T.);
#3336 = ORIENTED_EDGE('',*,*,#2599,.T.);
#3337 = ORIENTED_EDGE('',*,*,#2630,.T.);
#3338 = ORIENTED_EDGE('',*,*,#2661,.T.);
#3339 = ORIENTED_EDGE('',*,*,#2692,.T.);
#3340 = ORIENTED_EDGE('',*,*,#2723,.T.);
#3341 = ORIENTED_EDGE('',*,*,#2754,.T.);
#3342 = ORIENTED_EDGE('',*,*,#2785,.T.);
#3343 = ORIENTED_EDGE('',*,*,#2816,.T.);
#3344 = ORIENTED_EDGE('',*,*,#2847,.T.);
#3345 = ORIENTED_EDGE('',*,*,#2878,.T.);
#3346 = ORIENTED_EDGE('',*,*,#2909,.T.);
#3347 = ORIENTED_EDGE('',*,*,#2940,.T.);
#3348 = ORIENTED_EDGE('',*,*,#2971,.T.);
#3349 = ORIENTED_EDGE('',*,*,#3002,.T.);
#3350 = ORIENTED_EDGE('',*,*,#3033,.T.);
#3351 = ORIENTED_EDGE('',*,*,#3064,.T.);
#3352 = ORIENTED_EDGE('',*,*,#3095,.T.);
#3353 = ORIENTED_EDGE('',*,*,#3126,.T.);
#3354 = PLANE('',#3355);
#3355 = AXIS2_PLACEMENT_3D('',#3356,#3357,#3358);
#3356 = CARTESIAN_POINT('',(0.,0.,1.559));
#3357 = DIRECTION('',(0.,0.,1.));
#3358 = DIRECTION('',(1.,0.,-0.));
#3359 = MANIFOLD_SOLID_BREP('',#3360);
#3360 = CLOSED_SHELL('',(#3361,#3401,#3432,#3463,#3485,#3497));
#3361 = ADVANCED_FACE('',(#3362),#3396,.F.);
#3362 = FACE_BOUND('',#3363,.F.);
#3363 = EDGE_LOOP('',(#3364,#3374,#3382,#3390));
#3364 = ORIENTED_EDGE('',*,*,#3365,.T.);
#3365 = EDGE_CURVE('',#3366,#3368,#3370,.T.);
#3366 = VERTEX_POINT('',#3367);
#3367 = CARTESIAN_POINT('',(0.,-0.,0.));
#3368 = VERTEX_POINT('',#3369);
#3369 = CARTESIAN_POINT('',(0.,0.,-3.5E-02));
#3370 = LINE('',#3371,#3372);
#3371 = CARTESIAN_POINT('',(0.,-0.,0.));
#3372 = VECTOR('',#3373,1.);
#3373 = DIRECTION('',(0.,0.,-1.));
#3374 = ORIENTED_EDGE('',*,*,#3375,.T.);
#3375 = EDGE_CURVE('',#3368,#3376,#3378,.T.);
#3376 = VERTEX_POINT('',#3377);
#3377 = CARTESIAN_POINT('',(0.,170.,-3.5E-02));
#3378 = LINE('',#3379,#3380);
#3379 = CARTESIAN_POINT('',(0.,0.,-3.5E-02));
#3380 = VECTOR('',#3381,1.);
#3381 = DIRECTION('',(0.,1.,0.));
#3382 = ORIENTED_EDGE('',*,*,#3383,.F.);
#3383 = EDGE_CURVE('',#3384,#3376,#3386,.T.);
#3384 = VERTEX_POINT('',#3385);
#3385 = CARTESIAN_POINT('',(0.,170.,0.));
#3386 = LINE('',#3387,#3388);
#3387 = CARTESIAN_POINT('',(0.,170.,0.));
#3388 = VECTOR('',#3389,1.);
#3389 = DIRECTION('',(0.,0.,-1.));
#3390 = ORIENTED_EDGE('',*,*,#3391,.F.);
#3391 = EDGE_CURVE('',#3366,#3384,#3392,.T.);
#3392 = LINE('',#3393,#3394);
#3393 = CARTESIAN_POINT('',(0.,-0.,0.));
#3394 = VECTOR('',#3395,1.);
#3395 = DIRECTION('',(0.,1.,0.));
#3396 = PLANE('',#3397);
#3397 = AXIS2_PLACEMENT_3D('',#3398,#3399,#3400);
#3398 = CARTESIAN_POINT('',(0.,0.,0.));
#3399 = DIRECTION('',(1.,-0.,0.));
#3400 = DIRECTION('',(0.,1.,0.));
#3401 = ADVANCED_FACE('',(#3402),#3427,.F.);
#3402 = FACE_BOUND('',#3403,.F.);
#3403 = EDGE_LOOP('',(#3404,#3405,#3413,#3421));
#3404 = ORIENTED_EDGE('',*,*,#3383,.T.);
#3405 = ORIENTED_EDGE('',*,*,#3406,.T.);
#3406 = EDGE_CURVE('',#3376,#3407,#3409,.T.);
#3407 = VERTEX_POINT('',#3408);
#3408 = CARTESIAN_POINT('',(48.,170.,-3.5E-02));
#3409 = LINE('',#3410,#3411);
#3410 = CARTESIAN_POINT('',(0.,170.,-3.5E-02));
#3411 = VECTOR('',#3412,1.);
#3412 = DIRECTION('',(1.,0.,0.));
#3413 = ORIENTED_EDGE('',*,*,#3414,.F.);
#3414 = EDGE_CURVE('',#3415,#3407,#3417,.T.);
#3415 = VERTEX_POINT('',#3416);
#3416 = CARTESIAN_POINT('',(48.,170.,0.));
#3417 = LINE('',#3418,#3419);
#3418 = CARTESIAN_POINT('',(48.,170.,0.));
#3419 = VECTOR('',#3420,1.);
#3420 = DIRECTION('',(0.,0.,-1.));
#3421 = ORIENTED_EDGE('',*,*,#3422,.F.);
#3422 = EDGE_CURVE('',#3384,#3415,#3423,.T.);
#3423 = LINE('',#3424,#3425);
#3424 = CARTESIAN_POINT('',(0.,170.,0.));
#3425 = VECTOR('',#3426,1.);
#3426 = DIRECTION('',(1.,0.,0.));
#3427 = PLANE('',#3428);
#3428 = AXIS2_PLACEMENT_3D('',#3429,#3430,#3431);
#3429 = CARTESIAN_POINT('',(0.,170.,0.));
#3430 = DIRECTION('',(0.,-1.,0.));
#3431 = DIRECTION('',(1.,0.,0.));
#3432 = ADVANCED_FACE('',(#3433),#3458,.F.);
#3433 = FACE_BOUND('',#3434,.F.);
#3434 = EDGE_LOOP('',(#3435,#3436,#3444,#3452));
#3435 = ORIENTED_EDGE('',*,*,#3414,.T.);
#3436 = ORIENTED_EDGE('',*,*,#3437,.T.);
#3437 = EDGE_CURVE('',#3407,#3438,#3440,.T.);
#3438 = VERTEX_POINT('',#3439);
#3439 = CARTESIAN_POINT('',(48.,0.,-3.5E-02));
#3440 = LINE('',#3441,#3442);
#3441 = CARTESIAN_POINT('',(48.,170.,-3.5E-02));
#3442 = VECTOR('',#3443,1.);
#3443 = DIRECTION('',(0.,-1.,0.));
#3444 = ORIENTED_EDGE('',*,*,#3445,.F.);
#3445 = EDGE_CURVE('',#3446,#3438,#3448,.T.);
#3446 = VERTEX_POINT('',#3447);
#3447 = CARTESIAN_POINT('',(48.,-0.,0.));
#3448 = LINE('',#3449,#3450);
#3449 = CARTESIAN_POINT('',(48.,-0.,0.));
#3450 = VECTOR('',#3451,1.);
#3451 = DIRECTION('',(0.,0.,-1.));
#3452 = ORIENTED_EDGE('',*,*,#3453,.F.);
#3453 = EDGE_CURVE('',#3415,#3446,#3454,.T.);
#3454 = LINE('',#3455,#3456);
#3455 = CARTESIAN_POINT('',(48.,170.,0.));
#3456 = VECTOR('',#3457,1.);
#3457 = DIRECTION('',(0.,-1.,0.));
#3458 = PLANE('',#3459);
#3459 = AXIS2_PLACEMENT_3D('',#3460,#3461,#3462);
#3460 = CARTESIAN_POINT('',(48.,170.,0.));
#3461 = DIRECTION('',(-1.,-0.,-0.));
#3462 = DIRECTION('',(0.,-1.,0.));
#3463 = ADVANCED_FACE('',(#3464),#3480,.F.);
#3464 = FACE_BOUND('',#3465,.F.);
#3465 = EDGE_LOOP('',(#3466,#3467,#3473,#3474));
#3466 = ORIENTED_EDGE('',*,*,#3445,.T.);
#3467 = ORIENTED_EDGE('',*,*,#3468,.T.);
#3468 = EDGE_CURVE('',#3438,#3368,#3469,.T.);
#3469 = LINE('',#3470,#3471);
#3470 = CARTESIAN_POINT('',(48.,0.,-3.5E-02));
#3471 = VECTOR('',#3472,1.);
#3472 = DIRECTION('',(-1.,0.,0.));
#3473 = ORIENTED_EDGE('',*,*,#3365,.F.);
#3474 = ORIENTED_EDGE('',*,*,#3475,.F.);
#3475 = EDGE_CURVE('',#3446,#3366,#3476,.T.);
#3476 = LINE('',#3477,#3478);
#3477 = CARTESIAN_POINT('',(48.,-0.,0.));
#3478 = VECTOR('',#3479,1.);
#3479 = DIRECTION('',(-1.,0.,0.));
#3480 = PLANE('',#3481);
#3481 = AXIS2_PLACEMENT_3D('',#3482,#3483,#3484);
#3482 = CARTESIAN_POINT('',(48.,0.,0.));
#3483 = DIRECTION('',(0.,1.,0.));
#3484 = DIRECTION('',(-1.,0.,0.));
#3485 = ADVANCED_FACE('',(#3486),#3492,.F.);
#3486 = FACE_BOUND('',#3487,.F.);
#3487 = EDGE_LOOP('',(#3488,#3489,#3490,#3491));
#3488 = ORIENTED_EDGE('',*,*,#3391,.T.);
#3489 = ORIENTED_EDGE('',*,*,#3422,.T.);
#3490 = ORIENTED_EDGE('',*,*,#3453,.T.);
#3491 = ORIENTED_EDGE('',*,*,#3475,.T.);
#3492 = PLANE('',#3493);
#3493 = AXIS2_PLACEMENT_3D('',#3494,#3495,#3496);
#3494 = CARTESIAN_POINT('',(0.,0.,0.));
#3495 = DIRECTION('',(-0.,-0.,-1.));
#3496 = DIRECTION('',(-1.,0.,0.));
#3497 = ADVANCED_FACE('',(#3498),#3504,.T.);
#3498 = FACE_BOUND('',#3499,.T.);
#3499 = EDGE_LOOP('',(#3500,#3501,#3502,#3503));
#3500 = ORIENTED_EDGE('',*,*,#3375,.T.);
#3501 = ORIENTED_EDGE('',*,*,#3406,.T.);
#3502 = ORIENTED_EDGE('',*,*,#3437,.T.);
#3503 = ORIENTED_EDGE('',*,*,#3468,.T.);
#3504 = PLANE('',#3505);
#3505 = AXIS2_PLACEMENT_3D('',#3506,#3507,#3508);
#3506 = CARTESIAN_POINT('',(0.,0.,-3.5E-02));
#3507 = DIRECTION('',(-0.,-0.,-1.));
#3508 = DIRECTION('',(-1.,0.,0.));
#3509 = ( GEOMETRIC_REPRESENTATION_CONTEXT(3) 
GLOBAL_UNCERTAINTY_ASSIGNED_CONTEXT((#3513)) 
GLOBAL_UNIT_ASSIGNED_CONTEXT((#3510,#3511,#3512)) REPRESENTATION_CONTEXT
('Context #1','3D Context with UNIT and UNCERTAINTY') );
#3510 = ( LENGTH_UNIT() NAMED_UNIT(*) SI_UNIT(.MILLI.,.METRE.) );
#3511 = ( NAMED_UNIT(*) PLANE_ANGLE_UNIT() SI_UNIT($,.RADIAN.) );
#3512 = ( NAMED_UNIT(*) SI_UNIT($,.STERADIAN.) SOLID_ANGLE_UNIT() );
#3513 = UNCERTAINTY_MEASURE_WITH_UNIT(LENGTH_MEASURE(1.E-07),#3510,
  'distance_accuracy_value','confusion accuracy');
#3514 = CONTEXT_DEPENDENT_SHAPE_REPRESENTATION(#3515,#3517);
#3515 = ( REPRESENTATION_RELATIONSHIP('','',#40,#10) 
REPRESENTATION_RELATIONSHIP_WITH_TRANSFORMATION(#3516) 
SHAPE_REPRESENTATION_RELATIONSHIP() );
#3516 = ITEM_DEFINED_TRANSFORMATION('','',#11,#15);
#3517 = PRODUCT_DEFINITION_SHAPE('Placement','Placement of an item',
  #3518);
#3518 = NEXT_ASSEMBLY_USAGE_OCCURRENCE('1','=>[0:1:1:2]','',#5,#35,$);
#3519 = PRODUCT_RELATED_PRODUCT_CATEGORY('part',$,(#37));
#3520 = SHAPE_DEFINITION_REPRESENTATION(#3521,#3527);
#3521 = PRODUCT_DEFINITION_SHAPE('','',#3522);
#3522 = PRODUCT_DEFINITION('design','',#3523,#3526);
#3523 = PRODUCT_DEFINITION_FORMATION('','',#3524);
#3524 = PRODUCT('line_array_h_pol_pad','line_array_h_pol_pad','',(#3525)
  );
#3525 = PRODUCT_CONTEXT('',#2,'mechanical');
#3526 = PRODUCT_DEFINITION_CONTEXT('part definition',#2,'design');
#3527 = SHAPE_REPRESENTATION('',(#11,#3528,#3678,#3828,#3978,#4128,#4278
    ),#4428);
#3528 = MANIFOLD_SOLID_BREP('',#3529);
#3529 = CLOSED_SHELL('',(#3530,#3570,#3601,#3632,#3654,#3666));
#3530 = ADVANCED_FACE('',(#3531),#3565,.T.);
#3531 = FACE_BOUND('',#3532,.T.);
#3532 = EDGE_LOOP('',(#3533,#3543,#3551,#3559));
#3533 = ORIENTED_EDGE('',*,*,#3534,.T.);
#3534 = EDGE_CURVE('',#3535,#3537,#3539,.T.);
#3535 = VERTEX_POINT('',#3536);
#3536 = CARTESIAN_POINT('',(8.695,-5.E-03,1.524));
#3537 = VERTEX_POINT('',#3538);
#3538 = CARTESIAN_POINT('',(8.695,-5.E-03,1.564));
#3539 = LINE('',#3540,#3541);
#3540 = CARTESIAN_POINT('',(8.695,-5.E-03,1.524));
#3541 = VECTOR('',#3542,1.);
#3542 = DIRECTION('',(0.,0.,1.));
#3543 = ORIENTED_EDGE('',*,*,#3544,.T.);
#3544 = EDGE_CURVE('',#3537,#3545,#3547,.T.);
#3545 = VERTEX_POINT('',#3546);
#3546 = CARTESIAN_POINT('',(8.695,5.E-03,1.564));
#3547 = LINE('',#3548,#3549);
#3548 = CARTESIAN_POINT('',(8.695,-5.E-03,1.564));
#3549 = VECTOR('',#3550,1.);
#3550 = DIRECTION('',(0.,1.,0.));
#3551 = ORIENTED_EDGE('',*,*,#3552,.F.);
#3552 = EDGE_CURVE('',#3553,#3545,#3555,.T.);
#3553 = VERTEX_POINT('',#3554);
#3554 = CARTESIAN_POINT('',(8.695,5.E-03,1.524));
#3555 = LINE('',#3556,#3557);
#3556 = CARTESIAN_POINT('',(8.695,5.E-03,1.524));
#3557 = VECTOR('',#3558,1.);
#3558 = DIRECTION('',(0.,0.,1.));
#3559 = ORIENTED_EDGE('',*,*,#3560,.F.);
#3560 = EDGE_CURVE('',#3535,#3553,#3561,.T.);
#3561 = LINE('',#3562,#3563);
#3562 = CARTESIAN_POINT('',(8.695,-5.E-03,1.524));
#3563 = VECTOR('',#3564,1.);
#3564 = DIRECTION('',(0.,1.,0.));
#3565 = PLANE('',#3566);
#3566 = AXIS2_PLACEMENT_3D('',#3567,#3568,#3569);
#3567 = CARTESIAN_POINT('',(8.695,-5.E-03,1.524));
#3568 = DIRECTION('',(-1.,0.,0.));
#3569 = DIRECTION('',(0.,1.,0.));
#3570 = ADVANCED_FACE('',(#3571),#3596,.T.);
#3571 = FACE_BOUND('',#3572,.T.);
#3572 = EDGE_LOOP('',(#3573,#3574,#3582,#3590));
#3573 = ORIENTED_EDGE('',*,*,#3552,.T.);
#3574 = ORIENTED_EDGE('',*,*,#3575,.T.);
#3575 = EDGE_CURVE('',#3545,#3576,#3578,.T.);
#3576 = VERTEX_POINT('',#3577);
#3577 = CARTESIAN_POINT('',(8.705,5.E-03,1.564));
#3578 = LINE('',#3579,#3580);
#3579 = CARTESIAN_POINT('',(8.695,5.E-03,1.564));
#3580 = VECTOR('',#3581,1.);
#3581 = DIRECTION('',(1.,0.,0.));
#3582 = ORIENTED_EDGE('',*,*,#3583,.F.);
#3583 = EDGE_CURVE('',#3584,#3576,#3586,.T.);
#3584 = VERTEX_POINT('',#3585);
#3585 = CARTESIAN_POINT('',(8.705,5.E-03,1.524));
#3586 = LINE('',#3587,#3588);
#3587 = CARTESIAN_POINT('',(8.705,5.E-03,1.524));
#3588 = VECTOR('',#3589,1.);
#3589 = DIRECTION('',(0.,0.,1.));
#3590 = ORIENTED_EDGE('',*,*,#3591,.F.);
#3591 = EDGE_CURVE('',#3553,#3584,#3592,.T.);
#3592 = LINE('',#3593,#3594);
#3593 = CARTESIAN_POINT('',(8.695,5.E-03,1.524));
#3594 = VECTOR('',#3595,1.);
#3595 = DIRECTION('',(1.,0.,0.));
#3596 = PLANE('',#3597);
#3597 = AXIS2_PLACEMENT_3D('',#3598,#3599,#3600);
#3598 = CARTESIAN_POINT('',(8.695,5.E-03,1.524));
#3599 = DIRECTION('',(0.,1.,0.));
#3600 = DIRECTION('',(1.,0.,0.));
#3601 = ADVANCED_FACE('',(#3602),#3627,.T.);
#3602 = FACE_BOUND('',#3603,.T.);
#3603 = EDGE_LOOP('',(#3604,#3605,#3613,#3621));
#3604 = ORIENTED_EDGE('',*,*,#3583,.T.);
#3605 = ORIENTED_EDGE('',*,*,#3606,.T.);
#3606 = EDGE_CURVE('',#3576,#3607,#3609,.T.);
#3607 = VERTEX_POINT('',#3608);
#3608 = CARTESIAN_POINT('',(8.705,-5.E-03,1.564));
#3609 = LINE('',#3610,#3611);
#3610 = CARTESIAN_POINT('',(8.705,5.E-03,1.564));
#3611 = VECTOR('',#3612,1.);
#3612 = DIRECTION('',(0.,-1.,0.));
#3613 = ORIENTED_EDGE('',*,*,#3614,.F.);
#3614 = EDGE_CURVE('',#3615,#3607,#3617,.T.);
#3615 = VERTEX_POINT('',#3616);
#3616 = CARTESIAN_POINT('',(8.705,-5.E-03,1.524));
#3617 = LINE('',#3618,#3619);
#3618 = CARTESIAN_POINT('',(8.705,-5.E-03,1.524));
#3619 = VECTOR('',#3620,1.);
#3620 = DIRECTION('',(0.,0.,1.));
#3621 = ORIENTED_EDGE('',*,*,#3622,.F.);
#3622 = EDGE_CURVE('',#3584,#3615,#3623,.T.);
#3623 = LINE('',#3624,#3625);
#3624 = CARTESIAN_POINT('',(8.705,5.E-03,1.524));
#3625 = VECTOR('',#3626,1.);
#3626 = DIRECTION('',(0.,-1.,0.));
#3627 = PLANE('',#3628);
#3628 = AXIS2_PLACEMENT_3D('',#3629,#3630,#3631);
#3629 = CARTESIAN_POINT('',(8.705,5.E-03,1.524));
#3630 = DIRECTION('',(1.,0.,-0.));
#3631 = DIRECTION('',(0.,-1.,0.));
#3632 = ADVANCED_FACE('',(#3633),#3649,.T.);
#3633 = FACE_BOUND('',#3634,.T.);
#3634 = EDGE_LOOP('',(#3635,#3636,#3642,#3643));
#3635 = ORIENTED_EDGE('',*,*,#3614,.T.);
#3636 = ORIENTED_EDGE('',*,*,#3637,.T.);
#3637 = EDGE_CURVE('',#3607,#3537,#3638,.T.);
#3638 = LINE('',#3639,#3640);
#3639 = CARTESIAN_POINT('',(8.705,-5.E-03,1.564));
#3640 = VECTOR('',#3641,1.);
#3641 = DIRECTION('',(-1.,0.,0.));
#3642 = ORIENTED_EDGE('',*,*,#3534,.F.);
#3643 = ORIENTED_EDGE('',*,*,#3644,.F.);
#3644 = EDGE_CURVE('',#3615,#3535,#3645,.T.);
#3645 = LINE('',#3646,#3647);
#3646 = CARTESIAN_POINT('',(8.705,-5.E-03,1.524));
#3647 = VECTOR('',#3648,1.);
#3648 = DIRECTION('',(-1.,0.,0.));
#3649 = PLANE('',#3650);
#3650 = AXIS2_PLACEMENT_3D('',#3651,#3652,#3653);
#3651 = CARTESIAN_POINT('',(8.705,-5.E-03,1.524));
#3652 = DIRECTION('',(0.,-1.,0.));
#3653 = DIRECTION('',(-1.,0.,0.));
#3654 = ADVANCED_FACE('',(#3655),#3661,.F.);
#3655 = FACE_BOUND('',#3656,.T.);
#3656 = EDGE_LOOP('',(#3657,#3658,#3659,#3660));
#3657 = ORIENTED_EDGE('',*,*,#3560,.T.);
#3658 = ORIENTED_EDGE('',*,*,#3591,.T.);
#3659 = ORIENTED_EDGE('',*,*,#3622,.T.);
#3660 = ORIENTED_EDGE('',*,*,#3644,.T.);
#3661 = PLANE('',#3662);
#3662 = AXIS2_PLACEMENT_3D('',#3663,#3664,#3665);
#3663 = CARTESIAN_POINT('',(0.,0.,1.524));
#3664 = DIRECTION('',(0.,0.,1.));
#3665 = DIRECTION('',(1.,0.,-0.));
#3666 = ADVANCED_FACE('',(#3667),#3673,.T.);
#3667 = FACE_BOUND('',#3668,.F.);
#3668 = EDGE_LOOP('',(#3669,#3670,#3671,#3672));
#3669 = ORIENTED_EDGE('',*,*,#3544,.T.);
#3670 = ORIENTED_EDGE('',*,*,#3575,.T.);
#3671 = ORIENTED_EDGE('',*,*,#3606,.T.);
#3672 = ORIENTED_EDGE('',*,*,#3637,.T.);
#3673 = PLANE('',#3674);
#3674 = AXIS2_PLACEMENT_3D('',#3675,#3676,#3677);
#3675 = CARTESIAN_POINT('',(0.,0.,1.564));
#3676 = DIRECTION('',(0.,0.,1.));
#3677 = DIRECTION('',(1.,0.,-0.));
#3678 = MANIFOLD_SOLID_BREP('',#3679);
#3679 = CLOSED_SHELL('',(#3680,#3720,#3751,#3782,#3804,#3816));
#3680 = ADVANCED_FACE('',(#3681),#3715,.T.);
#3681 = FACE_BOUND('',#3682,.T.);
#3682 = EDGE_LOOP('',(#3683,#3693,#3701,#3709));
#3683 = ORIENTED_EDGE('',*,*,#3684,.T.);
#3684 = EDGE_CURVE('',#3685,#3687,#3689,.T.);
#3685 = VERTEX_POINT('',#3686);
#3686 = CARTESIAN_POINT('',(29.72,17.695,1.524));
#3687 = VERTEX_POINT('',#3688);
#3688 = CARTESIAN_POINT('',(29.72,17.695,1.564));
#3689 = LINE('',#3690,#3691);
#3690 = CARTESIAN_POINT('',(29.72,17.695,1.524));
#3691 = VECTOR('',#3692,1.);
#3692 = DIRECTION('',(0.,0.,1.));
#3693 = ORIENTED_EDGE('',*,*,#3694,.T.);
#3694 = EDGE_CURVE('',#3687,#3695,#3697,.T.);
#3695 = VERTEX_POINT('',#3696);
#3696 = CARTESIAN_POINT('',(29.72,17.705,1.564));
#3697 = LINE('',#3698,#3699);
#3698 = CARTESIAN_POINT('',(29.72,17.695,1.564));
#3699 = VECTOR('',#3700,1.);
#3700 = DIRECTION('',(0.,1.,0.));
#3701 = ORIENTED_EDGE('',*,*,#3702,.F.);
#3702 = EDGE_CURVE('',#3703,#3695,#3705,.T.);
#3703 = VERTEX_POINT('',#3704);
#3704 = CARTESIAN_POINT('',(29.72,17.705,1.524));
#3705 = LINE('',#3706,#3707);
#3706 = CARTESIAN_POINT('',(29.72,17.705,1.524));
#3707 = VECTOR('',#3708,1.);
#3708 = DIRECTION('',(0.,0.,1.));
#3709 = ORIENTED_EDGE('',*,*,#3710,.F.);
#3710 = EDGE_CURVE('',#3685,#3703,#3711,.T.);
#3711 = LINE('',#3712,#3713);
#3712 = CARTESIAN_POINT('',(29.72,17.695,1.524));
#3713 = VECTOR('',#3714,1.);
#3714 = DIRECTION('',(0.,1.,0.));
#3715 = PLANE('',#3716);
#3716 = AXIS2_PLACEMENT_3D('',#3717,#3718,#3719);
#3717 = CARTESIAN_POINT('',(29.72,17.695,1.524));
#3718 = DIRECTION('',(-1.,0.,0.));
#3719 = DIRECTION('',(0.,1.,0.));
#3720 = ADVANCED_FACE('',(#3721),#3746,.T.);
#3721 = FACE_BOUND('',#3722,.T.);
#3722 = EDGE_LOOP('',(#3723,#3724,#3732,#3740));
#3723 = ORIENTED_EDGE('',*,*,#3702,.T.);
#3724 = ORIENTED_EDGE('',*,*,#3725,.T.);
#3725 = EDGE_CURVE('',#3695,#3726,#3728,.T.);
#3726 = VERTEX_POINT('',#3727);
#3727 = CARTESIAN_POINT('',(29.73,17.705,1.564));
#3728 = LINE('',#3729,#3730);
#3729 = CARTESIAN_POINT('',(29.72,17.705,1.564));
#3730 = VECTOR('',#3731,1.);
#3731 = DIRECTION('',(1.,0.,0.));
#3732 = ORIENTED_EDGE('',*,*,#3733,.F.);
#3733 = EDGE_CURVE('',#3734,#3726,#3736,.T.);
#3734 = VERTEX_POINT('',#3735);
#3735 = CARTESIAN_POINT('',(29.73,17.705,1.524));
#3736 = LINE('',#3737,#3738);
#3737 = CARTESIAN_POINT('',(29.73,17.705,1.524));
#3738 = VECTOR('',#3739,1.);
#3739 = DIRECTION('',(0.,0.,1.));
#3740 = ORIENTED_EDGE('',*,*,#3741,.F.);
#3741 = EDGE_CURVE('',#3703,#3734,#3742,.T.);
#3742 = LINE('',#3743,#3744);
#3743 = CARTESIAN_POINT('',(29.72,17.705,1.524));
#3744 = VECTOR('',#3745,1.);
#3745 = DIRECTION('',(1.,0.,0.));
#3746 = PLANE('',#3747);
#3747 = AXIS2_PLACEMENT_3D('',#3748,#3749,#3750);
#3748 = CARTESIAN_POINT('',(29.72,17.705,1.524));
#3749 = DIRECTION('',(0.,1.,0.));
#3750 = DIRECTION('',(1.,0.,0.));
#3751 = ADVANCED_FACE('',(#3752),#3777,.T.);
#3752 = FACE_BOUND('',#3753,.T.);
#3753 = EDGE_LOOP('',(#3754,#3755,#3763,#3771));
#3754 = ORIENTED_EDGE('',*,*,#3733,.T.);
#3755 = ORIENTED_EDGE('',*,*,#3756,.T.);
#3756 = EDGE_CURVE('',#3726,#3757,#3759,.T.);
#3757 = VERTEX_POINT('',#3758);
#3758 = CARTESIAN_POINT('',(29.73,17.695,1.564));
#3759 = LINE('',#3760,#3761);
#3760 = CARTESIAN_POINT('',(29.73,17.705,1.564));
#3761 = VECTOR('',#3762,1.);
#3762 = DIRECTION('',(0.,-1.,0.));
#3763 = ORIENTED_EDGE('',*,*,#3764,.F.);
#3764 = EDGE_CURVE('',#3765,#3757,#3767,.T.);
#3765 = VERTEX_POINT('',#3766);
#3766 = CARTESIAN_POINT('',(29.73,17.695,1.524));
#3767 = LINE('',#3768,#3769);
#3768 = CARTESIAN_POINT('',(29.73,17.695,1.524));
#3769 = VECTOR('',#3770,1.);
#3770 = DIRECTION('',(0.,0.,1.));
#3771 = ORIENTED_EDGE('',*,*,#3772,.F.);
#3772 = EDGE_CURVE('',#3734,#3765,#3773,.T.);
#3773 = LINE('',#3774,#3775);
#3774 = CARTESIAN_POINT('',(29.73,17.705,1.524));
#3775 = VECTOR('',#3776,1.);
#3776 = DIRECTION('',(0.,-1.,0.));
#3777 = PLANE('',#3778);
#3778 = AXIS2_PLACEMENT_3D('',#3779,#3780,#3781);
#3779 = CARTESIAN_POINT('',(29.73,17.705,1.524));
#3780 = DIRECTION('',(1.,0.,-0.));
#3781 = DIRECTION('',(0.,-1.,0.));
#3782 = ADVANCED_FACE('',(#3783),#3799,.T.);
#3783 = FACE_BOUND('',#3784,.T.);
#3784 = EDGE_LOOP('',(#3785,#3786,#3792,#3793));
#3785 = ORIENTED_EDGE('',*,*,#3764,.T.);
#3786 = ORIENTED_EDGE('',*,*,#3787,.T.);
#3787 = EDGE_CURVE('',#3757,#3687,#3788,.T.);
#3788 = LINE('',#3789,#3790);
#3789 = CARTESIAN_POINT('',(29.73,17.695,1.564));
#3790 = VECTOR('',#3791,1.);
#3791 = DIRECTION('',(-1.,0.,0.));
#3792 = ORIENTED_EDGE('',*,*,#3684,.F.);
#3793 = ORIENTED_EDGE('',*,*,#3794,.F.);
#3794 = EDGE_CURVE('',#3765,#3685,#3795,.T.);
#3795 = LINE('',#3796,#3797);
#3796 = CARTESIAN_POINT('',(29.73,17.695,1.524));
#3797 = VECTOR('',#3798,1.);
#3798 = DIRECTION('',(-1.,0.,0.));
#3799 = PLANE('',#3800);
#3800 = AXIS2_PLACEMENT_3D('',#3801,#3802,#3803);
#3801 = CARTESIAN_POINT('',(29.73,17.695,1.524));
#3802 = DIRECTION('',(0.,-1.,0.));
#3803 = DIRECTION('',(-1.,0.,0.));
#3804 = ADVANCED_FACE('',(#3805),#3811,.F.);
#3805 = FACE_BOUND('',#3806,.T.);
#3806 = EDGE_LOOP('',(#3807,#3808,#3809,#3810));
#3807 = ORIENTED_EDGE('',*,*,#3710,.T.);
#3808 = ORIENTED_EDGE('',*,*,#3741,.T.);
#3809 = ORIENTED_EDGE('',*,*,#3772,.T.);
#3810 = ORIENTED_EDGE('',*,*,#3794,.T.);
#3811 = PLANE('',#3812);
#3812 = AXIS2_PLACEMENT_3D('',#3813,#3814,#3815);
#3813 = CARTESIAN_POINT('',(0.,0.,1.524));
#3814 = DIRECTION('',(0.,0.,1.));
#3815 = DIRECTION('',(1.,0.,-0.));
#3816 = ADVANCED_FACE('',(#3817),#3823,.T.);
#3817 = FACE_BOUND('',#3818,.F.);
#3818 = EDGE_LOOP('',(#3819,#3820,#3821,#3822));
#3819 = ORIENTED_EDGE('',*,*,#3694,.T.);
#3820 = ORIENTED_EDGE('',*,*,#3725,.T.);
#3821 = ORIENTED_EDGE('',*,*,#3756,.T.);
#3822 = ORIENTED_EDGE('',*,*,#3787,.T.);
#3823 = PLANE('',#3824);
#3824 = AXIS2_PLACEMENT_3D('',#3825,#3826,#3827);
#3825 = CARTESIAN_POINT('',(0.,0.,1.564));
#3826 = DIRECTION('',(0.,0.,1.));
#3827 = DIRECTION('',(1.,0.,-0.));
#3828 = MANIFOLD_SOLID_BREP('',#3829);
#3829 = CLOSED_SHELL('',(#3830,#3870,#3901,#3932,#3954,#3966));
#3830 = ADVANCED_FACE('',(#3831),#3865,.T.);
#3831 = FACE_BOUND('',#3832,.T.);
#3832 = EDGE_LOOP('',(#3833,#3843,#3851,#3859));
#3833 = ORIENTED_EDGE('',*,*,#3834,.T.);
#3834 = EDGE_CURVE('',#3835,#3837,#3839,.T.);
#3835 = VERTEX_POINT('',#3836);
#3836 = CARTESIAN_POINT('',(29.195,49.495,1.524));
#3837 = VERTEX_POINT('',#3838);
#3838 = CARTESIAN_POINT('',(29.195,49.495,1.564));
#3839 = LINE('',#3840,#3841);
#3840 = CARTESIAN_POINT('',(29.195,49.495,1.524));
#3841 = VECTOR('',#3842,1.);
#3842 = DIRECTION('',(0.,0.,1.));
#3843 = ORIENTED_EDGE('',*,*,#3844,.T.);
#3844 = EDGE_CURVE('',#3837,#3845,#3847,.T.);
#3845 = VERTEX_POINT('',#3846);
#3846 = CARTESIAN_POINT('',(29.195,49.505,1.564));
#3847 = LINE('',#3848,#3849);
#3848 = CARTESIAN_POINT('',(29.195,49.495,1.564));
#3849 = VECTOR('',#3850,1.);
#3850 = DIRECTION('',(0.,1.,0.));
#3851 = ORIENTED_EDGE('',*,*,#3852,.F.);
#3852 = EDGE_CURVE('',#3853,#3845,#3855,.T.);
#3853 = VERTEX_POINT('',#3854);
#3854 = CARTESIAN_POINT('',(29.195,49.505,1.524));
#3855 = LINE('',#3856,#3857);
#3856 = CARTESIAN_POINT('',(29.195,49.505,1.524));
#3857 = VECTOR('',#3858,1.);
#3858 = DIRECTION('',(0.,0.,1.));
#3859 = ORIENTED_EDGE('',*,*,#3860,.F.);
#3860 = EDGE_CURVE('',#3835,#3853,#3861,.T.);
#3861 = LINE('',#3862,#3863);
#3862 = CARTESIAN_POINT('',(29.195,49.495,1.524));
#3863 = VECTOR('',#3864,1.);
#3864 = DIRECTION('',(0.,1.,0.));
#3865 = PLANE('',#3866);
#3866 = AXIS2_PLACEMENT_3D('',#3867,#3868,#3869);
#3867 = CARTESIAN_POINT('',(29.195,49.495,1.524));
#3868 = DIRECTION('',(-1.,0.,0.));
#3869 = DIRECTION('',(0.,1.,0.));
#3870 = ADVANCED_FACE('',(#3871),#3896,.T.);
#3871 = FACE_BOUND('',#3872,.T.);
#3872 = EDGE_LOOP('',(#3873,#3874,#3882,#3890));
#3873 = ORIENTED_EDGE('',*,*,#3852,.T.);
#3874 = ORIENTED_EDGE('',*,*,#3875,.T.);
#3875 = EDGE_CURVE('',#3845,#3876,#3878,.T.);
#3876 = VERTEX_POINT('',#3877);
#3877 = CARTESIAN_POINT('',(29.205,49.505,1.564));
#3878 = LINE('',#3879,#3880);
#3879 = CARTESIAN_POINT('',(29.195,49.505,1.564));
#3880 = VECTOR('',#3881,1.);
#3881 = DIRECTION('',(1.,0.,0.));
#3882 = ORIENTED_EDGE('',*,*,#3883,.F.);
#3883 = EDGE_CURVE('',#3884,#3876,#3886,.T.);
#3884 = VERTEX_POINT('',#3885);
#3885 = CARTESIAN_POINT('',(29.205,49.505,1.524));
#3886 = LINE('',#3887,#3888);
#3887 = CARTESIAN_POINT('',(29.205,49.505,1.524));
#3888 = VECTOR('',#3889,1.);
#3889 = DIRECTION('',(0.,0.,1.));
#3890 = ORIENTED_EDGE('',*,*,#3891,.F.);
#3891 = EDGE_CURVE('',#3853,#3884,#3892,.T.);
#3892 = LINE('',#3893,#3894);
#3893 = CARTESIAN_POINT('',(29.195,49.505,1.524));
#3894 = VECTOR('',#3895,1.);
#3895 = DIRECTION('',(1.,0.,0.));
#3896 = PLANE('',#3897);
#3897 = AXIS2_PLACEMENT_3D('',#3898,#3899,#3900);
#3898 = CARTESIAN_POINT('',(29.195,49.505,1.524));
#3899 = DIRECTION('',(0.,1.,0.));
#3900 = DIRECTION('',(1.,0.,0.));
#3901 = ADVANCED_FACE('',(#3902),#3927,.T.);
#3902 = FACE_BOUND('',#3903,.T.);
#3903 = EDGE_LOOP('',(#3904,#3905,#3913,#3921));
#3904 = ORIENTED_EDGE('',*,*,#3883,.T.);
#3905 = ORIENTED_EDGE('',*,*,#3906,.T.);
#3906 = EDGE_CURVE('',#3876,#3907,#3909,.T.);
#3907 = VERTEX_POINT('',#3908);
#3908 = CARTESIAN_POINT('',(29.205,49.495,1.564));
#3909 = LINE('',#3910,#3911);
#3910 = CARTESIAN_POINT('',(29.205,49.505,1.564));
#3911 = VECTOR('',#3912,1.);
#3912 = DIRECTION('',(0.,-1.,0.));
#3913 = ORIENTED_EDGE('',*,*,#3914,.F.);
#3914 = EDGE_CURVE('',#3915,#3907,#3917,.T.);
#3915 = VERTEX_POINT('',#3916);
#3916 = CARTESIAN_POINT('',(29.205,49.495,1.524));
#3917 = LINE('',#3918,#3919);
#3918 = CARTESIAN_POINT('',(29.205,49.495,1.524));
#3919 = VECTOR('',#3920,1.);
#3920 = DIRECTION('',(0.,0.,1.));
#3921 = ORIENTED_EDGE('',*,*,#3922,.F.);
#3922 = EDGE_CURVE('',#3884,#3915,#3923,.T.);
#3923 = LINE('',#3924,#3925);
#3924 = CARTESIAN_POINT('',(29.205,49.505,1.524));
#3925 = VECTOR('',#3926,1.);
#3926 = DIRECTION('',(0.,-1.,0.));
#3927 = PLANE('',#3928);
#3928 = AXIS2_PLACEMENT_3D('',#3929,#3930,#3931);
#3929 = CARTESIAN_POINT('',(29.205,49.505,1.524));
#3930 = DIRECTION('',(1.,0.,-0.));
#3931 = DIRECTION('',(0.,-1.,0.));
#3932 = ADVANCED_FACE('',(#3933),#3949,.T.);
#3933 = FACE_BOUND('',#3934,.T.);
#3934 = EDGE_LOOP('',(#3935,#3936,#3942,#3943));
#3935 = ORIENTED_EDGE('',*,*,#3914,.T.);
#3936 = ORIENTED_EDGE('',*,*,#3937,.T.);
#3937 = EDGE_CURVE('',#3907,#3837,#3938,.T.);
#3938 = LINE('',#3939,#3940);
#3939 = CARTESIAN_POINT('',(29.205,49.495,1.564));
#3940 = VECTOR('',#3941,1.);
#3941 = DIRECTION('',(-1.,0.,0.));
#3942 = ORIENTED_EDGE('',*,*,#3834,.F.);
#3943 = ORIENTED_EDGE('',*,*,#3944,.F.);
#3944 = EDGE_CURVE('',#3915,#3835,#3945,.T.);
#3945 = LINE('',#3946,#3947);
#3946 = CARTESIAN_POINT('',(29.205,49.495,1.524));
#3947 = VECTOR('',#3948,1.);
#3948 = DIRECTION('',(-1.,0.,0.));
#3949 = PLANE('',#3950);
#3950 = AXIS2_PLACEMENT_3D('',#3951,#3952,#3953);
#3951 = CARTESIAN_POINT('',(29.205,49.495,1.524));
#3952 = DIRECTION('',(0.,-1.,0.));
#3953 = DIRECTION('',(-1.,0.,0.));
#3954 = ADVANCED_FACE('',(#3955),#3961,.F.);
#3955 = FACE_BOUND('',#3956,.T.);
#3956 = EDGE_LOOP('',(#3957,#3958,#3959,#3960));
#3957 = ORIENTED_EDGE('',*,*,#3860,.T.);
#3958 = ORIENTED_EDGE('',*,*,#3891,.T.);
#3959 = ORIENTED_EDGE('',*,*,#3922,.T.);
#3960 = ORIENTED_EDGE('',*,*,#3944,.T.);
#3961 = PLANE('',#3962);
#3962 = AXIS2_PLACEMENT_3D('',#3963,#3964,#3965);
#3963 = CARTESIAN_POINT('',(0.,0.,1.524));
#3964 = DIRECTION('',(0.,0.,1.));
#3965 = DIRECTION('',(1.,0.,-0.));
#3966 = ADVANCED_FACE('',(#3967),#3973,.T.);
#3967 = FACE_BOUND('',#3968,.F.);
#3968 = EDGE_LOOP('',(#3969,#3970,#3971,#3972));
#3969 = ORIENTED_EDGE('',*,*,#3844,.T.);
#3970 = ORIENTED_EDGE('',*,*,#3875,.T.);
#3971 = ORIENTED_EDGE('',*,*,#3906,.T.);
#3972 = ORIENTED_EDGE('',*,*,#3937,.T.);
#3973 = PLANE('',#3974);
#3974 = AXIS2_PLACEMENT_3D('',#3975,#3976,#3977);
#3975 = CARTESIAN_POINT('',(0.,0.,1.564));
#3976 = DIRECTION('',(0.,0.,1.));
#3977 = DIRECTION('',(1.,0.,-0.));
#3978 = MANIFOLD_SOLID_BREP('',#3979);
#3979 = CLOSED_SHELL('',(#3980,#4020,#4051,#4082,#4104,#4116));
#3980 = ADVANCED_FACE('',(#3981),#4015,.T.);
#3981 = FACE_BOUND('',#3982,.T.);
#3982 = EDGE_LOOP('',(#3983,#3993,#4001,#4009));
#3983 = ORIENTED_EDGE('',*,*,#3984,.T.);
#3984 = EDGE_CURVE('',#3985,#3987,#3989,.T.);
#3985 = VERTEX_POINT('',#3986);
#3986 = CARTESIAN_POINT('',(28.62,81.495,1.524));
#3987 = VERTEX_POINT('',#3988);
#3988 = CARTESIAN_POINT('',(28.62,81.495,1.564));
#3989 = LINE('',#3990,#3991);
#3990 = CARTESIAN_POINT('',(28.62,81.495,1.524));
#3991 = VECTOR('',#3992,1.);
#3992 = DIRECTION('',(0.,0.,1.));
#3993 = ORIENTED_EDGE('',*,*,#3994,.T.);
#3994 = EDGE_CURVE('',#3987,#3995,#3997,.T.);
#3995 = VERTEX_POINT('',#3996);
#3996 = CARTESIAN_POINT('',(28.62,81.505,1.564));
#3997 = LINE('',#3998,#3999);
#3998 = CARTESIAN_POINT('',(28.62,81.495,1.564));
#3999 = VECTOR('',#4000,1.);
#4000 = DIRECTION('',(0.,1.,0.));
#4001 = ORIENTED_EDGE('',*,*,#4002,.F.);
#4002 = EDGE_CURVE('',#4003,#3995,#4005,.T.);
#4003 = VERTEX_POINT('',#4004);
#4004 = CARTESIAN_POINT('',(28.62,81.505,1.524));
#4005 = LINE('',#4006,#4007);
#4006 = CARTESIAN_POINT('',(28.62,81.505,1.524));
#4007 = VECTOR('',#4008,1.);
#4008 = DIRECTION('',(0.,0.,1.));
#4009 = ORIENTED_EDGE('',*,*,#4010,.F.);
#4010 = EDGE_CURVE('',#3985,#4003,#4011,.T.);
#4011 = LINE('',#4012,#4013);
#4012 = CARTESIAN_POINT('',(28.62,81.495,1.524));
#4013 = VECTOR('',#4014,1.);
#4014 = DIRECTION('',(0.,1.,0.));
#4015 = PLANE('',#4016);
#4016 = AXIS2_PLACEMENT_3D('',#4017,#4018,#4019);
#4017 = CARTESIAN_POINT('',(28.62,81.495,1.524));
#4018 = DIRECTION('',(-1.,0.,0.));
#4019 = DIRECTION('',(0.,1.,0.));
#4020 = ADVANCED_FACE('',(#4021),#4046,.T.);
#4021 = FACE_BOUND('',#4022,.T.);
#4022 = EDGE_LOOP('',(#4023,#4024,#4032,#4040));
#4023 = ORIENTED_EDGE('',*,*,#4002,.T.);
#4024 = ORIENTED_EDGE('',*,*,#4025,.T.);
#4025 = EDGE_CURVE('',#3995,#4026,#4028,.T.);
#4026 = VERTEX_POINT('',#4027);
#4027 = CARTESIAN_POINT('',(28.63,81.505,1.564));
#4028 = LINE('',#4029,#4030);
#4029 = CARTESIAN_POINT('',(28.62,81.505,1.564));
#4030 = VECTOR('',#4031,1.);
#4031 = DIRECTION('',(1.,0.,0.));
#4032 = ORIENTED_EDGE('',*,*,#4033,.F.);
#4033 = EDGE_CURVE('',#4034,#4026,#4036,.T.);
#4034 = VERTEX_POINT('',#4035);
#4035 = CARTESIAN_POINT('',(28.63,81.505,1.524));
#4036 = LINE('',#4037,#4038);
#4037 = CARTESIAN_POINT('',(28.63,81.505,1.524));
#4038 = VECTOR('',#4039,1.);
#4039 = DIRECTION('',(0.,0.,1.));
#4040 = ORIENTED_EDGE('',*,*,#4041,.F.);
#4041 = EDGE_CURVE('',#4003,#4034,#4042,.T.);
#4042 = LINE('',#4043,#4044);
#4043 = CARTESIAN_POINT('',(28.62,81.505,1.524));
#4044 = VECTOR('',#4045,1.);
#4045 = DIRECTION('',(1.,0.,0.));
#4046 = PLANE('',#4047);
#4047 = AXIS2_PLACEMENT_3D('',#4048,#4049,#4050);
#4048 = CARTESIAN_POINT('',(28.62,81.505,1.524));
#4049 = DIRECTION('',(0.,1.,0.));
#4050 = DIRECTION('',(1.,0.,0.));
#4051 = ADVANCED_FACE('',(#4052),#4077,.T.);
#4052 = FACE_BOUND('',#4053,.T.);
#4053 = EDGE_LOOP('',(#4054,#4055,#4063,#4071));
#4054 = ORIENTED_EDGE('',*,*,#4033,.T.);
#4055 = ORIENTED_EDGE('',*,*,#4056,.T.);
#4056 = EDGE_CURVE('',#4026,#4057,#4059,.T.);
#4057 = VERTEX_POINT('',#4058);
#4058 = CARTESIAN_POINT('',(28.63,81.495,1.564));
#4059 = LINE('',#4060,#4061);
#4060 = CARTESIAN_POINT('',(28.63,81.505,1.564));
#4061 = VECTOR('',#4062,1.);
#4062 = DIRECTION('',(0.,-1.,0.));
#4063 = ORIENTED_EDGE('',*,*,#4064,.F.);
#4064 = EDGE_CURVE('',#4065,#4057,#4067,.T.);
#4065 = VERTEX_POINT('',#4066);
#4066 = CARTESIAN_POINT('',(28.63,81.495,1.524));
#4067 = LINE('',#4068,#4069);
#4068 = CARTESIAN_POINT('',(28.63,81.495,1.524));
#4069 = VECTOR('',#4070,1.);
#4070 = DIRECTION('',(0.,0.,1.));
#4071 = ORIENTED_EDGE('',*,*,#4072,.F.);
#4072 = EDGE_CURVE('',#4034,#4065,#4073,.T.);
#4073 = LINE('',#4074,#4075);
#4074 = CARTESIAN_POINT('',(28.63,81.505,1.524));
#4075 = VECTOR('',#4076,1.);
#4076 = DIRECTION('',(0.,-1.,0.));
#4077 = PLANE('',#4078);
#4078 = AXIS2_PLACEMENT_3D('',#4079,#4080,#4081);
#4079 = CARTESIAN_POINT('',(28.63,81.505,1.524));
#4080 = DIRECTION('',(1.,0.,-0.));
#4081 = DIRECTION('',(0.,-1.,0.));
#4082 = ADVANCED_FACE('',(#4083),#4099,.T.);
#4083 = FACE_BOUND('',#4084,.T.);
#4084 = EDGE_LOOP('',(#4085,#4086,#4092,#4093));
#4085 = ORIENTED_EDGE('',*,*,#4064,.T.);
#4086 = ORIENTED_EDGE('',*,*,#4087,.T.);
#4087 = EDGE_CURVE('',#4057,#3987,#4088,.T.);
#4088 = LINE('',#4089,#4090);
#4089 = CARTESIAN_POINT('',(28.63,81.495,1.564));
#4090 = VECTOR('',#4091,1.);
#4091 = DIRECTION('',(-1.,0.,0.));
#4092 = ORIENTED_EDGE('',*,*,#3984,.F.);
#4093 = ORIENTED_EDGE('',*,*,#4094,.F.);
#4094 = EDGE_CURVE('',#4065,#3985,#4095,.T.);
#4095 = LINE('',#4096,#4097);
#4096 = CARTESIAN_POINT('',(28.63,81.495,1.524));
#4097 = VECTOR('',#4098,1.);
#4098 = DIRECTION('',(-1.,0.,0.));
#4099 = PLANE('',#4100);
#4100 = AXIS2_PLACEMENT_3D('',#4101,#4102,#4103);
#4101 = CARTESIAN_POINT('',(28.63,81.495,1.524));
#4102 = DIRECTION('',(0.,-1.,0.));
#4103 = DIRECTION('',(-1.,0.,0.));
#4104 = ADVANCED_FACE('',(#4105),#4111,.F.);
#4105 = FACE_BOUND('',#4106,.T.);
#4106 = EDGE_LOOP('',(#4107,#4108,#4109,#4110));
#4107 = ORIENTED_EDGE('',*,*,#4010,.T.);
#4108 = ORIENTED_EDGE('',*,*,#4041,.T.);
#4109 = ORIENTED_EDGE('',*,*,#4072,.T.);
#4110 = ORIENTED_EDGE('',*,*,#4094,.T.);
#4111 = PLANE('',#4112);
#4112 = AXIS2_PLACEMENT_3D('',#4113,#4114,#4115);
#4113 = CARTESIAN_POINT('',(0.,0.,1.524));
#4114 = DIRECTION('',(0.,0.,1.));
#4115 = DIRECTION('',(1.,0.,-0.));
#4116 = ADVANCED_FACE('',(#4117),#4123,.T.);
#4117 = FACE_BOUND('',#4118,.F.);
#4118 = EDGE_LOOP('',(#4119,#4120,#4121,#4122));
#4119 = ORIENTED_EDGE('',*,*,#3994,.T.);
#4120 = ORIENTED_EDGE('',*,*,#4025,.T.);
#4121 = ORIENTED_EDGE('',*,*,#4056,.T.);
#4122 = ORIENTED_EDGE('',*,*,#4087,.T.);
#4123 = PLANE('',#4124);
#4124 = AXIS2_PLACEMENT_3D('',#4125,#4126,#4127);
#4125 = CARTESIAN_POINT('',(0.,0.,1.564));
#4126 = DIRECTION('',(0.,0.,1.));
#4127 = DIRECTION('',(1.,0.,-0.));
#4128 = MANIFOLD_SOLID_BREP('',#4129);
#4129 = CLOSED_SHELL('',(#4130,#4170,#4201,#4232,#4254,#4266));
#4130 = ADVANCED_FACE('',(#4131),#4165,.T.);
#4131 = FACE_BOUND('',#4132,.T.);
#4132 = EDGE_LOOP('',(#4133,#4143,#4151,#4159));
#4133 = ORIENTED_EDGE('',*,*,#4134,.T.);
#4134 = EDGE_CURVE('',#4135,#4137,#4139,.T.);
#4135 = VERTEX_POINT('',#4136);
#4136 = CARTESIAN_POINT('',(27.92,113.695,1.524));
#4137 = VERTEX_POINT('',#4138);
#4138 = CARTESIAN_POINT('',(27.92,113.695,1.564));
#4139 = LINE('',#4140,#4141);
#4140 = CARTESIAN_POINT('',(27.92,113.695,1.524));
#4141 = VECTOR('',#4142,1.);
#4142 = DIRECTION('',(0.,0.,1.));
#4143 = ORIENTED_EDGE('',*,*,#4144,.T.);
#4144 = EDGE_CURVE('',#4137,#4145,#4147,.T.);
#4145 = VERTEX_POINT('',#4146);
#4146 = CARTESIAN_POINT('',(27.92,113.705,1.564));
#4147 = LINE('',#4148,#4149);
#4148 = CARTESIAN_POINT('',(27.92,113.695,1.564));
#4149 = VECTOR('',#4150,1.);
#4150 = DIRECTION('',(0.,1.,0.));
#4151 = ORIENTED_EDGE('',*,*,#4152,.F.);
#4152 = EDGE_CURVE('',#4153,#4145,#4155,.T.);
#4153 = VERTEX_POINT('',#4154);
#4154 = CARTESIAN_POINT('',(27.92,113.705,1.524));
#4155 = LINE('',#4156,#4157);
#4156 = CARTESIAN_POINT('',(27.92,113.705,1.524));
#4157 = VECTOR('',#4158,1.);
#4158 = DIRECTION('',(0.,0.,1.));
#4159 = ORIENTED_EDGE('',*,*,#4160,.F.);
#4160 = EDGE_CURVE('',#4135,#4153,#4161,.T.);
#4161 = LINE('',#4162,#4163);
#4162 = CARTESIAN_POINT('',(27.92,113.695,1.524));
#4163 = VECTOR('',#4164,1.);
#4164 = DIRECTION('',(0.,1.,0.));
#4165 = PLANE('',#4166);
#4166 = AXIS2_PLACEMENT_3D('',#4167,#4168,#4169);
#4167 = CARTESIAN_POINT('',(27.92,113.695,1.524));
#4168 = DIRECTION('',(-1.,0.,0.));
#4169 = DIRECTION('',(0.,1.,0.));
#4170 = ADVANCED_FACE('',(#4171),#4196,.T.);
#4171 = FACE_BOUND('',#4172,.T.);
#4172 = EDGE_LOOP('',(#4173,#4174,#4182,#4190));
#4173 = ORIENTED_EDGE('',*,*,#4152,.T.);
#4174 = ORIENTED_EDGE('',*,*,#4175,.T.);
#4175 = EDGE_CURVE('',#4145,#4176,#4178,.T.);
#4176 = VERTEX_POINT('',#4177);
#4177 = CARTESIAN_POINT('',(27.93,113.705,1.564));
#4178 = LINE('',#4179,#4180);
#4179 = CARTESIAN_POINT('',(27.92,113.705,1.564));
#4180 = VECTOR('',#4181,1.);
#4181 = DIRECTION('',(1.,0.,0.));
#4182 = ORIENTED_EDGE('',*,*,#4183,.F.);
#4183 = EDGE_CURVE('',#4184,#4176,#4186,.T.);
#4184 = VERTEX_POINT('',#4185);
#4185 = CARTESIAN_POINT('',(27.93,113.705,1.524));
#4186 = LINE('',#4187,#4188);
#4187 = CARTESIAN_POINT('',(27.93,113.705,1.524));
#4188 = VECTOR('',#4189,1.);
#4189 = DIRECTION('',(0.,0.,1.));
#4190 = ORIENTED_EDGE('',*,*,#4191,.F.);
#4191 = EDGE_CURVE('',#4153,#4184,#4192,.T.);
#4192 = LINE('',#4193,#4194);
#4193 = CARTESIAN_POINT('',(27.92,113.705,1.524));
#4194 = VECTOR('',#4195,1.);
#4195 = DIRECTION('',(1.,0.,0.));
#4196 = PLANE('',#4197);
#4197 = AXIS2_PLACEMENT_3D('',#4198,#4199,#4200);
#4198 = CARTESIAN_POINT('',(27.92,113.705,1.524));
#4199 = DIRECTION('',(0.,1.,0.));
#4200 = DIRECTION('',(1.,0.,0.));
#4201 = ADVANCED_FACE('',(#4202),#4227,.T.);
#4202 = FACE_BOUND('',#4203,.T.);
#4203 = EDGE_LOOP('',(#4204,#4205,#4213,#4221));
#4204 = ORIENTED_EDGE('',*,*,#4183,.T.);
#4205 = ORIENTED_EDGE('',*,*,#4206,.T.);
#4206 = EDGE_CURVE('',#4176,#4207,#4209,.T.);
#4207 = VERTEX_POINT('',#4208);
#4208 = CARTESIAN_POINT('',(27.93,113.695,1.564));
#4209 = LINE('',#4210,#4211);
#4210 = CARTESIAN_POINT('',(27.93,113.705,1.564));
#4211 = VECTOR('',#4212,1.);
#4212 = DIRECTION('',(0.,-1.,0.));
#4213 = ORIENTED_EDGE('',*,*,#4214,.F.);
#4214 = EDGE_CURVE('',#4215,#4207,#4217,.T.);
#4215 = VERTEX_POINT('',#4216);
#4216 = CARTESIAN_POINT('',(27.93,113.695,1.524));
#4217 = LINE('',#4218,#4219);
#4218 = CARTESIAN_POINT('',(27.93,113.695,1.524));
#4219 = VECTOR('',#4220,1.);
#4220 = DIRECTION('',(0.,0.,1.));
#4221 = ORIENTED_EDGE('',*,*,#4222,.F.);
#4222 = EDGE_CURVE('',#4184,#4215,#4223,.T.);
#4223 = LINE('',#4224,#4225);
#4224 = CARTESIAN_POINT('',(27.93,113.705,1.524));
#4225 = VECTOR('',#4226,1.);
#4226 = DIRECTION('',(0.,-1.,0.));
#4227 = PLANE('',#4228);
#4228 = AXIS2_PLACEMENT_3D('',#4229,#4230,#4231);
#4229 = CARTESIAN_POINT('',(27.93,113.705,1.524));
#4230 = DIRECTION('',(1.,0.,-0.));
#4231 = DIRECTION('',(0.,-1.,0.));
#4232 = ADVANCED_FACE('',(#4233),#4249,.T.);
#4233 = FACE_BOUND('',#4234,.T.);
#4234 = EDGE_LOOP('',(#4235,#4236,#4242,#4243));
#4235 = ORIENTED_EDGE('',*,*,#4214,.T.);
#4236 = ORIENTED_EDGE('',*,*,#4237,.T.);
#4237 = EDGE_CURVE('',#4207,#4137,#4238,.T.);
#4238 = LINE('',#4239,#4240);
#4239 = CARTESIAN_POINT('',(27.93,113.695,1.564));
#4240 = VECTOR('',#4241,1.);
#4241 = DIRECTION('',(-1.,0.,0.));
#4242 = ORIENTED_EDGE('',*,*,#4134,.F.);
#4243 = ORIENTED_EDGE('',*,*,#4244,.F.);
#4244 = EDGE_CURVE('',#4215,#4135,#4245,.T.);
#4245 = LINE('',#4246,#4247);
#4246 = CARTESIAN_POINT('',(27.93,113.695,1.524));
#4247 = VECTOR('',#4248,1.);
#4248 = DIRECTION('',(-1.,0.,0.));
#4249 = PLANE('',#4250);
#4250 = AXIS2_PLACEMENT_3D('',#4251,#4252,#4253);
#4251 = CARTESIAN_POINT('',(27.93,113.695,1.524));
#4252 = DIRECTION('',(0.,-1.,0.));
#4253 = DIRECTION('',(-1.,0.,0.));
#4254 = ADVANCED_FACE('',(#4255),#4261,.F.);
#4255 = FACE_BOUND('',#4256,.T.);
#4256 = EDGE_LOOP('',(#4257,#4258,#4259,#4260));
#4257 = ORIENTED_EDGE('',*,*,#4160,.T.);
#4258 = ORIENTED_EDGE('',*,*,#4191,.T.);
#4259 = ORIENTED_EDGE('',*,*,#4222,.T.);
#4260 = ORIENTED_EDGE('',*,*,#4244,.T.);
#4261 = PLANE('',#4262);
#4262 = AXIS2_PLACEMENT_3D('',#4263,#4264,#4265);
#4263 = CARTESIAN_POINT('',(0.,0.,1.524));
#4264 = DIRECTION('',(0.,0.,1.));
#4265 = DIRECTION('',(1.,0.,-0.));
#4266 = ADVANCED_FACE('',(#4267),#4273,.T.);
#4267 = FACE_BOUND('',#4268,.F.);
#4268 = EDGE_LOOP('',(#4269,#4270,#4271,#4272));
#4269 = ORIENTED_EDGE('',*,*,#4144,.T.);
#4270 = ORIENTED_EDGE('',*,*,#4175,.T.);
#4271 = ORIENTED_EDGE('',*,*,#4206,.T.);
#4272 = ORIENTED_EDGE('',*,*,#4237,.T.);
#4273 = PLANE('',#4274);
#4274 = AXIS2_PLACEMENT_3D('',#4275,#4276,#4277);
#4275 = CARTESIAN_POINT('',(0.,0.,1.564));
#4276 = DIRECTION('',(0.,0.,1.));
#4277 = DIRECTION('',(1.,0.,-0.));
#4278 = MANIFOLD_SOLID_BREP('',#4279);
#4279 = CLOSED_SHELL('',(#4280,#4320,#4351,#4382,#4404,#4416));
#4280 = ADVANCED_FACE('',(#4281),#4315,.T.);
#4281 = FACE_BOUND('',#4282,.T.);
#4282 = EDGE_LOOP('',(#4283,#4293,#4301,#4309));
#4283 = ORIENTED_EDGE('',*,*,#4284,.T.);
#4284 = EDGE_CURVE('',#4285,#4287,#4289,.T.);
#4285 = VERTEX_POINT('',#4286);
#4286 = CARTESIAN_POINT('',(26.495,146.295,1.524));
#4287 = VERTEX_POINT('',#4288);
#4288 = CARTESIAN_POINT('',(26.495,146.295,1.564));
#4289 = LINE('',#4290,#4291);
#4290 = CARTESIAN_POINT('',(26.495,146.295,1.524));
#4291 = VECTOR('',#4292,1.);
#4292 = DIRECTION('',(0.,0.,1.));
#4293 = ORIENTED_EDGE('',*,*,#4294,.T.);
#4294 = EDGE_CURVE('',#4287,#4295,#4297,.T.);
#4295 = VERTEX_POINT('',#4296);
#4296 = CARTESIAN_POINT('',(26.495,146.305,1.564));
#4297 = LINE('',#4298,#4299);
#4298 = CARTESIAN_POINT('',(26.495,146.295,1.564));
#4299 = VECTOR('',#4300,1.);
#4300 = DIRECTION('',(0.,1.,0.));
#4301 = ORIENTED_EDGE('',*,*,#4302,.F.);
#4302 = EDGE_CURVE('',#4303,#4295,#4305,.T.);
#4303 = VERTEX_POINT('',#4304);
#4304 = CARTESIAN_POINT('',(26.495,146.305,1.524));
#4305 = LINE('',#4306,#4307);
#4306 = CARTESIAN_POINT('',(26.495,146.305,1.524));
#4307 = VECTOR('',#4308,1.);
#4308 = DIRECTION('',(0.,0.,1.));
#4309 = ORIENTED_EDGE('',*,*,#4310,.F.);
#4310 = EDGE_CURVE('',#4285,#4303,#4311,.T.);
#4311 = LINE('',#4312,#4313);
#4312 = CARTESIAN_POINT('',(26.495,146.295,1.524));
#4313 = VECTOR('',#4314,1.);
#4314 = DIRECTION('',(0.,1.,0.));
#4315 = PLANE('',#4316);
#4316 = AXIS2_PLACEMENT_3D('',#4317,#4318,#4319);
#4317 = CARTESIAN_POINT('',(26.495,146.295,1.524));
#4318 = DIRECTION('',(-1.,0.,0.));
#4319 = DIRECTION('',(0.,1.,0.));
#4320 = ADVANCED_FACE('',(#4321),#4346,.T.);
#4321 = FACE_BOUND('',#4322,.T.);
#4322 = EDGE_LOOP('',(#4323,#4324,#4332,#4340));
#4323 = ORIENTED_EDGE('',*,*,#4302,.T.);
#4324 = ORIENTED_EDGE('',*,*,#4325,.T.);
#4325 = EDGE_CURVE('',#4295,#4326,#4328,.T.);
#4326 = VERTEX_POINT('',#4327);
#4327 = CARTESIAN_POINT('',(26.505,146.305,1.564));
#4328 = LINE('',#4329,#4330);
#4329 = CARTESIAN_POINT('',(26.495,146.305,1.564));
#4330 = VECTOR('',#4331,1.);
#4331 = DIRECTION('',(1.,0.,0.));
#4332 = ORIENTED_EDGE('',*,*,#4333,.F.);
#4333 = EDGE_CURVE('',#4334,#4326,#4336,.T.);
#4334 = VERTEX_POINT('',#4335);
#4335 = CARTESIAN_POINT('',(26.505,146.305,1.524));
#4336 = LINE('',#4337,#4338);
#4337 = CARTESIAN_POINT('',(26.505,146.305,1.524));
#4338 = VECTOR('',#4339,1.);
#4339 = DIRECTION('',(0.,0.,1.));
#4340 = ORIENTED_EDGE('',*,*,#4341,.F.);
#4341 = EDGE_CURVE('',#4303,#4334,#4342,.T.);
#4342 = LINE('',#4343,#4344);
#4343 = CARTESIAN_POINT('',(26.495,146.305,1.524));
#4344 = VECTOR('',#4345,1.);
#4345 = DIRECTION('',(1.,0.,0.));
#4346 = PLANE('',#4347);
#4347 = AXIS2_PLACEMENT_3D('',#4348,#4349,#4350);
#4348 = CARTESIAN_POINT('',(26.495,146.305,1.524));
#4349 = DIRECTION('',(0.,1.,0.));
#4350 = DIRECTION('',(1.,0.,0.));
#4351 = ADVANCED_FACE('',(#4352),#4377,.T.);
#4352 = FACE_BOUND('',#4353,.T.);
#4353 = EDGE_LOOP('',(#4354,#4355,#4363,#4371));
#4354 = ORIENTED_EDGE('',*,*,#4333,.T.);
#4355 = ORIENTED_EDGE('',*,*,#4356,.T.);
#4356 = EDGE_CURVE('',#4326,#4357,#4359,.T.);
#4357 = VERTEX_POINT('',#4358);
#4358 = CARTESIAN_POINT('',(26.505,146.295,1.564));
#4359 = LINE('',#4360,#4361);
#4360 = CARTESIAN_POINT('',(26.505,146.305,1.564));
#4361 = VECTOR('',#4362,1.);
#4362 = DIRECTION('',(0.,-1.,0.));
#4363 = ORIENTED_EDGE('',*,*,#4364,.F.);
#4364 = EDGE_CURVE('',#4365,#4357,#4367,.T.);
#4365 = VERTEX_POINT('',#4366);
#4366 = CARTESIAN_POINT('',(26.505,146.295,1.524));
#4367 = LINE('',#4368,#4369);
#4368 = CARTESIAN_POINT('',(26.505,146.295,1.524));
#4369 = VECTOR('',#4370,1.);
#4370 = DIRECTION('',(0.,0.,1.));
#4371 = ORIENTED_EDGE('',*,*,#4372,.F.);
#4372 = EDGE_CURVE('',#4334,#4365,#4373,.T.);
#4373 = LINE('',#4374,#4375);
#4374 = CARTESIAN_POINT('',(26.505,146.305,1.524));
#4375 = VECTOR('',#4376,1.);
#4376 = DIRECTION('',(0.,-1.,0.));
#4377 = PLANE('',#4378);
#4378 = AXIS2_PLACEMENT_3D('',#4379,#4380,#4381);
#4379 = CARTESIAN_POINT('',(26.505,146.305,1.524));
#4380 = DIRECTION('',(1.,0.,-0.));
#4381 = DIRECTION('',(0.,-1.,0.));
#4382 = ADVANCED_FACE('',(#4383),#4399,.T.);
#4383 = FACE_BOUND('',#4384,.T.);
#4384 = EDGE_LOOP('',(#4385,#4386,#4392,#4393));
#4385 = ORIENTED_EDGE('',*,*,#4364,.T.);
#4386 = ORIENTED_EDGE('',*,*,#4387,.T.);
#4387 = EDGE_CURVE('',#4357,#4287,#4388,.T.);
#4388 = LINE('',#4389,#4390);
#4389 = CARTESIAN_POINT('',(26.505,146.295,1.564));
#4390 = VECTOR('',#4391,1.);
#4391 = DIRECTION('',(-1.,0.,0.));
#4392 = ORIENTED_EDGE('',*,*,#4284,.F.);
#4393 = ORIENTED_EDGE('',*,*,#4394,.F.);
#4394 = EDGE_CURVE('',#4365,#4285,#4395,.T.);
#4395 = LINE('',#4396,#4397);
#4396 = CARTESIAN_POINT('',(26.505,146.295,1.524));
#4397 = VECTOR('',#4398,1.);
#4398 = DIRECTION('',(-1.,0.,0.));
#4399 = PLANE('',#4400);
#4400 = AXIS2_PLACEMENT_3D('',#4401,#4402,#4403);
#4401 = CARTESIAN_POINT('',(26.505,146.295,1.524));
#4402 = DIRECTION('',(0.,-1.,0.));
#4403 = DIRECTION('',(-1.,0.,0.));
#4404 = ADVANCED_FACE('',(#4405),#4411,.F.);
#4405 = FACE_BOUND('',#4406,.T.);
#4406 = EDGE_LOOP('',(#4407,#4408,#4409,#4410));
#4407 = ORIENTED_EDGE('',*,*,#4310,.T.);
#4408 = ORIENTED_EDGE('',*,*,#4341,.T.);
#4409 = ORIENTED_EDGE('',*,*,#4372,.T.);
#4410 = ORIENTED_EDGE('',*,*,#4394,.T.);
#4411 = PLANE('',#4412);
#4412 = AXIS2_PLACEMENT_3D('',#4413,#4414,#4415);
#4413 = CARTESIAN_POINT('',(0.,0.,1.524));
#4414 = DIRECTION('',(0.,0.,1.));
#4415 = DIRECTION('',(1.,0.,-0.));
#4416 = ADVANCED_FACE('',(#4417),#4423,.T.);
#4417 = FACE_BOUND('',#4418,.F.);
#4418 = EDGE_LOOP('',(#4419,#4420,#4421,#4422));
#4419 = ORIENTED_EDGE('',*,*,#4294,.T.);
#4420 = ORIENTED_EDGE('',*,*,#4325,.T.);
#4421 = ORIENTED_EDGE('',*,*,#4356,.T.);
#4422 = ORIENTED_EDGE('',*,*,#4387,.T.);
#4423 = PLANE('',#4424);
#4424 = AXIS2_PLACEMENT_3D('',#4425,#4426,#4427);
#4425 = CARTESIAN_POINT('',(0.,0.,1.564));
#4426 = DIRECTION('',(0.,0.,1.));
#4427 = DIRECTION('',(1.,0.,-0.));
#4428 = ( GEOMETRIC_REPRESENTATION_CONTEXT(3) 
GLOBAL_UNCERTAINTY_ASSIGNED_CONTEXT((#4432)) 
GLOBAL_UNIT_ASSIGNED_CONTEXT((#4429,#4430,#4431)) REPRESENTATION_CONTEXT
('Context #1','3D Context with UNIT and UNCERTAINTY') );
#4429 = ( LENGTH_UNIT() NAMED_UNIT(*) SI_UNIT(.MILLI.,.METRE.) );
#4430 = ( NAMED_UNIT(*) PLANE_ANGLE_UNIT() SI_UNIT($,.RADIAN.) );
#4431 = ( NAMED_UNIT(*) SI_UNIT($,.STERADIAN.) SOLID_ANGLE_UNIT() );
#4432 = UNCERTAINTY_MEASURE_WITH_UNIT(LENGTH_MEASURE(1.E-07),#4429,
  'distance_accuracy_value','confusion accuracy');
#4433 = CONTEXT_DEPENDENT_SHAPE_REPRESENTATION(#4434,#4436);
#4434 = ( REPRESENTATION_RELATIONSHIP('','',#3527,#10) 
REPRESENTATION_RELATIONSHIP_WITH_TRANSFORMATION(#4435) 
SHAPE_REPRESENTATION_RELATIONSHIP() );
#4435 = ITEM_DEFINED_TRANSFORMATION('','',#11,#19);
#4436 = PRODUCT_DEFINITION_SHAPE('Placement','Placement of an item',
  #4437);
#4437 = NEXT_ASSEMBLY_USAGE_OCCURRENCE('2','=>[0:1:1:3]','',#5,#3522,$);
#4438 = PRODUCT_RELATED_PRODUCT_CATEGORY('part',$,(#3524));
#4439 = SHAPE_DEFINITION_REPRESENTATION(#4440,#4446);
#4440 = PRODUCT_DEFINITION_SHAPE('','',#4441);
#4441 = PRODUCT_DEFINITION('design','',#4442,#4445);
#4442 = PRODUCT_DEFINITION_FORMATION('','',#4443);
#4443 = PRODUCT('line_array_h_pol_PCB','line_array_h_pol_PCB','',(#4444)
  );
#4444 = PRODUCT_CONTEXT('',#2,'mechanical');
#4445 = PRODUCT_DEFINITION_CONTEXT('part definition',#2,'design');
#4446 = ADVANCED_BREP_SHAPE_REPRESENTATION('',(#11,#4447),#4597);
#4447 = MANIFOLD_SOLID_BREP('',#4448);
#4448 = CLOSED_SHELL('',(#4449,#4489,#4520,#4551,#4573,#4585));
#4449 = ADVANCED_FACE('',(#4450),#4484,.T.);
#4450 = FACE_BOUND('',#4451,.T.);
#4451 = EDGE_LOOP('',(#4452,#4462,#4470,#4478));
#4452 = ORIENTED_EDGE('',*,*,#4453,.T.);
#4453 = EDGE_CURVE('',#4454,#4456,#4458,.T.);
#4454 = VERTEX_POINT('',#4455);
#4455 = CARTESIAN_POINT('',(48.,-0.,0.));
#4456 = VERTEX_POINT('',#4457);
#4457 = CARTESIAN_POINT('',(48.,0.,1.524));
#4458 = LINE('',#4459,#4460);
#4459 = CARTESIAN_POINT('',(48.,-0.,0.));
#4460 = VECTOR('',#4461,1.);
#4461 = DIRECTION('',(0.,0.,1.));
#4462 = ORIENTED_EDGE('',*,*,#4463,.T.);
#4463 = EDGE_CURVE('',#4456,#4464,#4466,.T.);
#4464 = VERTEX_POINT('',#4465);
#4465 = CARTESIAN_POINT('',(0.,0.,1.524));
#4466 = LINE('',#4467,#4468);
#4467 = CARTESIAN_POINT('',(48.,0.,1.524));
#4468 = VECTOR('',#4469,1.);
#4469 = DIRECTION('',(-1.,0.,0.));
#4470 = ORIENTED_EDGE('',*,*,#4471,.F.);
#4471 = EDGE_CURVE('',#4472,#4464,#4474,.T.);
#4472 = VERTEX_POINT('',#4473);
#4473 = CARTESIAN_POINT('',(0.,-0.,0.));
#4474 = LINE('',#4475,#4476);
#4475 = CARTESIAN_POINT('',(0.,-0.,0.));
#4476 = VECTOR('',#4477,1.);
#4477 = DIRECTION('',(0.,0.,1.));
#4478 = ORIENTED_EDGE('',*,*,#4479,.F.);
#4479 = EDGE_CURVE('',#4454,#4472,#4480,.T.);
#4480 = LINE('',#4481,#4482);
#4481 = CARTESIAN_POINT('',(48.,-0.,0.));
#4482 = VECTOR('',#4483,1.);
#4483 = DIRECTION('',(-1.,0.,0.));
#4484 = PLANE('',#4485);
#4485 = AXIS2_PLACEMENT_3D('',#4486,#4487,#4488);
#4486 = CARTESIAN_POINT('',(48.,0.,0.));
#4487 = DIRECTION('',(0.,-1.,0.));
#4488 = DIRECTION('',(-1.,0.,0.));
#4489 = ADVANCED_FACE('',(#4490),#4515,.T.);
#4490 = FACE_BOUND('',#4491,.T.);
#4491 = EDGE_LOOP('',(#4492,#4493,#4501,#4509));
#4492 = ORIENTED_EDGE('',*,*,#4471,.T.);
#4493 = ORIENTED_EDGE('',*,*,#4494,.T.);
#4494 = EDGE_CURVE('',#4464,#4495,#4497,.T.);
#4495 = VERTEX_POINT('',#4496);
#4496 = CARTESIAN_POINT('',(0.,170.,1.524));
#4497 = LINE('',#4498,#4499);
#4498 = CARTESIAN_POINT('',(0.,0.,1.524));
#4499 = VECTOR('',#4500,1.);
#4500 = DIRECTION('',(0.,1.,0.));
#4501 = ORIENTED_EDGE('',*,*,#4502,.F.);
#4502 = EDGE_CURVE('',#4503,#4495,#4505,.T.);
#4503 = VERTEX_POINT('',#4504);
#4504 = CARTESIAN_POINT('',(0.,170.,0.));
#4505 = LINE('',#4506,#4507);
#4506 = CARTESIAN_POINT('',(0.,170.,0.));
#4507 = VECTOR('',#4508,1.);
#4508 = DIRECTION('',(0.,0.,1.));
#4509 = ORIENTED_EDGE('',*,*,#4510,.F.);
#4510 = EDGE_CURVE('',#4472,#4503,#4511,.T.);
#4511 = LINE('',#4512,#4513);
#4512 = CARTESIAN_POINT('',(0.,-0.,0.));
#4513 = VECTOR('',#4514,1.);
#4514 = DIRECTION('',(0.,1.,0.));
#4515 = PLANE('',#4516);
#4516 = AXIS2_PLACEMENT_3D('',#4517,#4518,#4519);
#4517 = CARTESIAN_POINT('',(0.,0.,0.));
#4518 = DIRECTION('',(-1.,0.,0.));
#4519 = DIRECTION('',(0.,1.,0.));
#4520 = ADVANCED_FACE('',(#4521),#4546,.T.);
#4521 = FACE_BOUND('',#4522,.T.);
#4522 = EDGE_LOOP('',(#4523,#4524,#4532,#4540));
#4523 = ORIENTED_EDGE('',*,*,#4502,.T.);
#4524 = ORIENTED_EDGE('',*,*,#4525,.T.);
#4525 = EDGE_CURVE('',#4495,#4526,#4528,.T.);
#4526 = VERTEX_POINT('',#4527);
#4527 = CARTESIAN_POINT('',(48.,170.,1.524));
#4528 = LINE('',#4529,#4530);
#4529 = CARTESIAN_POINT('',(0.,170.,1.524));
#4530 = VECTOR('',#4531,1.);
#4531 = DIRECTION('',(1.,0.,0.));
#4532 = ORIENTED_EDGE('',*,*,#4533,.F.);
#4533 = EDGE_CURVE('',#4534,#4526,#4536,.T.);
#4534 = VERTEX_POINT('',#4535);
#4535 = CARTESIAN_POINT('',(48.,170.,0.));
#4536 = LINE('',#4537,#4538);
#4537 = CARTESIAN_POINT('',(48.,170.,0.));
#4538 = VECTOR('',#4539,1.);
#4539 = DIRECTION('',(0.,0.,1.));
#4540 = ORIENTED_EDGE('',*,*,#4541,.F.);
#4541 = EDGE_CURVE('',#4503,#4534,#4542,.T.);
#4542 = LINE('',#4543,#4544);
#4543 = CARTESIAN_POINT('',(0.,170.,0.));
#4544 = VECTOR('',#4545,1.);
#4545 = DIRECTION('',(1.,0.,0.));
#4546 = PLANE('',#4547);
#4547 = AXIS2_PLACEMENT_3D('',#4548,#4549,#4550);
#4548 = CARTESIAN_POINT('',(0.,170.,0.));
#4549 = DIRECTION('',(0.,1.,0.));
#4550 = DIRECTION('',(1.,0.,0.));
#4551 = ADVANCED_FACE('',(#4552),#4568,.T.);
#4552 = FACE_BOUND('',#4553,.T.);
#4553 = EDGE_LOOP('',(#4554,#4555,#4561,#4562));
#4554 = ORIENTED_EDGE('',*,*,#4533,.T.);
#4555 = ORIENTED_EDGE('',*,*,#4556,.T.);
#4556 = EDGE_CURVE('',#4526,#4456,#4557,.T.);
#4557 = LINE('',#4558,#4559);
#4558 = CARTESIAN_POINT('',(48.,170.,1.524));
#4559 = VECTOR('',#4560,1.);
#4560 = DIRECTION('',(0.,-1.,0.));
#4561 = ORIENTED_EDGE('',*,*,#4453,.F.);
#4562 = ORIENTED_EDGE('',*,*,#4563,.F.);
#4563 = EDGE_CURVE('',#4534,#4454,#4564,.T.);
#4564 = LINE('',#4565,#4566);
#4565 = CARTESIAN_POINT('',(48.,170.,0.));
#4566 = VECTOR('',#4567,1.);
#4567 = DIRECTION('',(0.,-1.,0.));
#4568 = PLANE('',#4569);
#4569 = AXIS2_PLACEMENT_3D('',#4570,#4571,#4572);
#4570 = CARTESIAN_POINT('',(48.,170.,0.));
#4571 = DIRECTION('',(1.,0.,-0.));
#4572 = DIRECTION('',(0.,-1.,0.));
#4573 = ADVANCED_FACE('',(#4574),#4580,.F.);
#4574 = FACE_BOUND('',#4575,.T.);
#4575 = EDGE_LOOP('',(#4576,#4577,#4578,#4579));
#4576 = ORIENTED_EDGE('',*,*,#4479,.T.);
#4577 = ORIENTED_EDGE('',*,*,#4510,.T.);
#4578 = ORIENTED_EDGE('',*,*,#4541,.T.);
#4579 = ORIENTED_EDGE('',*,*,#4563,.T.);
#4580 = PLANE('',#4581);
#4581 = AXIS2_PLACEMENT_3D('',#4582,#4583,#4584);
#4582 = CARTESIAN_POINT('',(0.,0.,0.));
#4583 = DIRECTION('',(0.,0.,1.));
#4584 = DIRECTION('',(1.,0.,-0.));
#4585 = ADVANCED_FACE('',(#4586),#4592,.T.);
#4586 = FACE_BOUND('',#4587,.F.);
#4587 = EDGE_LOOP('',(#4588,#4589,#4590,#4591));
#4588 = ORIENTED_EDGE('',*,*,#4463,.T.);
#4589 = ORIENTED_EDGE('',*,*,#4494,.T.);
#4590 = ORIENTED_EDGE('',*,*,#4525,.T.);
#4591 = ORIENTED_EDGE('',*,*,#4556,.T.);
#4592 = PLANE('',#4593);
#4593 = AXIS2_PLACEMENT_3D('',#4594,#4595,#4596);
#4594 = CARTESIAN_POINT('',(0.,0.,1.524));
#4595 = DIRECTION('',(0.,0.,1.));
#4596 = DIRECTION('',(1.,0.,-0.));
#4597 = ( GEOMETRIC_REPRESENTATION_CONTEXT(3) 
GLOBAL_UNCERTAINTY_ASSIGNED_CONTEXT((#4601)) 
GLOBAL_UNIT_ASSIGNED_CONTEXT((#4598,#4599,#4600)) REPRESENTATION_CONTEXT
('Context #1','3D Context with UNIT and UNCERTAINTY') );
#4598 = ( LENGTH_UNIT() NAMED_UNIT(*) SI_UNIT(.MILLI.,.METRE.) );
#4599 = ( NAMED_UNIT(*) PLANE_ANGLE_UNIT() SI_UNIT($,.RADIAN.) );
#4600 = ( NAMED_UNIT(*) SI_UNIT($,.STERADIAN.) SOLID_ANGLE_UNIT() );
#4601 = UNCERTAINTY_MEASURE_WITH_UNIT(LENGTH_MEASURE(1.E-07),#4598,
  'distance_accuracy_value','confusion accuracy');
#4602 = CONTEXT_DEPENDENT_SHAPE_REPRESENTATION(#4603,#4605);
#4603 = ( REPRESENTATION_RELATIONSHIP('','',#4446,#10) 
REPRESENTATION_RELATIONSHIP_WITH_TRANSFORMATION(#4604) 
SHAPE_REPRESENTATION_RELATIONSHIP() );
#4604 = ITEM_DEFINED_TRANSFORMATION('','',#11,#23);
#4605 = PRODUCT_DEFINITION_SHAPE('Placement','Placement of an item',
  #4606);
#4606 = NEXT_ASSEMBLY_USAGE_OCCURRENCE('3','=>[0:1:1:4]','',#5,#4441,$);
#4607 = PRODUCT_RELATED_PRODUCT_CATEGORY('part',$,(#4443));
#4608 = MECHANICAL_DESIGN_GEOMETRIC_PRESENTATION_REPRESENTATION('',(
    #4609,#4617),#3509);
#4609 = STYLED_ITEM('color',(#4610),#41);
#4610 = PRESENTATION_STYLE_ASSIGNMENT((#4611));
#4611 = SURFACE_STYLE_USAGE(.BOTH.,#4612);
#4612 = SURFACE_SIDE_STYLE('',(#4613));
#4613 = SURFACE_STYLE_FILL_AREA(#4614);
#4614 = FILL_AREA_STYLE('',(#4615));
#4615 = FILL_AREA_STYLE_COLOUR('',#4616);
#4616 = COLOUR_RGB('',0.854305825093,0.803630995277,0.);
#4617 = STYLED_ITEM('color',(#4618),#3359);
#4618 = PRESENTATION_STYLE_ASSIGNMENT((#4619));
#4619 = SURFACE_STYLE_USAGE(.BOTH.,#4620);
#4620 = SURFACE_SIDE_STYLE('',(#4621));
#4621 = SURFACE_STYLE_FILL_AREA(#4622);
#4622 = FILL_AREA_STYLE('',(#4623));
#4623 = FILL_AREA_STYLE_COLOUR('',#4616);
#4624 = MECHANICAL_DESIGN_GEOMETRIC_PRESENTATION_REPRESENTATION('',(
    #4625,#4633,#4640,#4647,#4654,#4661),#4428);
#4625 = STYLED_ITEM('color',(#4626),#3528);
#4626 = PRESENTATION_STYLE_ASSIGNMENT((#4627));
#4627 = SURFACE_STYLE_USAGE(.BOTH.,#4628);
#4628 = SURFACE_SIDE_STYLE('',(#4629));
#4629 = SURFACE_STYLE_FILL_AREA(#4630);
#4630 = FILL_AREA_STYLE('',(#4631));
#4631 = FILL_AREA_STYLE_COLOUR('',#4632);
#4632 = COLOUR_RGB('',0.735356983052,0.735356983052,0.735356983052);
#4633 = STYLED_ITEM('color',(#4634),#3678);
#4634 = PRESENTATION_STYLE_ASSIGNMENT((#4635));
#4635 = SURFACE_STYLE_USAGE(.BOTH.,#4636);
#4636 = SURFACE_SIDE_STYLE('',(#4637));
#4637 = SURFACE_STYLE_FILL_AREA(#4638);
#4638 = FILL_AREA_STYLE('',(#4639));
#4639 = FILL_AREA_STYLE_COLOUR('',#4632);
#4640 = STYLED_ITEM('color',(#4641),#3828);
#4641 = PRESENTATION_STYLE_ASSIGNMENT((#4642));
#4642 = SURFACE_STYLE_USAGE(.BOTH.,#4643);
#4643 = SURFACE_SIDE_STYLE('',(#4644));
#4644 = SURFACE_STYLE_FILL_AREA(#4645);
#4645 = FILL_AREA_STYLE('',(#4646));
#4646 = FILL_AREA_STYLE_COLOUR('',#4632);
#4647 = STYLED_ITEM('color',(#4648),#3978);
#4648 = PRESENTATION_STYLE_ASSIGNMENT((#4649));
#4649 = SURFACE_STYLE_USAGE(.BOTH.,#4650);
#4650 = SURFACE_SIDE_STYLE('',(#4651));
#4651 = SURFACE_STYLE_FILL_AREA(#4652);
#4652 = FILL_AREA_STYLE('',(#4653));
#4653 = FILL_AREA_STYLE_COLOUR('',#4632);
#4654 = STYLED_ITEM('color',(#4655),#4128);
#4655 = PRESENTATION_STYLE_ASSIGNMENT((#4656));
#4656 = SURFACE_STYLE_USAGE(.BOTH.,#4657);
#4657 = SURFACE_SIDE_STYLE('',(#4658));
#4658 = SURFACE_STYLE_FILL_AREA(#4659);
#4659 = FILL_AREA_STYLE('',(#4660));
#4660 = FILL_AREA_STYLE_COLOUR('',#4632);
#4661 = STYLED_ITEM('color',(#4662),#4278);
#4662 = PRESENTATION_STYLE_ASSIGNMENT((#4663));
#4663 = SURFACE_STYLE_USAGE(.BOTH.,#4664);
#4664 = SURFACE_SIDE_STYLE('',(#4665));
#4665 = SURFACE_STYLE_FILL_AREA(#4666);
#4666 = FILL_AREA_STYLE('',(#4667));
#4667 = FILL_AREA_STYLE_COLOUR('',#4632);
#4668 = MECHANICAL_DESIGN_GEOMETRIC_PRESENTATION_REPRESENTATION('',(
    #4669),#4597);
#4669 = STYLED_ITEM('color',(#4670),#4447);
#4670 = PRESENTATION_STYLE_ASSIGNMENT((#4671));
#4671 = SURFACE_STYLE_USAGE(.BOTH.,#4672);
#4672 = SURFACE_SIDE_STYLE('',(#4673));
#4673 = SURFACE_STYLE_FILL_AREA(#4674);
#4674 = FILL_AREA_STYLE('',(#4675));
#4675 = FILL_AREA_STYLE_COLOUR('',#4676);
#4676 = COLOUR_RGB('',0.313304153717,0.484529207832,0.410020903123);
ENDSEC;
END-ISO-10303-21;
