ISO-10303-21;
HEADER;
FILE_DESCRIPTION(('KiCad electronic assembly'),'2;1');
FILE_NAME('line_array.step','2025-11-01T23:42:25',('Pcbnew'),('Kicad'),
  'Open CASCADE STEP processor 7.9','KiCad to STEP converter','Unknown'
  );
FILE_SCHEMA(('AUTOMOTIVE_DESIGN { 1 0 10303 214 1 1 1 1 }'));
ENDSEC;
DATA;
#1 = APPLICATION_PROTOCOL_DEFINITION('international standard',
  'automotive_design',2000,#2);
#2 = APPLICATION_CONTEXT(
  'core data for automotive mechanical design processes');
#3 = SHAPE_DEFINITION_REPRESENTATION(#4,#10);
#4 = PRODUCT_DEFINITION_SHAPE('','',#5);
#5 = PRODUCT_DEFINITION('design','',#6,#9);
#6 = PRODUCT_DEFINITION_FORMATION('','',#7);
#7 = PRODUCT('line_array 1','line_array 1','',(#8));
#8 = PRODUCT_CONTEXT('',#2,'mechanical');
#9 = PRODUCT_DEFINITION_CONTEXT('part definition',#2,'design');
#10 = SHAPE_REPRESENTATION('',(#11,#15,#19,#23),#27);
#11 = AXIS2_PLACEMENT_3D('',#12,#13,#14);
#12 = CARTESIAN_POINT('',(0.,0.,0.));
#13 = DIRECTION('',(0.,0.,1.));
#14 = DIRECTION('',(1.,0.,-0.));
#15 = AXIS2_PLACEMENT_3D('',#16,#17,#18);
#16 = CARTESIAN_POINT('',(0.,0.,0.));
#17 = DIRECTION('',(0.,0.,1.));
#18 = DIRECTION('',(1.,0.,-0.));
#19 = AXIS2_PLACEMENT_3D('',#20,#21,#22);
#20 = CARTESIAN_POINT('',(0.,0.,0.));
#21 = DIRECTION('',(0.,0.,1.));
#22 = DIRECTION('',(1.,0.,-0.));
#23 = AXIS2_PLACEMENT_3D('',#24,#25,#26);
#24 = CARTESIAN_POINT('',(0.,0.,0.));
#25 = DIRECTION('',(0.,0.,1.));
#26 = DIRECTION('',(1.,0.,-0.));
#27 = ( GEOMETRIC_REPRESENTATION_CONTEXT(3) 
GLOBAL_UNCERTAINTY_ASSIGNED_CONTEXT((#31)) GLOBAL_UNIT_ASSIGNED_CONTEXT(
(#28,#29,#30)) REPRESENTATION_CONTEXT('Context #1',
  '3D Context with UNIT and UNCERTAINTY') );
#28 = ( LENGTH_UNIT() NAMED_UNIT(*) SI_UNIT(.MILLI.,.METRE.) );
#29 = ( NAMED_UNIT(*) PLANE_ANGLE_UNIT() SI_UNIT($,.RADIAN.) );
#30 = ( NAMED_UNIT(*) SI_UNIT($,.STERADIAN.) SOLID_ANGLE_UNIT() );
#31 = UNCERTAINTY_MEASURE_WITH_UNIT(LENGTH_MEASURE(1.E-07),#28,
  'distance_accuracy_value','confusion accuracy');
#32 = PRODUCT_RELATED_PRODUCT_CATEGORY('part',$,(#7));
#33 = SHAPE_DEFINITION_REPRESENTATION(#34,#40);
#34 = PRODUCT_DEFINITION_SHAPE('','',#35);
#35 = PRODUCT_DEFINITION('design','',#36,#39);
#36 = PRODUCT_DEFINITION_FORMATION('','',#37);
#37 = PRODUCT('line_array_copper','line_array_copper','',(#38));
#38 = PRODUCT_CONTEXT('',#2,'mechanical');
#39 = PRODUCT_DEFINITION_CONTEXT('part definition',#2,'design');
#40 = SHAPE_REPRESENTATION('',(#11,#41,#3854),#4004);
#41 = MANIFOLD_SOLID_BREP('',#42);
#42 = CLOSED_SHELL('',(#43,#83,#114,#145,#176,#207,#238,#269,#300,#331,
    #362,#393,#424,#455,#486,#517,#548,#579,#610,#641,#672,#703,#734,
    #765,#796,#827,#858,#889,#920,#951,#982,#1013,#1044,#1075,#1106,
    #1137,#1168,#1199,#1230,#1261,#1292,#1323,#1354,#1385,#1416,#1447,
    #1478,#1509,#1540,#1571,#1602,#1633,#1664,#1695,#1726,#1757,#1788,
    #1819,#1850,#1881,#1912,#1943,#1974,#2005,#2036,#2067,#2098,#2129,
    #2160,#2191,#2222,#2253,#2284,#2315,#2346,#2377,#2408,#2439,#2470,
    #2501,#2532,#2563,#2594,#2625,#2656,#2687,#2718,#2749,#2780,#2811,
    #2842,#2873,#2904,#2935,#2966,#2997,#3028,#3059,#3090,#3121,#3152,
    #3183,#3214,#3245,#3276,#3307,#3338,#3369,#3400,#3431,#3462,#3493,
    #3524,#3555,#3586,#3608,#3731));
#43 = ADVANCED_FACE('',(#44),#78,.T.);
#44 = FACE_BOUND('',#45,.T.);
#45 = EDGE_LOOP('',(#46,#56,#64,#72));
#46 = ORIENTED_EDGE('',*,*,#47,.T.);
#47 = EDGE_CURVE('',#48,#50,#52,.T.);
#48 = VERTEX_POINT('',#49);
#49 = CARTESIAN_POINT('',(14.95,159.095,1.524));
#50 = VERTEX_POINT('',#51);
#51 = CARTESIAN_POINT('',(14.95,159.095,1.559));
#52 = LINE('',#53,#54);
#53 = CARTESIAN_POINT('',(14.95,159.095,1.524));
#54 = VECTOR('',#55,1.);
#55 = DIRECTION('',(0.,0.,1.));
#56 = ORIENTED_EDGE('',*,*,#57,.T.);
#57 = EDGE_CURVE('',#50,#58,#60,.T.);
#58 = VERTEX_POINT('',#59);
#59 = CARTESIAN_POINT('',(14.95,169.795,1.559));
#60 = LINE('',#61,#62);
#61 = CARTESIAN_POINT('',(14.95,159.095,1.559));
#62 = VECTOR('',#63,1.);
#63 = DIRECTION('',(0.,1.,0.));
#64 = ORIENTED_EDGE('',*,*,#65,.F.);
#65 = EDGE_CURVE('',#66,#58,#68,.T.);
#66 = VERTEX_POINT('',#67);
#67 = CARTESIAN_POINT('',(14.95,169.795,1.524));
#68 = LINE('',#69,#70);
#69 = CARTESIAN_POINT('',(14.95,169.795,1.524));
#70 = VECTOR('',#71,1.);
#71 = DIRECTION('',(0.,0.,1.));
#72 = ORIENTED_EDGE('',*,*,#73,.F.);
#73 = EDGE_CURVE('',#48,#66,#74,.T.);
#74 = LINE('',#75,#76);
#75 = CARTESIAN_POINT('',(14.95,159.095,1.524));
#76 = VECTOR('',#77,1.);
#77 = DIRECTION('',(0.,1.,0.));
#78 = PLANE('',#79);
#79 = AXIS2_PLACEMENT_3D('',#80,#81,#82);
#80 = CARTESIAN_POINT('',(14.95,159.095,1.524));
#81 = DIRECTION('',(-1.,0.,0.));
#82 = DIRECTION('',(0.,1.,0.));
#83 = ADVANCED_FACE('',(#84),#109,.T.);
#84 = FACE_BOUND('',#85,.T.);
#85 = EDGE_LOOP('',(#86,#87,#95,#103));
#86 = ORIENTED_EDGE('',*,*,#65,.T.);
#87 = ORIENTED_EDGE('',*,*,#88,.T.);
#88 = EDGE_CURVE('',#58,#89,#91,.T.);
#89 = VERTEX_POINT('',#90);
#90 = CARTESIAN_POINT('',(35.05,169.795,1.559));
#91 = LINE('',#92,#93);
#92 = CARTESIAN_POINT('',(14.95,169.795,1.559));
#93 = VECTOR('',#94,1.);
#94 = DIRECTION('',(1.,0.,0.));
#95 = ORIENTED_EDGE('',*,*,#96,.F.);
#96 = EDGE_CURVE('',#97,#89,#99,.T.);
#97 = VERTEX_POINT('',#98);
#98 = CARTESIAN_POINT('',(35.05,169.795,1.524));
#99 = LINE('',#100,#101);
#100 = CARTESIAN_POINT('',(35.05,169.795,1.524));
#101 = VECTOR('',#102,1.);
#102 = DIRECTION('',(0.,0.,1.));
#103 = ORIENTED_EDGE('',*,*,#104,.F.);
#104 = EDGE_CURVE('',#66,#97,#105,.T.);
#105 = LINE('',#106,#107);
#106 = CARTESIAN_POINT('',(14.95,169.795,1.524));
#107 = VECTOR('',#108,1.);
#108 = DIRECTION('',(1.,0.,0.));
#109 = PLANE('',#110);
#110 = AXIS2_PLACEMENT_3D('',#111,#112,#113);
#111 = CARTESIAN_POINT('',(14.95,169.795,1.524));
#112 = DIRECTION('',(0.,1.,0.));
#113 = DIRECTION('',(1.,0.,0.));
#114 = ADVANCED_FACE('',(#115),#140,.T.);
#115 = FACE_BOUND('',#116,.T.);
#116 = EDGE_LOOP('',(#117,#118,#126,#134));
#117 = ORIENTED_EDGE('',*,*,#96,.T.);
#118 = ORIENTED_EDGE('',*,*,#119,.T.);
#119 = EDGE_CURVE('',#89,#120,#122,.T.);
#120 = VERTEX_POINT('',#121);
#121 = CARTESIAN_POINT('',(35.05,159.095,1.559));
#122 = LINE('',#123,#124);
#123 = CARTESIAN_POINT('',(35.05,169.795,1.559));
#124 = VECTOR('',#125,1.);
#125 = DIRECTION('',(0.,-1.,0.));
#126 = ORIENTED_EDGE('',*,*,#127,.F.);
#127 = EDGE_CURVE('',#128,#120,#130,.T.);
#128 = VERTEX_POINT('',#129);
#129 = CARTESIAN_POINT('',(35.05,159.095,1.524));
#130 = LINE('',#131,#132);
#131 = CARTESIAN_POINT('',(35.05,159.095,1.524));
#132 = VECTOR('',#133,1.);
#133 = DIRECTION('',(0.,0.,1.));
#134 = ORIENTED_EDGE('',*,*,#135,.F.);
#135 = EDGE_CURVE('',#97,#128,#136,.T.);
#136 = LINE('',#137,#138);
#137 = CARTESIAN_POINT('',(35.05,169.795,1.524));
#138 = VECTOR('',#139,1.);
#139 = DIRECTION('',(0.,-1.,0.));
#140 = PLANE('',#141);
#141 = AXIS2_PLACEMENT_3D('',#142,#143,#144);
#142 = CARTESIAN_POINT('',(35.05,169.795,1.524));
#143 = DIRECTION('',(1.,0.,-0.));
#144 = DIRECTION('',(0.,-1.,0.));
#145 = ADVANCED_FACE('',(#146),#171,.T.);
#146 = FACE_BOUND('',#147,.T.);
#147 = EDGE_LOOP('',(#148,#149,#157,#165));
#148 = ORIENTED_EDGE('',*,*,#127,.T.);
#149 = ORIENTED_EDGE('',*,*,#150,.T.);
#150 = EDGE_CURVE('',#120,#151,#153,.T.);
#151 = VERTEX_POINT('',#152);
#152 = CARTESIAN_POINT('',(25.175,159.095,1.559));
#153 = LINE('',#154,#155);
#154 = CARTESIAN_POINT('',(35.05,159.095,1.559));
#155 = VECTOR('',#156,1.);
#156 = DIRECTION('',(-1.,0.,0.));
#157 = ORIENTED_EDGE('',*,*,#158,.F.);
#158 = EDGE_CURVE('',#159,#151,#161,.T.);
#159 = VERTEX_POINT('',#160);
#160 = CARTESIAN_POINT('',(25.175,159.095,1.524));
#161 = LINE('',#162,#163);
#162 = CARTESIAN_POINT('',(25.175,159.095,1.524));
#163 = VECTOR('',#164,1.);
#164 = DIRECTION('',(0.,0.,1.));
#165 = ORIENTED_EDGE('',*,*,#166,.F.);
#166 = EDGE_CURVE('',#128,#159,#167,.T.);
#167 = LINE('',#168,#169);
#168 = CARTESIAN_POINT('',(35.05,159.095,1.524));
#169 = VECTOR('',#170,1.);
#170 = DIRECTION('',(-1.,0.,0.));
#171 = PLANE('',#172);
#172 = AXIS2_PLACEMENT_3D('',#173,#174,#175);
#173 = CARTESIAN_POINT('',(35.05,159.095,1.524));
#174 = DIRECTION('',(0.,-1.,0.));
#175 = DIRECTION('',(-1.,0.,0.));
#176 = ADVANCED_FACE('',(#177),#202,.T.);
#177 = FACE_BOUND('',#178,.T.);
#178 = EDGE_LOOP('',(#179,#180,#188,#196));
#179 = ORIENTED_EDGE('',*,*,#158,.T.);
#180 = ORIENTED_EDGE('',*,*,#181,.T.);
#181 = EDGE_CURVE('',#151,#182,#184,.T.);
#182 = VERTEX_POINT('',#183);
#183 = CARTESIAN_POINT('',(25.175,150.195,1.559));
#184 = LINE('',#185,#186);
#185 = CARTESIAN_POINT('',(25.175,159.095,1.559));
#186 = VECTOR('',#187,1.);
#187 = DIRECTION('',(0.,-1.,0.));
#188 = ORIENTED_EDGE('',*,*,#189,.F.);
#189 = EDGE_CURVE('',#190,#182,#192,.T.);
#190 = VERTEX_POINT('',#191);
#191 = CARTESIAN_POINT('',(25.175,150.195,1.524));
#192 = LINE('',#193,#194);
#193 = CARTESIAN_POINT('',(25.175,150.195,1.524));
#194 = VECTOR('',#195,1.);
#195 = DIRECTION('',(0.,0.,1.));
#196 = ORIENTED_EDGE('',*,*,#197,.F.);
#197 = EDGE_CURVE('',#159,#190,#198,.T.);
#198 = LINE('',#199,#200);
#199 = CARTESIAN_POINT('',(25.175,159.095,1.524));
#200 = VECTOR('',#201,1.);
#201 = DIRECTION('',(0.,-1.,0.));
#202 = PLANE('',#203);
#203 = AXIS2_PLACEMENT_3D('',#204,#205,#206);
#204 = CARTESIAN_POINT('',(25.175,159.095,1.524));
#205 = DIRECTION('',(1.,0.,-0.));
#206 = DIRECTION('',(0.,-1.,0.));
#207 = ADVANCED_FACE('',(#208),#233,.T.);
#208 = FACE_BOUND('',#209,.T.);
#209 = EDGE_LOOP('',(#210,#211,#219,#227));
#210 = ORIENTED_EDGE('',*,*,#189,.T.);
#211 = ORIENTED_EDGE('',*,*,#212,.T.);
#212 = EDGE_CURVE('',#182,#213,#215,.T.);
#213 = VERTEX_POINT('',#214);
#214 = CARTESIAN_POINT('',(25.5,150.195,1.559));
#215 = LINE('',#216,#217);
#216 = CARTESIAN_POINT('',(25.175,150.195,1.559));
#217 = VECTOR('',#218,1.);
#218 = DIRECTION('',(1.,0.,0.));
#219 = ORIENTED_EDGE('',*,*,#220,.F.);
#220 = EDGE_CURVE('',#221,#213,#223,.T.);
#221 = VERTEX_POINT('',#222);
#222 = CARTESIAN_POINT('',(25.5,150.195,1.524));
#223 = LINE('',#224,#225);
#224 = CARTESIAN_POINT('',(25.5,150.195,1.524));
#225 = VECTOR('',#226,1.);
#226 = DIRECTION('',(0.,0.,1.));
#227 = ORIENTED_EDGE('',*,*,#228,.F.);
#228 = EDGE_CURVE('',#190,#221,#229,.T.);
#229 = LINE('',#230,#231);
#230 = CARTESIAN_POINT('',(25.175,150.195,1.524));
#231 = VECTOR('',#232,1.);
#232 = DIRECTION('',(1.,0.,0.));
#233 = PLANE('',#234);
#234 = AXIS2_PLACEMENT_3D('',#235,#236,#237);
#235 = CARTESIAN_POINT('',(25.175,150.195,1.524));
#236 = DIRECTION('',(0.,1.,0.));
#237 = DIRECTION('',(1.,0.,0.));
#238 = ADVANCED_FACE('',(#239),#264,.T.);
#239 = FACE_BOUND('',#240,.T.);
#240 = EDGE_LOOP('',(#241,#242,#250,#258));
#241 = ORIENTED_EDGE('',*,*,#220,.T.);
#242 = ORIENTED_EDGE('',*,*,#243,.T.);
#243 = EDGE_CURVE('',#213,#244,#246,.T.);
#244 = VERTEX_POINT('',#245);
#245 = CARTESIAN_POINT('',(25.5,147.195,1.559));
#246 = LINE('',#247,#248);
#247 = CARTESIAN_POINT('',(25.5,150.195,1.559));
#248 = VECTOR('',#249,1.);
#249 = DIRECTION('',(0.,-1.,0.));
#250 = ORIENTED_EDGE('',*,*,#251,.F.);
#251 = EDGE_CURVE('',#252,#244,#254,.T.);
#252 = VERTEX_POINT('',#253);
#253 = CARTESIAN_POINT('',(25.5,147.195,1.524));
#254 = LINE('',#255,#256);
#255 = CARTESIAN_POINT('',(25.5,147.195,1.524));
#256 = VECTOR('',#257,1.);
#257 = DIRECTION('',(0.,0.,1.));
#258 = ORIENTED_EDGE('',*,*,#259,.F.);
#259 = EDGE_CURVE('',#221,#252,#260,.T.);
#260 = LINE('',#261,#262);
#261 = CARTESIAN_POINT('',(25.5,150.195,1.524));
#262 = VECTOR('',#263,1.);
#263 = DIRECTION('',(0.,-1.,0.));
#264 = PLANE('',#265);
#265 = AXIS2_PLACEMENT_3D('',#266,#267,#268);
#266 = CARTESIAN_POINT('',(25.5,150.195,1.524));
#267 = DIRECTION('',(1.,0.,-0.));
#268 = DIRECTION('',(0.,-1.,0.));
#269 = ADVANCED_FACE('',(#270),#295,.T.);
#270 = FACE_BOUND('',#271,.T.);
#271 = EDGE_LOOP('',(#272,#273,#281,#289));
#272 = ORIENTED_EDGE('',*,*,#251,.T.);
#273 = ORIENTED_EDGE('',*,*,#274,.T.);
#274 = EDGE_CURVE('',#244,#275,#277,.T.);
#275 = VERTEX_POINT('',#276);
#276 = CARTESIAN_POINT('',(24.5,146.195,1.559));
#277 = LINE('',#278,#279);
#278 = CARTESIAN_POINT('',(25.5,147.195,1.559));
#279 = VECTOR('',#280,1.);
#280 = DIRECTION('',(-0.707106781187,-0.707106781187,0.));
#281 = ORIENTED_EDGE('',*,*,#282,.F.);
#282 = EDGE_CURVE('',#283,#275,#285,.T.);
#283 = VERTEX_POINT('',#284);
#284 = CARTESIAN_POINT('',(24.5,146.195,1.524));
#285 = LINE('',#286,#287);
#286 = CARTESIAN_POINT('',(24.5,146.195,1.524));
#287 = VECTOR('',#288,1.);
#288 = DIRECTION('',(0.,0.,1.));
#289 = ORIENTED_EDGE('',*,*,#290,.F.);
#290 = EDGE_CURVE('',#252,#283,#291,.T.);
#291 = LINE('',#292,#293);
#292 = CARTESIAN_POINT('',(25.5,147.195,1.524));
#293 = VECTOR('',#294,1.);
#294 = DIRECTION('',(-0.707106781187,-0.707106781187,0.));
#295 = PLANE('',#296);
#296 = AXIS2_PLACEMENT_3D('',#297,#298,#299);
#297 = CARTESIAN_POINT('',(25.5,147.195,1.524));
#298 = DIRECTION('',(0.707106781187,-0.707106781187,0.));
#299 = DIRECTION('',(-0.707106781187,-0.707106781187,0.));
#300 = ADVANCED_FACE('',(#301),#326,.T.);
#301 = FACE_BOUND('',#302,.T.);
#302 = EDGE_LOOP('',(#303,#304,#312,#320));
#303 = ORIENTED_EDGE('',*,*,#282,.T.);
#304 = ORIENTED_EDGE('',*,*,#305,.T.);
#305 = EDGE_CURVE('',#275,#306,#308,.T.);
#306 = VERTEX_POINT('',#307);
#307 = CARTESIAN_POINT('',(7.35,146.195,1.559));
#308 = LINE('',#309,#310);
#309 = CARTESIAN_POINT('',(24.5,146.195,1.559));
#310 = VECTOR('',#311,1.);
#311 = DIRECTION('',(-1.,0.,0.));
#312 = ORIENTED_EDGE('',*,*,#313,.F.);
#313 = EDGE_CURVE('',#314,#306,#316,.T.);
#314 = VERTEX_POINT('',#315);
#315 = CARTESIAN_POINT('',(7.35,146.195,1.524));
#316 = LINE('',#317,#318);
#317 = CARTESIAN_POINT('',(7.35,146.195,1.524));
#318 = VECTOR('',#319,1.);
#319 = DIRECTION('',(0.,0.,1.));
#320 = ORIENTED_EDGE('',*,*,#321,.F.);
#321 = EDGE_CURVE('',#283,#314,#322,.T.);
#322 = LINE('',#323,#324);
#323 = CARTESIAN_POINT('',(24.5,146.195,1.524));
#324 = VECTOR('',#325,1.);
#325 = DIRECTION('',(-1.,0.,0.));
#326 = PLANE('',#327);
#327 = AXIS2_PLACEMENT_3D('',#328,#329,#330);
#328 = CARTESIAN_POINT('',(24.5,146.195,1.524));
#329 = DIRECTION('',(0.,-1.,0.));
#330 = DIRECTION('',(-1.,0.,0.));
#331 = ADVANCED_FACE('',(#332),#357,.T.);
#332 = FACE_BOUND('',#333,.T.);
#333 = EDGE_LOOP('',(#334,#335,#343,#351));
#334 = ORIENTED_EDGE('',*,*,#313,.T.);
#335 = ORIENTED_EDGE('',*,*,#336,.T.);
#336 = EDGE_CURVE('',#306,#337,#339,.T.);
#337 = VERTEX_POINT('',#338);
#338 = CARTESIAN_POINT('',(7.35,138.595,1.559));
#339 = LINE('',#340,#341);
#340 = CARTESIAN_POINT('',(7.35,146.195,1.559));
#341 = VECTOR('',#342,1.);
#342 = DIRECTION('',(0.,-1.,0.));
#343 = ORIENTED_EDGE('',*,*,#344,.F.);
#344 = EDGE_CURVE('',#345,#337,#347,.T.);
#345 = VERTEX_POINT('',#346);
#346 = CARTESIAN_POINT('',(7.35,138.595,1.524));
#347 = LINE('',#348,#349);
#348 = CARTESIAN_POINT('',(7.35,138.595,1.524));
#349 = VECTOR('',#350,1.);
#350 = DIRECTION('',(0.,0.,1.));
#351 = ORIENTED_EDGE('',*,*,#352,.F.);
#352 = EDGE_CURVE('',#314,#345,#353,.T.);
#353 = LINE('',#354,#355);
#354 = CARTESIAN_POINT('',(7.35,146.195,1.524));
#355 = VECTOR('',#356,1.);
#356 = DIRECTION('',(0.,-1.,0.));
#357 = PLANE('',#358);
#358 = AXIS2_PLACEMENT_3D('',#359,#360,#361);
#359 = CARTESIAN_POINT('',(7.35,146.195,1.524));
#360 = DIRECTION('',(1.,0.,-0.));
#361 = DIRECTION('',(0.,-1.,0.));
#362 = ADVANCED_FACE('',(#363),#388,.T.);
#363 = FACE_BOUND('',#364,.T.);
#364 = EDGE_LOOP('',(#365,#366,#374,#382));
#365 = ORIENTED_EDGE('',*,*,#344,.T.);
#366 = ORIENTED_EDGE('',*,*,#367,.T.);
#367 = EDGE_CURVE('',#337,#368,#370,.T.);
#368 = VERTEX_POINT('',#369);
#369 = CARTESIAN_POINT('',(8.225,138.595,1.559));
#370 = LINE('',#371,#372);
#371 = CARTESIAN_POINT('',(7.35,138.595,1.559));
#372 = VECTOR('',#373,1.);
#373 = DIRECTION('',(1.,0.,0.));
#374 = ORIENTED_EDGE('',*,*,#375,.F.);
#375 = EDGE_CURVE('',#376,#368,#378,.T.);
#376 = VERTEX_POINT('',#377);
#377 = CARTESIAN_POINT('',(8.225,138.595,1.524));
#378 = LINE('',#379,#380);
#379 = CARTESIAN_POINT('',(8.225,138.595,1.524));
#380 = VECTOR('',#381,1.);
#381 = DIRECTION('',(0.,0.,1.));
#382 = ORIENTED_EDGE('',*,*,#383,.F.);
#383 = EDGE_CURVE('',#345,#376,#384,.T.);
#384 = LINE('',#385,#386);
#385 = CARTESIAN_POINT('',(7.35,138.595,1.524));
#386 = VECTOR('',#387,1.);
#387 = DIRECTION('',(1.,0.,0.));
#388 = PLANE('',#389);
#389 = AXIS2_PLACEMENT_3D('',#390,#391,#392);
#390 = CARTESIAN_POINT('',(7.35,138.595,1.524));
#391 = DIRECTION('',(0.,1.,0.));
#392 = DIRECTION('',(1.,0.,0.));
#393 = ADVANCED_FACE('',(#394),#419,.T.);
#394 = FACE_BOUND('',#395,.T.);
#395 = EDGE_LOOP('',(#396,#397,#405,#413));
#396 = ORIENTED_EDGE('',*,*,#375,.T.);
#397 = ORIENTED_EDGE('',*,*,#398,.T.);
#398 = EDGE_CURVE('',#368,#399,#401,.T.);
#399 = VERTEX_POINT('',#400);
#400 = CARTESIAN_POINT('',(8.225,122.195,1.559));
#401 = LINE('',#402,#403);
#402 = CARTESIAN_POINT('',(8.225,138.595,1.559));
#403 = VECTOR('',#404,1.);
#404 = DIRECTION('',(0.,-1.,0.));
#405 = ORIENTED_EDGE('',*,*,#406,.F.);
#406 = EDGE_CURVE('',#407,#399,#409,.T.);
#407 = VERTEX_POINT('',#408);
#408 = CARTESIAN_POINT('',(8.225,122.195,1.524));
#409 = LINE('',#410,#411);
#410 = CARTESIAN_POINT('',(8.225,122.195,1.524));
#411 = VECTOR('',#412,1.);
#412 = DIRECTION('',(0.,0.,1.));
#413 = ORIENTED_EDGE('',*,*,#414,.F.);
#414 = EDGE_CURVE('',#376,#407,#415,.T.);
#415 = LINE('',#416,#417);
#416 = CARTESIAN_POINT('',(8.225,138.595,1.524));
#417 = VECTOR('',#418,1.);
#418 = DIRECTION('',(0.,-1.,0.));
#419 = PLANE('',#420);
#420 = AXIS2_PLACEMENT_3D('',#421,#422,#423);
#421 = CARTESIAN_POINT('',(8.225,138.595,1.524));
#422 = DIRECTION('',(1.,0.,-0.));
#423 = DIRECTION('',(0.,-1.,0.));
#424 = ADVANCED_FACE('',(#425),#450,.T.);
#425 = FACE_BOUND('',#426,.T.);
#426 = EDGE_LOOP('',(#427,#428,#436,#444));
#427 = ORIENTED_EDGE('',*,*,#406,.T.);
#428 = ORIENTED_EDGE('',*,*,#429,.T.);
#429 = EDGE_CURVE('',#399,#430,#432,.T.);
#430 = VERTEX_POINT('',#431);
#431 = CARTESIAN_POINT('',(7.35,122.195,1.559));
#432 = LINE('',#433,#434);
#433 = CARTESIAN_POINT('',(8.225,122.195,1.559));
#434 = VECTOR('',#435,1.);
#435 = DIRECTION('',(-1.,0.,0.));
#436 = ORIENTED_EDGE('',*,*,#437,.F.);
#437 = EDGE_CURVE('',#438,#430,#440,.T.);
#438 = VERTEX_POINT('',#439);
#439 = CARTESIAN_POINT('',(7.35,122.195,1.524));
#440 = LINE('',#441,#442);
#441 = CARTESIAN_POINT('',(7.35,122.195,1.524));
#442 = VECTOR('',#443,1.);
#443 = DIRECTION('',(0.,0.,1.));
#444 = ORIENTED_EDGE('',*,*,#445,.F.);
#445 = EDGE_CURVE('',#407,#438,#446,.T.);
#446 = LINE('',#447,#448);
#447 = CARTESIAN_POINT('',(8.225,122.195,1.524));
#448 = VECTOR('',#449,1.);
#449 = DIRECTION('',(-1.,0.,0.));
#450 = PLANE('',#451);
#451 = AXIS2_PLACEMENT_3D('',#452,#453,#454);
#452 = CARTESIAN_POINT('',(8.225,122.195,1.524));
#453 = DIRECTION('',(0.,-1.,0.));
#454 = DIRECTION('',(-1.,0.,0.));
#455 = ADVANCED_FACE('',(#456),#481,.T.);
#456 = FACE_BOUND('',#457,.T.);
#457 = EDGE_LOOP('',(#458,#459,#467,#475));
#458 = ORIENTED_EDGE('',*,*,#437,.T.);
#459 = ORIENTED_EDGE('',*,*,#460,.T.);
#460 = EDGE_CURVE('',#430,#461,#463,.T.);
#461 = VERTEX_POINT('',#462);
#462 = CARTESIAN_POINT('',(7.35,114.595,1.559));
#463 = LINE('',#464,#465);
#464 = CARTESIAN_POINT('',(7.35,122.195,1.559));
#465 = VECTOR('',#466,1.);
#466 = DIRECTION('',(0.,-1.,0.));
#467 = ORIENTED_EDGE('',*,*,#468,.F.);
#468 = EDGE_CURVE('',#469,#461,#471,.T.);
#469 = VERTEX_POINT('',#470);
#470 = CARTESIAN_POINT('',(7.35,114.595,1.524));
#471 = LINE('',#472,#473);
#472 = CARTESIAN_POINT('',(7.35,114.595,1.524));
#473 = VECTOR('',#474,1.);
#474 = DIRECTION('',(0.,0.,1.));
#475 = ORIENTED_EDGE('',*,*,#476,.F.);
#476 = EDGE_CURVE('',#438,#469,#477,.T.);
#477 = LINE('',#478,#479);
#478 = CARTESIAN_POINT('',(7.35,122.195,1.524));
#479 = VECTOR('',#480,1.);
#480 = DIRECTION('',(0.,-1.,0.));
#481 = PLANE('',#482);
#482 = AXIS2_PLACEMENT_3D('',#483,#484,#485);
#483 = CARTESIAN_POINT('',(7.35,122.195,1.524));
#484 = DIRECTION('',(1.,0.,-0.));
#485 = DIRECTION('',(0.,-1.,0.));
#486 = ADVANCED_FACE('',(#487),#512,.T.);
#487 = FACE_BOUND('',#488,.T.);
#488 = EDGE_LOOP('',(#489,#490,#498,#506));
#489 = ORIENTED_EDGE('',*,*,#468,.T.);
#490 = ORIENTED_EDGE('',*,*,#491,.T.);
#491 = EDGE_CURVE('',#461,#492,#494,.T.);
#492 = VERTEX_POINT('',#493);
#493 = CARTESIAN_POINT('',(24.5,114.595,1.559));
#494 = LINE('',#495,#496);
#495 = CARTESIAN_POINT('',(7.35,114.595,1.559));
#496 = VECTOR('',#497,1.);
#497 = DIRECTION('',(1.,0.,0.));
#498 = ORIENTED_EDGE('',*,*,#499,.F.);
#499 = EDGE_CURVE('',#500,#492,#502,.T.);
#500 = VERTEX_POINT('',#501);
#501 = CARTESIAN_POINT('',(24.5,114.595,1.524));
#502 = LINE('',#503,#504);
#503 = CARTESIAN_POINT('',(24.5,114.595,1.524));
#504 = VECTOR('',#505,1.);
#505 = DIRECTION('',(0.,0.,1.));
#506 = ORIENTED_EDGE('',*,*,#507,.F.);
#507 = EDGE_CURVE('',#469,#500,#508,.T.);
#508 = LINE('',#509,#510);
#509 = CARTESIAN_POINT('',(7.35,114.595,1.524));
#510 = VECTOR('',#511,1.);
#511 = DIRECTION('',(1.,0.,0.));
#512 = PLANE('',#513);
#513 = AXIS2_PLACEMENT_3D('',#514,#515,#516);
#514 = CARTESIAN_POINT('',(7.35,114.595,1.524));
#515 = DIRECTION('',(0.,1.,0.));
#516 = DIRECTION('',(1.,0.,0.));
#517 = ADVANCED_FACE('',(#518),#543,.T.);
#518 = FACE_BOUND('',#519,.T.);
#519 = EDGE_LOOP('',(#520,#521,#529,#537));
#520 = ORIENTED_EDGE('',*,*,#499,.T.);
#521 = ORIENTED_EDGE('',*,*,#522,.T.);
#522 = EDGE_CURVE('',#492,#523,#525,.T.);
#523 = VERTEX_POINT('',#524);
#524 = CARTESIAN_POINT('',(24.5,117.595,1.559));
#525 = LINE('',#526,#527);
#526 = CARTESIAN_POINT('',(24.5,114.595,1.559));
#527 = VECTOR('',#528,1.);
#528 = DIRECTION('',(0.,1.,0.));
#529 = ORIENTED_EDGE('',*,*,#530,.F.);
#530 = EDGE_CURVE('',#531,#523,#533,.T.);
#531 = VERTEX_POINT('',#532);
#532 = CARTESIAN_POINT('',(24.5,117.595,1.524));
#533 = LINE('',#534,#535);
#534 = CARTESIAN_POINT('',(24.5,117.595,1.524));
#535 = VECTOR('',#536,1.);
#536 = DIRECTION('',(0.,0.,1.));
#537 = ORIENTED_EDGE('',*,*,#538,.F.);
#538 = EDGE_CURVE('',#500,#531,#539,.T.);
#539 = LINE('',#540,#541);
#540 = CARTESIAN_POINT('',(24.5,114.595,1.524));
#541 = VECTOR('',#542,1.);
#542 = DIRECTION('',(0.,1.,0.));
#543 = PLANE('',#544);
#544 = AXIS2_PLACEMENT_3D('',#545,#546,#547);
#545 = CARTESIAN_POINT('',(24.5,114.595,1.524));
#546 = DIRECTION('',(-1.,0.,0.));
#547 = DIRECTION('',(0.,1.,0.));
#548 = ADVANCED_FACE('',(#549),#574,.T.);
#549 = FACE_BOUND('',#550,.T.);
#550 = EDGE_LOOP('',(#551,#552,#560,#568));
#551 = ORIENTED_EDGE('',*,*,#530,.T.);
#552 = ORIENTED_EDGE('',*,*,#553,.T.);
#553 = EDGE_CURVE('',#523,#554,#556,.T.);
#554 = VERTEX_POINT('',#555);
#555 = CARTESIAN_POINT('',(24.825,117.595,1.559));
#556 = LINE('',#557,#558);
#557 = CARTESIAN_POINT('',(24.5,117.595,1.559));
#558 = VECTOR('',#559,1.);
#559 = DIRECTION('',(1.,0.,0.));
#560 = ORIENTED_EDGE('',*,*,#561,.F.);
#561 = EDGE_CURVE('',#562,#554,#564,.T.);
#562 = VERTEX_POINT('',#563);
#563 = CARTESIAN_POINT('',(24.825,117.595,1.524));
#564 = LINE('',#565,#566);
#565 = CARTESIAN_POINT('',(24.825,117.595,1.524));
#566 = VECTOR('',#567,1.);
#567 = DIRECTION('',(0.,0.,1.));
#568 = ORIENTED_EDGE('',*,*,#569,.F.);
#569 = EDGE_CURVE('',#531,#562,#570,.T.);
#570 = LINE('',#571,#572);
#571 = CARTESIAN_POINT('',(24.5,117.595,1.524));
#572 = VECTOR('',#573,1.);
#573 = DIRECTION('',(1.,0.,0.));
#574 = PLANE('',#575);
#575 = AXIS2_PLACEMENT_3D('',#576,#577,#578);
#576 = CARTESIAN_POINT('',(24.5,117.595,1.524));
#577 = DIRECTION('',(0.,1.,0.));
#578 = DIRECTION('',(1.,0.,0.));
#579 = ADVANCED_FACE('',(#580),#605,.T.);
#580 = FACE_BOUND('',#581,.T.);
#581 = EDGE_LOOP('',(#582,#583,#591,#599));
#582 = ORIENTED_EDGE('',*,*,#561,.T.);
#583 = ORIENTED_EDGE('',*,*,#584,.T.);
#584 = EDGE_CURVE('',#554,#585,#587,.T.);
#585 = VERTEX_POINT('',#586);
#586 = CARTESIAN_POINT('',(24.825,126.495,1.559));
#587 = LINE('',#588,#589);
#588 = CARTESIAN_POINT('',(24.825,117.595,1.559));
#589 = VECTOR('',#590,1.);
#590 = DIRECTION('',(0.,1.,0.));
#591 = ORIENTED_EDGE('',*,*,#592,.F.);
#592 = EDGE_CURVE('',#593,#585,#595,.T.);
#593 = VERTEX_POINT('',#594);
#594 = CARTESIAN_POINT('',(24.825,126.495,1.524));
#595 = LINE('',#596,#597);
#596 = CARTESIAN_POINT('',(24.825,126.495,1.524));
#597 = VECTOR('',#598,1.);
#598 = DIRECTION('',(0.,0.,1.));
#599 = ORIENTED_EDGE('',*,*,#600,.F.);
#600 = EDGE_CURVE('',#562,#593,#601,.T.);
#601 = LINE('',#602,#603);
#602 = CARTESIAN_POINT('',(24.825,117.595,1.524));
#603 = VECTOR('',#604,1.);
#604 = DIRECTION('',(0.,1.,0.));
#605 = PLANE('',#606);
#606 = AXIS2_PLACEMENT_3D('',#607,#608,#609);
#607 = CARTESIAN_POINT('',(24.825,117.595,1.524));
#608 = DIRECTION('',(-1.,0.,0.));
#609 = DIRECTION('',(0.,1.,0.));
#610 = ADVANCED_FACE('',(#611),#636,.T.);
#611 = FACE_BOUND('',#612,.T.);
#612 = EDGE_LOOP('',(#613,#614,#622,#630));
#613 = ORIENTED_EDGE('',*,*,#592,.T.);
#614 = ORIENTED_EDGE('',*,*,#615,.T.);
#615 = EDGE_CURVE('',#585,#616,#618,.T.);
#616 = VERTEX_POINT('',#617);
#617 = CARTESIAN_POINT('',(14.95,126.495,1.559));
#618 = LINE('',#619,#620);
#619 = CARTESIAN_POINT('',(24.825,126.495,1.559));
#620 = VECTOR('',#621,1.);
#621 = DIRECTION('',(-1.,0.,0.));
#622 = ORIENTED_EDGE('',*,*,#623,.F.);
#623 = EDGE_CURVE('',#624,#616,#626,.T.);
#624 = VERTEX_POINT('',#625);
#625 = CARTESIAN_POINT('',(14.95,126.495,1.524));
#626 = LINE('',#627,#628);
#627 = CARTESIAN_POINT('',(14.95,126.495,1.524));
#628 = VECTOR('',#629,1.);
#629 = DIRECTION('',(0.,0.,1.));
#630 = ORIENTED_EDGE('',*,*,#631,.F.);
#631 = EDGE_CURVE('',#593,#624,#632,.T.);
#632 = LINE('',#633,#634);
#633 = CARTESIAN_POINT('',(24.825,126.495,1.524));
#634 = VECTOR('',#635,1.);
#635 = DIRECTION('',(-1.,0.,0.));
#636 = PLANE('',#637);
#637 = AXIS2_PLACEMENT_3D('',#638,#639,#640);
#638 = CARTESIAN_POINT('',(24.825,126.495,1.524));
#639 = DIRECTION('',(0.,-1.,0.));
#640 = DIRECTION('',(-1.,0.,0.));
#641 = ADVANCED_FACE('',(#642),#667,.T.);
#642 = FACE_BOUND('',#643,.T.);
#643 = EDGE_LOOP('',(#644,#645,#653,#661));
#644 = ORIENTED_EDGE('',*,*,#623,.T.);
#645 = ORIENTED_EDGE('',*,*,#646,.T.);
#646 = EDGE_CURVE('',#616,#647,#649,.T.);
#647 = VERTEX_POINT('',#648);
#648 = CARTESIAN_POINT('',(14.95,137.195,1.559));
#649 = LINE('',#650,#651);
#650 = CARTESIAN_POINT('',(14.95,126.495,1.559));
#651 = VECTOR('',#652,1.);
#652 = DIRECTION('',(0.,1.,0.));
#653 = ORIENTED_EDGE('',*,*,#654,.F.);
#654 = EDGE_CURVE('',#655,#647,#657,.T.);
#655 = VERTEX_POINT('',#656);
#656 = CARTESIAN_POINT('',(14.95,137.195,1.524));
#657 = LINE('',#658,#659);
#658 = CARTESIAN_POINT('',(14.95,137.195,1.524));
#659 = VECTOR('',#660,1.);
#660 = DIRECTION('',(0.,0.,1.));
#661 = ORIENTED_EDGE('',*,*,#662,.F.);
#662 = EDGE_CURVE('',#624,#655,#663,.T.);
#663 = LINE('',#664,#665);
#664 = CARTESIAN_POINT('',(14.95,126.495,1.524));
#665 = VECTOR('',#666,1.);
#666 = DIRECTION('',(0.,1.,0.));
#667 = PLANE('',#668);
#668 = AXIS2_PLACEMENT_3D('',#669,#670,#671);
#669 = CARTESIAN_POINT('',(14.95,126.495,1.524));
#670 = DIRECTION('',(-1.,0.,0.));
#671 = DIRECTION('',(0.,1.,0.));
#672 = ADVANCED_FACE('',(#673),#698,.T.);
#673 = FACE_BOUND('',#674,.T.);
#674 = EDGE_LOOP('',(#675,#676,#684,#692));
#675 = ORIENTED_EDGE('',*,*,#654,.T.);
#676 = ORIENTED_EDGE('',*,*,#677,.T.);
#677 = EDGE_CURVE('',#647,#678,#680,.T.);
#678 = VERTEX_POINT('',#679);
#679 = CARTESIAN_POINT('',(35.05,137.195,1.559));
#680 = LINE('',#681,#682);
#681 = CARTESIAN_POINT('',(14.95,137.195,1.559));
#682 = VECTOR('',#683,1.);
#683 = DIRECTION('',(1.,0.,0.));
#684 = ORIENTED_EDGE('',*,*,#685,.F.);
#685 = EDGE_CURVE('',#686,#678,#688,.T.);
#686 = VERTEX_POINT('',#687);
#687 = CARTESIAN_POINT('',(35.05,137.195,1.524));
#688 = LINE('',#689,#690);
#689 = CARTESIAN_POINT('',(35.05,137.195,1.524));
#690 = VECTOR('',#691,1.);
#691 = DIRECTION('',(0.,0.,1.));
#692 = ORIENTED_EDGE('',*,*,#693,.F.);
#693 = EDGE_CURVE('',#655,#686,#694,.T.);
#694 = LINE('',#695,#696);
#695 = CARTESIAN_POINT('',(14.95,137.195,1.524));
#696 = VECTOR('',#697,1.);
#697 = DIRECTION('',(1.,0.,0.));
#698 = PLANE('',#699);
#699 = AXIS2_PLACEMENT_3D('',#700,#701,#702);
#700 = CARTESIAN_POINT('',(14.95,137.195,1.524));
#701 = DIRECTION('',(0.,1.,0.));
#702 = DIRECTION('',(1.,0.,0.));
#703 = ADVANCED_FACE('',(#704),#729,.T.);
#704 = FACE_BOUND('',#705,.T.);
#705 = EDGE_LOOP('',(#706,#707,#715,#723));
#706 = ORIENTED_EDGE('',*,*,#685,.T.);
#707 = ORIENTED_EDGE('',*,*,#708,.T.);
#708 = EDGE_CURVE('',#678,#709,#711,.T.);
#709 = VERTEX_POINT('',#710);
#710 = CARTESIAN_POINT('',(35.05,126.495,1.559));
#711 = LINE('',#712,#713);
#712 = CARTESIAN_POINT('',(35.05,137.195,1.559));
#713 = VECTOR('',#714,1.);
#714 = DIRECTION('',(0.,-1.,0.));
#715 = ORIENTED_EDGE('',*,*,#716,.F.);
#716 = EDGE_CURVE('',#717,#709,#719,.T.);
#717 = VERTEX_POINT('',#718);
#718 = CARTESIAN_POINT('',(35.05,126.495,1.524));
#719 = LINE('',#720,#721);
#720 = CARTESIAN_POINT('',(35.05,126.495,1.524));
#721 = VECTOR('',#722,1.);
#722 = DIRECTION('',(0.,0.,1.));
#723 = ORIENTED_EDGE('',*,*,#724,.F.);
#724 = EDGE_CURVE('',#686,#717,#725,.T.);
#725 = LINE('',#726,#727);
#726 = CARTESIAN_POINT('',(35.05,137.195,1.524));
#727 = VECTOR('',#728,1.);
#728 = DIRECTION('',(0.,-1.,0.));
#729 = PLANE('',#730);
#730 = AXIS2_PLACEMENT_3D('',#731,#732,#733);
#731 = CARTESIAN_POINT('',(35.05,137.195,1.524));
#732 = DIRECTION('',(1.,0.,-0.));
#733 = DIRECTION('',(0.,-1.,0.));
#734 = ADVANCED_FACE('',(#735),#760,.T.);
#735 = FACE_BOUND('',#736,.T.);
#736 = EDGE_LOOP('',(#737,#738,#746,#754));
#737 = ORIENTED_EDGE('',*,*,#716,.T.);
#738 = ORIENTED_EDGE('',*,*,#739,.T.);
#739 = EDGE_CURVE('',#709,#740,#742,.T.);
#740 = VERTEX_POINT('',#741);
#741 = CARTESIAN_POINT('',(25.175,126.495,1.559));
#742 = LINE('',#743,#744);
#743 = CARTESIAN_POINT('',(35.05,126.495,1.559));
#744 = VECTOR('',#745,1.);
#745 = DIRECTION('',(-1.,0.,0.));
#746 = ORIENTED_EDGE('',*,*,#747,.F.);
#747 = EDGE_CURVE('',#748,#740,#750,.T.);
#748 = VERTEX_POINT('',#749);
#749 = CARTESIAN_POINT('',(25.175,126.495,1.524));
#750 = LINE('',#751,#752);
#751 = CARTESIAN_POINT('',(25.175,126.495,1.524));
#752 = VECTOR('',#753,1.);
#753 = DIRECTION('',(0.,0.,1.));
#754 = ORIENTED_EDGE('',*,*,#755,.F.);
#755 = EDGE_CURVE('',#717,#748,#756,.T.);
#756 = LINE('',#757,#758);
#757 = CARTESIAN_POINT('',(35.05,126.495,1.524));
#758 = VECTOR('',#759,1.);
#759 = DIRECTION('',(-1.,0.,0.));
#760 = PLANE('',#761);
#761 = AXIS2_PLACEMENT_3D('',#762,#763,#764);
#762 = CARTESIAN_POINT('',(35.05,126.495,1.524));
#763 = DIRECTION('',(0.,-1.,0.));
#764 = DIRECTION('',(-1.,0.,0.));
#765 = ADVANCED_FACE('',(#766),#791,.T.);
#766 = FACE_BOUND('',#767,.T.);
#767 = EDGE_LOOP('',(#768,#769,#777,#785));
#768 = ORIENTED_EDGE('',*,*,#747,.T.);
#769 = ORIENTED_EDGE('',*,*,#770,.T.);
#770 = EDGE_CURVE('',#740,#771,#773,.T.);
#771 = VERTEX_POINT('',#772);
#772 = CARTESIAN_POINT('',(25.175,117.595,1.559));
#773 = LINE('',#774,#775);
#774 = CARTESIAN_POINT('',(25.175,126.495,1.559));
#775 = VECTOR('',#776,1.);
#776 = DIRECTION('',(0.,-1.,0.));
#777 = ORIENTED_EDGE('',*,*,#778,.F.);
#778 = EDGE_CURVE('',#779,#771,#781,.T.);
#779 = VERTEX_POINT('',#780);
#780 = CARTESIAN_POINT('',(25.175,117.595,1.524));
#781 = LINE('',#782,#783);
#782 = CARTESIAN_POINT('',(25.175,117.595,1.524));
#783 = VECTOR('',#784,1.);
#784 = DIRECTION('',(0.,0.,1.));
#785 = ORIENTED_EDGE('',*,*,#786,.F.);
#786 = EDGE_CURVE('',#748,#779,#787,.T.);
#787 = LINE('',#788,#789);
#788 = CARTESIAN_POINT('',(25.175,126.495,1.524));
#789 = VECTOR('',#790,1.);
#790 = DIRECTION('',(0.,-1.,0.));
#791 = PLANE('',#792);
#792 = AXIS2_PLACEMENT_3D('',#793,#794,#795);
#793 = CARTESIAN_POINT('',(25.175,126.495,1.524));
#794 = DIRECTION('',(1.,0.,-0.));
#795 = DIRECTION('',(0.,-1.,0.));
#796 = ADVANCED_FACE('',(#797),#822,.T.);
#797 = FACE_BOUND('',#798,.T.);
#798 = EDGE_LOOP('',(#799,#800,#808,#816));
#799 = ORIENTED_EDGE('',*,*,#778,.T.);
#800 = ORIENTED_EDGE('',*,*,#801,.T.);
#801 = EDGE_CURVE('',#771,#802,#804,.T.);
#802 = VERTEX_POINT('',#803);
#803 = CARTESIAN_POINT('',(25.5,117.595,1.559));
#804 = LINE('',#805,#806);
#805 = CARTESIAN_POINT('',(25.175,117.595,1.559));
#806 = VECTOR('',#807,1.);
#807 = DIRECTION('',(1.,0.,0.));
#808 = ORIENTED_EDGE('',*,*,#809,.F.);
#809 = EDGE_CURVE('',#810,#802,#812,.T.);
#810 = VERTEX_POINT('',#811);
#811 = CARTESIAN_POINT('',(25.5,117.595,1.524));
#812 = LINE('',#813,#814);
#813 = CARTESIAN_POINT('',(25.5,117.595,1.524));
#814 = VECTOR('',#815,1.);
#815 = DIRECTION('',(0.,0.,1.));
#816 = ORIENTED_EDGE('',*,*,#817,.F.);
#817 = EDGE_CURVE('',#779,#810,#818,.T.);
#818 = LINE('',#819,#820);
#819 = CARTESIAN_POINT('',(25.175,117.595,1.524));
#820 = VECTOR('',#821,1.);
#821 = DIRECTION('',(1.,0.,0.));
#822 = PLANE('',#823);
#823 = AXIS2_PLACEMENT_3D('',#824,#825,#826);
#824 = CARTESIAN_POINT('',(25.175,117.595,1.524));
#825 = DIRECTION('',(0.,1.,0.));
#826 = DIRECTION('',(1.,0.,0.));
#827 = ADVANCED_FACE('',(#828),#853,.T.);
#828 = FACE_BOUND('',#829,.T.);
#829 = EDGE_LOOP('',(#830,#831,#839,#847));
#830 = ORIENTED_EDGE('',*,*,#809,.T.);
#831 = ORIENTED_EDGE('',*,*,#832,.T.);
#832 = EDGE_CURVE('',#802,#833,#835,.T.);
#833 = VERTEX_POINT('',#834);
#834 = CARTESIAN_POINT('',(25.5,114.595,1.559));
#835 = LINE('',#836,#837);
#836 = CARTESIAN_POINT('',(25.5,117.595,1.559));
#837 = VECTOR('',#838,1.);
#838 = DIRECTION('',(0.,-1.,0.));
#839 = ORIENTED_EDGE('',*,*,#840,.F.);
#840 = EDGE_CURVE('',#841,#833,#843,.T.);
#841 = VERTEX_POINT('',#842);
#842 = CARTESIAN_POINT('',(25.5,114.595,1.524));
#843 = LINE('',#844,#845);
#844 = CARTESIAN_POINT('',(25.5,114.595,1.524));
#845 = VECTOR('',#846,1.);
#846 = DIRECTION('',(0.,0.,1.));
#847 = ORIENTED_EDGE('',*,*,#848,.F.);
#848 = EDGE_CURVE('',#810,#841,#849,.T.);
#849 = LINE('',#850,#851);
#850 = CARTESIAN_POINT('',(25.5,117.595,1.524));
#851 = VECTOR('',#852,1.);
#852 = DIRECTION('',(0.,-1.,0.));
#853 = PLANE('',#854);
#854 = AXIS2_PLACEMENT_3D('',#855,#856,#857);
#855 = CARTESIAN_POINT('',(25.5,117.595,1.524));
#856 = DIRECTION('',(1.,0.,-0.));
#857 = DIRECTION('',(0.,-1.,0.));
#858 = ADVANCED_FACE('',(#859),#884,.T.);
#859 = FACE_BOUND('',#860,.T.);
#860 = EDGE_LOOP('',(#861,#862,#870,#878));
#861 = ORIENTED_EDGE('',*,*,#840,.T.);
#862 = ORIENTED_EDGE('',*,*,#863,.T.);
#863 = EDGE_CURVE('',#833,#864,#866,.T.);
#864 = VERTEX_POINT('',#865);
#865 = CARTESIAN_POINT('',(24.5,113.595,1.559));
#866 = LINE('',#867,#868);
#867 = CARTESIAN_POINT('',(25.5,114.595,1.559));
#868 = VECTOR('',#869,1.);
#869 = DIRECTION('',(-0.707106781187,-0.707106781187,0.));
#870 = ORIENTED_EDGE('',*,*,#871,.F.);
#871 = EDGE_CURVE('',#872,#864,#874,.T.);
#872 = VERTEX_POINT('',#873);
#873 = CARTESIAN_POINT('',(24.5,113.595,1.524));
#874 = LINE('',#875,#876);
#875 = CARTESIAN_POINT('',(24.5,113.595,1.524));
#876 = VECTOR('',#877,1.);
#877 = DIRECTION('',(0.,0.,1.));
#878 = ORIENTED_EDGE('',*,*,#879,.F.);
#879 = EDGE_CURVE('',#841,#872,#880,.T.);
#880 = LINE('',#881,#882);
#881 = CARTESIAN_POINT('',(25.5,114.595,1.524));
#882 = VECTOR('',#883,1.);
#883 = DIRECTION('',(-0.707106781187,-0.707106781187,0.));
#884 = PLANE('',#885);
#885 = AXIS2_PLACEMENT_3D('',#886,#887,#888);
#886 = CARTESIAN_POINT('',(25.5,114.595,1.524));
#887 = DIRECTION('',(0.707106781187,-0.707106781187,0.));
#888 = DIRECTION('',(-0.707106781187,-0.707106781187,0.));
#889 = ADVANCED_FACE('',(#890),#915,.T.);
#890 = FACE_BOUND('',#891,.T.);
#891 = EDGE_LOOP('',(#892,#893,#901,#909));
#892 = ORIENTED_EDGE('',*,*,#871,.T.);
#893 = ORIENTED_EDGE('',*,*,#894,.T.);
#894 = EDGE_CURVE('',#864,#895,#897,.T.);
#895 = VERTEX_POINT('',#896);
#896 = CARTESIAN_POINT('',(8.225,113.595,1.559));
#897 = LINE('',#898,#899);
#898 = CARTESIAN_POINT('',(24.5,113.595,1.559));
#899 = VECTOR('',#900,1.);
#900 = DIRECTION('',(-1.,0.,0.));
#901 = ORIENTED_EDGE('',*,*,#902,.F.);
#902 = EDGE_CURVE('',#903,#895,#905,.T.);
#903 = VERTEX_POINT('',#904);
#904 = CARTESIAN_POINT('',(8.225,113.595,1.524));
#905 = LINE('',#906,#907);
#906 = CARTESIAN_POINT('',(8.225,113.595,1.524));
#907 = VECTOR('',#908,1.);
#908 = DIRECTION('',(0.,0.,1.));
#909 = ORIENTED_EDGE('',*,*,#910,.F.);
#910 = EDGE_CURVE('',#872,#903,#911,.T.);
#911 = LINE('',#912,#913);
#912 = CARTESIAN_POINT('',(24.5,113.595,1.524));
#913 = VECTOR('',#914,1.);
#914 = DIRECTION('',(-1.,0.,0.));
#915 = PLANE('',#916);
#916 = AXIS2_PLACEMENT_3D('',#917,#918,#919);
#917 = CARTESIAN_POINT('',(24.5,113.595,1.524));
#918 = DIRECTION('',(0.,-1.,0.));
#919 = DIRECTION('',(-1.,0.,0.));
#920 = ADVANCED_FACE('',(#921),#946,.T.);
#921 = FACE_BOUND('',#922,.T.);
#922 = EDGE_LOOP('',(#923,#924,#932,#940));
#923 = ORIENTED_EDGE('',*,*,#902,.T.);
#924 = ORIENTED_EDGE('',*,*,#925,.T.);
#925 = EDGE_CURVE('',#895,#926,#928,.T.);
#926 = VERTEX_POINT('',#927);
#927 = CARTESIAN_POINT('',(8.225,82.395,1.559));
#928 = LINE('',#929,#930);
#929 = CARTESIAN_POINT('',(8.225,113.595,1.559));
#930 = VECTOR('',#931,1.);
#931 = DIRECTION('',(0.,-1.,0.));
#932 = ORIENTED_EDGE('',*,*,#933,.F.);
#933 = EDGE_CURVE('',#934,#926,#936,.T.);
#934 = VERTEX_POINT('',#935);
#935 = CARTESIAN_POINT('',(8.225,82.395,1.524));
#936 = LINE('',#937,#938);
#937 = CARTESIAN_POINT('',(8.225,82.395,1.524));
#938 = VECTOR('',#939,1.);
#939 = DIRECTION('',(0.,0.,1.));
#940 = ORIENTED_EDGE('',*,*,#941,.F.);
#941 = EDGE_CURVE('',#903,#934,#942,.T.);
#942 = LINE('',#943,#944);
#943 = CARTESIAN_POINT('',(8.225,113.595,1.524));
#944 = VECTOR('',#945,1.);
#945 = DIRECTION('',(0.,-1.,0.));
#946 = PLANE('',#947);
#947 = AXIS2_PLACEMENT_3D('',#948,#949,#950);
#948 = CARTESIAN_POINT('',(8.225,113.595,1.524));
#949 = DIRECTION('',(1.,0.,-0.));
#950 = DIRECTION('',(0.,-1.,0.));
#951 = ADVANCED_FACE('',(#952),#977,.T.);
#952 = FACE_BOUND('',#953,.T.);
#953 = EDGE_LOOP('',(#954,#955,#963,#971));
#954 = ORIENTED_EDGE('',*,*,#933,.T.);
#955 = ORIENTED_EDGE('',*,*,#956,.T.);
#956 = EDGE_CURVE('',#926,#957,#959,.T.);
#957 = VERTEX_POINT('',#958);
#958 = CARTESIAN_POINT('',(24.5,82.395,1.559));
#959 = LINE('',#960,#961);
#960 = CARTESIAN_POINT('',(8.225,82.395,1.559));
#961 = VECTOR('',#962,1.);
#962 = DIRECTION('',(1.,0.,0.));
#963 = ORIENTED_EDGE('',*,*,#964,.F.);
#964 = EDGE_CURVE('',#965,#957,#967,.T.);
#965 = VERTEX_POINT('',#966);
#966 = CARTESIAN_POINT('',(24.5,82.395,1.524));
#967 = LINE('',#968,#969);
#968 = CARTESIAN_POINT('',(24.5,82.395,1.524));
#969 = VECTOR('',#970,1.);
#970 = DIRECTION('',(0.,0.,1.));
#971 = ORIENTED_EDGE('',*,*,#972,.F.);
#972 = EDGE_CURVE('',#934,#965,#973,.T.);
#973 = LINE('',#974,#975);
#974 = CARTESIAN_POINT('',(8.225,82.395,1.524));
#975 = VECTOR('',#976,1.);
#976 = DIRECTION('',(1.,0.,0.));
#977 = PLANE('',#978);
#978 = AXIS2_PLACEMENT_3D('',#979,#980,#981);
#979 = CARTESIAN_POINT('',(8.225,82.395,1.524));
#980 = DIRECTION('',(0.,1.,0.));
#981 = DIRECTION('',(1.,0.,0.));
#982 = ADVANCED_FACE('',(#983),#1008,.T.);
#983 = FACE_BOUND('',#984,.T.);
#984 = EDGE_LOOP('',(#985,#986,#994,#1002));
#985 = ORIENTED_EDGE('',*,*,#964,.T.);
#986 = ORIENTED_EDGE('',*,*,#987,.T.);
#987 = EDGE_CURVE('',#957,#988,#990,.T.);
#988 = VERTEX_POINT('',#989);
#989 = CARTESIAN_POINT('',(24.5,85.395,1.559));
#990 = LINE('',#991,#992);
#991 = CARTESIAN_POINT('',(24.5,82.395,1.559));
#992 = VECTOR('',#993,1.);
#993 = DIRECTION('',(0.,1.,0.));
#994 = ORIENTED_EDGE('',*,*,#995,.F.);
#995 = EDGE_CURVE('',#996,#988,#998,.T.);
#996 = VERTEX_POINT('',#997);
#997 = CARTESIAN_POINT('',(24.5,85.395,1.524));
#998 = LINE('',#999,#1000);
#999 = CARTESIAN_POINT('',(24.5,85.395,1.524));
#1000 = VECTOR('',#1001,1.);
#1001 = DIRECTION('',(0.,0.,1.));
#1002 = ORIENTED_EDGE('',*,*,#1003,.F.);
#1003 = EDGE_CURVE('',#965,#996,#1004,.T.);
#1004 = LINE('',#1005,#1006);
#1005 = CARTESIAN_POINT('',(24.5,82.395,1.524));
#1006 = VECTOR('',#1007,1.);
#1007 = DIRECTION('',(0.,1.,0.));
#1008 = PLANE('',#1009);
#1009 = AXIS2_PLACEMENT_3D('',#1010,#1011,#1012);
#1010 = CARTESIAN_POINT('',(24.5,82.395,1.524));
#1011 = DIRECTION('',(-1.,0.,0.));
#1012 = DIRECTION('',(0.,1.,0.));
#1013 = ADVANCED_FACE('',(#1014),#1039,.T.);
#1014 = FACE_BOUND('',#1015,.T.);
#1015 = EDGE_LOOP('',(#1016,#1017,#1025,#1033));
#1016 = ORIENTED_EDGE('',*,*,#995,.T.);
#1017 = ORIENTED_EDGE('',*,*,#1018,.T.);
#1018 = EDGE_CURVE('',#988,#1019,#1021,.T.);
#1019 = VERTEX_POINT('',#1020);
#1020 = CARTESIAN_POINT('',(24.825,85.395,1.559));
#1021 = LINE('',#1022,#1023);
#1022 = CARTESIAN_POINT('',(24.5,85.395,1.559));
#1023 = VECTOR('',#1024,1.);
#1024 = DIRECTION('',(1.,0.,0.));
#1025 = ORIENTED_EDGE('',*,*,#1026,.F.);
#1026 = EDGE_CURVE('',#1027,#1019,#1029,.T.);
#1027 = VERTEX_POINT('',#1028);
#1028 = CARTESIAN_POINT('',(24.825,85.395,1.524));
#1029 = LINE('',#1030,#1031);
#1030 = CARTESIAN_POINT('',(24.825,85.395,1.524));
#1031 = VECTOR('',#1032,1.);
#1032 = DIRECTION('',(0.,0.,1.));
#1033 = ORIENTED_EDGE('',*,*,#1034,.F.);
#1034 = EDGE_CURVE('',#996,#1027,#1035,.T.);
#1035 = LINE('',#1036,#1037);
#1036 = CARTESIAN_POINT('',(24.5,85.395,1.524));
#1037 = VECTOR('',#1038,1.);
#1038 = DIRECTION('',(1.,0.,0.));
#1039 = PLANE('',#1040);
#1040 = AXIS2_PLACEMENT_3D('',#1041,#1042,#1043);
#1041 = CARTESIAN_POINT('',(24.5,85.395,1.524));
#1042 = DIRECTION('',(0.,1.,0.));
#1043 = DIRECTION('',(1.,0.,0.));
#1044 = ADVANCED_FACE('',(#1045),#1070,.T.);
#1045 = FACE_BOUND('',#1046,.T.);
#1046 = EDGE_LOOP('',(#1047,#1048,#1056,#1064));
#1047 = ORIENTED_EDGE('',*,*,#1026,.T.);
#1048 = ORIENTED_EDGE('',*,*,#1049,.T.);
#1049 = EDGE_CURVE('',#1019,#1050,#1052,.T.);
#1050 = VERTEX_POINT('',#1051);
#1051 = CARTESIAN_POINT('',(24.825,94.295,1.559));
#1052 = LINE('',#1053,#1054);
#1053 = CARTESIAN_POINT('',(24.825,85.395,1.559));
#1054 = VECTOR('',#1055,1.);
#1055 = DIRECTION('',(0.,1.,0.));
#1056 = ORIENTED_EDGE('',*,*,#1057,.F.);
#1057 = EDGE_CURVE('',#1058,#1050,#1060,.T.);
#1058 = VERTEX_POINT('',#1059);
#1059 = CARTESIAN_POINT('',(24.825,94.295,1.524));
#1060 = LINE('',#1061,#1062);
#1061 = CARTESIAN_POINT('',(24.825,94.295,1.524));
#1062 = VECTOR('',#1063,1.);
#1063 = DIRECTION('',(0.,0.,1.));
#1064 = ORIENTED_EDGE('',*,*,#1065,.F.);
#1065 = EDGE_CURVE('',#1027,#1058,#1066,.T.);
#1066 = LINE('',#1067,#1068);
#1067 = CARTESIAN_POINT('',(24.825,85.395,1.524));
#1068 = VECTOR('',#1069,1.);
#1069 = DIRECTION('',(0.,1.,0.));
#1070 = PLANE('',#1071);
#1071 = AXIS2_PLACEMENT_3D('',#1072,#1073,#1074);
#1072 = CARTESIAN_POINT('',(24.825,85.395,1.524));
#1073 = DIRECTION('',(-1.,0.,0.));
#1074 = DIRECTION('',(0.,1.,0.));
#1075 = ADVANCED_FACE('',(#1076),#1101,.T.);
#1076 = FACE_BOUND('',#1077,.T.);
#1077 = EDGE_LOOP('',(#1078,#1079,#1087,#1095));
#1078 = ORIENTED_EDGE('',*,*,#1057,.T.);
#1079 = ORIENTED_EDGE('',*,*,#1080,.T.);
#1080 = EDGE_CURVE('',#1050,#1081,#1083,.T.);
#1081 = VERTEX_POINT('',#1082);
#1082 = CARTESIAN_POINT('',(14.95,94.295,1.559));
#1083 = LINE('',#1084,#1085);
#1084 = CARTESIAN_POINT('',(24.825,94.295,1.559));
#1085 = VECTOR('',#1086,1.);
#1086 = DIRECTION('',(-1.,0.,0.));
#1087 = ORIENTED_EDGE('',*,*,#1088,.F.);
#1088 = EDGE_CURVE('',#1089,#1081,#1091,.T.);
#1089 = VERTEX_POINT('',#1090);
#1090 = CARTESIAN_POINT('',(14.95,94.295,1.524));
#1091 = LINE('',#1092,#1093);
#1092 = CARTESIAN_POINT('',(14.95,94.295,1.524));
#1093 = VECTOR('',#1094,1.);
#1094 = DIRECTION('',(0.,0.,1.));
#1095 = ORIENTED_EDGE('',*,*,#1096,.F.);
#1096 = EDGE_CURVE('',#1058,#1089,#1097,.T.);
#1097 = LINE('',#1098,#1099);
#1098 = CARTESIAN_POINT('',(24.825,94.295,1.524));
#1099 = VECTOR('',#1100,1.);
#1100 = DIRECTION('',(-1.,0.,0.));
#1101 = PLANE('',#1102);
#1102 = AXIS2_PLACEMENT_3D('',#1103,#1104,#1105);
#1103 = CARTESIAN_POINT('',(24.825,94.295,1.524));
#1104 = DIRECTION('',(0.,-1.,0.));
#1105 = DIRECTION('',(-1.,0.,0.));
#1106 = ADVANCED_FACE('',(#1107),#1132,.T.);
#1107 = FACE_BOUND('',#1108,.T.);
#1108 = EDGE_LOOP('',(#1109,#1110,#1118,#1126));
#1109 = ORIENTED_EDGE('',*,*,#1088,.T.);
#1110 = ORIENTED_EDGE('',*,*,#1111,.T.);
#1111 = EDGE_CURVE('',#1081,#1112,#1114,.T.);
#1112 = VERTEX_POINT('',#1113);
#1113 = CARTESIAN_POINT('',(14.95,104.995,1.559));
#1114 = LINE('',#1115,#1116);
#1115 = CARTESIAN_POINT('',(14.95,94.295,1.559));
#1116 = VECTOR('',#1117,1.);
#1117 = DIRECTION('',(0.,1.,0.));
#1118 = ORIENTED_EDGE('',*,*,#1119,.F.);
#1119 = EDGE_CURVE('',#1120,#1112,#1122,.T.);
#1120 = VERTEX_POINT('',#1121);
#1121 = CARTESIAN_POINT('',(14.95,104.995,1.524));
#1122 = LINE('',#1123,#1124);
#1123 = CARTESIAN_POINT('',(14.95,104.995,1.524));
#1124 = VECTOR('',#1125,1.);
#1125 = DIRECTION('',(0.,0.,1.));
#1126 = ORIENTED_EDGE('',*,*,#1127,.F.);
#1127 = EDGE_CURVE('',#1089,#1120,#1128,.T.);
#1128 = LINE('',#1129,#1130);
#1129 = CARTESIAN_POINT('',(14.95,94.295,1.524));
#1130 = VECTOR('',#1131,1.);
#1131 = DIRECTION('',(0.,1.,0.));
#1132 = PLANE('',#1133);
#1133 = AXIS2_PLACEMENT_3D('',#1134,#1135,#1136);
#1134 = CARTESIAN_POINT('',(14.95,94.295,1.524));
#1135 = DIRECTION('',(-1.,0.,0.));
#1136 = DIRECTION('',(0.,1.,0.));
#1137 = ADVANCED_FACE('',(#1138),#1163,.T.);
#1138 = FACE_BOUND('',#1139,.T.);
#1139 = EDGE_LOOP('',(#1140,#1141,#1149,#1157));
#1140 = ORIENTED_EDGE('',*,*,#1119,.T.);
#1141 = ORIENTED_EDGE('',*,*,#1142,.T.);
#1142 = EDGE_CURVE('',#1112,#1143,#1145,.T.);
#1143 = VERTEX_POINT('',#1144);
#1144 = CARTESIAN_POINT('',(35.05,104.995,1.559));
#1145 = LINE('',#1146,#1147);
#1146 = CARTESIAN_POINT('',(14.95,104.995,1.559));
#1147 = VECTOR('',#1148,1.);
#1148 = DIRECTION('',(1.,0.,0.));
#1149 = ORIENTED_EDGE('',*,*,#1150,.F.);
#1150 = EDGE_CURVE('',#1151,#1143,#1153,.T.);
#1151 = VERTEX_POINT('',#1152);
#1152 = CARTESIAN_POINT('',(35.05,104.995,1.524));
#1153 = LINE('',#1154,#1155);
#1154 = CARTESIAN_POINT('',(35.05,104.995,1.524));
#1155 = VECTOR('',#1156,1.);
#1156 = DIRECTION('',(0.,0.,1.));
#1157 = ORIENTED_EDGE('',*,*,#1158,.F.);
#1158 = EDGE_CURVE('',#1120,#1151,#1159,.T.);
#1159 = LINE('',#1160,#1161);
#1160 = CARTESIAN_POINT('',(14.95,104.995,1.524));
#1161 = VECTOR('',#1162,1.);
#1162 = DIRECTION('',(1.,0.,0.));
#1163 = PLANE('',#1164);
#1164 = AXIS2_PLACEMENT_3D('',#1165,#1166,#1167);
#1165 = CARTESIAN_POINT('',(14.95,104.995,1.524));
#1166 = DIRECTION('',(0.,1.,0.));
#1167 = DIRECTION('',(1.,0.,0.));
#1168 = ADVANCED_FACE('',(#1169),#1194,.T.);
#1169 = FACE_BOUND('',#1170,.T.);
#1170 = EDGE_LOOP('',(#1171,#1172,#1180,#1188));
#1171 = ORIENTED_EDGE('',*,*,#1150,.T.);
#1172 = ORIENTED_EDGE('',*,*,#1173,.T.);
#1173 = EDGE_CURVE('',#1143,#1174,#1176,.T.);
#1174 = VERTEX_POINT('',#1175);
#1175 = CARTESIAN_POINT('',(35.05,94.295,1.559));
#1176 = LINE('',#1177,#1178);
#1177 = CARTESIAN_POINT('',(35.05,104.995,1.559));
#1178 = VECTOR('',#1179,1.);
#1179 = DIRECTION('',(0.,-1.,0.));
#1180 = ORIENTED_EDGE('',*,*,#1181,.F.);
#1181 = EDGE_CURVE('',#1182,#1174,#1184,.T.);
#1182 = VERTEX_POINT('',#1183);
#1183 = CARTESIAN_POINT('',(35.05,94.295,1.524));
#1184 = LINE('',#1185,#1186);
#1185 = CARTESIAN_POINT('',(35.05,94.295,1.524));
#1186 = VECTOR('',#1187,1.);
#1187 = DIRECTION('',(0.,0.,1.));
#1188 = ORIENTED_EDGE('',*,*,#1189,.F.);
#1189 = EDGE_CURVE('',#1151,#1182,#1190,.T.);
#1190 = LINE('',#1191,#1192);
#1191 = CARTESIAN_POINT('',(35.05,104.995,1.524));
#1192 = VECTOR('',#1193,1.);
#1193 = DIRECTION('',(0.,-1.,0.));
#1194 = PLANE('',#1195);
#1195 = AXIS2_PLACEMENT_3D('',#1196,#1197,#1198);
#1196 = CARTESIAN_POINT('',(35.05,104.995,1.524));
#1197 = DIRECTION('',(1.,0.,-0.));
#1198 = DIRECTION('',(0.,-1.,0.));
#1199 = ADVANCED_FACE('',(#1200),#1225,.T.);
#1200 = FACE_BOUND('',#1201,.T.);
#1201 = EDGE_LOOP('',(#1202,#1203,#1211,#1219));
#1202 = ORIENTED_EDGE('',*,*,#1181,.T.);
#1203 = ORIENTED_EDGE('',*,*,#1204,.T.);
#1204 = EDGE_CURVE('',#1174,#1205,#1207,.T.);
#1205 = VERTEX_POINT('',#1206);
#1206 = CARTESIAN_POINT('',(25.175,94.295,1.559));
#1207 = LINE('',#1208,#1209);
#1208 = CARTESIAN_POINT('',(35.05,94.295,1.559));
#1209 = VECTOR('',#1210,1.);
#1210 = DIRECTION('',(-1.,0.,0.));
#1211 = ORIENTED_EDGE('',*,*,#1212,.F.);
#1212 = EDGE_CURVE('',#1213,#1205,#1215,.T.);
#1213 = VERTEX_POINT('',#1214);
#1214 = CARTESIAN_POINT('',(25.175,94.295,1.524));
#1215 = LINE('',#1216,#1217);
#1216 = CARTESIAN_POINT('',(25.175,94.295,1.524));
#1217 = VECTOR('',#1218,1.);
#1218 = DIRECTION('',(0.,0.,1.));
#1219 = ORIENTED_EDGE('',*,*,#1220,.F.);
#1220 = EDGE_CURVE('',#1182,#1213,#1221,.T.);
#1221 = LINE('',#1222,#1223);
#1222 = CARTESIAN_POINT('',(35.05,94.295,1.524));
#1223 = VECTOR('',#1224,1.);
#1224 = DIRECTION('',(-1.,0.,0.));
#1225 = PLANE('',#1226);
#1226 = AXIS2_PLACEMENT_3D('',#1227,#1228,#1229);
#1227 = CARTESIAN_POINT('',(35.05,94.295,1.524));
#1228 = DIRECTION('',(0.,-1.,0.));
#1229 = DIRECTION('',(-1.,0.,0.));
#1230 = ADVANCED_FACE('',(#1231),#1256,.T.);
#1231 = FACE_BOUND('',#1232,.T.);
#1232 = EDGE_LOOP('',(#1233,#1234,#1242,#1250));
#1233 = ORIENTED_EDGE('',*,*,#1212,.T.);
#1234 = ORIENTED_EDGE('',*,*,#1235,.T.);
#1235 = EDGE_CURVE('',#1205,#1236,#1238,.T.);
#1236 = VERTEX_POINT('',#1237);
#1237 = CARTESIAN_POINT('',(25.175,85.395,1.559));
#1238 = LINE('',#1239,#1240);
#1239 = CARTESIAN_POINT('',(25.175,94.295,1.559));
#1240 = VECTOR('',#1241,1.);
#1241 = DIRECTION('',(0.,-1.,0.));
#1242 = ORIENTED_EDGE('',*,*,#1243,.F.);
#1243 = EDGE_CURVE('',#1244,#1236,#1246,.T.);
#1244 = VERTEX_POINT('',#1245);
#1245 = CARTESIAN_POINT('',(25.175,85.395,1.524));
#1246 = LINE('',#1247,#1248);
#1247 = CARTESIAN_POINT('',(25.175,85.395,1.524));
#1248 = VECTOR('',#1249,1.);
#1249 = DIRECTION('',(0.,0.,1.));
#1250 = ORIENTED_EDGE('',*,*,#1251,.F.);
#1251 = EDGE_CURVE('',#1213,#1244,#1252,.T.);
#1252 = LINE('',#1253,#1254);
#1253 = CARTESIAN_POINT('',(25.175,94.295,1.524));
#1254 = VECTOR('',#1255,1.);
#1255 = DIRECTION('',(0.,-1.,0.));
#1256 = PLANE('',#1257);
#1257 = AXIS2_PLACEMENT_3D('',#1258,#1259,#1260);
#1258 = CARTESIAN_POINT('',(25.175,94.295,1.524));
#1259 = DIRECTION('',(1.,0.,-0.));
#1260 = DIRECTION('',(0.,-1.,0.));
#1261 = ADVANCED_FACE('',(#1262),#1287,.T.);
#1262 = FACE_BOUND('',#1263,.T.);
#1263 = EDGE_LOOP('',(#1264,#1265,#1273,#1281));
#1264 = ORIENTED_EDGE('',*,*,#1243,.T.);
#1265 = ORIENTED_EDGE('',*,*,#1266,.T.);
#1266 = EDGE_CURVE('',#1236,#1267,#1269,.T.);
#1267 = VERTEX_POINT('',#1268);
#1268 = CARTESIAN_POINT('',(25.5,85.395,1.559));
#1269 = LINE('',#1270,#1271);
#1270 = CARTESIAN_POINT('',(25.175,85.395,1.559));
#1271 = VECTOR('',#1272,1.);
#1272 = DIRECTION('',(1.,0.,0.));
#1273 = ORIENTED_EDGE('',*,*,#1274,.F.);
#1274 = EDGE_CURVE('',#1275,#1267,#1277,.T.);
#1275 = VERTEX_POINT('',#1276);
#1276 = CARTESIAN_POINT('',(25.5,85.395,1.524));
#1277 = LINE('',#1278,#1279);
#1278 = CARTESIAN_POINT('',(25.5,85.395,1.524));
#1279 = VECTOR('',#1280,1.);
#1280 = DIRECTION('',(0.,0.,1.));
#1281 = ORIENTED_EDGE('',*,*,#1282,.F.);
#1282 = EDGE_CURVE('',#1244,#1275,#1283,.T.);
#1283 = LINE('',#1284,#1285);
#1284 = CARTESIAN_POINT('',(25.175,85.395,1.524));
#1285 = VECTOR('',#1286,1.);
#1286 = DIRECTION('',(1.,0.,0.));
#1287 = PLANE('',#1288);
#1288 = AXIS2_PLACEMENT_3D('',#1289,#1290,#1291);
#1289 = CARTESIAN_POINT('',(25.175,85.395,1.524));
#1290 = DIRECTION('',(0.,1.,0.));
#1291 = DIRECTION('',(1.,0.,0.));
#1292 = ADVANCED_FACE('',(#1293),#1318,.T.);
#1293 = FACE_BOUND('',#1294,.T.);
#1294 = EDGE_LOOP('',(#1295,#1296,#1304,#1312));
#1295 = ORIENTED_EDGE('',*,*,#1274,.T.);
#1296 = ORIENTED_EDGE('',*,*,#1297,.T.);
#1297 = EDGE_CURVE('',#1267,#1298,#1300,.T.);
#1298 = VERTEX_POINT('',#1299);
#1299 = CARTESIAN_POINT('',(25.5,82.395,1.559));
#1300 = LINE('',#1301,#1302);
#1301 = CARTESIAN_POINT('',(25.5,85.395,1.559));
#1302 = VECTOR('',#1303,1.);
#1303 = DIRECTION('',(0.,-1.,0.));
#1304 = ORIENTED_EDGE('',*,*,#1305,.F.);
#1305 = EDGE_CURVE('',#1306,#1298,#1308,.T.);
#1306 = VERTEX_POINT('',#1307);
#1307 = CARTESIAN_POINT('',(25.5,82.395,1.524));
#1308 = LINE('',#1309,#1310);
#1309 = CARTESIAN_POINT('',(25.5,82.395,1.524));
#1310 = VECTOR('',#1311,1.);
#1311 = DIRECTION('',(0.,0.,1.));
#1312 = ORIENTED_EDGE('',*,*,#1313,.F.);
#1313 = EDGE_CURVE('',#1275,#1306,#1314,.T.);
#1314 = LINE('',#1315,#1316);
#1315 = CARTESIAN_POINT('',(25.5,85.395,1.524));
#1316 = VECTOR('',#1317,1.);
#1317 = DIRECTION('',(0.,-1.,0.));
#1318 = PLANE('',#1319);
#1319 = AXIS2_PLACEMENT_3D('',#1320,#1321,#1322);
#1320 = CARTESIAN_POINT('',(25.5,85.395,1.524));
#1321 = DIRECTION('',(1.,0.,-0.));
#1322 = DIRECTION('',(0.,-1.,0.));
#1323 = ADVANCED_FACE('',(#1324),#1349,.T.);
#1324 = FACE_BOUND('',#1325,.T.);
#1325 = EDGE_LOOP('',(#1326,#1327,#1335,#1343));
#1326 = ORIENTED_EDGE('',*,*,#1305,.T.);
#1327 = ORIENTED_EDGE('',*,*,#1328,.T.);
#1328 = EDGE_CURVE('',#1298,#1329,#1331,.T.);
#1329 = VERTEX_POINT('',#1330);
#1330 = CARTESIAN_POINT('',(24.5,81.395,1.559));
#1331 = LINE('',#1332,#1333);
#1332 = CARTESIAN_POINT('',(25.5,82.395,1.559));
#1333 = VECTOR('',#1334,1.);
#1334 = DIRECTION('',(-0.707106781187,-0.707106781187,0.));
#1335 = ORIENTED_EDGE('',*,*,#1336,.F.);
#1336 = EDGE_CURVE('',#1337,#1329,#1339,.T.);
#1337 = VERTEX_POINT('',#1338);
#1338 = CARTESIAN_POINT('',(24.5,81.395,1.524));
#1339 = LINE('',#1340,#1341);
#1340 = CARTESIAN_POINT('',(24.5,81.395,1.524));
#1341 = VECTOR('',#1342,1.);
#1342 = DIRECTION('',(0.,0.,1.));
#1343 = ORIENTED_EDGE('',*,*,#1344,.F.);
#1344 = EDGE_CURVE('',#1306,#1337,#1345,.T.);
#1345 = LINE('',#1346,#1347);
#1346 = CARTESIAN_POINT('',(25.5,82.395,1.524));
#1347 = VECTOR('',#1348,1.);
#1348 = DIRECTION('',(-0.707106781187,-0.707106781187,0.));
#1349 = PLANE('',#1350);
#1350 = AXIS2_PLACEMENT_3D('',#1351,#1352,#1353);
#1351 = CARTESIAN_POINT('',(25.5,82.395,1.524));
#1352 = DIRECTION('',(0.707106781187,-0.707106781187,0.));
#1353 = DIRECTION('',(-0.707106781187,-0.707106781187,0.));
#1354 = ADVANCED_FACE('',(#1355),#1380,.T.);
#1355 = FACE_BOUND('',#1356,.T.);
#1356 = EDGE_LOOP('',(#1357,#1358,#1366,#1374));
#1357 = ORIENTED_EDGE('',*,*,#1336,.T.);
#1358 = ORIENTED_EDGE('',*,*,#1359,.T.);
#1359 = EDGE_CURVE('',#1329,#1360,#1362,.T.);
#1360 = VERTEX_POINT('',#1361);
#1361 = CARTESIAN_POINT('',(8.925,81.395,1.559));
#1362 = LINE('',#1363,#1364);
#1363 = CARTESIAN_POINT('',(24.5,81.395,1.559));
#1364 = VECTOR('',#1365,1.);
#1365 = DIRECTION('',(-1.,0.,0.));
#1366 = ORIENTED_EDGE('',*,*,#1367,.F.);
#1367 = EDGE_CURVE('',#1368,#1360,#1370,.T.);
#1368 = VERTEX_POINT('',#1369);
#1369 = CARTESIAN_POINT('',(8.925,81.395,1.524));
#1370 = LINE('',#1371,#1372);
#1371 = CARTESIAN_POINT('',(8.925,81.395,1.524));
#1372 = VECTOR('',#1373,1.);
#1373 = DIRECTION('',(0.,0.,1.));
#1374 = ORIENTED_EDGE('',*,*,#1375,.F.);
#1375 = EDGE_CURVE('',#1337,#1368,#1376,.T.);
#1376 = LINE('',#1377,#1378);
#1377 = CARTESIAN_POINT('',(24.5,81.395,1.524));
#1378 = VECTOR('',#1379,1.);
#1379 = DIRECTION('',(-1.,0.,0.));
#1380 = PLANE('',#1381);
#1381 = AXIS2_PLACEMENT_3D('',#1382,#1383,#1384);
#1382 = CARTESIAN_POINT('',(24.5,81.395,1.524));
#1383 = DIRECTION('',(0.,-1.,0.));
#1384 = DIRECTION('',(-1.,0.,0.));
#1385 = ADVANCED_FACE('',(#1386),#1411,.T.);
#1386 = FACE_BOUND('',#1387,.T.);
#1387 = EDGE_LOOP('',(#1388,#1389,#1397,#1405));
#1388 = ORIENTED_EDGE('',*,*,#1367,.T.);
#1389 = ORIENTED_EDGE('',*,*,#1390,.T.);
#1390 = EDGE_CURVE('',#1360,#1391,#1393,.T.);
#1391 = VERTEX_POINT('',#1392);
#1392 = CARTESIAN_POINT('',(8.925,74.095,1.559));
#1393 = LINE('',#1394,#1395);
#1394 = CARTESIAN_POINT('',(8.925,81.395,1.559));
#1395 = VECTOR('',#1396,1.);
#1396 = DIRECTION('',(0.,-1.,0.));
#1397 = ORIENTED_EDGE('',*,*,#1398,.F.);
#1398 = EDGE_CURVE('',#1399,#1391,#1401,.T.);
#1399 = VERTEX_POINT('',#1400);
#1400 = CARTESIAN_POINT('',(8.925,74.095,1.524));
#1401 = LINE('',#1402,#1403);
#1402 = CARTESIAN_POINT('',(8.925,74.095,1.524));
#1403 = VECTOR('',#1404,1.);
#1404 = DIRECTION('',(0.,0.,1.));
#1405 = ORIENTED_EDGE('',*,*,#1406,.F.);
#1406 = EDGE_CURVE('',#1368,#1399,#1407,.T.);
#1407 = LINE('',#1408,#1409);
#1408 = CARTESIAN_POINT('',(8.925,81.395,1.524));
#1409 = VECTOR('',#1410,1.);
#1410 = DIRECTION('',(0.,-1.,0.));
#1411 = PLANE('',#1412);
#1412 = AXIS2_PLACEMENT_3D('',#1413,#1414,#1415);
#1413 = CARTESIAN_POINT('',(8.925,81.395,1.524));
#1414 = DIRECTION('',(1.,0.,-0.));
#1415 = DIRECTION('',(0.,-1.,0.));
#1416 = ADVANCED_FACE('',(#1417),#1442,.T.);
#1417 = FACE_BOUND('',#1418,.T.);
#1418 = EDGE_LOOP('',(#1419,#1420,#1428,#1436));
#1419 = ORIENTED_EDGE('',*,*,#1398,.T.);
#1420 = ORIENTED_EDGE('',*,*,#1421,.T.);
#1421 = EDGE_CURVE('',#1391,#1422,#1424,.T.);
#1422 = VERTEX_POINT('',#1423);
#1423 = CARTESIAN_POINT('',(8.225,74.095,1.559));
#1424 = LINE('',#1425,#1426);
#1425 = CARTESIAN_POINT('',(8.925,74.095,1.559));
#1426 = VECTOR('',#1427,1.);
#1427 = DIRECTION('',(-1.,0.,0.));
#1428 = ORIENTED_EDGE('',*,*,#1429,.F.);
#1429 = EDGE_CURVE('',#1430,#1422,#1432,.T.);
#1430 = VERTEX_POINT('',#1431);
#1431 = CARTESIAN_POINT('',(8.225,74.095,1.524));
#1432 = LINE('',#1433,#1434);
#1433 = CARTESIAN_POINT('',(8.225,74.095,1.524));
#1434 = VECTOR('',#1435,1.);
#1435 = DIRECTION('',(0.,0.,1.));
#1436 = ORIENTED_EDGE('',*,*,#1437,.F.);
#1437 = EDGE_CURVE('',#1399,#1430,#1438,.T.);
#1438 = LINE('',#1439,#1440);
#1439 = CARTESIAN_POINT('',(8.925,74.095,1.524));
#1440 = VECTOR('',#1441,1.);
#1441 = DIRECTION('',(-1.,0.,0.));
#1442 = PLANE('',#1443);
#1443 = AXIS2_PLACEMENT_3D('',#1444,#1445,#1446);
#1444 = CARTESIAN_POINT('',(8.925,74.095,1.524));
#1445 = DIRECTION('',(0.,-1.,0.));
#1446 = DIRECTION('',(-1.,0.,0.));
#1447 = ADVANCED_FACE('',(#1448),#1473,.T.);
#1448 = FACE_BOUND('',#1449,.T.);
#1449 = EDGE_LOOP('',(#1450,#1451,#1459,#1467));
#1450 = ORIENTED_EDGE('',*,*,#1429,.T.);
#1451 = ORIENTED_EDGE('',*,*,#1452,.T.);
#1452 = EDGE_CURVE('',#1422,#1453,#1455,.T.);
#1453 = VERTEX_POINT('',#1454);
#1454 = CARTESIAN_POINT('',(8.225,57.695,1.559));
#1455 = LINE('',#1456,#1457);
#1456 = CARTESIAN_POINT('',(8.225,74.095,1.559));
#1457 = VECTOR('',#1458,1.);
#1458 = DIRECTION('',(0.,-1.,0.));
#1459 = ORIENTED_EDGE('',*,*,#1460,.F.);
#1460 = EDGE_CURVE('',#1461,#1453,#1463,.T.);
#1461 = VERTEX_POINT('',#1462);
#1462 = CARTESIAN_POINT('',(8.225,57.695,1.524));
#1463 = LINE('',#1464,#1465);
#1464 = CARTESIAN_POINT('',(8.225,57.695,1.524));
#1465 = VECTOR('',#1466,1.);
#1466 = DIRECTION('',(0.,0.,1.));
#1467 = ORIENTED_EDGE('',*,*,#1468,.F.);
#1468 = EDGE_CURVE('',#1430,#1461,#1469,.T.);
#1469 = LINE('',#1470,#1471);
#1470 = CARTESIAN_POINT('',(8.225,74.095,1.524));
#1471 = VECTOR('',#1472,1.);
#1472 = DIRECTION('',(0.,-1.,0.));
#1473 = PLANE('',#1474);
#1474 = AXIS2_PLACEMENT_3D('',#1475,#1476,#1477);
#1475 = CARTESIAN_POINT('',(8.225,74.095,1.524));
#1476 = DIRECTION('',(1.,0.,-0.));
#1477 = DIRECTION('',(0.,-1.,0.));
#1478 = ADVANCED_FACE('',(#1479),#1504,.T.);
#1479 = FACE_BOUND('',#1480,.T.);
#1480 = EDGE_LOOP('',(#1481,#1482,#1490,#1498));
#1481 = ORIENTED_EDGE('',*,*,#1460,.T.);
#1482 = ORIENTED_EDGE('',*,*,#1483,.T.);
#1483 = EDGE_CURVE('',#1453,#1484,#1486,.T.);
#1484 = VERTEX_POINT('',#1485);
#1485 = CARTESIAN_POINT('',(8.925,57.695,1.559));
#1486 = LINE('',#1487,#1488);
#1487 = CARTESIAN_POINT('',(8.225,57.695,1.559));
#1488 = VECTOR('',#1489,1.);
#1489 = DIRECTION('',(1.,0.,0.));
#1490 = ORIENTED_EDGE('',*,*,#1491,.F.);
#1491 = EDGE_CURVE('',#1492,#1484,#1494,.T.);
#1492 = VERTEX_POINT('',#1493);
#1493 = CARTESIAN_POINT('',(8.925,57.695,1.524));
#1494 = LINE('',#1495,#1496);
#1495 = CARTESIAN_POINT('',(8.925,57.695,1.524));
#1496 = VECTOR('',#1497,1.);
#1497 = DIRECTION('',(0.,0.,1.));
#1498 = ORIENTED_EDGE('',*,*,#1499,.F.);
#1499 = EDGE_CURVE('',#1461,#1492,#1500,.T.);
#1500 = LINE('',#1501,#1502);
#1501 = CARTESIAN_POINT('',(8.225,57.695,1.524));
#1502 = VECTOR('',#1503,1.);
#1503 = DIRECTION('',(1.,0.,0.));
#1504 = PLANE('',#1505);
#1505 = AXIS2_PLACEMENT_3D('',#1506,#1507,#1508);
#1506 = CARTESIAN_POINT('',(8.225,57.695,1.524));
#1507 = DIRECTION('',(0.,1.,0.));
#1508 = DIRECTION('',(1.,0.,0.));
#1509 = ADVANCED_FACE('',(#1510),#1535,.T.);
#1510 = FACE_BOUND('',#1511,.T.);
#1511 = EDGE_LOOP('',(#1512,#1513,#1521,#1529));
#1512 = ORIENTED_EDGE('',*,*,#1491,.T.);
#1513 = ORIENTED_EDGE('',*,*,#1514,.T.);
#1514 = EDGE_CURVE('',#1484,#1515,#1517,.T.);
#1515 = VERTEX_POINT('',#1516);
#1516 = CARTESIAN_POINT('',(8.925,50.395,1.559));
#1517 = LINE('',#1518,#1519);
#1518 = CARTESIAN_POINT('',(8.925,57.695,1.559));
#1519 = VECTOR('',#1520,1.);
#1520 = DIRECTION('',(0.,-1.,0.));
#1521 = ORIENTED_EDGE('',*,*,#1522,.F.);
#1522 = EDGE_CURVE('',#1523,#1515,#1525,.T.);
#1523 = VERTEX_POINT('',#1524);
#1524 = CARTESIAN_POINT('',(8.925,50.395,1.524));
#1525 = LINE('',#1526,#1527);
#1526 = CARTESIAN_POINT('',(8.925,50.395,1.524));
#1527 = VECTOR('',#1528,1.);
#1528 = DIRECTION('',(0.,0.,1.));
#1529 = ORIENTED_EDGE('',*,*,#1530,.F.);
#1530 = EDGE_CURVE('',#1492,#1523,#1531,.T.);
#1531 = LINE('',#1532,#1533);
#1532 = CARTESIAN_POINT('',(8.925,57.695,1.524));
#1533 = VECTOR('',#1534,1.);
#1534 = DIRECTION('',(0.,-1.,0.));
#1535 = PLANE('',#1536);
#1536 = AXIS2_PLACEMENT_3D('',#1537,#1538,#1539);
#1537 = CARTESIAN_POINT('',(8.925,57.695,1.524));
#1538 = DIRECTION('',(1.,0.,-0.));
#1539 = DIRECTION('',(0.,-1.,0.));
#1540 = ADVANCED_FACE('',(#1541),#1566,.T.);
#1541 = FACE_BOUND('',#1542,.T.);
#1542 = EDGE_LOOP('',(#1543,#1544,#1552,#1560));
#1543 = ORIENTED_EDGE('',*,*,#1522,.T.);
#1544 = ORIENTED_EDGE('',*,*,#1545,.T.);
#1545 = EDGE_CURVE('',#1515,#1546,#1548,.T.);
#1546 = VERTEX_POINT('',#1547);
#1547 = CARTESIAN_POINT('',(24.5,50.395,1.559));
#1548 = LINE('',#1549,#1550);
#1549 = CARTESIAN_POINT('',(8.925,50.395,1.559));
#1550 = VECTOR('',#1551,1.);
#1551 = DIRECTION('',(1.,0.,0.));
#1552 = ORIENTED_EDGE('',*,*,#1553,.F.);
#1553 = EDGE_CURVE('',#1554,#1546,#1556,.T.);
#1554 = VERTEX_POINT('',#1555);
#1555 = CARTESIAN_POINT('',(24.5,50.395,1.524));
#1556 = LINE('',#1557,#1558);
#1557 = CARTESIAN_POINT('',(24.5,50.395,1.524));
#1558 = VECTOR('',#1559,1.);
#1559 = DIRECTION('',(0.,0.,1.));
#1560 = ORIENTED_EDGE('',*,*,#1561,.F.);
#1561 = EDGE_CURVE('',#1523,#1554,#1562,.T.);
#1562 = LINE('',#1563,#1564);
#1563 = CARTESIAN_POINT('',(8.925,50.395,1.524));
#1564 = VECTOR('',#1565,1.);
#1565 = DIRECTION('',(1.,0.,0.));
#1566 = PLANE('',#1567);
#1567 = AXIS2_PLACEMENT_3D('',#1568,#1569,#1570);
#1568 = CARTESIAN_POINT('',(8.925,50.395,1.524));
#1569 = DIRECTION('',(0.,1.,0.));
#1570 = DIRECTION('',(1.,0.,0.));
#1571 = ADVANCED_FACE('',(#1572),#1597,.T.);
#1572 = FACE_BOUND('',#1573,.T.);
#1573 = EDGE_LOOP('',(#1574,#1575,#1583,#1591));
#1574 = ORIENTED_EDGE('',*,*,#1553,.T.);
#1575 = ORIENTED_EDGE('',*,*,#1576,.T.);
#1576 = EDGE_CURVE('',#1546,#1577,#1579,.T.);
#1577 = VERTEX_POINT('',#1578);
#1578 = CARTESIAN_POINT('',(24.5,53.395,1.559));
#1579 = LINE('',#1580,#1581);
#1580 = CARTESIAN_POINT('',(24.5,50.395,1.559));
#1581 = VECTOR('',#1582,1.);
#1582 = DIRECTION('',(0.,1.,0.));
#1583 = ORIENTED_EDGE('',*,*,#1584,.F.);
#1584 = EDGE_CURVE('',#1585,#1577,#1587,.T.);
#1585 = VERTEX_POINT('',#1586);
#1586 = CARTESIAN_POINT('',(24.5,53.395,1.524));
#1587 = LINE('',#1588,#1589);
#1588 = CARTESIAN_POINT('',(24.5,53.395,1.524));
#1589 = VECTOR('',#1590,1.);
#1590 = DIRECTION('',(0.,0.,1.));
#1591 = ORIENTED_EDGE('',*,*,#1592,.F.);
#1592 = EDGE_CURVE('',#1554,#1585,#1593,.T.);
#1593 = LINE('',#1594,#1595);
#1594 = CARTESIAN_POINT('',(24.5,50.395,1.524));
#1595 = VECTOR('',#1596,1.);
#1596 = DIRECTION('',(0.,1.,0.));
#1597 = PLANE('',#1598);
#1598 = AXIS2_PLACEMENT_3D('',#1599,#1600,#1601);
#1599 = CARTESIAN_POINT('',(24.5,50.395,1.524));
#1600 = DIRECTION('',(-1.,0.,0.));
#1601 = DIRECTION('',(0.,1.,0.));
#1602 = ADVANCED_FACE('',(#1603),#1628,.T.);
#1603 = FACE_BOUND('',#1604,.T.);
#1604 = EDGE_LOOP('',(#1605,#1606,#1614,#1622));
#1605 = ORIENTED_EDGE('',*,*,#1584,.T.);
#1606 = ORIENTED_EDGE('',*,*,#1607,.T.);
#1607 = EDGE_CURVE('',#1577,#1608,#1610,.T.);
#1608 = VERTEX_POINT('',#1609);
#1609 = CARTESIAN_POINT('',(24.825,53.395,1.559));
#1610 = LINE('',#1611,#1612);
#1611 = CARTESIAN_POINT('',(24.5,53.395,1.559));
#1612 = VECTOR('',#1613,1.);
#1613 = DIRECTION('',(1.,0.,0.));
#1614 = ORIENTED_EDGE('',*,*,#1615,.F.);
#1615 = EDGE_CURVE('',#1616,#1608,#1618,.T.);
#1616 = VERTEX_POINT('',#1617);
#1617 = CARTESIAN_POINT('',(24.825,53.395,1.524));
#1618 = LINE('',#1619,#1620);
#1619 = CARTESIAN_POINT('',(24.825,53.395,1.524));
#1620 = VECTOR('',#1621,1.);
#1621 = DIRECTION('',(0.,0.,1.));
#1622 = ORIENTED_EDGE('',*,*,#1623,.F.);
#1623 = EDGE_CURVE('',#1585,#1616,#1624,.T.);
#1624 = LINE('',#1625,#1626);
#1625 = CARTESIAN_POINT('',(24.5,53.395,1.524));
#1626 = VECTOR('',#1627,1.);
#1627 = DIRECTION('',(1.,0.,0.));
#1628 = PLANE('',#1629);
#1629 = AXIS2_PLACEMENT_3D('',#1630,#1631,#1632);
#1630 = CARTESIAN_POINT('',(24.5,53.395,1.524));
#1631 = DIRECTION('',(0.,1.,0.));
#1632 = DIRECTION('',(1.,0.,0.));
#1633 = ADVANCED_FACE('',(#1634),#1659,.T.);
#1634 = FACE_BOUND('',#1635,.T.);
#1635 = EDGE_LOOP('',(#1636,#1637,#1645,#1653));
#1636 = ORIENTED_EDGE('',*,*,#1615,.T.);
#1637 = ORIENTED_EDGE('',*,*,#1638,.T.);
#1638 = EDGE_CURVE('',#1608,#1639,#1641,.T.);
#1639 = VERTEX_POINT('',#1640);
#1640 = CARTESIAN_POINT('',(24.825,62.295,1.559));
#1641 = LINE('',#1642,#1643);
#1642 = CARTESIAN_POINT('',(24.825,53.395,1.559));
#1643 = VECTOR('',#1644,1.);
#1644 = DIRECTION('',(0.,1.,0.));
#1645 = ORIENTED_EDGE('',*,*,#1646,.F.);
#1646 = EDGE_CURVE('',#1647,#1639,#1649,.T.);
#1647 = VERTEX_POINT('',#1648);
#1648 = CARTESIAN_POINT('',(24.825,62.295,1.524));
#1649 = LINE('',#1650,#1651);
#1650 = CARTESIAN_POINT('',(24.825,62.295,1.524));
#1651 = VECTOR('',#1652,1.);
#1652 = DIRECTION('',(0.,0.,1.));
#1653 = ORIENTED_EDGE('',*,*,#1654,.F.);
#1654 = EDGE_CURVE('',#1616,#1647,#1655,.T.);
#1655 = LINE('',#1656,#1657);
#1656 = CARTESIAN_POINT('',(24.825,53.395,1.524));
#1657 = VECTOR('',#1658,1.);
#1658 = DIRECTION('',(0.,1.,0.));
#1659 = PLANE('',#1660);
#1660 = AXIS2_PLACEMENT_3D('',#1661,#1662,#1663);
#1661 = CARTESIAN_POINT('',(24.825,53.395,1.524));
#1662 = DIRECTION('',(-1.,0.,0.));
#1663 = DIRECTION('',(0.,1.,0.));
#1664 = ADVANCED_FACE('',(#1665),#1690,.T.);
#1665 = FACE_BOUND('',#1666,.T.);
#1666 = EDGE_LOOP('',(#1667,#1668,#1676,#1684));
#1667 = ORIENTED_EDGE('',*,*,#1646,.T.);
#1668 = ORIENTED_EDGE('',*,*,#1669,.T.);
#1669 = EDGE_CURVE('',#1639,#1670,#1672,.T.);
#1670 = VERTEX_POINT('',#1671);
#1671 = CARTESIAN_POINT('',(14.95,62.295,1.559));
#1672 = LINE('',#1673,#1674);
#1673 = CARTESIAN_POINT('',(24.825,62.295,1.559));
#1674 = VECTOR('',#1675,1.);
#1675 = DIRECTION('',(-1.,0.,0.));
#1676 = ORIENTED_EDGE('',*,*,#1677,.F.);
#1677 = EDGE_CURVE('',#1678,#1670,#1680,.T.);
#1678 = VERTEX_POINT('',#1679);
#1679 = CARTESIAN_POINT('',(14.95,62.295,1.524));
#1680 = LINE('',#1681,#1682);
#1681 = CARTESIAN_POINT('',(14.95,62.295,1.524));
#1682 = VECTOR('',#1683,1.);
#1683 = DIRECTION('',(0.,0.,1.));
#1684 = ORIENTED_EDGE('',*,*,#1685,.F.);
#1685 = EDGE_CURVE('',#1647,#1678,#1686,.T.);
#1686 = LINE('',#1687,#1688);
#1687 = CARTESIAN_POINT('',(24.825,62.295,1.524));
#1688 = VECTOR('',#1689,1.);
#1689 = DIRECTION('',(-1.,0.,0.));
#1690 = PLANE('',#1691);
#1691 = AXIS2_PLACEMENT_3D('',#1692,#1693,#1694);
#1692 = CARTESIAN_POINT('',(24.825,62.295,1.524));
#1693 = DIRECTION('',(0.,-1.,0.));
#1694 = DIRECTION('',(-1.,0.,0.));
#1695 = ADVANCED_FACE('',(#1696),#1721,.T.);
#1696 = FACE_BOUND('',#1697,.T.);
#1697 = EDGE_LOOP('',(#1698,#1699,#1707,#1715));
#1698 = ORIENTED_EDGE('',*,*,#1677,.T.);
#1699 = ORIENTED_EDGE('',*,*,#1700,.T.);
#1700 = EDGE_CURVE('',#1670,#1701,#1703,.T.);
#1701 = VERTEX_POINT('',#1702);
#1702 = CARTESIAN_POINT('',(14.95,72.995,1.559));
#1703 = LINE('',#1704,#1705);
#1704 = CARTESIAN_POINT('',(14.95,62.295,1.559));
#1705 = VECTOR('',#1706,1.);
#1706 = DIRECTION('',(0.,1.,0.));
#1707 = ORIENTED_EDGE('',*,*,#1708,.F.);
#1708 = EDGE_CURVE('',#1709,#1701,#1711,.T.);
#1709 = VERTEX_POINT('',#1710);
#1710 = CARTESIAN_POINT('',(14.95,72.995,1.524));
#1711 = LINE('',#1712,#1713);
#1712 = CARTESIAN_POINT('',(14.95,72.995,1.524));
#1713 = VECTOR('',#1714,1.);
#1714 = DIRECTION('',(0.,0.,1.));
#1715 = ORIENTED_EDGE('',*,*,#1716,.F.);
#1716 = EDGE_CURVE('',#1678,#1709,#1717,.T.);
#1717 = LINE('',#1718,#1719);
#1718 = CARTESIAN_POINT('',(14.95,62.295,1.524));
#1719 = VECTOR('',#1720,1.);
#1720 = DIRECTION('',(0.,1.,0.));
#1721 = PLANE('',#1722);
#1722 = AXIS2_PLACEMENT_3D('',#1723,#1724,#1725);
#1723 = CARTESIAN_POINT('',(14.95,62.295,1.524));
#1724 = DIRECTION('',(-1.,0.,0.));
#1725 = DIRECTION('',(0.,1.,0.));
#1726 = ADVANCED_FACE('',(#1727),#1752,.T.);
#1727 = FACE_BOUND('',#1728,.T.);
#1728 = EDGE_LOOP('',(#1729,#1730,#1738,#1746));
#1729 = ORIENTED_EDGE('',*,*,#1708,.T.);
#1730 = ORIENTED_EDGE('',*,*,#1731,.T.);
#1731 = EDGE_CURVE('',#1701,#1732,#1734,.T.);
#1732 = VERTEX_POINT('',#1733);
#1733 = CARTESIAN_POINT('',(35.05,72.995,1.559));
#1734 = LINE('',#1735,#1736);
#1735 = CARTESIAN_POINT('',(14.95,72.995,1.559));
#1736 = VECTOR('',#1737,1.);
#1737 = DIRECTION('',(1.,0.,0.));
#1738 = ORIENTED_EDGE('',*,*,#1739,.F.);
#1739 = EDGE_CURVE('',#1740,#1732,#1742,.T.);
#1740 = VERTEX_POINT('',#1741);
#1741 = CARTESIAN_POINT('',(35.05,72.995,1.524));
#1742 = LINE('',#1743,#1744);
#1743 = CARTESIAN_POINT('',(35.05,72.995,1.524));
#1744 = VECTOR('',#1745,1.);
#1745 = DIRECTION('',(0.,0.,1.));
#1746 = ORIENTED_EDGE('',*,*,#1747,.F.);
#1747 = EDGE_CURVE('',#1709,#1740,#1748,.T.);
#1748 = LINE('',#1749,#1750);
#1749 = CARTESIAN_POINT('',(14.95,72.995,1.524));
#1750 = VECTOR('',#1751,1.);
#1751 = DIRECTION('',(1.,0.,0.));
#1752 = PLANE('',#1753);
#1753 = AXIS2_PLACEMENT_3D('',#1754,#1755,#1756);
#1754 = CARTESIAN_POINT('',(14.95,72.995,1.524));
#1755 = DIRECTION('',(0.,1.,0.));
#1756 = DIRECTION('',(1.,0.,0.));
#1757 = ADVANCED_FACE('',(#1758),#1783,.T.);
#1758 = FACE_BOUND('',#1759,.T.);
#1759 = EDGE_LOOP('',(#1760,#1761,#1769,#1777));
#1760 = ORIENTED_EDGE('',*,*,#1739,.T.);
#1761 = ORIENTED_EDGE('',*,*,#1762,.T.);
#1762 = EDGE_CURVE('',#1732,#1763,#1765,.T.);
#1763 = VERTEX_POINT('',#1764);
#1764 = CARTESIAN_POINT('',(35.05,62.295,1.559));
#1765 = LINE('',#1766,#1767);
#1766 = CARTESIAN_POINT('',(35.05,72.995,1.559));
#1767 = VECTOR('',#1768,1.);
#1768 = DIRECTION('',(0.,-1.,0.));
#1769 = ORIENTED_EDGE('',*,*,#1770,.F.);
#1770 = EDGE_CURVE('',#1771,#1763,#1773,.T.);
#1771 = VERTEX_POINT('',#1772);
#1772 = CARTESIAN_POINT('',(35.05,62.295,1.524));
#1773 = LINE('',#1774,#1775);
#1774 = CARTESIAN_POINT('',(35.05,62.295,1.524));
#1775 = VECTOR('',#1776,1.);
#1776 = DIRECTION('',(0.,0.,1.));
#1777 = ORIENTED_EDGE('',*,*,#1778,.F.);
#1778 = EDGE_CURVE('',#1740,#1771,#1779,.T.);
#1779 = LINE('',#1780,#1781);
#1780 = CARTESIAN_POINT('',(35.05,72.995,1.524));
#1781 = VECTOR('',#1782,1.);
#1782 = DIRECTION('',(0.,-1.,0.));
#1783 = PLANE('',#1784);
#1784 = AXIS2_PLACEMENT_3D('',#1785,#1786,#1787);
#1785 = CARTESIAN_POINT('',(35.05,72.995,1.524));
#1786 = DIRECTION('',(1.,0.,-0.));
#1787 = DIRECTION('',(0.,-1.,0.));
#1788 = ADVANCED_FACE('',(#1789),#1814,.T.);
#1789 = FACE_BOUND('',#1790,.T.);
#1790 = EDGE_LOOP('',(#1791,#1792,#1800,#1808));
#1791 = ORIENTED_EDGE('',*,*,#1770,.T.);
#1792 = ORIENTED_EDGE('',*,*,#1793,.T.);
#1793 = EDGE_CURVE('',#1763,#1794,#1796,.T.);
#1794 = VERTEX_POINT('',#1795);
#1795 = CARTESIAN_POINT('',(25.175,62.295,1.559));
#1796 = LINE('',#1797,#1798);
#1797 = CARTESIAN_POINT('',(35.05,62.295,1.559));
#1798 = VECTOR('',#1799,1.);
#1799 = DIRECTION('',(-1.,0.,0.));
#1800 = ORIENTED_EDGE('',*,*,#1801,.F.);
#1801 = EDGE_CURVE('',#1802,#1794,#1804,.T.);
#1802 = VERTEX_POINT('',#1803);
#1803 = CARTESIAN_POINT('',(25.175,62.295,1.524));
#1804 = LINE('',#1805,#1806);
#1805 = CARTESIAN_POINT('',(25.175,62.295,1.524));
#1806 = VECTOR('',#1807,1.);
#1807 = DIRECTION('',(0.,0.,1.));
#1808 = ORIENTED_EDGE('',*,*,#1809,.F.);
#1809 = EDGE_CURVE('',#1771,#1802,#1810,.T.);
#1810 = LINE('',#1811,#1812);
#1811 = CARTESIAN_POINT('',(35.05,62.295,1.524));
#1812 = VECTOR('',#1813,1.);
#1813 = DIRECTION('',(-1.,0.,0.));
#1814 = PLANE('',#1815);
#1815 = AXIS2_PLACEMENT_3D('',#1816,#1817,#1818);
#1816 = CARTESIAN_POINT('',(35.05,62.295,1.524));
#1817 = DIRECTION('',(0.,-1.,0.));
#1818 = DIRECTION('',(-1.,0.,0.));
#1819 = ADVANCED_FACE('',(#1820),#1845,.T.);
#1820 = FACE_BOUND('',#1821,.T.);
#1821 = EDGE_LOOP('',(#1822,#1823,#1831,#1839));
#1822 = ORIENTED_EDGE('',*,*,#1801,.T.);
#1823 = ORIENTED_EDGE('',*,*,#1824,.T.);
#1824 = EDGE_CURVE('',#1794,#1825,#1827,.T.);
#1825 = VERTEX_POINT('',#1826);
#1826 = CARTESIAN_POINT('',(25.175,53.395,1.559));
#1827 = LINE('',#1828,#1829);
#1828 = CARTESIAN_POINT('',(25.175,62.295,1.559));
#1829 = VECTOR('',#1830,1.);
#1830 = DIRECTION('',(0.,-1.,0.));
#1831 = ORIENTED_EDGE('',*,*,#1832,.F.);
#1832 = EDGE_CURVE('',#1833,#1825,#1835,.T.);
#1833 = VERTEX_POINT('',#1834);
#1834 = CARTESIAN_POINT('',(25.175,53.395,1.524));
#1835 = LINE('',#1836,#1837);
#1836 = CARTESIAN_POINT('',(25.175,53.395,1.524));
#1837 = VECTOR('',#1838,1.);
#1838 = DIRECTION('',(0.,0.,1.));
#1839 = ORIENTED_EDGE('',*,*,#1840,.F.);
#1840 = EDGE_CURVE('',#1802,#1833,#1841,.T.);
#1841 = LINE('',#1842,#1843);
#1842 = CARTESIAN_POINT('',(25.175,62.295,1.524));
#1843 = VECTOR('',#1844,1.);
#1844 = DIRECTION('',(0.,-1.,0.));
#1845 = PLANE('',#1846);
#1846 = AXIS2_PLACEMENT_3D('',#1847,#1848,#1849);
#1847 = CARTESIAN_POINT('',(25.175,62.295,1.524));
#1848 = DIRECTION('',(1.,0.,-0.));
#1849 = DIRECTION('',(0.,-1.,0.));
#1850 = ADVANCED_FACE('',(#1851),#1876,.T.);
#1851 = FACE_BOUND('',#1852,.T.);
#1852 = EDGE_LOOP('',(#1853,#1854,#1862,#1870));
#1853 = ORIENTED_EDGE('',*,*,#1832,.T.);
#1854 = ORIENTED_EDGE('',*,*,#1855,.T.);
#1855 = EDGE_CURVE('',#1825,#1856,#1858,.T.);
#1856 = VERTEX_POINT('',#1857);
#1857 = CARTESIAN_POINT('',(25.5,53.395,1.559));
#1858 = LINE('',#1859,#1860);
#1859 = CARTESIAN_POINT('',(25.175,53.395,1.559));
#1860 = VECTOR('',#1861,1.);
#1861 = DIRECTION('',(1.,0.,0.));
#1862 = ORIENTED_EDGE('',*,*,#1863,.F.);
#1863 = EDGE_CURVE('',#1864,#1856,#1866,.T.);
#1864 = VERTEX_POINT('',#1865);
#1865 = CARTESIAN_POINT('',(25.5,53.395,1.524));
#1866 = LINE('',#1867,#1868);
#1867 = CARTESIAN_POINT('',(25.5,53.395,1.524));
#1868 = VECTOR('',#1869,1.);
#1869 = DIRECTION('',(0.,0.,1.));
#1870 = ORIENTED_EDGE('',*,*,#1871,.F.);
#1871 = EDGE_CURVE('',#1833,#1864,#1872,.T.);
#1872 = LINE('',#1873,#1874);
#1873 = CARTESIAN_POINT('',(25.175,53.395,1.524));
#1874 = VECTOR('',#1875,1.);
#1875 = DIRECTION('',(1.,0.,0.));
#1876 = PLANE('',#1877);
#1877 = AXIS2_PLACEMENT_3D('',#1878,#1879,#1880);
#1878 = CARTESIAN_POINT('',(25.175,53.395,1.524));
#1879 = DIRECTION('',(0.,1.,0.));
#1880 = DIRECTION('',(1.,0.,0.));
#1881 = ADVANCED_FACE('',(#1882),#1907,.T.);
#1882 = FACE_BOUND('',#1883,.T.);
#1883 = EDGE_LOOP('',(#1884,#1885,#1893,#1901));
#1884 = ORIENTED_EDGE('',*,*,#1863,.T.);
#1885 = ORIENTED_EDGE('',*,*,#1886,.T.);
#1886 = EDGE_CURVE('',#1856,#1887,#1889,.T.);
#1887 = VERTEX_POINT('',#1888);
#1888 = CARTESIAN_POINT('',(25.5,50.395,1.559));
#1889 = LINE('',#1890,#1891);
#1890 = CARTESIAN_POINT('',(25.5,53.395,1.559));
#1891 = VECTOR('',#1892,1.);
#1892 = DIRECTION('',(0.,-1.,0.));
#1893 = ORIENTED_EDGE('',*,*,#1894,.F.);
#1894 = EDGE_CURVE('',#1895,#1887,#1897,.T.);
#1895 = VERTEX_POINT('',#1896);
#1896 = CARTESIAN_POINT('',(25.5,50.395,1.524));
#1897 = LINE('',#1898,#1899);
#1898 = CARTESIAN_POINT('',(25.5,50.395,1.524));
#1899 = VECTOR('',#1900,1.);
#1900 = DIRECTION('',(0.,0.,1.));
#1901 = ORIENTED_EDGE('',*,*,#1902,.F.);
#1902 = EDGE_CURVE('',#1864,#1895,#1903,.T.);
#1903 = LINE('',#1904,#1905);
#1904 = CARTESIAN_POINT('',(25.5,53.395,1.524));
#1905 = VECTOR('',#1906,1.);
#1906 = DIRECTION('',(0.,-1.,0.));
#1907 = PLANE('',#1908);
#1908 = AXIS2_PLACEMENT_3D('',#1909,#1910,#1911);
#1909 = CARTESIAN_POINT('',(25.5,53.395,1.524));
#1910 = DIRECTION('',(1.,0.,-0.));
#1911 = DIRECTION('',(0.,-1.,0.));
#1912 = ADVANCED_FACE('',(#1913),#1938,.T.);
#1913 = FACE_BOUND('',#1914,.T.);
#1914 = EDGE_LOOP('',(#1915,#1916,#1924,#1932));
#1915 = ORIENTED_EDGE('',*,*,#1894,.T.);
#1916 = ORIENTED_EDGE('',*,*,#1917,.T.);
#1917 = EDGE_CURVE('',#1887,#1918,#1920,.T.);
#1918 = VERTEX_POINT('',#1919);
#1919 = CARTESIAN_POINT('',(24.5,49.395,1.559));
#1920 = LINE('',#1921,#1922);
#1921 = CARTESIAN_POINT('',(25.5,50.395,1.559));
#1922 = VECTOR('',#1923,1.);
#1923 = DIRECTION('',(-0.707106781187,-0.707106781187,0.));
#1924 = ORIENTED_EDGE('',*,*,#1925,.F.);
#1925 = EDGE_CURVE('',#1926,#1918,#1928,.T.);
#1926 = VERTEX_POINT('',#1927);
#1927 = CARTESIAN_POINT('',(24.5,49.395,1.524));
#1928 = LINE('',#1929,#1930);
#1929 = CARTESIAN_POINT('',(24.5,49.395,1.524));
#1930 = VECTOR('',#1931,1.);
#1931 = DIRECTION('',(0.,0.,1.));
#1932 = ORIENTED_EDGE('',*,*,#1933,.F.);
#1933 = EDGE_CURVE('',#1895,#1926,#1934,.T.);
#1934 = LINE('',#1935,#1936);
#1935 = CARTESIAN_POINT('',(25.5,50.395,1.524));
#1936 = VECTOR('',#1937,1.);
#1937 = DIRECTION('',(-0.707106781187,-0.707106781187,0.));
#1938 = PLANE('',#1939);
#1939 = AXIS2_PLACEMENT_3D('',#1940,#1941,#1942);
#1940 = CARTESIAN_POINT('',(25.5,50.395,1.524));
#1941 = DIRECTION('',(0.707106781187,-0.707106781187,0.));
#1942 = DIRECTION('',(-0.707106781187,-0.707106781187,0.));
#1943 = ADVANCED_FACE('',(#1944),#1969,.T.);
#1944 = FACE_BOUND('',#1945,.T.);
#1945 = EDGE_LOOP('',(#1946,#1947,#1955,#1963));
#1946 = ORIENTED_EDGE('',*,*,#1925,.T.);
#1947 = ORIENTED_EDGE('',*,*,#1948,.T.);
#1948 = EDGE_CURVE('',#1918,#1949,#1951,.T.);
#1949 = VERTEX_POINT('',#1950);
#1950 = CARTESIAN_POINT('',(9.5,49.395,1.559));
#1951 = LINE('',#1952,#1953);
#1952 = CARTESIAN_POINT('',(24.5,49.395,1.559));
#1953 = VECTOR('',#1954,1.);
#1954 = DIRECTION('',(-1.,0.,0.));
#1955 = ORIENTED_EDGE('',*,*,#1956,.F.);
#1956 = EDGE_CURVE('',#1957,#1949,#1959,.T.);
#1957 = VERTEX_POINT('',#1958);
#1958 = CARTESIAN_POINT('',(9.5,49.395,1.524));
#1959 = LINE('',#1960,#1961);
#1960 = CARTESIAN_POINT('',(9.5,49.395,1.524));
#1961 = VECTOR('',#1962,1.);
#1962 = DIRECTION('',(0.,0.,1.));
#1963 = ORIENTED_EDGE('',*,*,#1964,.F.);
#1964 = EDGE_CURVE('',#1926,#1957,#1965,.T.);
#1965 = LINE('',#1966,#1967);
#1966 = CARTESIAN_POINT('',(24.5,49.395,1.524));
#1967 = VECTOR('',#1968,1.);
#1968 = DIRECTION('',(-1.,0.,0.));
#1969 = PLANE('',#1970);
#1970 = AXIS2_PLACEMENT_3D('',#1971,#1972,#1973);
#1971 = CARTESIAN_POINT('',(24.5,49.395,1.524));
#1972 = DIRECTION('',(0.,-1.,0.));
#1973 = DIRECTION('',(-1.,0.,0.));
#1974 = ADVANCED_FACE('',(#1975),#2000,.T.);
#1975 = FACE_BOUND('',#1976,.T.);
#1976 = EDGE_LOOP('',(#1977,#1978,#1986,#1994));
#1977 = ORIENTED_EDGE('',*,*,#1956,.T.);
#1978 = ORIENTED_EDGE('',*,*,#1979,.T.);
#1979 = EDGE_CURVE('',#1949,#1980,#1982,.T.);
#1980 = VERTEX_POINT('',#1981);
#1981 = CARTESIAN_POINT('',(9.5,42.195,1.559));
#1982 = LINE('',#1983,#1984);
#1983 = CARTESIAN_POINT('',(9.5,49.395,1.559));
#1984 = VECTOR('',#1985,1.);
#1985 = DIRECTION('',(0.,-1.,0.));
#1986 = ORIENTED_EDGE('',*,*,#1987,.F.);
#1987 = EDGE_CURVE('',#1988,#1980,#1990,.T.);
#1988 = VERTEX_POINT('',#1989);
#1989 = CARTESIAN_POINT('',(9.5,42.195,1.524));
#1990 = LINE('',#1991,#1992);
#1991 = CARTESIAN_POINT('',(9.5,42.195,1.524));
#1992 = VECTOR('',#1993,1.);
#1993 = DIRECTION('',(0.,0.,1.));
#1994 = ORIENTED_EDGE('',*,*,#1995,.F.);
#1995 = EDGE_CURVE('',#1957,#1988,#1996,.T.);
#1996 = LINE('',#1997,#1998);
#1997 = CARTESIAN_POINT('',(9.5,49.395,1.524));
#1998 = VECTOR('',#1999,1.);
#1999 = DIRECTION('',(0.,-1.,0.));
#2000 = PLANE('',#2001);
#2001 = AXIS2_PLACEMENT_3D('',#2002,#2003,#2004);
#2002 = CARTESIAN_POINT('',(9.5,49.395,1.524));
#2003 = DIRECTION('',(1.,0.,-0.));
#2004 = DIRECTION('',(0.,-1.,0.));
#2005 = ADVANCED_FACE('',(#2006),#2031,.T.);
#2006 = FACE_BOUND('',#2007,.T.);
#2007 = EDGE_LOOP('',(#2008,#2009,#2017,#2025));
#2008 = ORIENTED_EDGE('',*,*,#1987,.T.);
#2009 = ORIENTED_EDGE('',*,*,#2010,.T.);
#2010 = EDGE_CURVE('',#1980,#2011,#2013,.T.);
#2011 = VERTEX_POINT('',#2012);
#2012 = CARTESIAN_POINT('',(8.225,42.195,1.559));
#2013 = LINE('',#2014,#2015);
#2014 = CARTESIAN_POINT('',(9.5,42.195,1.559));
#2015 = VECTOR('',#2016,1.);
#2016 = DIRECTION('',(-1.,0.,0.));
#2017 = ORIENTED_EDGE('',*,*,#2018,.F.);
#2018 = EDGE_CURVE('',#2019,#2011,#2021,.T.);
#2019 = VERTEX_POINT('',#2020);
#2020 = CARTESIAN_POINT('',(8.225,42.195,1.524));
#2021 = LINE('',#2022,#2023);
#2022 = CARTESIAN_POINT('',(8.225,42.195,1.524));
#2023 = VECTOR('',#2024,1.);
#2024 = DIRECTION('',(0.,0.,1.));
#2025 = ORIENTED_EDGE('',*,*,#2026,.F.);
#2026 = EDGE_CURVE('',#1988,#2019,#2027,.T.);
#2027 = LINE('',#2028,#2029);
#2028 = CARTESIAN_POINT('',(9.5,42.195,1.524));
#2029 = VECTOR('',#2030,1.);
#2030 = DIRECTION('',(-1.,0.,0.));
#2031 = PLANE('',#2032);
#2032 = AXIS2_PLACEMENT_3D('',#2033,#2034,#2035);
#2033 = CARTESIAN_POINT('',(9.5,42.195,1.524));
#2034 = DIRECTION('',(0.,-1.,0.));
#2035 = DIRECTION('',(-1.,0.,0.));
#2036 = ADVANCED_FACE('',(#2037),#2062,.T.);
#2037 = FACE_BOUND('',#2038,.T.);
#2038 = EDGE_LOOP('',(#2039,#2040,#2048,#2056));
#2039 = ORIENTED_EDGE('',*,*,#2018,.T.);
#2040 = ORIENTED_EDGE('',*,*,#2041,.T.);
#2041 = EDGE_CURVE('',#2011,#2042,#2044,.T.);
#2042 = VERTEX_POINT('',#2043);
#2043 = CARTESIAN_POINT('',(8.225,25.795,1.559));
#2044 = LINE('',#2045,#2046);
#2045 = CARTESIAN_POINT('',(8.225,42.195,1.559));
#2046 = VECTOR('',#2047,1.);
#2047 = DIRECTION('',(0.,-1.,0.));
#2048 = ORIENTED_EDGE('',*,*,#2049,.F.);
#2049 = EDGE_CURVE('',#2050,#2042,#2052,.T.);
#2050 = VERTEX_POINT('',#2051);
#2051 = CARTESIAN_POINT('',(8.225,25.795,1.524));
#2052 = LINE('',#2053,#2054);
#2053 = CARTESIAN_POINT('',(8.225,25.795,1.524));
#2054 = VECTOR('',#2055,1.);
#2055 = DIRECTION('',(0.,0.,1.));
#2056 = ORIENTED_EDGE('',*,*,#2057,.F.);
#2057 = EDGE_CURVE('',#2019,#2050,#2058,.T.);
#2058 = LINE('',#2059,#2060);
#2059 = CARTESIAN_POINT('',(8.225,42.195,1.524));
#2060 = VECTOR('',#2061,1.);
#2061 = DIRECTION('',(0.,-1.,0.));
#2062 = PLANE('',#2063);
#2063 = AXIS2_PLACEMENT_3D('',#2064,#2065,#2066);
#2064 = CARTESIAN_POINT('',(8.225,42.195,1.524));
#2065 = DIRECTION('',(1.,0.,-0.));
#2066 = DIRECTION('',(0.,-1.,0.));
#2067 = ADVANCED_FACE('',(#2068),#2093,.T.);
#2068 = FACE_BOUND('',#2069,.T.);
#2069 = EDGE_LOOP('',(#2070,#2071,#2079,#2087));
#2070 = ORIENTED_EDGE('',*,*,#2049,.T.);
#2071 = ORIENTED_EDGE('',*,*,#2072,.T.);
#2072 = EDGE_CURVE('',#2042,#2073,#2075,.T.);
#2073 = VERTEX_POINT('',#2074);
#2074 = CARTESIAN_POINT('',(9.5,25.795,1.559));
#2075 = LINE('',#2076,#2077);
#2076 = CARTESIAN_POINT('',(8.225,25.795,1.559));
#2077 = VECTOR('',#2078,1.);
#2078 = DIRECTION('',(1.,0.,0.));
#2079 = ORIENTED_EDGE('',*,*,#2080,.F.);
#2080 = EDGE_CURVE('',#2081,#2073,#2083,.T.);
#2081 = VERTEX_POINT('',#2082);
#2082 = CARTESIAN_POINT('',(9.5,25.795,1.524));
#2083 = LINE('',#2084,#2085);
#2084 = CARTESIAN_POINT('',(9.5,25.795,1.524));
#2085 = VECTOR('',#2086,1.);
#2086 = DIRECTION('',(0.,0.,1.));
#2087 = ORIENTED_EDGE('',*,*,#2088,.F.);
#2088 = EDGE_CURVE('',#2050,#2081,#2089,.T.);
#2089 = LINE('',#2090,#2091);
#2090 = CARTESIAN_POINT('',(8.225,25.795,1.524));
#2091 = VECTOR('',#2092,1.);
#2092 = DIRECTION('',(1.,0.,0.));
#2093 = PLANE('',#2094);
#2094 = AXIS2_PLACEMENT_3D('',#2095,#2096,#2097);
#2095 = CARTESIAN_POINT('',(8.225,25.795,1.524));
#2096 = DIRECTION('',(0.,1.,0.));
#2097 = DIRECTION('',(1.,0.,0.));
#2098 = ADVANCED_FACE('',(#2099),#2124,.T.);
#2099 = FACE_BOUND('',#2100,.T.);
#2100 = EDGE_LOOP('',(#2101,#2102,#2110,#2118));
#2101 = ORIENTED_EDGE('',*,*,#2080,.T.);
#2102 = ORIENTED_EDGE('',*,*,#2103,.T.);
#2103 = EDGE_CURVE('',#2073,#2104,#2106,.T.);
#2104 = VERTEX_POINT('',#2105);
#2105 = CARTESIAN_POINT('',(9.5,18.595,1.559));
#2106 = LINE('',#2107,#2108);
#2107 = CARTESIAN_POINT('',(9.5,25.795,1.559));
#2108 = VECTOR('',#2109,1.);
#2109 = DIRECTION('',(0.,-1.,0.));
#2110 = ORIENTED_EDGE('',*,*,#2111,.F.);
#2111 = EDGE_CURVE('',#2112,#2104,#2114,.T.);
#2112 = VERTEX_POINT('',#2113);
#2113 = CARTESIAN_POINT('',(9.5,18.595,1.524));
#2114 = LINE('',#2115,#2116);
#2115 = CARTESIAN_POINT('',(9.5,18.595,1.524));
#2116 = VECTOR('',#2117,1.);
#2117 = DIRECTION('',(0.,0.,1.));
#2118 = ORIENTED_EDGE('',*,*,#2119,.F.);
#2119 = EDGE_CURVE('',#2081,#2112,#2120,.T.);
#2120 = LINE('',#2121,#2122);
#2121 = CARTESIAN_POINT('',(9.5,25.795,1.524));
#2122 = VECTOR('',#2123,1.);
#2123 = DIRECTION('',(0.,-1.,0.));
#2124 = PLANE('',#2125);
#2125 = AXIS2_PLACEMENT_3D('',#2126,#2127,#2128);
#2126 = CARTESIAN_POINT('',(9.5,25.795,1.524));
#2127 = DIRECTION('',(1.,0.,-0.));
#2128 = DIRECTION('',(0.,-1.,0.));
#2129 = ADVANCED_FACE('',(#2130),#2155,.T.);
#2130 = FACE_BOUND('',#2131,.T.);
#2131 = EDGE_LOOP('',(#2132,#2133,#2141,#2149));
#2132 = ORIENTED_EDGE('',*,*,#2111,.T.);
#2133 = ORIENTED_EDGE('',*,*,#2134,.T.);
#2134 = EDGE_CURVE('',#2104,#2135,#2137,.T.);
#2135 = VERTEX_POINT('',#2136);
#2136 = CARTESIAN_POINT('',(24.5,18.595,1.559));
#2137 = LINE('',#2138,#2139);
#2138 = CARTESIAN_POINT('',(9.5,18.595,1.559));
#2139 = VECTOR('',#2140,1.);
#2140 = DIRECTION('',(1.,0.,0.));
#2141 = ORIENTED_EDGE('',*,*,#2142,.F.);
#2142 = EDGE_CURVE('',#2143,#2135,#2145,.T.);
#2143 = VERTEX_POINT('',#2144);
#2144 = CARTESIAN_POINT('',(24.5,18.595,1.524));
#2145 = LINE('',#2146,#2147);
#2146 = CARTESIAN_POINT('',(24.5,18.595,1.524));
#2147 = VECTOR('',#2148,1.);
#2148 = DIRECTION('',(0.,0.,1.));
#2149 = ORIENTED_EDGE('',*,*,#2150,.F.);
#2150 = EDGE_CURVE('',#2112,#2143,#2151,.T.);
#2151 = LINE('',#2152,#2153);
#2152 = CARTESIAN_POINT('',(9.5,18.595,1.524));
#2153 = VECTOR('',#2154,1.);
#2154 = DIRECTION('',(1.,0.,0.));
#2155 = PLANE('',#2156);
#2156 = AXIS2_PLACEMENT_3D('',#2157,#2158,#2159);
#2157 = CARTESIAN_POINT('',(9.5,18.595,1.524));
#2158 = DIRECTION('',(0.,1.,0.));
#2159 = DIRECTION('',(1.,0.,0.));
#2160 = ADVANCED_FACE('',(#2161),#2186,.T.);
#2161 = FACE_BOUND('',#2162,.T.);
#2162 = EDGE_LOOP('',(#2163,#2164,#2172,#2180));
#2163 = ORIENTED_EDGE('',*,*,#2142,.T.);
#2164 = ORIENTED_EDGE('',*,*,#2165,.T.);
#2165 = EDGE_CURVE('',#2135,#2166,#2168,.T.);
#2166 = VERTEX_POINT('',#2167);
#2167 = CARTESIAN_POINT('',(24.5,21.595,1.559));
#2168 = LINE('',#2169,#2170);
#2169 = CARTESIAN_POINT('',(24.5,18.595,1.559));
#2170 = VECTOR('',#2171,1.);
#2171 = DIRECTION('',(0.,1.,0.));
#2172 = ORIENTED_EDGE('',*,*,#2173,.F.);
#2173 = EDGE_CURVE('',#2174,#2166,#2176,.T.);
#2174 = VERTEX_POINT('',#2175);
#2175 = CARTESIAN_POINT('',(24.5,21.595,1.524));
#2176 = LINE('',#2177,#2178);
#2177 = CARTESIAN_POINT('',(24.5,21.595,1.524));
#2178 = VECTOR('',#2179,1.);
#2179 = DIRECTION('',(0.,0.,1.));
#2180 = ORIENTED_EDGE('',*,*,#2181,.F.);
#2181 = EDGE_CURVE('',#2143,#2174,#2182,.T.);
#2182 = LINE('',#2183,#2184);
#2183 = CARTESIAN_POINT('',(24.5,18.595,1.524));
#2184 = VECTOR('',#2185,1.);
#2185 = DIRECTION('',(0.,1.,0.));
#2186 = PLANE('',#2187);
#2187 = AXIS2_PLACEMENT_3D('',#2188,#2189,#2190);
#2188 = CARTESIAN_POINT('',(24.5,18.595,1.524));
#2189 = DIRECTION('',(-1.,0.,0.));
#2190 = DIRECTION('',(0.,1.,0.));
#2191 = ADVANCED_FACE('',(#2192),#2217,.T.);
#2192 = FACE_BOUND('',#2193,.T.);
#2193 = EDGE_LOOP('',(#2194,#2195,#2203,#2211));
#2194 = ORIENTED_EDGE('',*,*,#2173,.T.);
#2195 = ORIENTED_EDGE('',*,*,#2196,.T.);
#2196 = EDGE_CURVE('',#2166,#2197,#2199,.T.);
#2197 = VERTEX_POINT('',#2198);
#2198 = CARTESIAN_POINT('',(24.825,21.595,1.559));
#2199 = LINE('',#2200,#2201);
#2200 = CARTESIAN_POINT('',(24.5,21.595,1.559));
#2201 = VECTOR('',#2202,1.);
#2202 = DIRECTION('',(1.,0.,0.));
#2203 = ORIENTED_EDGE('',*,*,#2204,.F.);
#2204 = EDGE_CURVE('',#2205,#2197,#2207,.T.);
#2205 = VERTEX_POINT('',#2206);
#2206 = CARTESIAN_POINT('',(24.825,21.595,1.524));
#2207 = LINE('',#2208,#2209);
#2208 = CARTESIAN_POINT('',(24.825,21.595,1.524));
#2209 = VECTOR('',#2210,1.);
#2210 = DIRECTION('',(0.,0.,1.));
#2211 = ORIENTED_EDGE('',*,*,#2212,.F.);
#2212 = EDGE_CURVE('',#2174,#2205,#2213,.T.);
#2213 = LINE('',#2214,#2215);
#2214 = CARTESIAN_POINT('',(24.5,21.595,1.524));
#2215 = VECTOR('',#2216,1.);
#2216 = DIRECTION('',(1.,0.,0.));
#2217 = PLANE('',#2218);
#2218 = AXIS2_PLACEMENT_3D('',#2219,#2220,#2221);
#2219 = CARTESIAN_POINT('',(24.5,21.595,1.524));
#2220 = DIRECTION('',(0.,1.,0.));
#2221 = DIRECTION('',(1.,0.,0.));
#2222 = ADVANCED_FACE('',(#2223),#2248,.T.);
#2223 = FACE_BOUND('',#2224,.T.);
#2224 = EDGE_LOOP('',(#2225,#2226,#2234,#2242));
#2225 = ORIENTED_EDGE('',*,*,#2204,.T.);
#2226 = ORIENTED_EDGE('',*,*,#2227,.T.);
#2227 = EDGE_CURVE('',#2197,#2228,#2230,.T.);
#2228 = VERTEX_POINT('',#2229);
#2229 = CARTESIAN_POINT('',(24.825,30.495,1.559));
#2230 = LINE('',#2231,#2232);
#2231 = CARTESIAN_POINT('',(24.825,21.595,1.559));
#2232 = VECTOR('',#2233,1.);
#2233 = DIRECTION('',(0.,1.,0.));
#2234 = ORIENTED_EDGE('',*,*,#2235,.F.);
#2235 = EDGE_CURVE('',#2236,#2228,#2238,.T.);
#2236 = VERTEX_POINT('',#2237);
#2237 = CARTESIAN_POINT('',(24.825,30.495,1.524));
#2238 = LINE('',#2239,#2240);
#2239 = CARTESIAN_POINT('',(24.825,30.495,1.524));
#2240 = VECTOR('',#2241,1.);
#2241 = DIRECTION('',(0.,0.,1.));
#2242 = ORIENTED_EDGE('',*,*,#2243,.F.);
#2243 = EDGE_CURVE('',#2205,#2236,#2244,.T.);
#2244 = LINE('',#2245,#2246);
#2245 = CARTESIAN_POINT('',(24.825,21.595,1.524));
#2246 = VECTOR('',#2247,1.);
#2247 = DIRECTION('',(0.,1.,0.));
#2248 = PLANE('',#2249);
#2249 = AXIS2_PLACEMENT_3D('',#2250,#2251,#2252);
#2250 = CARTESIAN_POINT('',(24.825,21.595,1.524));
#2251 = DIRECTION('',(-1.,0.,0.));
#2252 = DIRECTION('',(0.,1.,0.));
#2253 = ADVANCED_FACE('',(#2254),#2279,.T.);
#2254 = FACE_BOUND('',#2255,.T.);
#2255 = EDGE_LOOP('',(#2256,#2257,#2265,#2273));
#2256 = ORIENTED_EDGE('',*,*,#2235,.T.);
#2257 = ORIENTED_EDGE('',*,*,#2258,.T.);
#2258 = EDGE_CURVE('',#2228,#2259,#2261,.T.);
#2259 = VERTEX_POINT('',#2260);
#2260 = CARTESIAN_POINT('',(14.95,30.495,1.559));
#2261 = LINE('',#2262,#2263);
#2262 = CARTESIAN_POINT('',(24.825,30.495,1.559));
#2263 = VECTOR('',#2264,1.);
#2264 = DIRECTION('',(-1.,0.,0.));
#2265 = ORIENTED_EDGE('',*,*,#2266,.F.);
#2266 = EDGE_CURVE('',#2267,#2259,#2269,.T.);
#2267 = VERTEX_POINT('',#2268);
#2268 = CARTESIAN_POINT('',(14.95,30.495,1.524));
#2269 = LINE('',#2270,#2271);
#2270 = CARTESIAN_POINT('',(14.95,30.495,1.524));
#2271 = VECTOR('',#2272,1.);
#2272 = DIRECTION('',(0.,0.,1.));
#2273 = ORIENTED_EDGE('',*,*,#2274,.F.);
#2274 = EDGE_CURVE('',#2236,#2267,#2275,.T.);
#2275 = LINE('',#2276,#2277);
#2276 = CARTESIAN_POINT('',(24.825,30.495,1.524));
#2277 = VECTOR('',#2278,1.);
#2278 = DIRECTION('',(-1.,0.,0.));
#2279 = PLANE('',#2280);
#2280 = AXIS2_PLACEMENT_3D('',#2281,#2282,#2283);
#2281 = CARTESIAN_POINT('',(24.825,30.495,1.524));
#2282 = DIRECTION('',(0.,-1.,0.));
#2283 = DIRECTION('',(-1.,0.,0.));
#2284 = ADVANCED_FACE('',(#2285),#2310,.T.);
#2285 = FACE_BOUND('',#2286,.T.);
#2286 = EDGE_LOOP('',(#2287,#2288,#2296,#2304));
#2287 = ORIENTED_EDGE('',*,*,#2266,.T.);
#2288 = ORIENTED_EDGE('',*,*,#2289,.T.);
#2289 = EDGE_CURVE('',#2259,#2290,#2292,.T.);
#2290 = VERTEX_POINT('',#2291);
#2291 = CARTESIAN_POINT('',(14.95,41.195,1.559));
#2292 = LINE('',#2293,#2294);
#2293 = CARTESIAN_POINT('',(14.95,30.495,1.559));
#2294 = VECTOR('',#2295,1.);
#2295 = DIRECTION('',(0.,1.,0.));
#2296 = ORIENTED_EDGE('',*,*,#2297,.F.);
#2297 = EDGE_CURVE('',#2298,#2290,#2300,.T.);
#2298 = VERTEX_POINT('',#2299);
#2299 = CARTESIAN_POINT('',(14.95,41.195,1.524));
#2300 = LINE('',#2301,#2302);
#2301 = CARTESIAN_POINT('',(14.95,41.195,1.524));
#2302 = VECTOR('',#2303,1.);
#2303 = DIRECTION('',(0.,0.,1.));
#2304 = ORIENTED_EDGE('',*,*,#2305,.F.);
#2305 = EDGE_CURVE('',#2267,#2298,#2306,.T.);
#2306 = LINE('',#2307,#2308);
#2307 = CARTESIAN_POINT('',(14.95,30.495,1.524));
#2308 = VECTOR('',#2309,1.);
#2309 = DIRECTION('',(0.,1.,0.));
#2310 = PLANE('',#2311);
#2311 = AXIS2_PLACEMENT_3D('',#2312,#2313,#2314);
#2312 = CARTESIAN_POINT('',(14.95,30.495,1.524));
#2313 = DIRECTION('',(-1.,0.,0.));
#2314 = DIRECTION('',(0.,1.,0.));
#2315 = ADVANCED_FACE('',(#2316),#2341,.T.);
#2316 = FACE_BOUND('',#2317,.T.);
#2317 = EDGE_LOOP('',(#2318,#2319,#2327,#2335));
#2318 = ORIENTED_EDGE('',*,*,#2297,.T.);
#2319 = ORIENTED_EDGE('',*,*,#2320,.T.);
#2320 = EDGE_CURVE('',#2290,#2321,#2323,.T.);
#2321 = VERTEX_POINT('',#2322);
#2322 = CARTESIAN_POINT('',(35.05,41.195,1.559));
#2323 = LINE('',#2324,#2325);
#2324 = CARTESIAN_POINT('',(14.95,41.195,1.559));
#2325 = VECTOR('',#2326,1.);
#2326 = DIRECTION('',(1.,0.,0.));
#2327 = ORIENTED_EDGE('',*,*,#2328,.F.);
#2328 = EDGE_CURVE('',#2329,#2321,#2331,.T.);
#2329 = VERTEX_POINT('',#2330);
#2330 = CARTESIAN_POINT('',(35.05,41.195,1.524));
#2331 = LINE('',#2332,#2333);
#2332 = CARTESIAN_POINT('',(35.05,41.195,1.524));
#2333 = VECTOR('',#2334,1.);
#2334 = DIRECTION('',(0.,0.,1.));
#2335 = ORIENTED_EDGE('',*,*,#2336,.F.);
#2336 = EDGE_CURVE('',#2298,#2329,#2337,.T.);
#2337 = LINE('',#2338,#2339);
#2338 = CARTESIAN_POINT('',(14.95,41.195,1.524));
#2339 = VECTOR('',#2340,1.);
#2340 = DIRECTION('',(1.,0.,0.));
#2341 = PLANE('',#2342);
#2342 = AXIS2_PLACEMENT_3D('',#2343,#2344,#2345);
#2343 = CARTESIAN_POINT('',(14.95,41.195,1.524));
#2344 = DIRECTION('',(0.,1.,0.));
#2345 = DIRECTION('',(1.,0.,0.));
#2346 = ADVANCED_FACE('',(#2347),#2372,.T.);
#2347 = FACE_BOUND('',#2348,.T.);
#2348 = EDGE_LOOP('',(#2349,#2350,#2358,#2366));
#2349 = ORIENTED_EDGE('',*,*,#2328,.T.);
#2350 = ORIENTED_EDGE('',*,*,#2351,.T.);
#2351 = EDGE_CURVE('',#2321,#2352,#2354,.T.);
#2352 = VERTEX_POINT('',#2353);
#2353 = CARTESIAN_POINT('',(35.05,30.495,1.559));
#2354 = LINE('',#2355,#2356);
#2355 = CARTESIAN_POINT('',(35.05,41.195,1.559));
#2356 = VECTOR('',#2357,1.);
#2357 = DIRECTION('',(0.,-1.,0.));
#2358 = ORIENTED_EDGE('',*,*,#2359,.F.);
#2359 = EDGE_CURVE('',#2360,#2352,#2362,.T.);
#2360 = VERTEX_POINT('',#2361);
#2361 = CARTESIAN_POINT('',(35.05,30.495,1.524));
#2362 = LINE('',#2363,#2364);
#2363 = CARTESIAN_POINT('',(35.05,30.495,1.524));
#2364 = VECTOR('',#2365,1.);
#2365 = DIRECTION('',(0.,0.,1.));
#2366 = ORIENTED_EDGE('',*,*,#2367,.F.);
#2367 = EDGE_CURVE('',#2329,#2360,#2368,.T.);
#2368 = LINE('',#2369,#2370);
#2369 = CARTESIAN_POINT('',(35.05,41.195,1.524));
#2370 = VECTOR('',#2371,1.);
#2371 = DIRECTION('',(0.,-1.,0.));
#2372 = PLANE('',#2373);
#2373 = AXIS2_PLACEMENT_3D('',#2374,#2375,#2376);
#2374 = CARTESIAN_POINT('',(35.05,41.195,1.524));
#2375 = DIRECTION('',(1.,0.,-0.));
#2376 = DIRECTION('',(0.,-1.,0.));
#2377 = ADVANCED_FACE('',(#2378),#2403,.T.);
#2378 = FACE_BOUND('',#2379,.T.);
#2379 = EDGE_LOOP('',(#2380,#2381,#2389,#2397));
#2380 = ORIENTED_EDGE('',*,*,#2359,.T.);
#2381 = ORIENTED_EDGE('',*,*,#2382,.T.);
#2382 = EDGE_CURVE('',#2352,#2383,#2385,.T.);
#2383 = VERTEX_POINT('',#2384);
#2384 = CARTESIAN_POINT('',(25.175,30.495,1.559));
#2385 = LINE('',#2386,#2387);
#2386 = CARTESIAN_POINT('',(35.05,30.495,1.559));
#2387 = VECTOR('',#2388,1.);
#2388 = DIRECTION('',(-1.,0.,0.));
#2389 = ORIENTED_EDGE('',*,*,#2390,.F.);
#2390 = EDGE_CURVE('',#2391,#2383,#2393,.T.);
#2391 = VERTEX_POINT('',#2392);
#2392 = CARTESIAN_POINT('',(25.175,30.495,1.524));
#2393 = LINE('',#2394,#2395);
#2394 = CARTESIAN_POINT('',(25.175,30.495,1.524));
#2395 = VECTOR('',#2396,1.);
#2396 = DIRECTION('',(0.,0.,1.));
#2397 = ORIENTED_EDGE('',*,*,#2398,.F.);
#2398 = EDGE_CURVE('',#2360,#2391,#2399,.T.);
#2399 = LINE('',#2400,#2401);
#2400 = CARTESIAN_POINT('',(35.05,30.495,1.524));
#2401 = VECTOR('',#2402,1.);
#2402 = DIRECTION('',(-1.,0.,0.));
#2403 = PLANE('',#2404);
#2404 = AXIS2_PLACEMENT_3D('',#2405,#2406,#2407);
#2405 = CARTESIAN_POINT('',(35.05,30.495,1.524));
#2406 = DIRECTION('',(0.,-1.,0.));
#2407 = DIRECTION('',(-1.,0.,0.));
#2408 = ADVANCED_FACE('',(#2409),#2434,.T.);
#2409 = FACE_BOUND('',#2410,.T.);
#2410 = EDGE_LOOP('',(#2411,#2412,#2420,#2428));
#2411 = ORIENTED_EDGE('',*,*,#2390,.T.);
#2412 = ORIENTED_EDGE('',*,*,#2413,.T.);
#2413 = EDGE_CURVE('',#2383,#2414,#2416,.T.);
#2414 = VERTEX_POINT('',#2415);
#2415 = CARTESIAN_POINT('',(25.175,21.595,1.559));
#2416 = LINE('',#2417,#2418);
#2417 = CARTESIAN_POINT('',(25.175,30.495,1.559));
#2418 = VECTOR('',#2419,1.);
#2419 = DIRECTION('',(0.,-1.,0.));
#2420 = ORIENTED_EDGE('',*,*,#2421,.F.);
#2421 = EDGE_CURVE('',#2422,#2414,#2424,.T.);
#2422 = VERTEX_POINT('',#2423);
#2423 = CARTESIAN_POINT('',(25.175,21.595,1.524));
#2424 = LINE('',#2425,#2426);
#2425 = CARTESIAN_POINT('',(25.175,21.595,1.524));
#2426 = VECTOR('',#2427,1.);
#2427 = DIRECTION('',(0.,0.,1.));
#2428 = ORIENTED_EDGE('',*,*,#2429,.F.);
#2429 = EDGE_CURVE('',#2391,#2422,#2430,.T.);
#2430 = LINE('',#2431,#2432);
#2431 = CARTESIAN_POINT('',(25.175,30.495,1.524));
#2432 = VECTOR('',#2433,1.);
#2433 = DIRECTION('',(0.,-1.,0.));
#2434 = PLANE('',#2435);
#2435 = AXIS2_PLACEMENT_3D('',#2436,#2437,#2438);
#2436 = CARTESIAN_POINT('',(25.175,30.495,1.524));
#2437 = DIRECTION('',(1.,0.,-0.));
#2438 = DIRECTION('',(0.,-1.,0.));
#2439 = ADVANCED_FACE('',(#2440),#2465,.T.);
#2440 = FACE_BOUND('',#2441,.T.);
#2441 = EDGE_LOOP('',(#2442,#2443,#2451,#2459));
#2442 = ORIENTED_EDGE('',*,*,#2421,.T.);
#2443 = ORIENTED_EDGE('',*,*,#2444,.T.);
#2444 = EDGE_CURVE('',#2414,#2445,#2447,.T.);
#2445 = VERTEX_POINT('',#2446);
#2446 = CARTESIAN_POINT('',(25.5,21.595,1.559));
#2447 = LINE('',#2448,#2449);
#2448 = CARTESIAN_POINT('',(25.175,21.595,1.559));
#2449 = VECTOR('',#2450,1.);
#2450 = DIRECTION('',(1.,0.,0.));
#2451 = ORIENTED_EDGE('',*,*,#2452,.F.);
#2452 = EDGE_CURVE('',#2453,#2445,#2455,.T.);
#2453 = VERTEX_POINT('',#2454);
#2454 = CARTESIAN_POINT('',(25.5,21.595,1.524));
#2455 = LINE('',#2456,#2457);
#2456 = CARTESIAN_POINT('',(25.5,21.595,1.524));
#2457 = VECTOR('',#2458,1.);
#2458 = DIRECTION('',(0.,0.,1.));
#2459 = ORIENTED_EDGE('',*,*,#2460,.F.);
#2460 = EDGE_CURVE('',#2422,#2453,#2461,.T.);
#2461 = LINE('',#2462,#2463);
#2462 = CARTESIAN_POINT('',(25.175,21.595,1.524));
#2463 = VECTOR('',#2464,1.);
#2464 = DIRECTION('',(1.,0.,0.));
#2465 = PLANE('',#2466);
#2466 = AXIS2_PLACEMENT_3D('',#2467,#2468,#2469);
#2467 = CARTESIAN_POINT('',(25.175,21.595,1.524));
#2468 = DIRECTION('',(0.,1.,0.));
#2469 = DIRECTION('',(1.,0.,0.));
#2470 = ADVANCED_FACE('',(#2471),#2496,.T.);
#2471 = FACE_BOUND('',#2472,.T.);
#2472 = EDGE_LOOP('',(#2473,#2474,#2482,#2490));
#2473 = ORIENTED_EDGE('',*,*,#2452,.T.);
#2474 = ORIENTED_EDGE('',*,*,#2475,.T.);
#2475 = EDGE_CURVE('',#2445,#2476,#2478,.T.);
#2476 = VERTEX_POINT('',#2477);
#2477 = CARTESIAN_POINT('',(25.5,18.595,1.559));
#2478 = LINE('',#2479,#2480);
#2479 = CARTESIAN_POINT('',(25.5,21.595,1.559));
#2480 = VECTOR('',#2481,1.);
#2481 = DIRECTION('',(0.,-1.,0.));
#2482 = ORIENTED_EDGE('',*,*,#2483,.F.);
#2483 = EDGE_CURVE('',#2484,#2476,#2486,.T.);
#2484 = VERTEX_POINT('',#2485);
#2485 = CARTESIAN_POINT('',(25.5,18.595,1.524));
#2486 = LINE('',#2487,#2488);
#2487 = CARTESIAN_POINT('',(25.5,18.595,1.524));
#2488 = VECTOR('',#2489,1.);
#2489 = DIRECTION('',(0.,0.,1.));
#2490 = ORIENTED_EDGE('',*,*,#2491,.F.);
#2491 = EDGE_CURVE('',#2453,#2484,#2492,.T.);
#2492 = LINE('',#2493,#2494);
#2493 = CARTESIAN_POINT('',(25.5,21.595,1.524));
#2494 = VECTOR('',#2495,1.);
#2495 = DIRECTION('',(0.,-1.,0.));
#2496 = PLANE('',#2497);
#2497 = AXIS2_PLACEMENT_3D('',#2498,#2499,#2500);
#2498 = CARTESIAN_POINT('',(25.5,21.595,1.524));
#2499 = DIRECTION('',(1.,0.,-0.));
#2500 = DIRECTION('',(0.,-1.,0.));
#2501 = ADVANCED_FACE('',(#2502),#2527,.T.);
#2502 = FACE_BOUND('',#2503,.T.);
#2503 = EDGE_LOOP('',(#2504,#2505,#2513,#2521));
#2504 = ORIENTED_EDGE('',*,*,#2483,.T.);
#2505 = ORIENTED_EDGE('',*,*,#2506,.T.);
#2506 = EDGE_CURVE('',#2476,#2507,#2509,.T.);
#2507 = VERTEX_POINT('',#2508);
#2508 = CARTESIAN_POINT('',(24.5,17.595,1.559));
#2509 = LINE('',#2510,#2511);
#2510 = CARTESIAN_POINT('',(25.5,18.595,1.559));
#2511 = VECTOR('',#2512,1.);
#2512 = DIRECTION('',(-0.707106781187,-0.707106781187,0.));
#2513 = ORIENTED_EDGE('',*,*,#2514,.F.);
#2514 = EDGE_CURVE('',#2515,#2507,#2517,.T.);
#2515 = VERTEX_POINT('',#2516);
#2516 = CARTESIAN_POINT('',(24.5,17.595,1.524));
#2517 = LINE('',#2518,#2519);
#2518 = CARTESIAN_POINT('',(24.5,17.595,1.524));
#2519 = VECTOR('',#2520,1.);
#2520 = DIRECTION('',(0.,0.,1.));
#2521 = ORIENTED_EDGE('',*,*,#2522,.F.);
#2522 = EDGE_CURVE('',#2484,#2515,#2523,.T.);
#2523 = LINE('',#2524,#2525);
#2524 = CARTESIAN_POINT('',(25.5,18.595,1.524));
#2525 = VECTOR('',#2526,1.);
#2526 = DIRECTION('',(-0.707106781187,-0.707106781187,0.));
#2527 = PLANE('',#2528);
#2528 = AXIS2_PLACEMENT_3D('',#2529,#2530,#2531);
#2529 = CARTESIAN_POINT('',(25.5,18.595,1.524));
#2530 = DIRECTION('',(0.707106781187,-0.707106781187,0.));
#2531 = DIRECTION('',(-0.707106781187,-0.707106781187,0.));
#2532 = ADVANCED_FACE('',(#2533),#2558,.T.);
#2533 = FACE_BOUND('',#2534,.T.);
#2534 = EDGE_LOOP('',(#2535,#2536,#2544,#2552));
#2535 = ORIENTED_EDGE('',*,*,#2514,.T.);
#2536 = ORIENTED_EDGE('',*,*,#2537,.T.);
#2537 = EDGE_CURVE('',#2507,#2538,#2540,.T.);
#2538 = VERTEX_POINT('',#2539);
#2539 = CARTESIAN_POINT('',(10.025,17.595,1.559));
#2540 = LINE('',#2541,#2542);
#2541 = CARTESIAN_POINT('',(24.5,17.595,1.559));
#2542 = VECTOR('',#2543,1.);
#2543 = DIRECTION('',(-1.,0.,0.));
#2544 = ORIENTED_EDGE('',*,*,#2545,.F.);
#2545 = EDGE_CURVE('',#2546,#2538,#2548,.T.);
#2546 = VERTEX_POINT('',#2547);
#2547 = CARTESIAN_POINT('',(10.025,17.595,1.524));
#2548 = LINE('',#2549,#2550);
#2549 = CARTESIAN_POINT('',(10.025,17.595,1.524));
#2550 = VECTOR('',#2551,1.);
#2551 = DIRECTION('',(0.,0.,1.));
#2552 = ORIENTED_EDGE('',*,*,#2553,.F.);
#2553 = EDGE_CURVE('',#2515,#2546,#2554,.T.);
#2554 = LINE('',#2555,#2556);
#2555 = CARTESIAN_POINT('',(24.5,17.595,1.524));
#2556 = VECTOR('',#2557,1.);
#2557 = DIRECTION('',(-1.,0.,0.));
#2558 = PLANE('',#2559);
#2559 = AXIS2_PLACEMENT_3D('',#2560,#2561,#2562);
#2560 = CARTESIAN_POINT('',(24.5,17.595,1.524));
#2561 = DIRECTION('',(0.,-1.,0.));
#2562 = DIRECTION('',(-1.,0.,0.));
#2563 = ADVANCED_FACE('',(#2564),#2589,.T.);
#2564 = FACE_BOUND('',#2565,.T.);
#2565 = EDGE_LOOP('',(#2566,#2567,#2575,#2583));
#2566 = ORIENTED_EDGE('',*,*,#2545,.T.);
#2567 = ORIENTED_EDGE('',*,*,#2568,.T.);
#2568 = EDGE_CURVE('',#2538,#2569,#2571,.T.);
#2569 = VERTEX_POINT('',#2570);
#2570 = CARTESIAN_POINT('',(10.025,10.395,1.559));
#2571 = LINE('',#2572,#2573);
#2572 = CARTESIAN_POINT('',(10.025,17.595,1.559));
#2573 = VECTOR('',#2574,1.);
#2574 = DIRECTION('',(0.,-1.,0.));
#2575 = ORIENTED_EDGE('',*,*,#2576,.F.);
#2576 = EDGE_CURVE('',#2577,#2569,#2579,.T.);
#2577 = VERTEX_POINT('',#2578);
#2578 = CARTESIAN_POINT('',(10.025,10.395,1.524));
#2579 = LINE('',#2580,#2581);
#2580 = CARTESIAN_POINT('',(10.025,10.395,1.524));
#2581 = VECTOR('',#2582,1.);
#2582 = DIRECTION('',(0.,0.,1.));
#2583 = ORIENTED_EDGE('',*,*,#2584,.F.);
#2584 = EDGE_CURVE('',#2546,#2577,#2585,.T.);
#2585 = LINE('',#2586,#2587);
#2586 = CARTESIAN_POINT('',(10.025,17.595,1.524));
#2587 = VECTOR('',#2588,1.);
#2588 = DIRECTION('',(0.,-1.,0.));
#2589 = PLANE('',#2590);
#2590 = AXIS2_PLACEMENT_3D('',#2591,#2592,#2593);
#2591 = CARTESIAN_POINT('',(10.025,17.595,1.524));
#2592 = DIRECTION('',(1.,0.,-0.));
#2593 = DIRECTION('',(0.,-1.,0.));
#2594 = ADVANCED_FACE('',(#2595),#2620,.T.);
#2595 = FACE_BOUND('',#2596,.T.);
#2596 = EDGE_LOOP('',(#2597,#2598,#2606,#2614));
#2597 = ORIENTED_EDGE('',*,*,#2576,.T.);
#2598 = ORIENTED_EDGE('',*,*,#2599,.T.);
#2599 = EDGE_CURVE('',#2569,#2600,#2602,.T.);
#2600 = VERTEX_POINT('',#2601);
#2601 = CARTESIAN_POINT('',(8.225,10.395,1.559));
#2602 = LINE('',#2603,#2604);
#2603 = CARTESIAN_POINT('',(10.025,10.395,1.559));
#2604 = VECTOR('',#2605,1.);
#2605 = DIRECTION('',(-1.,0.,0.));
#2606 = ORIENTED_EDGE('',*,*,#2607,.F.);
#2607 = EDGE_CURVE('',#2608,#2600,#2610,.T.);
#2608 = VERTEX_POINT('',#2609);
#2609 = CARTESIAN_POINT('',(8.225,10.395,1.524));
#2610 = LINE('',#2611,#2612);
#2611 = CARTESIAN_POINT('',(8.225,10.395,1.524));
#2612 = VECTOR('',#2613,1.);
#2613 = DIRECTION('',(0.,0.,1.));
#2614 = ORIENTED_EDGE('',*,*,#2615,.F.);
#2615 = EDGE_CURVE('',#2577,#2608,#2616,.T.);
#2616 = LINE('',#2617,#2618);
#2617 = CARTESIAN_POINT('',(10.025,10.395,1.524));
#2618 = VECTOR('',#2619,1.);
#2619 = DIRECTION('',(-1.,0.,0.));
#2620 = PLANE('',#2621);
#2621 = AXIS2_PLACEMENT_3D('',#2622,#2623,#2624);
#2622 = CARTESIAN_POINT('',(10.025,10.395,1.524));
#2623 = DIRECTION('',(0.,-1.,0.));
#2624 = DIRECTION('',(-1.,0.,0.));
#2625 = ADVANCED_FACE('',(#2626),#2651,.T.);
#2626 = FACE_BOUND('',#2627,.T.);
#2627 = EDGE_LOOP('',(#2628,#2629,#2637,#2645));
#2628 = ORIENTED_EDGE('',*,*,#2607,.T.);
#2629 = ORIENTED_EDGE('',*,*,#2630,.T.);
#2630 = EDGE_CURVE('',#2600,#2631,#2633,.T.);
#2631 = VERTEX_POINT('',#2632);
#2632 = CARTESIAN_POINT('',(8.225,0.395,1.559));
#2633 = LINE('',#2634,#2635);
#2634 = CARTESIAN_POINT('',(8.225,10.395,1.559));
#2635 = VECTOR('',#2636,1.);
#2636 = DIRECTION('',(0.,-1.,0.));
#2637 = ORIENTED_EDGE('',*,*,#2638,.F.);
#2638 = EDGE_CURVE('',#2639,#2631,#2641,.T.);
#2639 = VERTEX_POINT('',#2640);
#2640 = CARTESIAN_POINT('',(8.225,0.395,1.524));
#2641 = LINE('',#2642,#2643);
#2642 = CARTESIAN_POINT('',(8.225,0.395,1.524));
#2643 = VECTOR('',#2644,1.);
#2644 = DIRECTION('',(0.,0.,1.));
#2645 = ORIENTED_EDGE('',*,*,#2646,.F.);
#2646 = EDGE_CURVE('',#2608,#2639,#2647,.T.);
#2647 = LINE('',#2648,#2649);
#2648 = CARTESIAN_POINT('',(8.225,10.395,1.524));
#2649 = VECTOR('',#2650,1.);
#2650 = DIRECTION('',(0.,-1.,0.));
#2651 = PLANE('',#2652);
#2652 = AXIS2_PLACEMENT_3D('',#2653,#2654,#2655);
#2653 = CARTESIAN_POINT('',(8.225,10.395,1.524));
#2654 = DIRECTION('',(1.,0.,-0.));
#2655 = DIRECTION('',(0.,-1.,0.));
#2656 = ADVANCED_FACE('',(#2657),#2682,.T.);
#2657 = FACE_BOUND('',#2658,.T.);
#2658 = EDGE_LOOP('',(#2659,#2660,#2668,#2676));
#2659 = ORIENTED_EDGE('',*,*,#2638,.T.);
#2660 = ORIENTED_EDGE('',*,*,#2661,.T.);
#2661 = EDGE_CURVE('',#2631,#2662,#2664,.T.);
#2662 = VERTEX_POINT('',#2663);
#2663 = CARTESIAN_POINT('',(4.375,0.395,1.559));
#2664 = LINE('',#2665,#2666);
#2665 = CARTESIAN_POINT('',(8.225,0.395,1.559));
#2666 = VECTOR('',#2667,1.);
#2667 = DIRECTION('',(-1.,0.,0.));
#2668 = ORIENTED_EDGE('',*,*,#2669,.F.);
#2669 = EDGE_CURVE('',#2670,#2662,#2672,.T.);
#2670 = VERTEX_POINT('',#2671);
#2671 = CARTESIAN_POINT('',(4.375,0.395,1.524));
#2672 = LINE('',#2673,#2674);
#2673 = CARTESIAN_POINT('',(4.375,0.395,1.524));
#2674 = VECTOR('',#2675,1.);
#2675 = DIRECTION('',(0.,0.,1.));
#2676 = ORIENTED_EDGE('',*,*,#2677,.F.);
#2677 = EDGE_CURVE('',#2639,#2670,#2678,.T.);
#2678 = LINE('',#2679,#2680);
#2679 = CARTESIAN_POINT('',(8.225,0.395,1.524));
#2680 = VECTOR('',#2681,1.);
#2681 = DIRECTION('',(-1.,0.,0.));
#2682 = PLANE('',#2683);
#2683 = AXIS2_PLACEMENT_3D('',#2684,#2685,#2686);
#2684 = CARTESIAN_POINT('',(8.225,0.395,1.524));
#2685 = DIRECTION('',(0.,-1.,0.));
#2686 = DIRECTION('',(-1.,0.,0.));
#2687 = ADVANCED_FACE('',(#2688),#2713,.T.);
#2688 = FACE_BOUND('',#2689,.T.);
#2689 = EDGE_LOOP('',(#2690,#2691,#2699,#2707));
#2690 = ORIENTED_EDGE('',*,*,#2669,.T.);
#2691 = ORIENTED_EDGE('',*,*,#2692,.T.);
#2692 = EDGE_CURVE('',#2662,#2693,#2695,.T.);
#2693 = VERTEX_POINT('',#2694);
#2694 = CARTESIAN_POINT('',(4.375,10.395,1.559));
#2695 = LINE('',#2696,#2697);
#2696 = CARTESIAN_POINT('',(4.375,0.395,1.559));
#2697 = VECTOR('',#2698,1.);
#2698 = DIRECTION('',(0.,1.,0.));
#2699 = ORIENTED_EDGE('',*,*,#2700,.F.);
#2700 = EDGE_CURVE('',#2701,#2693,#2703,.T.);
#2701 = VERTEX_POINT('',#2702);
#2702 = CARTESIAN_POINT('',(4.375,10.395,1.524));
#2703 = LINE('',#2704,#2705);
#2704 = CARTESIAN_POINT('',(4.375,10.395,1.524));
#2705 = VECTOR('',#2706,1.);
#2706 = DIRECTION('',(0.,0.,1.));
#2707 = ORIENTED_EDGE('',*,*,#2708,.F.);
#2708 = EDGE_CURVE('',#2670,#2701,#2709,.T.);
#2709 = LINE('',#2710,#2711);
#2710 = CARTESIAN_POINT('',(4.375,0.395,1.524));
#2711 = VECTOR('',#2712,1.);
#2712 = DIRECTION('',(0.,1.,0.));
#2713 = PLANE('',#2714);
#2714 = AXIS2_PLACEMENT_3D('',#2715,#2716,#2717);
#2715 = CARTESIAN_POINT('',(4.375,0.395,1.524));
#2716 = DIRECTION('',(-1.,0.,0.));
#2717 = DIRECTION('',(0.,1.,0.));
#2718 = ADVANCED_FACE('',(#2719),#2744,.T.);
#2719 = FACE_BOUND('',#2720,.T.);
#2720 = EDGE_LOOP('',(#2721,#2722,#2730,#2738));
#2721 = ORIENTED_EDGE('',*,*,#2700,.T.);
#2722 = ORIENTED_EDGE('',*,*,#2723,.T.);
#2723 = EDGE_CURVE('',#2693,#2724,#2726,.T.);
#2724 = VERTEX_POINT('',#2725);
#2725 = CARTESIAN_POINT('',(2.575,10.395,1.559));
#2726 = LINE('',#2727,#2728);
#2727 = CARTESIAN_POINT('',(4.375,10.395,1.559));
#2728 = VECTOR('',#2729,1.);
#2729 = DIRECTION('',(-1.,0.,0.));
#2730 = ORIENTED_EDGE('',*,*,#2731,.F.);
#2731 = EDGE_CURVE('',#2732,#2724,#2734,.T.);
#2732 = VERTEX_POINT('',#2733);
#2733 = CARTESIAN_POINT('',(2.575,10.395,1.524));
#2734 = LINE('',#2735,#2736);
#2735 = CARTESIAN_POINT('',(2.575,10.395,1.524));
#2736 = VECTOR('',#2737,1.);
#2737 = DIRECTION('',(0.,0.,1.));
#2738 = ORIENTED_EDGE('',*,*,#2739,.F.);
#2739 = EDGE_CURVE('',#2701,#2732,#2740,.T.);
#2740 = LINE('',#2741,#2742);
#2741 = CARTESIAN_POINT('',(4.375,10.395,1.524));
#2742 = VECTOR('',#2743,1.);
#2743 = DIRECTION('',(-1.,0.,0.));
#2744 = PLANE('',#2745);
#2745 = AXIS2_PLACEMENT_3D('',#2746,#2747,#2748);
#2746 = CARTESIAN_POINT('',(4.375,10.395,1.524));
#2747 = DIRECTION('',(0.,-1.,0.));
#2748 = DIRECTION('',(-1.,0.,0.));
#2749 = ADVANCED_FACE('',(#2750),#2775,.T.);
#2750 = FACE_BOUND('',#2751,.T.);
#2751 = EDGE_LOOP('',(#2752,#2753,#2761,#2769));
#2752 = ORIENTED_EDGE('',*,*,#2731,.T.);
#2753 = ORIENTED_EDGE('',*,*,#2754,.T.);
#2754 = EDGE_CURVE('',#2724,#2755,#2757,.T.);
#2755 = VERTEX_POINT('',#2756);
#2756 = CARTESIAN_POINT('',(2.575,18.095,1.559));
#2757 = LINE('',#2758,#2759);
#2758 = CARTESIAN_POINT('',(2.575,10.395,1.559));
#2759 = VECTOR('',#2760,1.);
#2760 = DIRECTION('',(0.,1.,0.));
#2761 = ORIENTED_EDGE('',*,*,#2762,.F.);
#2762 = EDGE_CURVE('',#2763,#2755,#2765,.T.);
#2763 = VERTEX_POINT('',#2764);
#2764 = CARTESIAN_POINT('',(2.575,18.095,1.524));
#2765 = LINE('',#2766,#2767);
#2766 = CARTESIAN_POINT('',(2.575,18.095,1.524));
#2767 = VECTOR('',#2768,1.);
#2768 = DIRECTION('',(0.,0.,1.));
#2769 = ORIENTED_EDGE('',*,*,#2770,.F.);
#2770 = EDGE_CURVE('',#2732,#2763,#2771,.T.);
#2771 = LINE('',#2772,#2773);
#2772 = CARTESIAN_POINT('',(2.575,10.395,1.524));
#2773 = VECTOR('',#2774,1.);
#2774 = DIRECTION('',(0.,1.,0.));
#2775 = PLANE('',#2776);
#2776 = AXIS2_PLACEMENT_3D('',#2777,#2778,#2779);
#2777 = CARTESIAN_POINT('',(2.575,10.395,1.524));
#2778 = DIRECTION('',(-1.,0.,0.));
#2779 = DIRECTION('',(0.,1.,0.));
#2780 = ADVANCED_FACE('',(#2781),#2806,.T.);
#2781 = FACE_BOUND('',#2782,.T.);
#2782 = EDGE_LOOP('',(#2783,#2784,#2792,#2800));
#2783 = ORIENTED_EDGE('',*,*,#2762,.T.);
#2784 = ORIENTED_EDGE('',*,*,#2785,.T.);
#2785 = EDGE_CURVE('',#2755,#2786,#2788,.T.);
#2786 = VERTEX_POINT('',#2787);
#2787 = CARTESIAN_POINT('',(3.1,18.095,1.559));
#2788 = LINE('',#2789,#2790);
#2789 = CARTESIAN_POINT('',(2.575,18.095,1.559));
#2790 = VECTOR('',#2791,1.);
#2791 = DIRECTION('',(1.,0.,0.));
#2792 = ORIENTED_EDGE('',*,*,#2793,.F.);
#2793 = EDGE_CURVE('',#2794,#2786,#2796,.T.);
#2794 = VERTEX_POINT('',#2795);
#2795 = CARTESIAN_POINT('',(3.1,18.095,1.524));
#2796 = LINE('',#2797,#2798);
#2797 = CARTESIAN_POINT('',(3.1,18.095,1.524));
#2798 = VECTOR('',#2799,1.);
#2799 = DIRECTION('',(0.,0.,1.));
#2800 = ORIENTED_EDGE('',*,*,#2801,.F.);
#2801 = EDGE_CURVE('',#2763,#2794,#2802,.T.);
#2802 = LINE('',#2803,#2804);
#2803 = CARTESIAN_POINT('',(2.575,18.095,1.524));
#2804 = VECTOR('',#2805,1.);
#2805 = DIRECTION('',(1.,0.,0.));
#2806 = PLANE('',#2807);
#2807 = AXIS2_PLACEMENT_3D('',#2808,#2809,#2810);
#2808 = CARTESIAN_POINT('',(2.575,18.095,1.524));
#2809 = DIRECTION('',(0.,1.,0.));
#2810 = DIRECTION('',(1.,0.,0.));
#2811 = ADVANCED_FACE('',(#2812),#2837,.T.);
#2812 = FACE_BOUND('',#2813,.T.);
#2813 = EDGE_LOOP('',(#2814,#2815,#2823,#2831));
#2814 = ORIENTED_EDGE('',*,*,#2793,.T.);
#2815 = ORIENTED_EDGE('',*,*,#2816,.T.);
#2816 = EDGE_CURVE('',#2786,#2817,#2819,.T.);
#2817 = VERTEX_POINT('',#2818);
#2818 = CARTESIAN_POINT('',(3.1,25.795,1.559));
#2819 = LINE('',#2820,#2821);
#2820 = CARTESIAN_POINT('',(3.1,18.095,1.559));
#2821 = VECTOR('',#2822,1.);
#2822 = DIRECTION('',(0.,1.,0.));
#2823 = ORIENTED_EDGE('',*,*,#2824,.F.);
#2824 = EDGE_CURVE('',#2825,#2817,#2827,.T.);
#2825 = VERTEX_POINT('',#2826);
#2826 = CARTESIAN_POINT('',(3.1,25.795,1.524));
#2827 = LINE('',#2828,#2829);
#2828 = CARTESIAN_POINT('',(3.1,25.795,1.524));
#2829 = VECTOR('',#2830,1.);
#2830 = DIRECTION('',(0.,0.,1.));
#2831 = ORIENTED_EDGE('',*,*,#2832,.F.);
#2832 = EDGE_CURVE('',#2794,#2825,#2833,.T.);
#2833 = LINE('',#2834,#2835);
#2834 = CARTESIAN_POINT('',(3.1,18.095,1.524));
#2835 = VECTOR('',#2836,1.);
#2836 = DIRECTION('',(0.,1.,0.));
#2837 = PLANE('',#2838);
#2838 = AXIS2_PLACEMENT_3D('',#2839,#2840,#2841);
#2839 = CARTESIAN_POINT('',(3.1,18.095,1.524));
#2840 = DIRECTION('',(-1.,0.,0.));
#2841 = DIRECTION('',(0.,1.,0.));
#2842 = ADVANCED_FACE('',(#2843),#2868,.T.);
#2843 = FACE_BOUND('',#2844,.T.);
#2844 = EDGE_LOOP('',(#2845,#2846,#2854,#2862));
#2845 = ORIENTED_EDGE('',*,*,#2824,.T.);
#2846 = ORIENTED_EDGE('',*,*,#2847,.T.);
#2847 = EDGE_CURVE('',#2817,#2848,#2850,.T.);
#2848 = VERTEX_POINT('',#2849);
#2849 = CARTESIAN_POINT('',(4.375,25.795,1.559));
#2850 = LINE('',#2851,#2852);
#2851 = CARTESIAN_POINT('',(3.1,25.795,1.559));
#2852 = VECTOR('',#2853,1.);
#2853 = DIRECTION('',(1.,0.,0.));
#2854 = ORIENTED_EDGE('',*,*,#2855,.F.);
#2855 = EDGE_CURVE('',#2856,#2848,#2858,.T.);
#2856 = VERTEX_POINT('',#2857);
#2857 = CARTESIAN_POINT('',(4.375,25.795,1.524));
#2858 = LINE('',#2859,#2860);
#2859 = CARTESIAN_POINT('',(4.375,25.795,1.524));
#2860 = VECTOR('',#2861,1.);
#2861 = DIRECTION('',(0.,0.,1.));
#2862 = ORIENTED_EDGE('',*,*,#2863,.F.);
#2863 = EDGE_CURVE('',#2825,#2856,#2864,.T.);
#2864 = LINE('',#2865,#2866);
#2865 = CARTESIAN_POINT('',(3.1,25.795,1.524));
#2866 = VECTOR('',#2867,1.);
#2867 = DIRECTION('',(1.,0.,0.));
#2868 = PLANE('',#2869);
#2869 = AXIS2_PLACEMENT_3D('',#2870,#2871,#2872);
#2870 = CARTESIAN_POINT('',(3.1,25.795,1.524));
#2871 = DIRECTION('',(0.,1.,0.));
#2872 = DIRECTION('',(1.,0.,0.));
#2873 = ADVANCED_FACE('',(#2874),#2899,.T.);
#2874 = FACE_BOUND('',#2875,.T.);
#2875 = EDGE_LOOP('',(#2876,#2877,#2885,#2893));
#2876 = ORIENTED_EDGE('',*,*,#2855,.T.);
#2877 = ORIENTED_EDGE('',*,*,#2878,.T.);
#2878 = EDGE_CURVE('',#2848,#2879,#2881,.T.);
#2879 = VERTEX_POINT('',#2880);
#2880 = CARTESIAN_POINT('',(4.375,42.195,1.559));
#2881 = LINE('',#2882,#2883);
#2882 = CARTESIAN_POINT('',(4.375,25.795,1.559));
#2883 = VECTOR('',#2884,1.);
#2884 = DIRECTION('',(0.,1.,0.));
#2885 = ORIENTED_EDGE('',*,*,#2886,.F.);
#2886 = EDGE_CURVE('',#2887,#2879,#2889,.T.);
#2887 = VERTEX_POINT('',#2888);
#2888 = CARTESIAN_POINT('',(4.375,42.195,1.524));
#2889 = LINE('',#2890,#2891);
#2890 = CARTESIAN_POINT('',(4.375,42.195,1.524));
#2891 = VECTOR('',#2892,1.);
#2892 = DIRECTION('',(0.,0.,1.));
#2893 = ORIENTED_EDGE('',*,*,#2894,.F.);
#2894 = EDGE_CURVE('',#2856,#2887,#2895,.T.);
#2895 = LINE('',#2896,#2897);
#2896 = CARTESIAN_POINT('',(4.375,25.795,1.524));
#2897 = VECTOR('',#2898,1.);
#2898 = DIRECTION('',(0.,1.,0.));
#2899 = PLANE('',#2900);
#2900 = AXIS2_PLACEMENT_3D('',#2901,#2902,#2903);
#2901 = CARTESIAN_POINT('',(4.375,25.795,1.524));
#2902 = DIRECTION('',(-1.,0.,0.));
#2903 = DIRECTION('',(0.,1.,0.));
#2904 = ADVANCED_FACE('',(#2905),#2930,.T.);
#2905 = FACE_BOUND('',#2906,.T.);
#2906 = EDGE_LOOP('',(#2907,#2908,#2916,#2924));
#2907 = ORIENTED_EDGE('',*,*,#2886,.T.);
#2908 = ORIENTED_EDGE('',*,*,#2909,.T.);
#2909 = EDGE_CURVE('',#2879,#2910,#2912,.T.);
#2910 = VERTEX_POINT('',#2911);
#2911 = CARTESIAN_POINT('',(3.1,42.195,1.559));
#2912 = LINE('',#2913,#2914);
#2913 = CARTESIAN_POINT('',(4.375,42.195,1.559));
#2914 = VECTOR('',#2915,1.);
#2915 = DIRECTION('',(-1.,0.,0.));
#2916 = ORIENTED_EDGE('',*,*,#2917,.F.);
#2917 = EDGE_CURVE('',#2918,#2910,#2920,.T.);
#2918 = VERTEX_POINT('',#2919);
#2919 = CARTESIAN_POINT('',(3.1,42.195,1.524));
#2920 = LINE('',#2921,#2922);
#2921 = CARTESIAN_POINT('',(3.1,42.195,1.524));
#2922 = VECTOR('',#2923,1.);
#2923 = DIRECTION('',(0.,0.,1.));
#2924 = ORIENTED_EDGE('',*,*,#2925,.F.);
#2925 = EDGE_CURVE('',#2887,#2918,#2926,.T.);
#2926 = LINE('',#2927,#2928);
#2927 = CARTESIAN_POINT('',(4.375,42.195,1.524));
#2928 = VECTOR('',#2929,1.);
#2929 = DIRECTION('',(-1.,0.,0.));
#2930 = PLANE('',#2931);
#2931 = AXIS2_PLACEMENT_3D('',#2932,#2933,#2934);
#2932 = CARTESIAN_POINT('',(4.375,42.195,1.524));
#2933 = DIRECTION('',(0.,-1.,0.));
#2934 = DIRECTION('',(-1.,0.,0.));
#2935 = ADVANCED_FACE('',(#2936),#2961,.T.);
#2936 = FACE_BOUND('',#2937,.T.);
#2937 = EDGE_LOOP('',(#2938,#2939,#2947,#2955));
#2938 = ORIENTED_EDGE('',*,*,#2917,.T.);
#2939 = ORIENTED_EDGE('',*,*,#2940,.T.);
#2940 = EDGE_CURVE('',#2910,#2941,#2943,.T.);
#2941 = VERTEX_POINT('',#2942);
#2942 = CARTESIAN_POINT('',(3.1,49.895,1.559));
#2943 = LINE('',#2944,#2945);
#2944 = CARTESIAN_POINT('',(3.1,42.195,1.559));
#2945 = VECTOR('',#2946,1.);
#2946 = DIRECTION('',(0.,1.,0.));
#2947 = ORIENTED_EDGE('',*,*,#2948,.F.);
#2948 = EDGE_CURVE('',#2949,#2941,#2951,.T.);
#2949 = VERTEX_POINT('',#2950);
#2950 = CARTESIAN_POINT('',(3.1,49.895,1.524));
#2951 = LINE('',#2952,#2953);
#2952 = CARTESIAN_POINT('',(3.1,49.895,1.524));
#2953 = VECTOR('',#2954,1.);
#2954 = DIRECTION('',(0.,0.,1.));
#2955 = ORIENTED_EDGE('',*,*,#2956,.F.);
#2956 = EDGE_CURVE('',#2918,#2949,#2957,.T.);
#2957 = LINE('',#2958,#2959);
#2958 = CARTESIAN_POINT('',(3.1,42.195,1.524));
#2959 = VECTOR('',#2960,1.);
#2960 = DIRECTION('',(0.,1.,0.));
#2961 = PLANE('',#2962);
#2962 = AXIS2_PLACEMENT_3D('',#2963,#2964,#2965);
#2963 = CARTESIAN_POINT('',(3.1,42.195,1.524));
#2964 = DIRECTION('',(-1.,0.,0.));
#2965 = DIRECTION('',(0.,1.,0.));
#2966 = ADVANCED_FACE('',(#2967),#2992,.T.);
#2967 = FACE_BOUND('',#2968,.T.);
#2968 = EDGE_LOOP('',(#2969,#2970,#2978,#2986));
#2969 = ORIENTED_EDGE('',*,*,#2948,.T.);
#2970 = ORIENTED_EDGE('',*,*,#2971,.T.);
#2971 = EDGE_CURVE('',#2941,#2972,#2974,.T.);
#2972 = VERTEX_POINT('',#2973);
#2973 = CARTESIAN_POINT('',(3.675,49.895,1.559));
#2974 = LINE('',#2975,#2976);
#2975 = CARTESIAN_POINT('',(3.1,49.895,1.559));
#2976 = VECTOR('',#2977,1.);
#2977 = DIRECTION('',(1.,0.,0.));
#2978 = ORIENTED_EDGE('',*,*,#2979,.F.);
#2979 = EDGE_CURVE('',#2980,#2972,#2982,.T.);
#2980 = VERTEX_POINT('',#2981);
#2981 = CARTESIAN_POINT('',(3.675,49.895,1.524));
#2982 = LINE('',#2983,#2984);
#2983 = CARTESIAN_POINT('',(3.675,49.895,1.524));
#2984 = VECTOR('',#2985,1.);
#2985 = DIRECTION('',(0.,0.,1.));
#2986 = ORIENTED_EDGE('',*,*,#2987,.F.);
#2987 = EDGE_CURVE('',#2949,#2980,#2988,.T.);
#2988 = LINE('',#2989,#2990);
#2989 = CARTESIAN_POINT('',(3.1,49.895,1.524));
#2990 = VECTOR('',#2991,1.);
#2991 = DIRECTION('',(1.,0.,0.));
#2992 = PLANE('',#2993);
#2993 = AXIS2_PLACEMENT_3D('',#2994,#2995,#2996);
#2994 = CARTESIAN_POINT('',(3.1,49.895,1.524));
#2995 = DIRECTION('',(0.,1.,0.));
#2996 = DIRECTION('',(1.,0.,0.));
#2997 = ADVANCED_FACE('',(#2998),#3023,.T.);
#2998 = FACE_BOUND('',#2999,.T.);
#2999 = EDGE_LOOP('',(#3000,#3001,#3009,#3017));
#3000 = ORIENTED_EDGE('',*,*,#2979,.T.);
#3001 = ORIENTED_EDGE('',*,*,#3002,.T.);
#3002 = EDGE_CURVE('',#2972,#3003,#3005,.T.);
#3003 = VERTEX_POINT('',#3004);
#3004 = CARTESIAN_POINT('',(3.675,57.695,1.559));
#3005 = LINE('',#3006,#3007);
#3006 = CARTESIAN_POINT('',(3.675,49.895,1.559));
#3007 = VECTOR('',#3008,1.);
#3008 = DIRECTION('',(0.,1.,0.));
#3009 = ORIENTED_EDGE('',*,*,#3010,.F.);
#3010 = EDGE_CURVE('',#3011,#3003,#3013,.T.);
#3011 = VERTEX_POINT('',#3012);
#3012 = CARTESIAN_POINT('',(3.675,57.695,1.524));
#3013 = LINE('',#3014,#3015);
#3014 = CARTESIAN_POINT('',(3.675,57.695,1.524));
#3015 = VECTOR('',#3016,1.);
#3016 = DIRECTION('',(0.,0.,1.));
#3017 = ORIENTED_EDGE('',*,*,#3018,.F.);
#3018 = EDGE_CURVE('',#2980,#3011,#3019,.T.);
#3019 = LINE('',#3020,#3021);
#3020 = CARTESIAN_POINT('',(3.675,49.895,1.524));
#3021 = VECTOR('',#3022,1.);
#3022 = DIRECTION('',(0.,1.,0.));
#3023 = PLANE('',#3024);
#3024 = AXIS2_PLACEMENT_3D('',#3025,#3026,#3027);
#3025 = CARTESIAN_POINT('',(3.675,49.895,1.524));
#3026 = DIRECTION('',(-1.,0.,0.));
#3027 = DIRECTION('',(0.,1.,0.));
#3028 = ADVANCED_FACE('',(#3029),#3054,.T.);
#3029 = FACE_BOUND('',#3030,.T.);
#3030 = EDGE_LOOP('',(#3031,#3032,#3040,#3048));
#3031 = ORIENTED_EDGE('',*,*,#3010,.T.);
#3032 = ORIENTED_EDGE('',*,*,#3033,.T.);
#3033 = EDGE_CURVE('',#3003,#3034,#3036,.T.);
#3034 = VERTEX_POINT('',#3035);
#3035 = CARTESIAN_POINT('',(4.375,57.695,1.559));
#3036 = LINE('',#3037,#3038);
#3037 = CARTESIAN_POINT('',(3.675,57.695,1.559));
#3038 = VECTOR('',#3039,1.);
#3039 = DIRECTION('',(1.,0.,0.));
#3040 = ORIENTED_EDGE('',*,*,#3041,.F.);
#3041 = EDGE_CURVE('',#3042,#3034,#3044,.T.);
#3042 = VERTEX_POINT('',#3043);
#3043 = CARTESIAN_POINT('',(4.375,57.695,1.524));
#3044 = LINE('',#3045,#3046);
#3045 = CARTESIAN_POINT('',(4.375,57.695,1.524));
#3046 = VECTOR('',#3047,1.);
#3047 = DIRECTION('',(0.,0.,1.));
#3048 = ORIENTED_EDGE('',*,*,#3049,.F.);
#3049 = EDGE_CURVE('',#3011,#3042,#3050,.T.);
#3050 = LINE('',#3051,#3052);
#3051 = CARTESIAN_POINT('',(3.675,57.695,1.524));
#3052 = VECTOR('',#3053,1.);
#3053 = DIRECTION('',(1.,0.,0.));
#3054 = PLANE('',#3055);
#3055 = AXIS2_PLACEMENT_3D('',#3056,#3057,#3058);
#3056 = CARTESIAN_POINT('',(3.675,57.695,1.524));
#3057 = DIRECTION('',(0.,1.,0.));
#3058 = DIRECTION('',(1.,0.,0.));
#3059 = ADVANCED_FACE('',(#3060),#3085,.T.);
#3060 = FACE_BOUND('',#3061,.T.);
#3061 = EDGE_LOOP('',(#3062,#3063,#3071,#3079));
#3062 = ORIENTED_EDGE('',*,*,#3041,.T.);
#3063 = ORIENTED_EDGE('',*,*,#3064,.T.);
#3064 = EDGE_CURVE('',#3034,#3065,#3067,.T.);
#3065 = VERTEX_POINT('',#3066);
#3066 = CARTESIAN_POINT('',(4.375,74.095,1.559));
#3067 = LINE('',#3068,#3069);
#3068 = CARTESIAN_POINT('',(4.375,57.695,1.559));
#3069 = VECTOR('',#3070,1.);
#3070 = DIRECTION('',(0.,1.,0.));
#3071 = ORIENTED_EDGE('',*,*,#3072,.F.);
#3072 = EDGE_CURVE('',#3073,#3065,#3075,.T.);
#3073 = VERTEX_POINT('',#3074);
#3074 = CARTESIAN_POINT('',(4.375,74.095,1.524));
#3075 = LINE('',#3076,#3077);
#3076 = CARTESIAN_POINT('',(4.375,74.095,1.524));
#3077 = VECTOR('',#3078,1.);
#3078 = DIRECTION('',(0.,0.,1.));
#3079 = ORIENTED_EDGE('',*,*,#3080,.F.);
#3080 = EDGE_CURVE('',#3042,#3073,#3081,.T.);
#3081 = LINE('',#3082,#3083);
#3082 = CARTESIAN_POINT('',(4.375,57.695,1.524));
#3083 = VECTOR('',#3084,1.);
#3084 = DIRECTION('',(0.,1.,0.));
#3085 = PLANE('',#3086);
#3086 = AXIS2_PLACEMENT_3D('',#3087,#3088,#3089);
#3087 = CARTESIAN_POINT('',(4.375,57.695,1.524));
#3088 = DIRECTION('',(-1.,0.,0.));
#3089 = DIRECTION('',(0.,1.,0.));
#3090 = ADVANCED_FACE('',(#3091),#3116,.T.);
#3091 = FACE_BOUND('',#3092,.T.);
#3092 = EDGE_LOOP('',(#3093,#3094,#3102,#3110));
#3093 = ORIENTED_EDGE('',*,*,#3072,.T.);
#3094 = ORIENTED_EDGE('',*,*,#3095,.T.);
#3095 = EDGE_CURVE('',#3065,#3096,#3098,.T.);
#3096 = VERTEX_POINT('',#3097);
#3097 = CARTESIAN_POINT('',(3.675,74.095,1.559));
#3098 = LINE('',#3099,#3100);
#3099 = CARTESIAN_POINT('',(4.375,74.095,1.559));
#3100 = VECTOR('',#3101,1.);
#3101 = DIRECTION('',(-1.,0.,0.));
#3102 = ORIENTED_EDGE('',*,*,#3103,.F.);
#3103 = EDGE_CURVE('',#3104,#3096,#3106,.T.);
#3104 = VERTEX_POINT('',#3105);
#3105 = CARTESIAN_POINT('',(3.675,74.095,1.524));
#3106 = LINE('',#3107,#3108);
#3107 = CARTESIAN_POINT('',(3.675,74.095,1.524));
#3108 = VECTOR('',#3109,1.);
#3109 = DIRECTION('',(0.,0.,1.));
#3110 = ORIENTED_EDGE('',*,*,#3111,.F.);
#3111 = EDGE_CURVE('',#3073,#3104,#3112,.T.);
#3112 = LINE('',#3113,#3114);
#3113 = CARTESIAN_POINT('',(4.375,74.095,1.524));
#3114 = VECTOR('',#3115,1.);
#3115 = DIRECTION('',(-1.,0.,0.));
#3116 = PLANE('',#3117);
#3117 = AXIS2_PLACEMENT_3D('',#3118,#3119,#3120);
#3118 = CARTESIAN_POINT('',(4.375,74.095,1.524));
#3119 = DIRECTION('',(0.,-1.,0.));
#3120 = DIRECTION('',(-1.,0.,0.));
#3121 = ADVANCED_FACE('',(#3122),#3147,.T.);
#3122 = FACE_BOUND('',#3123,.T.);
#3123 = EDGE_LOOP('',(#3124,#3125,#3133,#3141));
#3124 = ORIENTED_EDGE('',*,*,#3103,.T.);
#3125 = ORIENTED_EDGE('',*,*,#3126,.T.);
#3126 = EDGE_CURVE('',#3096,#3127,#3129,.T.);
#3127 = VERTEX_POINT('',#3128);
#3128 = CARTESIAN_POINT('',(3.675,81.895,1.559));
#3129 = LINE('',#3130,#3131);
#3130 = CARTESIAN_POINT('',(3.675,74.095,1.559));
#3131 = VECTOR('',#3132,1.);
#3132 = DIRECTION('',(0.,1.,0.));
#3133 = ORIENTED_EDGE('',*,*,#3134,.F.);
#3134 = EDGE_CURVE('',#3135,#3127,#3137,.T.);
#3135 = VERTEX_POINT('',#3136);
#3136 = CARTESIAN_POINT('',(3.675,81.895,1.524));
#3137 = LINE('',#3138,#3139);
#3138 = CARTESIAN_POINT('',(3.675,81.895,1.524));
#3139 = VECTOR('',#3140,1.);
#3140 = DIRECTION('',(0.,0.,1.));
#3141 = ORIENTED_EDGE('',*,*,#3142,.F.);
#3142 = EDGE_CURVE('',#3104,#3135,#3143,.T.);
#3143 = LINE('',#3144,#3145);
#3144 = CARTESIAN_POINT('',(3.675,74.095,1.524));
#3145 = VECTOR('',#3146,1.);
#3146 = DIRECTION('',(0.,1.,0.));
#3147 = PLANE('',#3148);
#3148 = AXIS2_PLACEMENT_3D('',#3149,#3150,#3151);
#3149 = CARTESIAN_POINT('',(3.675,74.095,1.524));
#3150 = DIRECTION('',(-1.,0.,0.));
#3151 = DIRECTION('',(0.,1.,0.));
#3152 = ADVANCED_FACE('',(#3153),#3178,.T.);
#3153 = FACE_BOUND('',#3154,.T.);
#3154 = EDGE_LOOP('',(#3155,#3156,#3164,#3172));
#3155 = ORIENTED_EDGE('',*,*,#3134,.T.);
#3156 = ORIENTED_EDGE('',*,*,#3157,.T.);
#3157 = EDGE_CURVE('',#3127,#3158,#3160,.T.);
#3158 = VERTEX_POINT('',#3159);
#3159 = CARTESIAN_POINT('',(4.375,81.895,1.559));
#3160 = LINE('',#3161,#3162);
#3161 = CARTESIAN_POINT('',(3.675,81.895,1.559));
#3162 = VECTOR('',#3163,1.);
#3163 = DIRECTION('',(1.,0.,0.));
#3164 = ORIENTED_EDGE('',*,*,#3165,.F.);
#3165 = EDGE_CURVE('',#3166,#3158,#3168,.T.);
#3166 = VERTEX_POINT('',#3167);
#3167 = CARTESIAN_POINT('',(4.375,81.895,1.524));
#3168 = LINE('',#3169,#3170);
#3169 = CARTESIAN_POINT('',(4.375,81.895,1.524));
#3170 = VECTOR('',#3171,1.);
#3171 = DIRECTION('',(0.,0.,1.));
#3172 = ORIENTED_EDGE('',*,*,#3173,.F.);
#3173 = EDGE_CURVE('',#3135,#3166,#3174,.T.);
#3174 = LINE('',#3175,#3176);
#3175 = CARTESIAN_POINT('',(3.675,81.895,1.524));
#3176 = VECTOR('',#3177,1.);
#3177 = DIRECTION('',(1.,0.,0.));
#3178 = PLANE('',#3179);
#3179 = AXIS2_PLACEMENT_3D('',#3180,#3181,#3182);
#3180 = CARTESIAN_POINT('',(3.675,81.895,1.524));
#3181 = DIRECTION('',(0.,1.,0.));
#3182 = DIRECTION('',(1.,0.,0.));
#3183 = ADVANCED_FACE('',(#3184),#3209,.T.);
#3184 = FACE_BOUND('',#3185,.T.);
#3185 = EDGE_LOOP('',(#3186,#3187,#3195,#3203));
#3186 = ORIENTED_EDGE('',*,*,#3165,.T.);
#3187 = ORIENTED_EDGE('',*,*,#3188,.T.);
#3188 = EDGE_CURVE('',#3158,#3189,#3191,.T.);
#3189 = VERTEX_POINT('',#3190);
#3190 = CARTESIAN_POINT('',(4.375,114.095,1.559));
#3191 = LINE('',#3192,#3193);
#3192 = CARTESIAN_POINT('',(4.375,81.895,1.559));
#3193 = VECTOR('',#3194,1.);
#3194 = DIRECTION('',(0.,1.,0.));
#3195 = ORIENTED_EDGE('',*,*,#3196,.F.);
#3196 = EDGE_CURVE('',#3197,#3189,#3199,.T.);
#3197 = VERTEX_POINT('',#3198);
#3198 = CARTESIAN_POINT('',(4.375,114.095,1.524));
#3199 = LINE('',#3200,#3201);
#3200 = CARTESIAN_POINT('',(4.375,114.095,1.524));
#3201 = VECTOR('',#3202,1.);
#3202 = DIRECTION('',(0.,0.,1.));
#3203 = ORIENTED_EDGE('',*,*,#3204,.F.);
#3204 = EDGE_CURVE('',#3166,#3197,#3205,.T.);
#3205 = LINE('',#3206,#3207);
#3206 = CARTESIAN_POINT('',(4.375,81.895,1.524));
#3207 = VECTOR('',#3208,1.);
#3208 = DIRECTION('',(0.,1.,0.));
#3209 = PLANE('',#3210);
#3210 = AXIS2_PLACEMENT_3D('',#3211,#3212,#3213);
#3211 = CARTESIAN_POINT('',(4.375,81.895,1.524));
#3212 = DIRECTION('',(-1.,0.,0.));
#3213 = DIRECTION('',(0.,1.,0.));
#3214 = ADVANCED_FACE('',(#3215),#3240,.T.);
#3215 = FACE_BOUND('',#3216,.T.);
#3216 = EDGE_LOOP('',(#3217,#3218,#3226,#3234));
#3217 = ORIENTED_EDGE('',*,*,#3196,.T.);
#3218 = ORIENTED_EDGE('',*,*,#3219,.T.);
#3219 = EDGE_CURVE('',#3189,#3220,#3222,.T.);
#3220 = VERTEX_POINT('',#3221);
#3221 = CARTESIAN_POINT('',(5.25,114.095,1.559));
#3222 = LINE('',#3223,#3224);
#3223 = CARTESIAN_POINT('',(4.375,114.095,1.559));
#3224 = VECTOR('',#3225,1.);
#3225 = DIRECTION('',(1.,0.,0.));
#3226 = ORIENTED_EDGE('',*,*,#3227,.F.);
#3227 = EDGE_CURVE('',#3228,#3220,#3230,.T.);
#3228 = VERTEX_POINT('',#3229);
#3229 = CARTESIAN_POINT('',(5.25,114.095,1.524));
#3230 = LINE('',#3231,#3232);
#3231 = CARTESIAN_POINT('',(5.25,114.095,1.524));
#3232 = VECTOR('',#3233,1.);
#3233 = DIRECTION('',(0.,0.,1.));
#3234 = ORIENTED_EDGE('',*,*,#3235,.F.);
#3235 = EDGE_CURVE('',#3197,#3228,#3236,.T.);
#3236 = LINE('',#3237,#3238);
#3237 = CARTESIAN_POINT('',(4.375,114.095,1.524));
#3238 = VECTOR('',#3239,1.);
#3239 = DIRECTION('',(1.,0.,0.));
#3240 = PLANE('',#3241);
#3241 = AXIS2_PLACEMENT_3D('',#3242,#3243,#3244);
#3242 = CARTESIAN_POINT('',(4.375,114.095,1.524));
#3243 = DIRECTION('',(0.,1.,0.));
#3244 = DIRECTION('',(1.,0.,0.));
#3245 = ADVANCED_FACE('',(#3246),#3271,.T.);
#3246 = FACE_BOUND('',#3247,.T.);
#3247 = EDGE_LOOP('',(#3248,#3249,#3257,#3265));
#3248 = ORIENTED_EDGE('',*,*,#3227,.T.);
#3249 = ORIENTED_EDGE('',*,*,#3250,.T.);
#3250 = EDGE_CURVE('',#3220,#3251,#3253,.T.);
#3251 = VERTEX_POINT('',#3252);
#3252 = CARTESIAN_POINT('',(5.25,122.195,1.559));
#3253 = LINE('',#3254,#3255);
#3254 = CARTESIAN_POINT('',(5.25,114.095,1.559));
#3255 = VECTOR('',#3256,1.);
#3256 = DIRECTION('',(0.,1.,0.));
#3257 = ORIENTED_EDGE('',*,*,#3258,.F.);
#3258 = EDGE_CURVE('',#3259,#3251,#3261,.T.);
#3259 = VERTEX_POINT('',#3260);
#3260 = CARTESIAN_POINT('',(5.25,122.195,1.524));
#3261 = LINE('',#3262,#3263);
#3262 = CARTESIAN_POINT('',(5.25,122.195,1.524));
#3263 = VECTOR('',#3264,1.);
#3264 = DIRECTION('',(0.,0.,1.));
#3265 = ORIENTED_EDGE('',*,*,#3266,.F.);
#3266 = EDGE_CURVE('',#3228,#3259,#3267,.T.);
#3267 = LINE('',#3268,#3269);
#3268 = CARTESIAN_POINT('',(5.25,114.095,1.524));
#3269 = VECTOR('',#3270,1.);
#3270 = DIRECTION('',(0.,1.,0.));
#3271 = PLANE('',#3272);
#3272 = AXIS2_PLACEMENT_3D('',#3273,#3274,#3275);
#3273 = CARTESIAN_POINT('',(5.25,114.095,1.524));
#3274 = DIRECTION('',(-1.,0.,0.));
#3275 = DIRECTION('',(0.,1.,0.));
#3276 = ADVANCED_FACE('',(#3277),#3302,.T.);
#3277 = FACE_BOUND('',#3278,.T.);
#3278 = EDGE_LOOP('',(#3279,#3280,#3288,#3296));
#3279 = ORIENTED_EDGE('',*,*,#3258,.T.);
#3280 = ORIENTED_EDGE('',*,*,#3281,.T.);
#3281 = EDGE_CURVE('',#3251,#3282,#3284,.T.);
#3282 = VERTEX_POINT('',#3283);
#3283 = CARTESIAN_POINT('',(4.375,122.195,1.559));
#3284 = LINE('',#3285,#3286);
#3285 = CARTESIAN_POINT('',(5.25,122.195,1.559));
#3286 = VECTOR('',#3287,1.);
#3287 = DIRECTION('',(-1.,0.,0.));
#3288 = ORIENTED_EDGE('',*,*,#3289,.F.);
#3289 = EDGE_CURVE('',#3290,#3282,#3292,.T.);
#3290 = VERTEX_POINT('',#3291);
#3291 = CARTESIAN_POINT('',(4.375,122.195,1.524));
#3292 = LINE('',#3293,#3294);
#3293 = CARTESIAN_POINT('',(4.375,122.195,1.524));
#3294 = VECTOR('',#3295,1.);
#3295 = DIRECTION('',(0.,0.,1.));
#3296 = ORIENTED_EDGE('',*,*,#3297,.F.);
#3297 = EDGE_CURVE('',#3259,#3290,#3298,.T.);
#3298 = LINE('',#3299,#3300);
#3299 = CARTESIAN_POINT('',(5.25,122.195,1.524));
#3300 = VECTOR('',#3301,1.);
#3301 = DIRECTION('',(-1.,0.,0.));
#3302 = PLANE('',#3303);
#3303 = AXIS2_PLACEMENT_3D('',#3304,#3305,#3306);
#3304 = CARTESIAN_POINT('',(5.25,122.195,1.524));
#3305 = DIRECTION('',(0.,-1.,0.));
#3306 = DIRECTION('',(-1.,0.,0.));
#3307 = ADVANCED_FACE('',(#3308),#3333,.T.);
#3308 = FACE_BOUND('',#3309,.T.);
#3309 = EDGE_LOOP('',(#3310,#3311,#3319,#3327));
#3310 = ORIENTED_EDGE('',*,*,#3289,.T.);
#3311 = ORIENTED_EDGE('',*,*,#3312,.T.);
#3312 = EDGE_CURVE('',#3282,#3313,#3315,.T.);
#3313 = VERTEX_POINT('',#3314);
#3314 = CARTESIAN_POINT('',(4.375,138.595,1.559));
#3315 = LINE('',#3316,#3317);
#3316 = CARTESIAN_POINT('',(4.375,122.195,1.559));
#3317 = VECTOR('',#3318,1.);
#3318 = DIRECTION('',(0.,1.,0.));
#3319 = ORIENTED_EDGE('',*,*,#3320,.F.);
#3320 = EDGE_CURVE('',#3321,#3313,#3323,.T.);
#3321 = VERTEX_POINT('',#3322);
#3322 = CARTESIAN_POINT('',(4.375,138.595,1.524));
#3323 = LINE('',#3324,#3325);
#3324 = CARTESIAN_POINT('',(4.375,138.595,1.524));
#3325 = VECTOR('',#3326,1.);
#3326 = DIRECTION('',(0.,0.,1.));
#3327 = ORIENTED_EDGE('',*,*,#3328,.F.);
#3328 = EDGE_CURVE('',#3290,#3321,#3329,.T.);
#3329 = LINE('',#3330,#3331);
#3330 = CARTESIAN_POINT('',(4.375,122.195,1.524));
#3331 = VECTOR('',#3332,1.);
#3332 = DIRECTION('',(0.,1.,0.));
#3333 = PLANE('',#3334);
#3334 = AXIS2_PLACEMENT_3D('',#3335,#3336,#3337);
#3335 = CARTESIAN_POINT('',(4.375,122.195,1.524));
#3336 = DIRECTION('',(-1.,0.,0.));
#3337 = DIRECTION('',(0.,1.,0.));
#3338 = ADVANCED_FACE('',(#3339),#3364,.T.);
#3339 = FACE_BOUND('',#3340,.T.);
#3340 = EDGE_LOOP('',(#3341,#3342,#3350,#3358));
#3341 = ORIENTED_EDGE('',*,*,#3320,.T.);
#3342 = ORIENTED_EDGE('',*,*,#3343,.T.);
#3343 = EDGE_CURVE('',#3313,#3344,#3346,.T.);
#3344 = VERTEX_POINT('',#3345);
#3345 = CARTESIAN_POINT('',(5.25,138.595,1.559));
#3346 = LINE('',#3347,#3348);
#3347 = CARTESIAN_POINT('',(4.375,138.595,1.559));
#3348 = VECTOR('',#3349,1.);
#3349 = DIRECTION('',(1.,0.,0.));
#3350 = ORIENTED_EDGE('',*,*,#3351,.F.);
#3351 = EDGE_CURVE('',#3352,#3344,#3354,.T.);
#3352 = VERTEX_POINT('',#3353);
#3353 = CARTESIAN_POINT('',(5.25,138.595,1.524));
#3354 = LINE('',#3355,#3356);
#3355 = CARTESIAN_POINT('',(5.25,138.595,1.524));
#3356 = VECTOR('',#3357,1.);
#3357 = DIRECTION('',(0.,0.,1.));
#3358 = ORIENTED_EDGE('',*,*,#3359,.F.);
#3359 = EDGE_CURVE('',#3321,#3352,#3360,.T.);
#3360 = LINE('',#3361,#3362);
#3361 = CARTESIAN_POINT('',(4.375,138.595,1.524));
#3362 = VECTOR('',#3363,1.);
#3363 = DIRECTION('',(1.,0.,0.));
#3364 = PLANE('',#3365);
#3365 = AXIS2_PLACEMENT_3D('',#3366,#3367,#3368);
#3366 = CARTESIAN_POINT('',(4.375,138.595,1.524));
#3367 = DIRECTION('',(0.,1.,0.));
#3368 = DIRECTION('',(1.,0.,0.));
#3369 = ADVANCED_FACE('',(#3370),#3395,.T.);
#3370 = FACE_BOUND('',#3371,.T.);
#3371 = EDGE_LOOP('',(#3372,#3373,#3381,#3389));
#3372 = ORIENTED_EDGE('',*,*,#3351,.T.);
#3373 = ORIENTED_EDGE('',*,*,#3374,.T.);
#3374 = EDGE_CURVE('',#3344,#3375,#3377,.T.);
#3375 = VERTEX_POINT('',#3376);
#3376 = CARTESIAN_POINT('',(5.25,146.195,1.559));
#3377 = LINE('',#3378,#3379);
#3378 = CARTESIAN_POINT('',(5.25,138.595,1.559));
#3379 = VECTOR('',#3380,1.);
#3380 = DIRECTION('',(0.,1.,0.));
#3381 = ORIENTED_EDGE('',*,*,#3382,.F.);
#3382 = EDGE_CURVE('',#3383,#3375,#3385,.T.);
#3383 = VERTEX_POINT('',#3384);
#3384 = CARTESIAN_POINT('',(5.25,146.195,1.524));
#3385 = LINE('',#3386,#3387);
#3386 = CARTESIAN_POINT('',(5.25,146.195,1.524));
#3387 = VECTOR('',#3388,1.);
#3388 = DIRECTION('',(0.,0.,1.));
#3389 = ORIENTED_EDGE('',*,*,#3390,.F.);
#3390 = EDGE_CURVE('',#3352,#3383,#3391,.T.);
#3391 = LINE('',#3392,#3393);
#3392 = CARTESIAN_POINT('',(5.25,138.595,1.524));
#3393 = VECTOR('',#3394,1.);
#3394 = DIRECTION('',(0.,1.,0.));
#3395 = PLANE('',#3396);
#3396 = AXIS2_PLACEMENT_3D('',#3397,#3398,#3399);
#3397 = CARTESIAN_POINT('',(5.25,138.595,1.524));
#3398 = DIRECTION('',(-1.,0.,0.));
#3399 = DIRECTION('',(0.,1.,0.));
#3400 = ADVANCED_FACE('',(#3401),#3426,.T.);
#3401 = FACE_BOUND('',#3402,.T.);
#3402 = EDGE_LOOP('',(#3403,#3404,#3412,#3420));
#3403 = ORIENTED_EDGE('',*,*,#3382,.T.);
#3404 = ORIENTED_EDGE('',*,*,#3405,.T.);
#3405 = EDGE_CURVE('',#3375,#3406,#3408,.T.);
#3406 = VERTEX_POINT('',#3407);
#3407 = CARTESIAN_POINT('',(5.8,146.195,1.559));
#3408 = LINE('',#3409,#3410);
#3409 = CARTESIAN_POINT('',(5.25,146.195,1.559));
#3410 = VECTOR('',#3411,1.);
#3411 = DIRECTION('',(1.,0.,0.));
#3412 = ORIENTED_EDGE('',*,*,#3413,.F.);
#3413 = EDGE_CURVE('',#3414,#3406,#3416,.T.);
#3414 = VERTEX_POINT('',#3415);
#3415 = CARTESIAN_POINT('',(5.8,146.195,1.524));
#3416 = LINE('',#3417,#3418);
#3417 = CARTESIAN_POINT('',(5.8,146.195,1.524));
#3418 = VECTOR('',#3419,1.);
#3419 = DIRECTION('',(0.,0.,1.));
#3420 = ORIENTED_EDGE('',*,*,#3421,.F.);
#3421 = EDGE_CURVE('',#3383,#3414,#3422,.T.);
#3422 = LINE('',#3423,#3424);
#3423 = CARTESIAN_POINT('',(5.25,146.195,1.524));
#3424 = VECTOR('',#3425,1.);
#3425 = DIRECTION('',(1.,0.,0.));
#3426 = PLANE('',#3427);
#3427 = AXIS2_PLACEMENT_3D('',#3428,#3429,#3430);
#3428 = CARTESIAN_POINT('',(5.25,146.195,1.524));
#3429 = DIRECTION('',(0.,1.,0.));
#3430 = DIRECTION('',(1.,0.,0.));
#3431 = ADVANCED_FACE('',(#3432),#3457,.T.);
#3432 = FACE_BOUND('',#3433,.T.);
#3433 = EDGE_LOOP('',(#3434,#3435,#3443,#3451));
#3434 = ORIENTED_EDGE('',*,*,#3413,.T.);
#3435 = ORIENTED_EDGE('',*,*,#3436,.T.);
#3436 = EDGE_CURVE('',#3406,#3437,#3439,.T.);
#3437 = VERTEX_POINT('',#3438);
#3438 = CARTESIAN_POINT('',(6.8,147.195,1.559));
#3439 = LINE('',#3440,#3441);
#3440 = CARTESIAN_POINT('',(5.8,146.195,1.559));
#3441 = VECTOR('',#3442,1.);
#3442 = DIRECTION('',(0.707106781187,0.707106781187,0.));
#3443 = ORIENTED_EDGE('',*,*,#3444,.F.);
#3444 = EDGE_CURVE('',#3445,#3437,#3447,.T.);
#3445 = VERTEX_POINT('',#3446);
#3446 = CARTESIAN_POINT('',(6.8,147.195,1.524));
#3447 = LINE('',#3448,#3449);
#3448 = CARTESIAN_POINT('',(6.8,147.195,1.524));
#3449 = VECTOR('',#3450,1.);
#3450 = DIRECTION('',(0.,0.,1.));
#3451 = ORIENTED_EDGE('',*,*,#3452,.F.);
#3452 = EDGE_CURVE('',#3414,#3445,#3453,.T.);
#3453 = LINE('',#3454,#3455);
#3454 = CARTESIAN_POINT('',(5.8,146.195,1.524));
#3455 = VECTOR('',#3456,1.);
#3456 = DIRECTION('',(0.707106781187,0.707106781187,0.));
#3457 = PLANE('',#3458);
#3458 = AXIS2_PLACEMENT_3D('',#3459,#3460,#3461);
#3459 = CARTESIAN_POINT('',(5.8,146.195,1.524));
#3460 = DIRECTION('',(-0.707106781187,0.707106781187,0.));
#3461 = DIRECTION('',(0.707106781187,0.707106781187,0.));
#3462 = ADVANCED_FACE('',(#3463),#3488,.T.);
#3463 = FACE_BOUND('',#3464,.T.);
#3464 = EDGE_LOOP('',(#3465,#3466,#3474,#3482));
#3465 = ORIENTED_EDGE('',*,*,#3444,.T.);
#3466 = ORIENTED_EDGE('',*,*,#3467,.T.);
#3467 = EDGE_CURVE('',#3437,#3468,#3470,.T.);
#3468 = VERTEX_POINT('',#3469);
#3469 = CARTESIAN_POINT('',(24.5,147.195,1.559));
#3470 = LINE('',#3471,#3472);
#3471 = CARTESIAN_POINT('',(6.8,147.195,1.559));
#3472 = VECTOR('',#3473,1.);
#3473 = DIRECTION('',(1.,0.,0.));
#3474 = ORIENTED_EDGE('',*,*,#3475,.F.);
#3475 = EDGE_CURVE('',#3476,#3468,#3478,.T.);
#3476 = VERTEX_POINT('',#3477);
#3477 = CARTESIAN_POINT('',(24.5,147.195,1.524));
#3478 = LINE('',#3479,#3480);
#3479 = CARTESIAN_POINT('',(24.5,147.195,1.524));
#3480 = VECTOR('',#3481,1.);
#3481 = DIRECTION('',(0.,0.,1.));
#3482 = ORIENTED_EDGE('',*,*,#3483,.F.);
#3483 = EDGE_CURVE('',#3445,#3476,#3484,.T.);
#3484 = LINE('',#3485,#3486);
#3485 = CARTESIAN_POINT('',(6.8,147.195,1.524));
#3486 = VECTOR('',#3487,1.);
#3487 = DIRECTION('',(1.,0.,0.));
#3488 = PLANE('',#3489);
#3489 = AXIS2_PLACEMENT_3D('',#3490,#3491,#3492);
#3490 = CARTESIAN_POINT('',(6.8,147.195,1.524));
#3491 = DIRECTION('',(0.,1.,0.));
#3492 = DIRECTION('',(1.,0.,0.));
#3493 = ADVANCED_FACE('',(#3494),#3519,.T.);
#3494 = FACE_BOUND('',#3495,.T.);
#3495 = EDGE_LOOP('',(#3496,#3497,#3505,#3513));
#3496 = ORIENTED_EDGE('',*,*,#3475,.T.);
#3497 = ORIENTED_EDGE('',*,*,#3498,.T.);
#3498 = EDGE_CURVE('',#3468,#3499,#3501,.T.);
#3499 = VERTEX_POINT('',#3500);
#3500 = CARTESIAN_POINT('',(24.5,150.195,1.559));
#3501 = LINE('',#3502,#3503);
#3502 = CARTESIAN_POINT('',(24.5,147.195,1.559));
#3503 = VECTOR('',#3504,1.);
#3504 = DIRECTION('',(0.,1.,0.));
#3505 = ORIENTED_EDGE('',*,*,#3506,.F.);
#3506 = EDGE_CURVE('',#3507,#3499,#3509,.T.);
#3507 = VERTEX_POINT('',#3508);
#3508 = CARTESIAN_POINT('',(24.5,150.195,1.524));
#3509 = LINE('',#3510,#3511);
#3510 = CARTESIAN_POINT('',(24.5,150.195,1.524));
#3511 = VECTOR('',#3512,1.);
#3512 = DIRECTION('',(0.,0.,1.));
#3513 = ORIENTED_EDGE('',*,*,#3514,.F.);
#3514 = EDGE_CURVE('',#3476,#3507,#3515,.T.);
#3515 = LINE('',#3516,#3517);
#3516 = CARTESIAN_POINT('',(24.5,147.195,1.524));
#3517 = VECTOR('',#3518,1.);
#3518 = DIRECTION('',(0.,1.,0.));
#3519 = PLANE('',#3520);
#3520 = AXIS2_PLACEMENT_3D('',#3521,#3522,#3523);
#3521 = CARTESIAN_POINT('',(24.5,147.195,1.524));
#3522 = DIRECTION('',(-1.,0.,0.));
#3523 = DIRECTION('',(0.,1.,0.));
#3524 = ADVANCED_FACE('',(#3525),#3550,.T.);
#3525 = FACE_BOUND('',#3526,.T.);
#3526 = EDGE_LOOP('',(#3527,#3528,#3536,#3544));
#3527 = ORIENTED_EDGE('',*,*,#3506,.T.);
#3528 = ORIENTED_EDGE('',*,*,#3529,.T.);
#3529 = EDGE_CURVE('',#3499,#3530,#3532,.T.);
#3530 = VERTEX_POINT('',#3531);
#3531 = CARTESIAN_POINT('',(24.825,150.195,1.559));
#3532 = LINE('',#3533,#3534);
#3533 = CARTESIAN_POINT('',(24.5,150.195,1.559));
#3534 = VECTOR('',#3535,1.);
#3535 = DIRECTION('',(1.,0.,0.));
#3536 = ORIENTED_EDGE('',*,*,#3537,.F.);
#3537 = EDGE_CURVE('',#3538,#3530,#3540,.T.);
#3538 = VERTEX_POINT('',#3539);
#3539 = CARTESIAN_POINT('',(24.825,150.195,1.524));
#3540 = LINE('',#3541,#3542);
#3541 = CARTESIAN_POINT('',(24.825,150.195,1.524));
#3542 = VECTOR('',#3543,1.);
#3543 = DIRECTION('',(0.,0.,1.));
#3544 = ORIENTED_EDGE('',*,*,#3545,.F.);
#3545 = EDGE_CURVE('',#3507,#3538,#3546,.T.);
#3546 = LINE('',#3547,#3548);
#3547 = CARTESIAN_POINT('',(24.5,150.195,1.524));
#3548 = VECTOR('',#3549,1.);
#3549 = DIRECTION('',(1.,0.,0.));
#3550 = PLANE('',#3551);
#3551 = AXIS2_PLACEMENT_3D('',#3552,#3553,#3554);
#3552 = CARTESIAN_POINT('',(24.5,150.195,1.524));
#3553 = DIRECTION('',(0.,1.,0.));
#3554 = DIRECTION('',(1.,0.,0.));
#3555 = ADVANCED_FACE('',(#3556),#3581,.T.);
#3556 = FACE_BOUND('',#3557,.T.);
#3557 = EDGE_LOOP('',(#3558,#3559,#3567,#3575));
#3558 = ORIENTED_EDGE('',*,*,#3537,.T.);
#3559 = ORIENTED_EDGE('',*,*,#3560,.T.);
#3560 = EDGE_CURVE('',#3530,#3561,#3563,.T.);
#3561 = VERTEX_POINT('',#3562);
#3562 = CARTESIAN_POINT('',(24.825,159.095,1.559));
#3563 = LINE('',#3564,#3565);
#3564 = CARTESIAN_POINT('',(24.825,150.195,1.559));
#3565 = VECTOR('',#3566,1.);
#3566 = DIRECTION('',(0.,1.,0.));
#3567 = ORIENTED_EDGE('',*,*,#3568,.F.);
#3568 = EDGE_CURVE('',#3569,#3561,#3571,.T.);
#3569 = VERTEX_POINT('',#3570);
#3570 = CARTESIAN_POINT('',(24.825,159.095,1.524));
#3571 = LINE('',#3572,#3573);
#3572 = CARTESIAN_POINT('',(24.825,159.095,1.524));
#3573 = VECTOR('',#3574,1.);
#3574 = DIRECTION('',(0.,0.,1.));
#3575 = ORIENTED_EDGE('',*,*,#3576,.F.);
#3576 = EDGE_CURVE('',#3538,#3569,#3577,.T.);
#3577 = LINE('',#3578,#3579);
#3578 = CARTESIAN_POINT('',(24.825,150.195,1.524));
#3579 = VECTOR('',#3580,1.);
#3580 = DIRECTION('',(0.,1.,0.));
#3581 = PLANE('',#3582);
#3582 = AXIS2_PLACEMENT_3D('',#3583,#3584,#3585);
#3583 = CARTESIAN_POINT('',(24.825,150.195,1.524));
#3584 = DIRECTION('',(-1.,0.,0.));
#3585 = DIRECTION('',(0.,1.,0.));
#3586 = ADVANCED_FACE('',(#3587),#3603,.T.);
#3587 = FACE_BOUND('',#3588,.T.);
#3588 = EDGE_LOOP('',(#3589,#3590,#3596,#3597));
#3589 = ORIENTED_EDGE('',*,*,#3568,.T.);
#3590 = ORIENTED_EDGE('',*,*,#3591,.T.);
#3591 = EDGE_CURVE('',#3561,#50,#3592,.T.);
#3592 = LINE('',#3593,#3594);
#3593 = CARTESIAN_POINT('',(24.825,159.095,1.559));
#3594 = VECTOR('',#3595,1.);
#3595 = DIRECTION('',(-1.,0.,0.));
#3596 = ORIENTED_EDGE('',*,*,#47,.F.);
#3597 = ORIENTED_EDGE('',*,*,#3598,.F.);
#3598 = EDGE_CURVE('',#3569,#48,#3599,.T.);
#3599 = LINE('',#3600,#3601);
#3600 = CARTESIAN_POINT('',(24.825,159.095,1.524));
#3601 = VECTOR('',#3602,1.);
#3602 = DIRECTION('',(-1.,0.,0.));
#3603 = PLANE('',#3604);
#3604 = AXIS2_PLACEMENT_3D('',#3605,#3606,#3607);
#3605 = CARTESIAN_POINT('',(24.825,159.095,1.524));
#3606 = DIRECTION('',(0.,-1.,0.));
#3607 = DIRECTION('',(-1.,0.,0.));
#3608 = ADVANCED_FACE('',(#3609),#3726,.F.);
#3609 = FACE_BOUND('',#3610,.T.);
#3610 = EDGE_LOOP('',(#3611,#3612,#3613,#3614,#3615,#3616,#3617,#3618,
    #3619,#3620,#3621,#3622,#3623,#3624,#3625,#3626,#3627,#3628,#3629,
    #3630,#3631,#3632,#3633,#3634,#3635,#3636,#3637,#3638,#3639,#3640,
    #3641,#3642,#3643,#3644,#3645,#3646,#3647,#3648,#3649,#3650,#3651,
    #3652,#3653,#3654,#3655,#3656,#3657,#3658,#3659,#3660,#3661,#3662,
    #3663,#3664,#3665,#3666,#3667,#3668,#3669,#3670,#3671,#3672,#3673,
    #3674,#3675,#3676,#3677,#3678,#3679,#3680,#3681,#3682,#3683,#3684,
    #3685,#3686,#3687,#3688,#3689,#3690,#3691,#3692,#3693,#3694,#3695,
    #3696,#3697,#3698,#3699,#3700,#3701,#3702,#3703,#3704,#3705,#3706,
    #3707,#3708,#3709,#3710,#3711,#3712,#3713,#3714,#3715,#3716,#3717,
    #3718,#3719,#3720,#3721,#3722,#3723,#3724,#3725));
#3611 = ORIENTED_EDGE('',*,*,#73,.T.);
#3612 = ORIENTED_EDGE('',*,*,#104,.T.);
#3613 = ORIENTED_EDGE('',*,*,#135,.T.);
#3614 = ORIENTED_EDGE('',*,*,#166,.T.);
#3615 = ORIENTED_EDGE('',*,*,#197,.T.);
#3616 = ORIENTED_EDGE('',*,*,#228,.T.);
#3617 = ORIENTED_EDGE('',*,*,#259,.T.);
#3618 = ORIENTED_EDGE('',*,*,#290,.T.);
#3619 = ORIENTED_EDGE('',*,*,#321,.T.);
#3620 = ORIENTED_EDGE('',*,*,#352,.T.);
#3621 = ORIENTED_EDGE('',*,*,#383,.T.);
#3622 = ORIENTED_EDGE('',*,*,#414,.T.);
#3623 = ORIENTED_EDGE('',*,*,#445,.T.);
#3624 = ORIENTED_EDGE('',*,*,#476,.T.);
#3625 = ORIENTED_EDGE('',*,*,#507,.T.);
#3626 = ORIENTED_EDGE('',*,*,#538,.T.);
#3627 = ORIENTED_EDGE('',*,*,#569,.T.);
#3628 = ORIENTED_EDGE('',*,*,#600,.T.);
#3629 = ORIENTED_EDGE('',*,*,#631,.T.);
#3630 = ORIENTED_EDGE('',*,*,#662,.T.);
#3631 = ORIENTED_EDGE('',*,*,#693,.T.);
#3632 = ORIENTED_EDGE('',*,*,#724,.T.);
#3633 = ORIENTED_EDGE('',*,*,#755,.T.);
#3634 = ORIENTED_EDGE('',*,*,#786,.T.);
#3635 = ORIENTED_EDGE('',*,*,#817,.T.);
#3636 = ORIENTED_EDGE('',*,*,#848,.T.);
#3637 = ORIENTED_EDGE('',*,*,#879,.T.);
#3638 = ORIENTED_EDGE('',*,*,#910,.T.);
#3639 = ORIENTED_EDGE('',*,*,#941,.T.);
#3640 = ORIENTED_EDGE('',*,*,#972,.T.);
#3641 = ORIENTED_EDGE('',*,*,#1003,.T.);
#3642 = ORIENTED_EDGE('',*,*,#1034,.T.);
#3643 = ORIENTED_EDGE('',*,*,#1065,.T.);
#3644 = ORIENTED_EDGE('',*,*,#1096,.T.);
#3645 = ORIENTED_EDGE('',*,*,#1127,.T.);
#3646 = ORIENTED_EDGE('',*,*,#1158,.T.);
#3647 = ORIENTED_EDGE('',*,*,#1189,.T.);
#3648 = ORIENTED_EDGE('',*,*,#1220,.T.);
#3649 = ORIENTED_EDGE('',*,*,#1251,.T.);
#3650 = ORIENTED_EDGE('',*,*,#1282,.T.);
#3651 = ORIENTED_EDGE('',*,*,#1313,.T.);
#3652 = ORIENTED_EDGE('',*,*,#1344,.T.);
#3653 = ORIENTED_EDGE('',*,*,#1375,.T.);
#3654 = ORIENTED_EDGE('',*,*,#1406,.T.);
#3655 = ORIENTED_EDGE('',*,*,#1437,.T.);
#3656 = ORIENTED_EDGE('',*,*,#1468,.T.);
#3657 = ORIENTED_EDGE('',*,*,#1499,.T.);
#3658 = ORIENTED_EDGE('',*,*,#1530,.T.);
#3659 = ORIENTED_EDGE('',*,*,#1561,.T.);
#3660 = ORIENTED_EDGE('',*,*,#1592,.T.);
#3661 = ORIENTED_EDGE('',*,*,#1623,.T.);
#3662 = ORIENTED_EDGE('',*,*,#1654,.T.);
#3663 = ORIENTED_EDGE('',*,*,#1685,.T.);
#3664 = ORIENTED_EDGE('',*,*,#1716,.T.);
#3665 = ORIENTED_EDGE('',*,*,#1747,.T.);
#3666 = ORIENTED_EDGE('',*,*,#1778,.T.);
#3667 = ORIENTED_EDGE('',*,*,#1809,.T.);
#3668 = ORIENTED_EDGE('',*,*,#1840,.T.);
#3669 = ORIENTED_EDGE('',*,*,#1871,.T.);
#3670 = ORIENTED_EDGE('',*,*,#1902,.T.);
#3671 = ORIENTED_EDGE('',*,*,#1933,.T.);
#3672 = ORIENTED_EDGE('',*,*,#1964,.T.);
#3673 = ORIENTED_EDGE('',*,*,#1995,.T.);
#3674 = ORIENTED_EDGE('',*,*,#2026,.T.);
#3675 = ORIENTED_EDGE('',*,*,#2057,.T.);
#3676 = ORIENTED_EDGE('',*,*,#2088,.T.);
#3677 = ORIENTED_EDGE('',*,*,#2119,.T.);
#3678 = ORIENTED_EDGE('',*,*,#2150,.T.);
#3679 = ORIENTED_EDGE('',*,*,#2181,.T.);
#3680 = ORIENTED_EDGE('',*,*,#2212,.T.);
#3681 = ORIENTED_EDGE('',*,*,#2243,.T.);
#3682 = ORIENTED_EDGE('',*,*,#2274,.T.);
#3683 = ORIENTED_EDGE('',*,*,#2305,.T.);
#3684 = ORIENTED_EDGE('',*,*,#2336,.T.);
#3685 = ORIENTED_EDGE('',*,*,#2367,.T.);
#3686 = ORIENTED_EDGE('',*,*,#2398,.T.);
#3687 = ORIENTED_EDGE('',*,*,#2429,.T.);
#3688 = ORIENTED_EDGE('',*,*,#2460,.T.);
#3689 = ORIENTED_EDGE('',*,*,#2491,.T.);
#3690 = ORIENTED_EDGE('',*,*,#2522,.T.);
#3691 = ORIENTED_EDGE('',*,*,#2553,.T.);
#3692 = ORIENTED_EDGE('',*,*,#2584,.T.);
#3693 = ORIENTED_EDGE('',*,*,#2615,.T.);
#3694 = ORIENTED_EDGE('',*,*,#2646,.T.);
#3695 = ORIENTED_EDGE('',*,*,#2677,.T.);
#3696 = ORIENTED_EDGE('',*,*,#2708,.T.);
#3697 = ORIENTED_EDGE('',*,*,#2739,.T.);
#3698 = ORIENTED_EDGE('',*,*,#2770,.T.);
#3699 = ORIENTED_EDGE('',*,*,#2801,.T.);
#3700 = ORIENTED_EDGE('',*,*,#2832,.T.);
#3701 = ORIENTED_EDGE('',*,*,#2863,.T.);
#3702 = ORIENTED_EDGE('',*,*,#2894,.T.);
#3703 = ORIENTED_EDGE('',*,*,#2925,.T.);
#3704 = ORIENTED_EDGE('',*,*,#2956,.T.);
#3705 = ORIENTED_EDGE('',*,*,#2987,.T.);
#3706 = ORIENTED_EDGE('',*,*,#3018,.T.);
#3707 = ORIENTED_EDGE('',*,*,#3049,.T.);
#3708 = ORIENTED_EDGE('',*,*,#3080,.T.);
#3709 = ORIENTED_EDGE('',*,*,#3111,.T.);
#3710 = ORIENTED_EDGE('',*,*,#3142,.T.);
#3711 = ORIENTED_EDGE('',*,*,#3173,.T.);
#3712 = ORIENTED_EDGE('',*,*,#3204,.T.);
#3713 = ORIENTED_EDGE('',*,*,#3235,.T.);
#3714 = ORIENTED_EDGE('',*,*,#3266,.T.);
#3715 = ORIENTED_EDGE('',*,*,#3297,.T.);
#3716 = ORIENTED_EDGE('',*,*,#3328,.T.);
#3717 = ORIENTED_EDGE('',*,*,#3359,.T.);
#3718 = ORIENTED_EDGE('',*,*,#3390,.T.);
#3719 = ORIENTED_EDGE('',*,*,#3421,.T.);
#3720 = ORIENTED_EDGE('',*,*,#3452,.T.);
#3721 = ORIENTED_EDGE('',*,*,#3483,.T.);
#3722 = ORIENTED_EDGE('',*,*,#3514,.T.);
#3723 = ORIENTED_EDGE('',*,*,#3545,.T.);
#3724 = ORIENTED_EDGE('',*,*,#3576,.T.);
#3725 = ORIENTED_EDGE('',*,*,#3598,.T.);
#3726 = PLANE('',#3727);
#3727 = AXIS2_PLACEMENT_3D('',#3728,#3729,#3730);
#3728 = CARTESIAN_POINT('',(0.,0.,1.524));
#3729 = DIRECTION('',(0.,0.,1.));
#3730 = DIRECTION('',(1.,0.,-0.));
#3731 = ADVANCED_FACE('',(#3732),#3849,.T.);
#3732 = FACE_BOUND('',#3733,.F.);
#3733 = EDGE_LOOP('',(#3734,#3735,#3736,#3737,#3738,#3739,#3740,#3741,
    #3742,#3743,#3744,#3745,#3746,#3747,#3748,#3749,#3750,#3751,#3752,
    #3753,#3754,#3755,#3756,#3757,#3758,#3759,#3760,#3761,#3762,#3763,
    #3764,#3765,#3766,#3767,#3768,#3769,#3770,#3771,#3772,#3773,#3774,
    #3775,#3776,#3777,#3778,#3779,#3780,#3781,#3782,#3783,#3784,#3785,
    #3786,#3787,#3788,#3789,#3790,#3791,#3792,#3793,#3794,#3795,#3796,
    #3797,#3798,#3799,#3800,#3801,#3802,#3803,#3804,#3805,#3806,#3807,
    #3808,#3809,#3810,#3811,#3812,#3813,#3814,#3815,#3816,#3817,#3818,
    #3819,#3820,#3821,#3822,#3823,#3824,#3825,#3826,#3827,#3828,#3829,
    #3830,#3831,#3832,#3833,#3834,#3835,#3836,#3837,#3838,#3839,#3840,
    #3841,#3842,#3843,#3844,#3845,#3846,#3847,#3848));
#3734 = ORIENTED_EDGE('',*,*,#57,.T.);
#3735 = ORIENTED_EDGE('',*,*,#88,.T.);
#3736 = ORIENTED_EDGE('',*,*,#119,.T.);
#3737 = ORIENTED_EDGE('',*,*,#150,.T.);
#3738 = ORIENTED_EDGE('',*,*,#181,.T.);
#3739 = ORIENTED_EDGE('',*,*,#212,.T.);
#3740 = ORIENTED_EDGE('',*,*,#243,.T.);
#3741 = ORIENTED_EDGE('',*,*,#274,.T.);
#3742 = ORIENTED_EDGE('',*,*,#305,.T.);
#3743 = ORIENTED_EDGE('',*,*,#336,.T.);
#3744 = ORIENTED_EDGE('',*,*,#367,.T.);
#3745 = ORIENTED_EDGE('',*,*,#398,.T.);
#3746 = ORIENTED_EDGE('',*,*,#429,.T.);
#3747 = ORIENTED_EDGE('',*,*,#460,.T.);
#3748 = ORIENTED_EDGE('',*,*,#491,.T.);
#3749 = ORIENTED_EDGE('',*,*,#522,.T.);
#3750 = ORIENTED_EDGE('',*,*,#553,.T.);
#3751 = ORIENTED_EDGE('',*,*,#584,.T.);
#3752 = ORIENTED_EDGE('',*,*,#615,.T.);
#3753 = ORIENTED_EDGE('',*,*,#646,.T.);
#3754 = ORIENTED_EDGE('',*,*,#677,.T.);
#3755 = ORIENTED_EDGE('',*,*,#708,.T.);
#3756 = ORIENTED_EDGE('',*,*,#739,.T.);
#3757 = ORIENTED_EDGE('',*,*,#770,.T.);
#3758 = ORIENTED_EDGE('',*,*,#801,.T.);
#3759 = ORIENTED_EDGE('',*,*,#832,.T.);
#3760 = ORIENTED_EDGE('',*,*,#863,.T.);
#3761 = ORIENTED_EDGE('',*,*,#894,.T.);
#3762 = ORIENTED_EDGE('',*,*,#925,.T.);
#3763 = ORIENTED_EDGE('',*,*,#956,.T.);
#3764 = ORIENTED_EDGE('',*,*,#987,.T.);
#3765 = ORIENTED_EDGE('',*,*,#1018,.T.);
#3766 = ORIENTED_EDGE('',*,*,#1049,.T.);
#3767 = ORIENTED_EDGE('',*,*,#1080,.T.);
#3768 = ORIENTED_EDGE('',*,*,#1111,.T.);
#3769 = ORIENTED_EDGE('',*,*,#1142,.T.);
#3770 = ORIENTED_EDGE('',*,*,#1173,.T.);
#3771 = ORIENTED_EDGE('',*,*,#1204,.T.);
#3772 = ORIENTED_EDGE('',*,*,#1235,.T.);
#3773 = ORIENTED_EDGE('',*,*,#1266,.T.);
#3774 = ORIENTED_EDGE('',*,*,#1297,.T.);
#3775 = ORIENTED_EDGE('',*,*,#1328,.T.);
#3776 = ORIENTED_EDGE('',*,*,#1359,.T.);
#3777 = ORIENTED_EDGE('',*,*,#1390,.T.);
#3778 = ORIENTED_EDGE('',*,*,#1421,.T.);
#3779 = ORIENTED_EDGE('',*,*,#1452,.T.);
#3780 = ORIENTED_EDGE('',*,*,#1483,.T.);
#3781 = ORIENTED_EDGE('',*,*,#1514,.T.);
#3782 = ORIENTED_EDGE('',*,*,#1545,.T.);
#3783 = ORIENTED_EDGE('',*,*,#1576,.T.);
#3784 = ORIENTED_EDGE('',*,*,#1607,.T.);
#3785 = ORIENTED_EDGE('',*,*,#1638,.T.);
#3786 = ORIENTED_EDGE('',*,*,#1669,.T.);
#3787 = ORIENTED_EDGE('',*,*,#1700,.T.);
#3788 = ORIENTED_EDGE('',*,*,#1731,.T.);
#3789 = ORIENTED_EDGE('',*,*,#1762,.T.);
#3790 = ORIENTED_EDGE('',*,*,#1793,.T.);
#3791 = ORIENTED_EDGE('',*,*,#1824,.T.);
#3792 = ORIENTED_EDGE('',*,*,#1855,.T.);
#3793 = ORIENTED_EDGE('',*,*,#1886,.T.);
#3794 = ORIENTED_EDGE('',*,*,#1917,.T.);
#3795 = ORIENTED_EDGE('',*,*,#1948,.T.);
#3796 = ORIENTED_EDGE('',*,*,#1979,.T.);
#3797 = ORIENTED_EDGE('',*,*,#2010,.T.);
#3798 = ORIENTED_EDGE('',*,*,#2041,.T.);
#3799 = ORIENTED_EDGE('',*,*,#2072,.T.);
#3800 = ORIENTED_EDGE('',*,*,#2103,.T.);
#3801 = ORIENTED_EDGE('',*,*,#2134,.T.);
#3802 = ORIENTED_EDGE('',*,*,#2165,.T.);
#3803 = ORIENTED_EDGE('',*,*,#2196,.T.);
#3804 = ORIENTED_EDGE('',*,*,#2227,.T.);
#3805 = ORIENTED_EDGE('',*,*,#2258,.T.);
#3806 = ORIENTED_EDGE('',*,*,#2289,.T.);
#3807 = ORIENTED_EDGE('',*,*,#2320,.T.);
#3808 = ORIENTED_EDGE('',*,*,#2351,.T.);
#3809 = ORIENTED_EDGE('',*,*,#2382,.T.);
#3810 = ORIENTED_EDGE('',*,*,#2413,.T.);
#3811 = ORIENTED_EDGE('',*,*,#2444,.T.);
#3812 = ORIENTED_EDGE('',*,*,#2475,.T.);
#3813 = ORIENTED_EDGE('',*,*,#2506,.T.);
#3814 = ORIENTED_EDGE('',*,*,#2537,.T.);
#3815 = ORIENTED_EDGE('',*,*,#2568,.T.);
#3816 = ORIENTED_EDGE('',*,*,#2599,.T.);
#3817 = ORIENTED_EDGE('',*,*,#2630,.T.);
#3818 = ORIENTED_EDGE('',*,*,#2661,.T.);
#3819 = ORIENTED_EDGE('',*,*,#2692,.T.);
#3820 = ORIENTED_EDGE('',*,*,#2723,.T.);
#3821 = ORIENTED_EDGE('',*,*,#2754,.T.);
#3822 = ORIENTED_EDGE('',*,*,#2785,.T.);
#3823 = ORIENTED_EDGE('',*,*,#2816,.T.);
#3824 = ORIENTED_EDGE('',*,*,#2847,.T.);
#3825 = ORIENTED_EDGE('',*,*,#2878,.T.);
#3826 = ORIENTED_EDGE('',*,*,#2909,.T.);
#3827 = ORIENTED_EDGE('',*,*,#2940,.T.);
#3828 = ORIENTED_EDGE('',*,*,#2971,.T.);
#3829 = ORIENTED_EDGE('',*,*,#3002,.T.);
#3830 = ORIENTED_EDGE('',*,*,#3033,.T.);
#3831 = ORIENTED_EDGE('',*,*,#3064,.T.);
#3832 = ORIENTED_EDGE('',*,*,#3095,.T.);
#3833 = ORIENTED_EDGE('',*,*,#3126,.T.);
#3834 = ORIENTED_EDGE('',*,*,#3157,.T.);
#3835 = ORIENTED_EDGE('',*,*,#3188,.T.);
#3836 = ORIENTED_EDGE('',*,*,#3219,.T.);
#3837 = ORIENTED_EDGE('',*,*,#3250,.T.);
#3838 = ORIENTED_EDGE('',*,*,#3281,.T.);
#3839 = ORIENTED_EDGE('',*,*,#3312,.T.);
#3840 = ORIENTED_EDGE('',*,*,#3343,.T.);
#3841 = ORIENTED_EDGE('',*,*,#3374,.T.);
#3842 = ORIENTED_EDGE('',*,*,#3405,.T.);
#3843 = ORIENTED_EDGE('',*,*,#3436,.T.);
#3844 = ORIENTED_EDGE('',*,*,#3467,.T.);
#3845 = ORIENTED_EDGE('',*,*,#3498,.T.);
#3846 = ORIENTED_EDGE('',*,*,#3529,.T.);
#3847 = ORIENTED_EDGE('',*,*,#3560,.T.);
#3848 = ORIENTED_EDGE('',*,*,#3591,.T.);
#3849 = PLANE('',#3850);
#3850 = AXIS2_PLACEMENT_3D('',#3851,#3852,#3853);
#3851 = CARTESIAN_POINT('',(0.,0.,1.559));
#3852 = DIRECTION('',(0.,0.,1.));
#3853 = DIRECTION('',(1.,0.,-0.));
#3854 = MANIFOLD_SOLID_BREP('',#3855);
#3855 = CLOSED_SHELL('',(#3856,#3896,#3927,#3958,#3980,#3992));
#3856 = ADVANCED_FACE('',(#3857),#3891,.F.);
#3857 = FACE_BOUND('',#3858,.F.);
#3858 = EDGE_LOOP('',(#3859,#3869,#3877,#3885));
#3859 = ORIENTED_EDGE('',*,*,#3860,.T.);
#3860 = EDGE_CURVE('',#3861,#3863,#3865,.T.);
#3861 = VERTEX_POINT('',#3862);
#3862 = CARTESIAN_POINT('',(0.,-0.,0.));
#3863 = VERTEX_POINT('',#3864);
#3864 = CARTESIAN_POINT('',(0.,0.,-3.5E-02));
#3865 = LINE('',#3866,#3867);
#3866 = CARTESIAN_POINT('',(0.,-0.,0.));
#3867 = VECTOR('',#3868,1.);
#3868 = DIRECTION('',(0.,0.,-1.));
#3869 = ORIENTED_EDGE('',*,*,#3870,.T.);
#3870 = EDGE_CURVE('',#3863,#3871,#3873,.T.);
#3871 = VERTEX_POINT('',#3872);
#3872 = CARTESIAN_POINT('',(0.,180.,-3.5E-02));
#3873 = LINE('',#3874,#3875);
#3874 = CARTESIAN_POINT('',(0.,0.,-3.5E-02));
#3875 = VECTOR('',#3876,1.);
#3876 = DIRECTION('',(0.,1.,0.));
#3877 = ORIENTED_EDGE('',*,*,#3878,.F.);
#3878 = EDGE_CURVE('',#3879,#3871,#3881,.T.);
#3879 = VERTEX_POINT('',#3880);
#3880 = CARTESIAN_POINT('',(0.,180.,0.));
#3881 = LINE('',#3882,#3883);
#3882 = CARTESIAN_POINT('',(0.,180.,0.));
#3883 = VECTOR('',#3884,1.);
#3884 = DIRECTION('',(0.,0.,-1.));
#3885 = ORIENTED_EDGE('',*,*,#3886,.F.);
#3886 = EDGE_CURVE('',#3861,#3879,#3887,.T.);
#3887 = LINE('',#3888,#3889);
#3888 = CARTESIAN_POINT('',(0.,-0.,0.));
#3889 = VECTOR('',#3890,1.);
#3890 = DIRECTION('',(0.,1.,0.));
#3891 = PLANE('',#3892);
#3892 = AXIS2_PLACEMENT_3D('',#3893,#3894,#3895);
#3893 = CARTESIAN_POINT('',(0.,0.,0.));
#3894 = DIRECTION('',(1.,-0.,0.));
#3895 = DIRECTION('',(0.,1.,0.));
#3896 = ADVANCED_FACE('',(#3897),#3922,.F.);
#3897 = FACE_BOUND('',#3898,.F.);
#3898 = EDGE_LOOP('',(#3899,#3900,#3908,#3916));
#3899 = ORIENTED_EDGE('',*,*,#3878,.T.);
#3900 = ORIENTED_EDGE('',*,*,#3901,.T.);
#3901 = EDGE_CURVE('',#3871,#3902,#3904,.T.);
#3902 = VERTEX_POINT('',#3903);
#3903 = CARTESIAN_POINT('',(38.,180.,-3.5E-02));
#3904 = LINE('',#3905,#3906);
#3905 = CARTESIAN_POINT('',(0.,180.,-3.5E-02));
#3906 = VECTOR('',#3907,1.);
#3907 = DIRECTION('',(1.,0.,0.));
#3908 = ORIENTED_EDGE('',*,*,#3909,.F.);
#3909 = EDGE_CURVE('',#3910,#3902,#3912,.T.);
#3910 = VERTEX_POINT('',#3911);
#3911 = CARTESIAN_POINT('',(38.,180.,0.));
#3912 = LINE('',#3913,#3914);
#3913 = CARTESIAN_POINT('',(38.,180.,0.));
#3914 = VECTOR('',#3915,1.);
#3915 = DIRECTION('',(0.,0.,-1.));
#3916 = ORIENTED_EDGE('',*,*,#3917,.F.);
#3917 = EDGE_CURVE('',#3879,#3910,#3918,.T.);
#3918 = LINE('',#3919,#3920);
#3919 = CARTESIAN_POINT('',(0.,180.,0.));
#3920 = VECTOR('',#3921,1.);
#3921 = DIRECTION('',(1.,0.,0.));
#3922 = PLANE('',#3923);
#3923 = AXIS2_PLACEMENT_3D('',#3924,#3925,#3926);
#3924 = CARTESIAN_POINT('',(0.,180.,0.));
#3925 = DIRECTION('',(0.,-1.,0.));
#3926 = DIRECTION('',(1.,0.,0.));
#3927 = ADVANCED_FACE('',(#3928),#3953,.F.);
#3928 = FACE_BOUND('',#3929,.F.);
#3929 = EDGE_LOOP('',(#3930,#3931,#3939,#3947));
#3930 = ORIENTED_EDGE('',*,*,#3909,.T.);
#3931 = ORIENTED_EDGE('',*,*,#3932,.T.);
#3932 = EDGE_CURVE('',#3902,#3933,#3935,.T.);
#3933 = VERTEX_POINT('',#3934);
#3934 = CARTESIAN_POINT('',(38.,0.,-3.5E-02));
#3935 = LINE('',#3936,#3937);
#3936 = CARTESIAN_POINT('',(38.,180.,-3.5E-02));
#3937 = VECTOR('',#3938,1.);
#3938 = DIRECTION('',(0.,-1.,0.));
#3939 = ORIENTED_EDGE('',*,*,#3940,.F.);
#3940 = EDGE_CURVE('',#3941,#3933,#3943,.T.);
#3941 = VERTEX_POINT('',#3942);
#3942 = CARTESIAN_POINT('',(38.,-0.,0.));
#3943 = LINE('',#3944,#3945);
#3944 = CARTESIAN_POINT('',(38.,-0.,0.));
#3945 = VECTOR('',#3946,1.);
#3946 = DIRECTION('',(0.,0.,-1.));
#3947 = ORIENTED_EDGE('',*,*,#3948,.F.);
#3948 = EDGE_CURVE('',#3910,#3941,#3949,.T.);
#3949 = LINE('',#3950,#3951);
#3950 = CARTESIAN_POINT('',(38.,180.,0.));
#3951 = VECTOR('',#3952,1.);
#3952 = DIRECTION('',(0.,-1.,0.));
#3953 = PLANE('',#3954);
#3954 = AXIS2_PLACEMENT_3D('',#3955,#3956,#3957);
#3955 = CARTESIAN_POINT('',(38.,180.,0.));
#3956 = DIRECTION('',(-1.,-0.,-0.));
#3957 = DIRECTION('',(0.,-1.,0.));
#3958 = ADVANCED_FACE('',(#3959),#3975,.F.);
#3959 = FACE_BOUND('',#3960,.F.);
#3960 = EDGE_LOOP('',(#3961,#3962,#3968,#3969));
#3961 = ORIENTED_EDGE('',*,*,#3940,.T.);
#3962 = ORIENTED_EDGE('',*,*,#3963,.T.);
#3963 = EDGE_CURVE('',#3933,#3863,#3964,.T.);
#3964 = LINE('',#3965,#3966);
#3965 = CARTESIAN_POINT('',(38.,0.,-3.5E-02));
#3966 = VECTOR('',#3967,1.);
#3967 = DIRECTION('',(-1.,0.,0.));
#3968 = ORIENTED_EDGE('',*,*,#3860,.F.);
#3969 = ORIENTED_EDGE('',*,*,#3970,.F.);
#3970 = EDGE_CURVE('',#3941,#3861,#3971,.T.);
#3971 = LINE('',#3972,#3973);
#3972 = CARTESIAN_POINT('',(38.,-0.,0.));
#3973 = VECTOR('',#3974,1.);
#3974 = DIRECTION('',(-1.,0.,0.));
#3975 = PLANE('',#3976);
#3976 = AXIS2_PLACEMENT_3D('',#3977,#3978,#3979);
#3977 = CARTESIAN_POINT('',(38.,0.,0.));
#3978 = DIRECTION('',(0.,1.,0.));
#3979 = DIRECTION('',(-1.,0.,0.));
#3980 = ADVANCED_FACE('',(#3981),#3987,.F.);
#3981 = FACE_BOUND('',#3982,.F.);
#3982 = EDGE_LOOP('',(#3983,#3984,#3985,#3986));
#3983 = ORIENTED_EDGE('',*,*,#3886,.T.);
#3984 = ORIENTED_EDGE('',*,*,#3917,.T.);
#3985 = ORIENTED_EDGE('',*,*,#3948,.T.);
#3986 = ORIENTED_EDGE('',*,*,#3970,.T.);
#3987 = PLANE('',#3988);
#3988 = AXIS2_PLACEMENT_3D('',#3989,#3990,#3991);
#3989 = CARTESIAN_POINT('',(0.,0.,0.));
#3990 = DIRECTION('',(-0.,-0.,-1.));
#3991 = DIRECTION('',(-1.,0.,0.));
#3992 = ADVANCED_FACE('',(#3993),#3999,.T.);
#3993 = FACE_BOUND('',#3994,.T.);
#3994 = EDGE_LOOP('',(#3995,#3996,#3997,#3998));
#3995 = ORIENTED_EDGE('',*,*,#3870,.T.);
#3996 = ORIENTED_EDGE('',*,*,#3901,.T.);
#3997 = ORIENTED_EDGE('',*,*,#3932,.T.);
#3998 = ORIENTED_EDGE('',*,*,#3963,.T.);
#3999 = PLANE('',#4000);
#4000 = AXIS2_PLACEMENT_3D('',#4001,#4002,#4003);
#4001 = CARTESIAN_POINT('',(0.,0.,-3.5E-02));
#4002 = DIRECTION('',(-0.,-0.,-1.));
#4003 = DIRECTION('',(-1.,0.,0.));
#4004 = ( GEOMETRIC_REPRESENTATION_CONTEXT(3) 
GLOBAL_UNCERTAINTY_ASSIGNED_CONTEXT((#4008)) 
GLOBAL_UNIT_ASSIGNED_CONTEXT((#4005,#4006,#4007)) REPRESENTATION_CONTEXT
('Context #1','3D Context with UNIT and UNCERTAINTY') );
#4005 = ( LENGTH_UNIT() NAMED_UNIT(*) SI_UNIT(.MILLI.,.METRE.) );
#4006 = ( NAMED_UNIT(*) PLANE_ANGLE_UNIT() SI_UNIT($,.RADIAN.) );
#4007 = ( NAMED_UNIT(*) SI_UNIT($,.STERADIAN.) SOLID_ANGLE_UNIT() );
#4008 = UNCERTAINTY_MEASURE_WITH_UNIT(LENGTH_MEASURE(1.E-07),#4005,
  'distance_accuracy_value','confusion accuracy');
#4009 = CONTEXT_DEPENDENT_SHAPE_REPRESENTATION(#4010,#4012);
#4010 = ( REPRESENTATION_RELATIONSHIP('','',#40,#10) 
REPRESENTATION_RELATIONSHIP_WITH_TRANSFORMATION(#4011) 
SHAPE_REPRESENTATION_RELATIONSHIP() );
#4011 = ITEM_DEFINED_TRANSFORMATION('','',#11,#15);
#4012 = PRODUCT_DEFINITION_SHAPE('Placement','Placement of an item',
  #4013);
#4013 = NEXT_ASSEMBLY_USAGE_OCCURRENCE('1','=>[0:1:1:2]','',#5,#35,$);
#4014 = PRODUCT_RELATED_PRODUCT_CATEGORY('part',$,(#37));
#4015 = SHAPE_DEFINITION_REPRESENTATION(#4016,#4022);
#4016 = PRODUCT_DEFINITION_SHAPE('','',#4017);
#4017 = PRODUCT_DEFINITION('design','',#4018,#4021);
#4018 = PRODUCT_DEFINITION_FORMATION('','',#4019);
#4019 = PRODUCT('line_array_pad','line_array_pad','',(#4020));
#4020 = PRODUCT_CONTEXT('',#2,'mechanical');
#4021 = PRODUCT_DEFINITION_CONTEXT('part definition',#2,'design');
#4022 = SHAPE_REPRESENTATION('',(#11,#4023,#4173,#4323,#4473,#4623,#4773
    ),#4923);
#4023 = MANIFOLD_SOLID_BREP('',#4024);
#4024 = CLOSED_SHELL('',(#4025,#4065,#4096,#4127,#4149,#4161));
#4025 = ADVANCED_FACE('',(#4026),#4060,.T.);
#4026 = FACE_BOUND('',#4027,.T.);
#4027 = EDGE_LOOP('',(#4028,#4038,#4046,#4054));
#4028 = ORIENTED_EDGE('',*,*,#4029,.T.);
#4029 = EDGE_CURVE('',#4030,#4032,#4034,.T.);
#4030 = VERTEX_POINT('',#4031);
#4031 = CARTESIAN_POINT('',(6.295,0.39,1.524));
#4032 = VERTEX_POINT('',#4033);
#4033 = CARTESIAN_POINT('',(6.295,0.39,1.564));
#4034 = LINE('',#4035,#4036);
#4035 = CARTESIAN_POINT('',(6.295,0.39,1.524));
#4036 = VECTOR('',#4037,1.);
#4037 = DIRECTION('',(0.,0.,1.));
#4038 = ORIENTED_EDGE('',*,*,#4039,.T.);
#4039 = EDGE_CURVE('',#4032,#4040,#4042,.T.);
#4040 = VERTEX_POINT('',#4041);
#4041 = CARTESIAN_POINT('',(6.295,0.4,1.564));
#4042 = LINE('',#4043,#4044);
#4043 = CARTESIAN_POINT('',(6.295,0.39,1.564));
#4044 = VECTOR('',#4045,1.);
#4045 = DIRECTION('',(0.,1.,0.));
#4046 = ORIENTED_EDGE('',*,*,#4047,.F.);
#4047 = EDGE_CURVE('',#4048,#4040,#4050,.T.);
#4048 = VERTEX_POINT('',#4049);
#4049 = CARTESIAN_POINT('',(6.295,0.4,1.524));
#4050 = LINE('',#4051,#4052);
#4051 = CARTESIAN_POINT('',(6.295,0.4,1.524));
#4052 = VECTOR('',#4053,1.);
#4053 = DIRECTION('',(0.,0.,1.));
#4054 = ORIENTED_EDGE('',*,*,#4055,.F.);
#4055 = EDGE_CURVE('',#4030,#4048,#4056,.T.);
#4056 = LINE('',#4057,#4058);
#4057 = CARTESIAN_POINT('',(6.295,0.39,1.524));
#4058 = VECTOR('',#4059,1.);
#4059 = DIRECTION('',(0.,1.,0.));
#4060 = PLANE('',#4061);
#4061 = AXIS2_PLACEMENT_3D('',#4062,#4063,#4064);
#4062 = CARTESIAN_POINT('',(6.295,0.39,1.524));
#4063 = DIRECTION('',(-1.,0.,0.));
#4064 = DIRECTION('',(0.,1.,0.));
#4065 = ADVANCED_FACE('',(#4066),#4091,.T.);
#4066 = FACE_BOUND('',#4067,.T.);
#4067 = EDGE_LOOP('',(#4068,#4069,#4077,#4085));
#4068 = ORIENTED_EDGE('',*,*,#4047,.T.);
#4069 = ORIENTED_EDGE('',*,*,#4070,.T.);
#4070 = EDGE_CURVE('',#4040,#4071,#4073,.T.);
#4071 = VERTEX_POINT('',#4072);
#4072 = CARTESIAN_POINT('',(6.305,0.4,1.564));
#4073 = LINE('',#4074,#4075);
#4074 = CARTESIAN_POINT('',(6.295,0.4,1.564));
#4075 = VECTOR('',#4076,1.);
#4076 = DIRECTION('',(1.,0.,0.));
#4077 = ORIENTED_EDGE('',*,*,#4078,.F.);
#4078 = EDGE_CURVE('',#4079,#4071,#4081,.T.);
#4079 = VERTEX_POINT('',#4080);
#4080 = CARTESIAN_POINT('',(6.305,0.4,1.524));
#4081 = LINE('',#4082,#4083);
#4082 = CARTESIAN_POINT('',(6.305,0.4,1.524));
#4083 = VECTOR('',#4084,1.);
#4084 = DIRECTION('',(0.,0.,1.));
#4085 = ORIENTED_EDGE('',*,*,#4086,.F.);
#4086 = EDGE_CURVE('',#4048,#4079,#4087,.T.);
#4087 = LINE('',#4088,#4089);
#4088 = CARTESIAN_POINT('',(6.295,0.4,1.524));
#4089 = VECTOR('',#4090,1.);
#4090 = DIRECTION('',(1.,0.,0.));
#4091 = PLANE('',#4092);
#4092 = AXIS2_PLACEMENT_3D('',#4093,#4094,#4095);
#4093 = CARTESIAN_POINT('',(6.295,0.4,1.524));
#4094 = DIRECTION('',(0.,1.,0.));
#4095 = DIRECTION('',(1.,0.,0.));
#4096 = ADVANCED_FACE('',(#4097),#4122,.T.);
#4097 = FACE_BOUND('',#4098,.T.);
#4098 = EDGE_LOOP('',(#4099,#4100,#4108,#4116));
#4099 = ORIENTED_EDGE('',*,*,#4078,.T.);
#4100 = ORIENTED_EDGE('',*,*,#4101,.T.);
#4101 = EDGE_CURVE('',#4071,#4102,#4104,.T.);
#4102 = VERTEX_POINT('',#4103);
#4103 = CARTESIAN_POINT('',(6.305,0.39,1.564));
#4104 = LINE('',#4105,#4106);
#4105 = CARTESIAN_POINT('',(6.305,0.4,1.564));
#4106 = VECTOR('',#4107,1.);
#4107 = DIRECTION('',(0.,-1.,0.));
#4108 = ORIENTED_EDGE('',*,*,#4109,.F.);
#4109 = EDGE_CURVE('',#4110,#4102,#4112,.T.);
#4110 = VERTEX_POINT('',#4111);
#4111 = CARTESIAN_POINT('',(6.305,0.39,1.524));
#4112 = LINE('',#4113,#4114);
#4113 = CARTESIAN_POINT('',(6.305,0.39,1.524));
#4114 = VECTOR('',#4115,1.);
#4115 = DIRECTION('',(0.,0.,1.));
#4116 = ORIENTED_EDGE('',*,*,#4117,.F.);
#4117 = EDGE_CURVE('',#4079,#4110,#4118,.T.);
#4118 = LINE('',#4119,#4120);
#4119 = CARTESIAN_POINT('',(6.305,0.4,1.524));
#4120 = VECTOR('',#4121,1.);
#4121 = DIRECTION('',(0.,-1.,0.));
#4122 = PLANE('',#4123);
#4123 = AXIS2_PLACEMENT_3D('',#4124,#4125,#4126);
#4124 = CARTESIAN_POINT('',(6.305,0.4,1.524));
#4125 = DIRECTION('',(1.,0.,-0.));
#4126 = DIRECTION('',(0.,-1.,0.));
#4127 = ADVANCED_FACE('',(#4128),#4144,.T.);
#4128 = FACE_BOUND('',#4129,.T.);
#4129 = EDGE_LOOP('',(#4130,#4131,#4137,#4138));
#4130 = ORIENTED_EDGE('',*,*,#4109,.T.);
#4131 = ORIENTED_EDGE('',*,*,#4132,.T.);
#4132 = EDGE_CURVE('',#4102,#4032,#4133,.T.);
#4133 = LINE('',#4134,#4135);
#4134 = CARTESIAN_POINT('',(6.305,0.39,1.564));
#4135 = VECTOR('',#4136,1.);
#4136 = DIRECTION('',(-1.,0.,0.));
#4137 = ORIENTED_EDGE('',*,*,#4029,.F.);
#4138 = ORIENTED_EDGE('',*,*,#4139,.F.);
#4139 = EDGE_CURVE('',#4110,#4030,#4140,.T.);
#4140 = LINE('',#4141,#4142);
#4141 = CARTESIAN_POINT('',(6.305,0.39,1.524));
#4142 = VECTOR('',#4143,1.);
#4143 = DIRECTION('',(-1.,0.,0.));
#4144 = PLANE('',#4145);
#4145 = AXIS2_PLACEMENT_3D('',#4146,#4147,#4148);
#4146 = CARTESIAN_POINT('',(6.305,0.39,1.524));
#4147 = DIRECTION('',(0.,-1.,0.));
#4148 = DIRECTION('',(-1.,0.,0.));
#4149 = ADVANCED_FACE('',(#4150),#4156,.F.);
#4150 = FACE_BOUND('',#4151,.T.);
#4151 = EDGE_LOOP('',(#4152,#4153,#4154,#4155));
#4152 = ORIENTED_EDGE('',*,*,#4055,.T.);
#4153 = ORIENTED_EDGE('',*,*,#4086,.T.);
#4154 = ORIENTED_EDGE('',*,*,#4117,.T.);
#4155 = ORIENTED_EDGE('',*,*,#4139,.T.);
#4156 = PLANE('',#4157);
#4157 = AXIS2_PLACEMENT_3D('',#4158,#4159,#4160);
#4158 = CARTESIAN_POINT('',(0.,0.,1.524));
#4159 = DIRECTION('',(0.,0.,1.));
#4160 = DIRECTION('',(1.,0.,-0.));
#4161 = ADVANCED_FACE('',(#4162),#4168,.T.);
#4162 = FACE_BOUND('',#4163,.F.);
#4163 = EDGE_LOOP('',(#4164,#4165,#4166,#4167));
#4164 = ORIENTED_EDGE('',*,*,#4039,.T.);
#4165 = ORIENTED_EDGE('',*,*,#4070,.T.);
#4166 = ORIENTED_EDGE('',*,*,#4101,.T.);
#4167 = ORIENTED_EDGE('',*,*,#4132,.T.);
#4168 = PLANE('',#4169);
#4169 = AXIS2_PLACEMENT_3D('',#4170,#4171,#4172);
#4170 = CARTESIAN_POINT('',(0.,0.,1.564));
#4171 = DIRECTION('',(0.,0.,1.));
#4172 = DIRECTION('',(1.,0.,-0.));
#4173 = MANIFOLD_SOLID_BREP('',#4174);
#4174 = CLOSED_SHELL('',(#4175,#4215,#4246,#4277,#4299,#4311));
#4175 = ADVANCED_FACE('',(#4176),#4210,.T.);
#4176 = FACE_BOUND('',#4177,.T.);
#4177 = EDGE_LOOP('',(#4178,#4188,#4196,#4204));
#4178 = ORIENTED_EDGE('',*,*,#4179,.T.);
#4179 = EDGE_CURVE('',#4180,#4182,#4184,.T.);
#4180 = VERTEX_POINT('',#4181);
#4181 = CARTESIAN_POINT('',(20.02,18.09,1.524));
#4182 = VERTEX_POINT('',#4183);
#4183 = CARTESIAN_POINT('',(20.02,18.09,1.564));
#4184 = LINE('',#4185,#4186);
#4185 = CARTESIAN_POINT('',(20.02,18.09,1.524));
#4186 = VECTOR('',#4187,1.);
#4187 = DIRECTION('',(0.,0.,1.));
#4188 = ORIENTED_EDGE('',*,*,#4189,.T.);
#4189 = EDGE_CURVE('',#4182,#4190,#4192,.T.);
#4190 = VERTEX_POINT('',#4191);
#4191 = CARTESIAN_POINT('',(20.02,18.1,1.564));
#4192 = LINE('',#4193,#4194);
#4193 = CARTESIAN_POINT('',(20.02,18.09,1.564));
#4194 = VECTOR('',#4195,1.);
#4195 = DIRECTION('',(0.,1.,0.));
#4196 = ORIENTED_EDGE('',*,*,#4197,.F.);
#4197 = EDGE_CURVE('',#4198,#4190,#4200,.T.);
#4198 = VERTEX_POINT('',#4199);
#4199 = CARTESIAN_POINT('',(20.02,18.1,1.524));
#4200 = LINE('',#4201,#4202);
#4201 = CARTESIAN_POINT('',(20.02,18.1,1.524));
#4202 = VECTOR('',#4203,1.);
#4203 = DIRECTION('',(0.,0.,1.));
#4204 = ORIENTED_EDGE('',*,*,#4205,.F.);
#4205 = EDGE_CURVE('',#4180,#4198,#4206,.T.);
#4206 = LINE('',#4207,#4208);
#4207 = CARTESIAN_POINT('',(20.02,18.09,1.524));
#4208 = VECTOR('',#4209,1.);
#4209 = DIRECTION('',(0.,1.,0.));
#4210 = PLANE('',#4211);
#4211 = AXIS2_PLACEMENT_3D('',#4212,#4213,#4214);
#4212 = CARTESIAN_POINT('',(20.02,18.09,1.524));
#4213 = DIRECTION('',(-1.,0.,0.));
#4214 = DIRECTION('',(0.,1.,0.));
#4215 = ADVANCED_FACE('',(#4216),#4241,.T.);
#4216 = FACE_BOUND('',#4217,.T.);
#4217 = EDGE_LOOP('',(#4218,#4219,#4227,#4235));
#4218 = ORIENTED_EDGE('',*,*,#4197,.T.);
#4219 = ORIENTED_EDGE('',*,*,#4220,.T.);
#4220 = EDGE_CURVE('',#4190,#4221,#4223,.T.);
#4221 = VERTEX_POINT('',#4222);
#4222 = CARTESIAN_POINT('',(20.03,18.1,1.564));
#4223 = LINE('',#4224,#4225);
#4224 = CARTESIAN_POINT('',(20.02,18.1,1.564));
#4225 = VECTOR('',#4226,1.);
#4226 = DIRECTION('',(1.,0.,0.));
#4227 = ORIENTED_EDGE('',*,*,#4228,.F.);
#4228 = EDGE_CURVE('',#4229,#4221,#4231,.T.);
#4229 = VERTEX_POINT('',#4230);
#4230 = CARTESIAN_POINT('',(20.03,18.1,1.524));
#4231 = LINE('',#4232,#4233);
#4232 = CARTESIAN_POINT('',(20.03,18.1,1.524));
#4233 = VECTOR('',#4234,1.);
#4234 = DIRECTION('',(0.,0.,1.));
#4235 = ORIENTED_EDGE('',*,*,#4236,.F.);
#4236 = EDGE_CURVE('',#4198,#4229,#4237,.T.);
#4237 = LINE('',#4238,#4239);
#4238 = CARTESIAN_POINT('',(20.02,18.1,1.524));
#4239 = VECTOR('',#4240,1.);
#4240 = DIRECTION('',(1.,0.,0.));
#4241 = PLANE('',#4242);
#4242 = AXIS2_PLACEMENT_3D('',#4243,#4244,#4245);
#4243 = CARTESIAN_POINT('',(20.02,18.1,1.524));
#4244 = DIRECTION('',(0.,1.,0.));
#4245 = DIRECTION('',(1.,0.,0.));
#4246 = ADVANCED_FACE('',(#4247),#4272,.T.);
#4247 = FACE_BOUND('',#4248,.T.);
#4248 = EDGE_LOOP('',(#4249,#4250,#4258,#4266));
#4249 = ORIENTED_EDGE('',*,*,#4228,.T.);
#4250 = ORIENTED_EDGE('',*,*,#4251,.T.);
#4251 = EDGE_CURVE('',#4221,#4252,#4254,.T.);
#4252 = VERTEX_POINT('',#4253);
#4253 = CARTESIAN_POINT('',(20.03,18.09,1.564));
#4254 = LINE('',#4255,#4256);
#4255 = CARTESIAN_POINT('',(20.03,18.1,1.564));
#4256 = VECTOR('',#4257,1.);
#4257 = DIRECTION('',(0.,-1.,0.));
#4258 = ORIENTED_EDGE('',*,*,#4259,.F.);
#4259 = EDGE_CURVE('',#4260,#4252,#4262,.T.);
#4260 = VERTEX_POINT('',#4261);
#4261 = CARTESIAN_POINT('',(20.03,18.09,1.524));
#4262 = LINE('',#4263,#4264);
#4263 = CARTESIAN_POINT('',(20.03,18.09,1.524));
#4264 = VECTOR('',#4265,1.);
#4265 = DIRECTION('',(0.,0.,1.));
#4266 = ORIENTED_EDGE('',*,*,#4267,.F.);
#4267 = EDGE_CURVE('',#4229,#4260,#4268,.T.);
#4268 = LINE('',#4269,#4270);
#4269 = CARTESIAN_POINT('',(20.03,18.1,1.524));
#4270 = VECTOR('',#4271,1.);
#4271 = DIRECTION('',(0.,-1.,0.));
#4272 = PLANE('',#4273);
#4273 = AXIS2_PLACEMENT_3D('',#4274,#4275,#4276);
#4274 = CARTESIAN_POINT('',(20.03,18.1,1.524));
#4275 = DIRECTION('',(1.,0.,-0.));
#4276 = DIRECTION('',(0.,-1.,0.));
#4277 = ADVANCED_FACE('',(#4278),#4294,.T.);
#4278 = FACE_BOUND('',#4279,.T.);
#4279 = EDGE_LOOP('',(#4280,#4281,#4287,#4288));
#4280 = ORIENTED_EDGE('',*,*,#4259,.T.);
#4281 = ORIENTED_EDGE('',*,*,#4282,.T.);
#4282 = EDGE_CURVE('',#4252,#4182,#4283,.T.);
#4283 = LINE('',#4284,#4285);
#4284 = CARTESIAN_POINT('',(20.03,18.09,1.564));
#4285 = VECTOR('',#4286,1.);
#4286 = DIRECTION('',(-1.,0.,0.));
#4287 = ORIENTED_EDGE('',*,*,#4179,.F.);
#4288 = ORIENTED_EDGE('',*,*,#4289,.F.);
#4289 = EDGE_CURVE('',#4260,#4180,#4290,.T.);
#4290 = LINE('',#4291,#4292);
#4291 = CARTESIAN_POINT('',(20.03,18.09,1.524));
#4292 = VECTOR('',#4293,1.);
#4293 = DIRECTION('',(-1.,0.,0.));
#4294 = PLANE('',#4295);
#4295 = AXIS2_PLACEMENT_3D('',#4296,#4297,#4298);
#4296 = CARTESIAN_POINT('',(20.03,18.09,1.524));
#4297 = DIRECTION('',(0.,-1.,0.));
#4298 = DIRECTION('',(-1.,0.,0.));
#4299 = ADVANCED_FACE('',(#4300),#4306,.F.);
#4300 = FACE_BOUND('',#4301,.T.);
#4301 = EDGE_LOOP('',(#4302,#4303,#4304,#4305));
#4302 = ORIENTED_EDGE('',*,*,#4205,.T.);
#4303 = ORIENTED_EDGE('',*,*,#4236,.T.);
#4304 = ORIENTED_EDGE('',*,*,#4267,.T.);
#4305 = ORIENTED_EDGE('',*,*,#4289,.T.);
#4306 = PLANE('',#4307);
#4307 = AXIS2_PLACEMENT_3D('',#4308,#4309,#4310);
#4308 = CARTESIAN_POINT('',(0.,0.,1.524));
#4309 = DIRECTION('',(0.,0.,1.));
#4310 = DIRECTION('',(1.,0.,-0.));
#4311 = ADVANCED_FACE('',(#4312),#4318,.T.);
#4312 = FACE_BOUND('',#4313,.F.);
#4313 = EDGE_LOOP('',(#4314,#4315,#4316,#4317));
#4314 = ORIENTED_EDGE('',*,*,#4189,.T.);
#4315 = ORIENTED_EDGE('',*,*,#4220,.T.);
#4316 = ORIENTED_EDGE('',*,*,#4251,.T.);
#4317 = ORIENTED_EDGE('',*,*,#4282,.T.);
#4318 = PLANE('',#4319);
#4319 = AXIS2_PLACEMENT_3D('',#4320,#4321,#4322);
#4320 = CARTESIAN_POINT('',(0.,0.,1.564));
#4321 = DIRECTION('',(0.,0.,1.));
#4322 = DIRECTION('',(1.,0.,-0.));
#4323 = MANIFOLD_SOLID_BREP('',#4324);
#4324 = CLOSED_SHELL('',(#4325,#4365,#4396,#4427,#4449,#4461));
#4325 = ADVANCED_FACE('',(#4326),#4360,.T.);
#4326 = FACE_BOUND('',#4327,.T.);
#4327 = EDGE_LOOP('',(#4328,#4338,#4346,#4354));
#4328 = ORIENTED_EDGE('',*,*,#4329,.T.);
#4329 = EDGE_CURVE('',#4330,#4332,#4334,.T.);
#4330 = VERTEX_POINT('',#4331);
#4331 = CARTESIAN_POINT('',(19.495,49.89,1.524));
#4332 = VERTEX_POINT('',#4333);
#4333 = CARTESIAN_POINT('',(19.495,49.89,1.564));
#4334 = LINE('',#4335,#4336);
#4335 = CARTESIAN_POINT('',(19.495,49.89,1.524));
#4336 = VECTOR('',#4337,1.);
#4337 = DIRECTION('',(0.,0.,1.));
#4338 = ORIENTED_EDGE('',*,*,#4339,.T.);
#4339 = EDGE_CURVE('',#4332,#4340,#4342,.T.);
#4340 = VERTEX_POINT('',#4341);
#4341 = CARTESIAN_POINT('',(19.495,49.9,1.564));
#4342 = LINE('',#4343,#4344);
#4343 = CARTESIAN_POINT('',(19.495,49.89,1.564));
#4344 = VECTOR('',#4345,1.);
#4345 = DIRECTION('',(0.,1.,0.));
#4346 = ORIENTED_EDGE('',*,*,#4347,.F.);
#4347 = EDGE_CURVE('',#4348,#4340,#4350,.T.);
#4348 = VERTEX_POINT('',#4349);
#4349 = CARTESIAN_POINT('',(19.495,49.9,1.524));
#4350 = LINE('',#4351,#4352);
#4351 = CARTESIAN_POINT('',(19.495,49.9,1.524));
#4352 = VECTOR('',#4353,1.);
#4353 = DIRECTION('',(0.,0.,1.));
#4354 = ORIENTED_EDGE('',*,*,#4355,.F.);
#4355 = EDGE_CURVE('',#4330,#4348,#4356,.T.);
#4356 = LINE('',#4357,#4358);
#4357 = CARTESIAN_POINT('',(19.495,49.89,1.524));
#4358 = VECTOR('',#4359,1.);
#4359 = DIRECTION('',(0.,1.,0.));
#4360 = PLANE('',#4361);
#4361 = AXIS2_PLACEMENT_3D('',#4362,#4363,#4364);
#4362 = CARTESIAN_POINT('',(19.495,49.89,1.524));
#4363 = DIRECTION('',(-1.,0.,0.));
#4364 = DIRECTION('',(0.,1.,0.));
#4365 = ADVANCED_FACE('',(#4366),#4391,.T.);
#4366 = FACE_BOUND('',#4367,.T.);
#4367 = EDGE_LOOP('',(#4368,#4369,#4377,#4385));
#4368 = ORIENTED_EDGE('',*,*,#4347,.T.);
#4369 = ORIENTED_EDGE('',*,*,#4370,.T.);
#4370 = EDGE_CURVE('',#4340,#4371,#4373,.T.);
#4371 = VERTEX_POINT('',#4372);
#4372 = CARTESIAN_POINT('',(19.505,49.9,1.564));
#4373 = LINE('',#4374,#4375);
#4374 = CARTESIAN_POINT('',(19.495,49.9,1.564));
#4375 = VECTOR('',#4376,1.);
#4376 = DIRECTION('',(1.,0.,0.));
#4377 = ORIENTED_EDGE('',*,*,#4378,.F.);
#4378 = EDGE_CURVE('',#4379,#4371,#4381,.T.);
#4379 = VERTEX_POINT('',#4380);
#4380 = CARTESIAN_POINT('',(19.505,49.9,1.524));
#4381 = LINE('',#4382,#4383);
#4382 = CARTESIAN_POINT('',(19.505,49.9,1.524));
#4383 = VECTOR('',#4384,1.);
#4384 = DIRECTION('',(0.,0.,1.));
#4385 = ORIENTED_EDGE('',*,*,#4386,.F.);
#4386 = EDGE_CURVE('',#4348,#4379,#4387,.T.);
#4387 = LINE('',#4388,#4389);
#4388 = CARTESIAN_POINT('',(19.495,49.9,1.524));
#4389 = VECTOR('',#4390,1.);
#4390 = DIRECTION('',(1.,0.,0.));
#4391 = PLANE('',#4392);
#4392 = AXIS2_PLACEMENT_3D('',#4393,#4394,#4395);
#4393 = CARTESIAN_POINT('',(19.495,49.9,1.524));
#4394 = DIRECTION('',(0.,1.,0.));
#4395 = DIRECTION('',(1.,0.,0.));
#4396 = ADVANCED_FACE('',(#4397),#4422,.T.);
#4397 = FACE_BOUND('',#4398,.T.);
#4398 = EDGE_LOOP('',(#4399,#4400,#4408,#4416));
#4399 = ORIENTED_EDGE('',*,*,#4378,.T.);
#4400 = ORIENTED_EDGE('',*,*,#4401,.T.);
#4401 = EDGE_CURVE('',#4371,#4402,#4404,.T.);
#4402 = VERTEX_POINT('',#4403);
#4403 = CARTESIAN_POINT('',(19.505,49.89,1.564));
#4404 = LINE('',#4405,#4406);
#4405 = CARTESIAN_POINT('',(19.505,49.9,1.564));
#4406 = VECTOR('',#4407,1.);
#4407 = DIRECTION('',(0.,-1.,0.));
#4408 = ORIENTED_EDGE('',*,*,#4409,.F.);
#4409 = EDGE_CURVE('',#4410,#4402,#4412,.T.);
#4410 = VERTEX_POINT('',#4411);
#4411 = CARTESIAN_POINT('',(19.505,49.89,1.524));
#4412 = LINE('',#4413,#4414);
#4413 = CARTESIAN_POINT('',(19.505,49.89,1.524));
#4414 = VECTOR('',#4415,1.);
#4415 = DIRECTION('',(0.,0.,1.));
#4416 = ORIENTED_EDGE('',*,*,#4417,.F.);
#4417 = EDGE_CURVE('',#4379,#4410,#4418,.T.);
#4418 = LINE('',#4419,#4420);
#4419 = CARTESIAN_POINT('',(19.505,49.9,1.524));
#4420 = VECTOR('',#4421,1.);
#4421 = DIRECTION('',(0.,-1.,0.));
#4422 = PLANE('',#4423);
#4423 = AXIS2_PLACEMENT_3D('',#4424,#4425,#4426);
#4424 = CARTESIAN_POINT('',(19.505,49.9,1.524));
#4425 = DIRECTION('',(1.,0.,-0.));
#4426 = DIRECTION('',(0.,-1.,0.));
#4427 = ADVANCED_FACE('',(#4428),#4444,.T.);
#4428 = FACE_BOUND('',#4429,.T.);
#4429 = EDGE_LOOP('',(#4430,#4431,#4437,#4438));
#4430 = ORIENTED_EDGE('',*,*,#4409,.T.);
#4431 = ORIENTED_EDGE('',*,*,#4432,.T.);
#4432 = EDGE_CURVE('',#4402,#4332,#4433,.T.);
#4433 = LINE('',#4434,#4435);
#4434 = CARTESIAN_POINT('',(19.505,49.89,1.564));
#4435 = VECTOR('',#4436,1.);
#4436 = DIRECTION('',(-1.,0.,0.));
#4437 = ORIENTED_EDGE('',*,*,#4329,.F.);
#4438 = ORIENTED_EDGE('',*,*,#4439,.F.);
#4439 = EDGE_CURVE('',#4410,#4330,#4440,.T.);
#4440 = LINE('',#4441,#4442);
#4441 = CARTESIAN_POINT('',(19.505,49.89,1.524));
#4442 = VECTOR('',#4443,1.);
#4443 = DIRECTION('',(-1.,0.,0.));
#4444 = PLANE('',#4445);
#4445 = AXIS2_PLACEMENT_3D('',#4446,#4447,#4448);
#4446 = CARTESIAN_POINT('',(19.505,49.89,1.524));
#4447 = DIRECTION('',(0.,-1.,0.));
#4448 = DIRECTION('',(-1.,0.,0.));
#4449 = ADVANCED_FACE('',(#4450),#4456,.F.);
#4450 = FACE_BOUND('',#4451,.T.);
#4451 = EDGE_LOOP('',(#4452,#4453,#4454,#4455));
#4452 = ORIENTED_EDGE('',*,*,#4355,.T.);
#4453 = ORIENTED_EDGE('',*,*,#4386,.T.);
#4454 = ORIENTED_EDGE('',*,*,#4417,.T.);
#4455 = ORIENTED_EDGE('',*,*,#4439,.T.);
#4456 = PLANE('',#4457);
#4457 = AXIS2_PLACEMENT_3D('',#4458,#4459,#4460);
#4458 = CARTESIAN_POINT('',(0.,0.,1.524));
#4459 = DIRECTION('',(0.,0.,1.));
#4460 = DIRECTION('',(1.,0.,-0.));
#4461 = ADVANCED_FACE('',(#4462),#4468,.T.);
#4462 = FACE_BOUND('',#4463,.F.);
#4463 = EDGE_LOOP('',(#4464,#4465,#4466,#4467));
#4464 = ORIENTED_EDGE('',*,*,#4339,.T.);
#4465 = ORIENTED_EDGE('',*,*,#4370,.T.);
#4466 = ORIENTED_EDGE('',*,*,#4401,.T.);
#4467 = ORIENTED_EDGE('',*,*,#4432,.T.);
#4468 = PLANE('',#4469);
#4469 = AXIS2_PLACEMENT_3D('',#4470,#4471,#4472);
#4470 = CARTESIAN_POINT('',(0.,0.,1.564));
#4471 = DIRECTION('',(0.,0.,1.));
#4472 = DIRECTION('',(1.,0.,-0.));
#4473 = MANIFOLD_SOLID_BREP('',#4474);
#4474 = CLOSED_SHELL('',(#4475,#4515,#4546,#4577,#4599,#4611));
#4475 = ADVANCED_FACE('',(#4476),#4510,.T.);
#4476 = FACE_BOUND('',#4477,.T.);
#4477 = EDGE_LOOP('',(#4478,#4488,#4496,#4504));
#4478 = ORIENTED_EDGE('',*,*,#4479,.T.);
#4479 = EDGE_CURVE('',#4480,#4482,#4484,.T.);
#4480 = VERTEX_POINT('',#4481);
#4481 = CARTESIAN_POINT('',(18.92,81.89,1.524));
#4482 = VERTEX_POINT('',#4483);
#4483 = CARTESIAN_POINT('',(18.92,81.89,1.564));
#4484 = LINE('',#4485,#4486);
#4485 = CARTESIAN_POINT('',(18.92,81.89,1.524));
#4486 = VECTOR('',#4487,1.);
#4487 = DIRECTION('',(0.,0.,1.));
#4488 = ORIENTED_EDGE('',*,*,#4489,.T.);
#4489 = EDGE_CURVE('',#4482,#4490,#4492,.T.);
#4490 = VERTEX_POINT('',#4491);
#4491 = CARTESIAN_POINT('',(18.92,81.9,1.564));
#4492 = LINE('',#4493,#4494);
#4493 = CARTESIAN_POINT('',(18.92,81.89,1.564));
#4494 = VECTOR('',#4495,1.);
#4495 = DIRECTION('',(0.,1.,0.));
#4496 = ORIENTED_EDGE('',*,*,#4497,.F.);
#4497 = EDGE_CURVE('',#4498,#4490,#4500,.T.);
#4498 = VERTEX_POINT('',#4499);
#4499 = CARTESIAN_POINT('',(18.92,81.9,1.524));
#4500 = LINE('',#4501,#4502);
#4501 = CARTESIAN_POINT('',(18.92,81.9,1.524));
#4502 = VECTOR('',#4503,1.);
#4503 = DIRECTION('',(0.,0.,1.));
#4504 = ORIENTED_EDGE('',*,*,#4505,.F.);
#4505 = EDGE_CURVE('',#4480,#4498,#4506,.T.);
#4506 = LINE('',#4507,#4508);
#4507 = CARTESIAN_POINT('',(18.92,81.89,1.524));
#4508 = VECTOR('',#4509,1.);
#4509 = DIRECTION('',(0.,1.,0.));
#4510 = PLANE('',#4511);
#4511 = AXIS2_PLACEMENT_3D('',#4512,#4513,#4514);
#4512 = CARTESIAN_POINT('',(18.92,81.89,1.524));
#4513 = DIRECTION('',(-1.,0.,0.));
#4514 = DIRECTION('',(0.,1.,0.));
#4515 = ADVANCED_FACE('',(#4516),#4541,.T.);
#4516 = FACE_BOUND('',#4517,.T.);
#4517 = EDGE_LOOP('',(#4518,#4519,#4527,#4535));
#4518 = ORIENTED_EDGE('',*,*,#4497,.T.);
#4519 = ORIENTED_EDGE('',*,*,#4520,.T.);
#4520 = EDGE_CURVE('',#4490,#4521,#4523,.T.);
#4521 = VERTEX_POINT('',#4522);
#4522 = CARTESIAN_POINT('',(18.93,81.9,1.564));
#4523 = LINE('',#4524,#4525);
#4524 = CARTESIAN_POINT('',(18.92,81.9,1.564));
#4525 = VECTOR('',#4526,1.);
#4526 = DIRECTION('',(1.,0.,0.));
#4527 = ORIENTED_EDGE('',*,*,#4528,.F.);
#4528 = EDGE_CURVE('',#4529,#4521,#4531,.T.);
#4529 = VERTEX_POINT('',#4530);
#4530 = CARTESIAN_POINT('',(18.93,81.9,1.524));
#4531 = LINE('',#4532,#4533);
#4532 = CARTESIAN_POINT('',(18.93,81.9,1.524));
#4533 = VECTOR('',#4534,1.);
#4534 = DIRECTION('',(0.,0.,1.));
#4535 = ORIENTED_EDGE('',*,*,#4536,.F.);
#4536 = EDGE_CURVE('',#4498,#4529,#4537,.T.);
#4537 = LINE('',#4538,#4539);
#4538 = CARTESIAN_POINT('',(18.92,81.9,1.524));
#4539 = VECTOR('',#4540,1.);
#4540 = DIRECTION('',(1.,0.,0.));
#4541 = PLANE('',#4542);
#4542 = AXIS2_PLACEMENT_3D('',#4543,#4544,#4545);
#4543 = CARTESIAN_POINT('',(18.92,81.9,1.524));
#4544 = DIRECTION('',(0.,1.,0.));
#4545 = DIRECTION('',(1.,0.,0.));
#4546 = ADVANCED_FACE('',(#4547),#4572,.T.);
#4547 = FACE_BOUND('',#4548,.T.);
#4548 = EDGE_LOOP('',(#4549,#4550,#4558,#4566));
#4549 = ORIENTED_EDGE('',*,*,#4528,.T.);
#4550 = ORIENTED_EDGE('',*,*,#4551,.T.);
#4551 = EDGE_CURVE('',#4521,#4552,#4554,.T.);
#4552 = VERTEX_POINT('',#4553);
#4553 = CARTESIAN_POINT('',(18.93,81.89,1.564));
#4554 = LINE('',#4555,#4556);
#4555 = CARTESIAN_POINT('',(18.93,81.9,1.564));
#4556 = VECTOR('',#4557,1.);
#4557 = DIRECTION('',(0.,-1.,0.));
#4558 = ORIENTED_EDGE('',*,*,#4559,.F.);
#4559 = EDGE_CURVE('',#4560,#4552,#4562,.T.);
#4560 = VERTEX_POINT('',#4561);
#4561 = CARTESIAN_POINT('',(18.93,81.89,1.524));
#4562 = LINE('',#4563,#4564);
#4563 = CARTESIAN_POINT('',(18.93,81.89,1.524));
#4564 = VECTOR('',#4565,1.);
#4565 = DIRECTION('',(0.,0.,1.));
#4566 = ORIENTED_EDGE('',*,*,#4567,.F.);
#4567 = EDGE_CURVE('',#4529,#4560,#4568,.T.);
#4568 = LINE('',#4569,#4570);
#4569 = CARTESIAN_POINT('',(18.93,81.9,1.524));
#4570 = VECTOR('',#4571,1.);
#4571 = DIRECTION('',(0.,-1.,0.));
#4572 = PLANE('',#4573);
#4573 = AXIS2_PLACEMENT_3D('',#4574,#4575,#4576);
#4574 = CARTESIAN_POINT('',(18.93,81.9,1.524));
#4575 = DIRECTION('',(1.,0.,-0.));
#4576 = DIRECTION('',(0.,-1.,0.));
#4577 = ADVANCED_FACE('',(#4578),#4594,.T.);
#4578 = FACE_BOUND('',#4579,.T.);
#4579 = EDGE_LOOP('',(#4580,#4581,#4587,#4588));
#4580 = ORIENTED_EDGE('',*,*,#4559,.T.);
#4581 = ORIENTED_EDGE('',*,*,#4582,.T.);
#4582 = EDGE_CURVE('',#4552,#4482,#4583,.T.);
#4583 = LINE('',#4584,#4585);
#4584 = CARTESIAN_POINT('',(18.93,81.89,1.564));
#4585 = VECTOR('',#4586,1.);
#4586 = DIRECTION('',(-1.,0.,0.));
#4587 = ORIENTED_EDGE('',*,*,#4479,.F.);
#4588 = ORIENTED_EDGE('',*,*,#4589,.F.);
#4589 = EDGE_CURVE('',#4560,#4480,#4590,.T.);
#4590 = LINE('',#4591,#4592);
#4591 = CARTESIAN_POINT('',(18.93,81.89,1.524));
#4592 = VECTOR('',#4593,1.);
#4593 = DIRECTION('',(-1.,0.,0.));
#4594 = PLANE('',#4595);
#4595 = AXIS2_PLACEMENT_3D('',#4596,#4597,#4598);
#4596 = CARTESIAN_POINT('',(18.93,81.89,1.524));
#4597 = DIRECTION('',(0.,-1.,0.));
#4598 = DIRECTION('',(-1.,0.,0.));
#4599 = ADVANCED_FACE('',(#4600),#4606,.F.);
#4600 = FACE_BOUND('',#4601,.T.);
#4601 = EDGE_LOOP('',(#4602,#4603,#4604,#4605));
#4602 = ORIENTED_EDGE('',*,*,#4505,.T.);
#4603 = ORIENTED_EDGE('',*,*,#4536,.T.);
#4604 = ORIENTED_EDGE('',*,*,#4567,.T.);
#4605 = ORIENTED_EDGE('',*,*,#4589,.T.);
#4606 = PLANE('',#4607);
#4607 = AXIS2_PLACEMENT_3D('',#4608,#4609,#4610);
#4608 = CARTESIAN_POINT('',(0.,0.,1.524));
#4609 = DIRECTION('',(0.,0.,1.));
#4610 = DIRECTION('',(1.,0.,-0.));
#4611 = ADVANCED_FACE('',(#4612),#4618,.T.);
#4612 = FACE_BOUND('',#4613,.F.);
#4613 = EDGE_LOOP('',(#4614,#4615,#4616,#4617));
#4614 = ORIENTED_EDGE('',*,*,#4489,.T.);
#4615 = ORIENTED_EDGE('',*,*,#4520,.T.);
#4616 = ORIENTED_EDGE('',*,*,#4551,.T.);
#4617 = ORIENTED_EDGE('',*,*,#4582,.T.);
#4618 = PLANE('',#4619);
#4619 = AXIS2_PLACEMENT_3D('',#4620,#4621,#4622);
#4620 = CARTESIAN_POINT('',(0.,0.,1.564));
#4621 = DIRECTION('',(0.,0.,1.));
#4622 = DIRECTION('',(1.,0.,-0.));
#4623 = MANIFOLD_SOLID_BREP('',#4624);
#4624 = CLOSED_SHELL('',(#4625,#4665,#4696,#4727,#4749,#4761));
#4625 = ADVANCED_FACE('',(#4626),#4660,.T.);
#4626 = FACE_BOUND('',#4627,.T.);
#4627 = EDGE_LOOP('',(#4628,#4638,#4646,#4654));
#4628 = ORIENTED_EDGE('',*,*,#4629,.T.);
#4629 = EDGE_CURVE('',#4630,#4632,#4634,.T.);
#4630 = VERTEX_POINT('',#4631);
#4631 = CARTESIAN_POINT('',(18.22,114.09,1.524));
#4632 = VERTEX_POINT('',#4633);
#4633 = CARTESIAN_POINT('',(18.22,114.09,1.564));
#4634 = LINE('',#4635,#4636);
#4635 = CARTESIAN_POINT('',(18.22,114.09,1.524));
#4636 = VECTOR('',#4637,1.);
#4637 = DIRECTION('',(0.,0.,1.));
#4638 = ORIENTED_EDGE('',*,*,#4639,.T.);
#4639 = EDGE_CURVE('',#4632,#4640,#4642,.T.);
#4640 = VERTEX_POINT('',#4641);
#4641 = CARTESIAN_POINT('',(18.22,114.1,1.564));
#4642 = LINE('',#4643,#4644);
#4643 = CARTESIAN_POINT('',(18.22,114.09,1.564));
#4644 = VECTOR('',#4645,1.);
#4645 = DIRECTION('',(0.,1.,0.));
#4646 = ORIENTED_EDGE('',*,*,#4647,.F.);
#4647 = EDGE_CURVE('',#4648,#4640,#4650,.T.);
#4648 = VERTEX_POINT('',#4649);
#4649 = CARTESIAN_POINT('',(18.22,114.1,1.524));
#4650 = LINE('',#4651,#4652);
#4651 = CARTESIAN_POINT('',(18.22,114.1,1.524));
#4652 = VECTOR('',#4653,1.);
#4653 = DIRECTION('',(0.,0.,1.));
#4654 = ORIENTED_EDGE('',*,*,#4655,.F.);
#4655 = EDGE_CURVE('',#4630,#4648,#4656,.T.);
#4656 = LINE('',#4657,#4658);
#4657 = CARTESIAN_POINT('',(18.22,114.09,1.524));
#4658 = VECTOR('',#4659,1.);
#4659 = DIRECTION('',(0.,1.,0.));
#4660 = PLANE('',#4661);
#4661 = AXIS2_PLACEMENT_3D('',#4662,#4663,#4664);
#4662 = CARTESIAN_POINT('',(18.22,114.09,1.524));
#4663 = DIRECTION('',(-1.,0.,0.));
#4664 = DIRECTION('',(0.,1.,0.));
#4665 = ADVANCED_FACE('',(#4666),#4691,.T.);
#4666 = FACE_BOUND('',#4667,.T.);
#4667 = EDGE_LOOP('',(#4668,#4669,#4677,#4685));
#4668 = ORIENTED_EDGE('',*,*,#4647,.T.);
#4669 = ORIENTED_EDGE('',*,*,#4670,.T.);
#4670 = EDGE_CURVE('',#4640,#4671,#4673,.T.);
#4671 = VERTEX_POINT('',#4672);
#4672 = CARTESIAN_POINT('',(18.23,114.1,1.564));
#4673 = LINE('',#4674,#4675);
#4674 = CARTESIAN_POINT('',(18.22,114.1,1.564));
#4675 = VECTOR('',#4676,1.);
#4676 = DIRECTION('',(1.,0.,0.));
#4677 = ORIENTED_EDGE('',*,*,#4678,.F.);
#4678 = EDGE_CURVE('',#4679,#4671,#4681,.T.);
#4679 = VERTEX_POINT('',#4680);
#4680 = CARTESIAN_POINT('',(18.23,114.1,1.524));
#4681 = LINE('',#4682,#4683);
#4682 = CARTESIAN_POINT('',(18.23,114.1,1.524));
#4683 = VECTOR('',#4684,1.);
#4684 = DIRECTION('',(0.,0.,1.));
#4685 = ORIENTED_EDGE('',*,*,#4686,.F.);
#4686 = EDGE_CURVE('',#4648,#4679,#4687,.T.);
#4687 = LINE('',#4688,#4689);
#4688 = CARTESIAN_POINT('',(18.22,114.1,1.524));
#4689 = VECTOR('',#4690,1.);
#4690 = DIRECTION('',(1.,0.,0.));
#4691 = PLANE('',#4692);
#4692 = AXIS2_PLACEMENT_3D('',#4693,#4694,#4695);
#4693 = CARTESIAN_POINT('',(18.22,114.1,1.524));
#4694 = DIRECTION('',(0.,1.,0.));
#4695 = DIRECTION('',(1.,0.,0.));
#4696 = ADVANCED_FACE('',(#4697),#4722,.T.);
#4697 = FACE_BOUND('',#4698,.T.);
#4698 = EDGE_LOOP('',(#4699,#4700,#4708,#4716));
#4699 = ORIENTED_EDGE('',*,*,#4678,.T.);
#4700 = ORIENTED_EDGE('',*,*,#4701,.T.);
#4701 = EDGE_CURVE('',#4671,#4702,#4704,.T.);
#4702 = VERTEX_POINT('',#4703);
#4703 = CARTESIAN_POINT('',(18.23,114.09,1.564));
#4704 = LINE('',#4705,#4706);
#4705 = CARTESIAN_POINT('',(18.23,114.1,1.564));
#4706 = VECTOR('',#4707,1.);
#4707 = DIRECTION('',(0.,-1.,0.));
#4708 = ORIENTED_EDGE('',*,*,#4709,.F.);
#4709 = EDGE_CURVE('',#4710,#4702,#4712,.T.);
#4710 = VERTEX_POINT('',#4711);
#4711 = CARTESIAN_POINT('',(18.23,114.09,1.524));
#4712 = LINE('',#4713,#4714);
#4713 = CARTESIAN_POINT('',(18.23,114.09,1.524));
#4714 = VECTOR('',#4715,1.);
#4715 = DIRECTION('',(0.,0.,1.));
#4716 = ORIENTED_EDGE('',*,*,#4717,.F.);
#4717 = EDGE_CURVE('',#4679,#4710,#4718,.T.);
#4718 = LINE('',#4719,#4720);
#4719 = CARTESIAN_POINT('',(18.23,114.1,1.524));
#4720 = VECTOR('',#4721,1.);
#4721 = DIRECTION('',(0.,-1.,0.));
#4722 = PLANE('',#4723);
#4723 = AXIS2_PLACEMENT_3D('',#4724,#4725,#4726);
#4724 = CARTESIAN_POINT('',(18.23,114.1,1.524));
#4725 = DIRECTION('',(1.,0.,-0.));
#4726 = DIRECTION('',(0.,-1.,0.));
#4727 = ADVANCED_FACE('',(#4728),#4744,.T.);
#4728 = FACE_BOUND('',#4729,.T.);
#4729 = EDGE_LOOP('',(#4730,#4731,#4737,#4738));
#4730 = ORIENTED_EDGE('',*,*,#4709,.T.);
#4731 = ORIENTED_EDGE('',*,*,#4732,.T.);
#4732 = EDGE_CURVE('',#4702,#4632,#4733,.T.);
#4733 = LINE('',#4734,#4735);
#4734 = CARTESIAN_POINT('',(18.23,114.09,1.564));
#4735 = VECTOR('',#4736,1.);
#4736 = DIRECTION('',(-1.,0.,0.));
#4737 = ORIENTED_EDGE('',*,*,#4629,.F.);
#4738 = ORIENTED_EDGE('',*,*,#4739,.F.);
#4739 = EDGE_CURVE('',#4710,#4630,#4740,.T.);
#4740 = LINE('',#4741,#4742);
#4741 = CARTESIAN_POINT('',(18.23,114.09,1.524));
#4742 = VECTOR('',#4743,1.);
#4743 = DIRECTION('',(-1.,0.,0.));
#4744 = PLANE('',#4745);
#4745 = AXIS2_PLACEMENT_3D('',#4746,#4747,#4748);
#4746 = CARTESIAN_POINT('',(18.23,114.09,1.524));
#4747 = DIRECTION('',(0.,-1.,0.));
#4748 = DIRECTION('',(-1.,0.,0.));
#4749 = ADVANCED_FACE('',(#4750),#4756,.F.);
#4750 = FACE_BOUND('',#4751,.T.);
#4751 = EDGE_LOOP('',(#4752,#4753,#4754,#4755));
#4752 = ORIENTED_EDGE('',*,*,#4655,.T.);
#4753 = ORIENTED_EDGE('',*,*,#4686,.T.);
#4754 = ORIENTED_EDGE('',*,*,#4717,.T.);
#4755 = ORIENTED_EDGE('',*,*,#4739,.T.);
#4756 = PLANE('',#4757);
#4757 = AXIS2_PLACEMENT_3D('',#4758,#4759,#4760);
#4758 = CARTESIAN_POINT('',(0.,0.,1.524));
#4759 = DIRECTION('',(0.,0.,1.));
#4760 = DIRECTION('',(1.,0.,-0.));
#4761 = ADVANCED_FACE('',(#4762),#4768,.T.);
#4762 = FACE_BOUND('',#4763,.F.);
#4763 = EDGE_LOOP('',(#4764,#4765,#4766,#4767));
#4764 = ORIENTED_EDGE('',*,*,#4639,.T.);
#4765 = ORIENTED_EDGE('',*,*,#4670,.T.);
#4766 = ORIENTED_EDGE('',*,*,#4701,.T.);
#4767 = ORIENTED_EDGE('',*,*,#4732,.T.);
#4768 = PLANE('',#4769);
#4769 = AXIS2_PLACEMENT_3D('',#4770,#4771,#4772);
#4770 = CARTESIAN_POINT('',(0.,0.,1.564));
#4771 = DIRECTION('',(0.,0.,1.));
#4772 = DIRECTION('',(1.,0.,-0.));
#4773 = MANIFOLD_SOLID_BREP('',#4774);
#4774 = CLOSED_SHELL('',(#4775,#4815,#4846,#4877,#4899,#4911));
#4775 = ADVANCED_FACE('',(#4776),#4810,.T.);
#4776 = FACE_BOUND('',#4777,.T.);
#4777 = EDGE_LOOP('',(#4778,#4788,#4796,#4804));
#4778 = ORIENTED_EDGE('',*,*,#4779,.T.);
#4779 = EDGE_CURVE('',#4780,#4782,#4784,.T.);
#4780 = VERTEX_POINT('',#4781);
#4781 = CARTESIAN_POINT('',(16.795,146.69,1.524));
#4782 = VERTEX_POINT('',#4783);
#4783 = CARTESIAN_POINT('',(16.795,146.69,1.564));
#4784 = LINE('',#4785,#4786);
#4785 = CARTESIAN_POINT('',(16.795,146.69,1.524));
#4786 = VECTOR('',#4787,1.);
#4787 = DIRECTION('',(0.,0.,1.));
#4788 = ORIENTED_EDGE('',*,*,#4789,.T.);
#4789 = EDGE_CURVE('',#4782,#4790,#4792,.T.);
#4790 = VERTEX_POINT('',#4791);
#4791 = CARTESIAN_POINT('',(16.795,146.7,1.564));
#4792 = LINE('',#4793,#4794);
#4793 = CARTESIAN_POINT('',(16.795,146.69,1.564));
#4794 = VECTOR('',#4795,1.);
#4795 = DIRECTION('',(0.,1.,0.));
#4796 = ORIENTED_EDGE('',*,*,#4797,.F.);
#4797 = EDGE_CURVE('',#4798,#4790,#4800,.T.);
#4798 = VERTEX_POINT('',#4799);
#4799 = CARTESIAN_POINT('',(16.795,146.7,1.524));
#4800 = LINE('',#4801,#4802);
#4801 = CARTESIAN_POINT('',(16.795,146.7,1.524));
#4802 = VECTOR('',#4803,1.);
#4803 = DIRECTION('',(0.,0.,1.));
#4804 = ORIENTED_EDGE('',*,*,#4805,.F.);
#4805 = EDGE_CURVE('',#4780,#4798,#4806,.T.);
#4806 = LINE('',#4807,#4808);
#4807 = CARTESIAN_POINT('',(16.795,146.69,1.524));
#4808 = VECTOR('',#4809,1.);
#4809 = DIRECTION('',(0.,1.,0.));
#4810 = PLANE('',#4811);
#4811 = AXIS2_PLACEMENT_3D('',#4812,#4813,#4814);
#4812 = CARTESIAN_POINT('',(16.795,146.69,1.524));
#4813 = DIRECTION('',(-1.,0.,0.));
#4814 = DIRECTION('',(0.,1.,0.));
#4815 = ADVANCED_FACE('',(#4816),#4841,.T.);
#4816 = FACE_BOUND('',#4817,.T.);
#4817 = EDGE_LOOP('',(#4818,#4819,#4827,#4835));
#4818 = ORIENTED_EDGE('',*,*,#4797,.T.);
#4819 = ORIENTED_EDGE('',*,*,#4820,.T.);
#4820 = EDGE_CURVE('',#4790,#4821,#4823,.T.);
#4821 = VERTEX_POINT('',#4822);
#4822 = CARTESIAN_POINT('',(16.805,146.7,1.564));
#4823 = LINE('',#4824,#4825);
#4824 = CARTESIAN_POINT('',(16.795,146.7,1.564));
#4825 = VECTOR('',#4826,1.);
#4826 = DIRECTION('',(1.,0.,0.));
#4827 = ORIENTED_EDGE('',*,*,#4828,.F.);
#4828 = EDGE_CURVE('',#4829,#4821,#4831,.T.);
#4829 = VERTEX_POINT('',#4830);
#4830 = CARTESIAN_POINT('',(16.805,146.7,1.524));
#4831 = LINE('',#4832,#4833);
#4832 = CARTESIAN_POINT('',(16.805,146.7,1.524));
#4833 = VECTOR('',#4834,1.);
#4834 = DIRECTION('',(0.,0.,1.));
#4835 = ORIENTED_EDGE('',*,*,#4836,.F.);
#4836 = EDGE_CURVE('',#4798,#4829,#4837,.T.);
#4837 = LINE('',#4838,#4839);
#4838 = CARTESIAN_POINT('',(16.795,146.7,1.524));
#4839 = VECTOR('',#4840,1.);
#4840 = DIRECTION('',(1.,0.,0.));
#4841 = PLANE('',#4842);
#4842 = AXIS2_PLACEMENT_3D('',#4843,#4844,#4845);
#4843 = CARTESIAN_POINT('',(16.795,146.7,1.524));
#4844 = DIRECTION('',(0.,1.,0.));
#4845 = DIRECTION('',(1.,0.,0.));
#4846 = ADVANCED_FACE('',(#4847),#4872,.T.);
#4847 = FACE_BOUND('',#4848,.T.);
#4848 = EDGE_LOOP('',(#4849,#4850,#4858,#4866));
#4849 = ORIENTED_EDGE('',*,*,#4828,.T.);
#4850 = ORIENTED_EDGE('',*,*,#4851,.T.);
#4851 = EDGE_CURVE('',#4821,#4852,#4854,.T.);
#4852 = VERTEX_POINT('',#4853);
#4853 = CARTESIAN_POINT('',(16.805,146.69,1.564));
#4854 = LINE('',#4855,#4856);
#4855 = CARTESIAN_POINT('',(16.805,146.7,1.564));
#4856 = VECTOR('',#4857,1.);
#4857 = DIRECTION('',(0.,-1.,0.));
#4858 = ORIENTED_EDGE('',*,*,#4859,.F.);
#4859 = EDGE_CURVE('',#4860,#4852,#4862,.T.);
#4860 = VERTEX_POINT('',#4861);
#4861 = CARTESIAN_POINT('',(16.805,146.69,1.524));
#4862 = LINE('',#4863,#4864);
#4863 = CARTESIAN_POINT('',(16.805,146.69,1.524));
#4864 = VECTOR('',#4865,1.);
#4865 = DIRECTION('',(0.,0.,1.));
#4866 = ORIENTED_EDGE('',*,*,#4867,.F.);
#4867 = EDGE_CURVE('',#4829,#4860,#4868,.T.);
#4868 = LINE('',#4869,#4870);
#4869 = CARTESIAN_POINT('',(16.805,146.7,1.524));
#4870 = VECTOR('',#4871,1.);
#4871 = DIRECTION('',(0.,-1.,0.));
#4872 = PLANE('',#4873);
#4873 = AXIS2_PLACEMENT_3D('',#4874,#4875,#4876);
#4874 = CARTESIAN_POINT('',(16.805,146.7,1.524));
#4875 = DIRECTION('',(1.,0.,-0.));
#4876 = DIRECTION('',(0.,-1.,0.));
#4877 = ADVANCED_FACE('',(#4878),#4894,.T.);
#4878 = FACE_BOUND('',#4879,.T.);
#4879 = EDGE_LOOP('',(#4880,#4881,#4887,#4888));
#4880 = ORIENTED_EDGE('',*,*,#4859,.T.);
#4881 = ORIENTED_EDGE('',*,*,#4882,.T.);
#4882 = EDGE_CURVE('',#4852,#4782,#4883,.T.);
#4883 = LINE('',#4884,#4885);
#4884 = CARTESIAN_POINT('',(16.805,146.69,1.564));
#4885 = VECTOR('',#4886,1.);
#4886 = DIRECTION('',(-1.,0.,0.));
#4887 = ORIENTED_EDGE('',*,*,#4779,.F.);
#4888 = ORIENTED_EDGE('',*,*,#4889,.F.);
#4889 = EDGE_CURVE('',#4860,#4780,#4890,.T.);
#4890 = LINE('',#4891,#4892);
#4891 = CARTESIAN_POINT('',(16.805,146.69,1.524));
#4892 = VECTOR('',#4893,1.);
#4893 = DIRECTION('',(-1.,0.,0.));
#4894 = PLANE('',#4895);
#4895 = AXIS2_PLACEMENT_3D('',#4896,#4897,#4898);
#4896 = CARTESIAN_POINT('',(16.805,146.69,1.524));
#4897 = DIRECTION('',(0.,-1.,0.));
#4898 = DIRECTION('',(-1.,0.,0.));
#4899 = ADVANCED_FACE('',(#4900),#4906,.F.);
#4900 = FACE_BOUND('',#4901,.T.);
#4901 = EDGE_LOOP('',(#4902,#4903,#4904,#4905));
#4902 = ORIENTED_EDGE('',*,*,#4805,.T.);
#4903 = ORIENTED_EDGE('',*,*,#4836,.T.);
#4904 = ORIENTED_EDGE('',*,*,#4867,.T.);
#4905 = ORIENTED_EDGE('',*,*,#4889,.T.);
#4906 = PLANE('',#4907);
#4907 = AXIS2_PLACEMENT_3D('',#4908,#4909,#4910);
#4908 = CARTESIAN_POINT('',(0.,0.,1.524));
#4909 = DIRECTION('',(0.,0.,1.));
#4910 = DIRECTION('',(1.,0.,-0.));
#4911 = ADVANCED_FACE('',(#4912),#4918,.T.);
#4912 = FACE_BOUND('',#4913,.F.);
#4913 = EDGE_LOOP('',(#4914,#4915,#4916,#4917));
#4914 = ORIENTED_EDGE('',*,*,#4789,.T.);
#4915 = ORIENTED_EDGE('',*,*,#4820,.T.);
#4916 = ORIENTED_EDGE('',*,*,#4851,.T.);
#4917 = ORIENTED_EDGE('',*,*,#4882,.T.);
#4918 = PLANE('',#4919);
#4919 = AXIS2_PLACEMENT_3D('',#4920,#4921,#4922);
#4920 = CARTESIAN_POINT('',(0.,0.,1.564));
#4921 = DIRECTION('',(0.,0.,1.));
#4922 = DIRECTION('',(1.,0.,-0.));
#4923 = ( GEOMETRIC_REPRESENTATION_CONTEXT(3) 
GLOBAL_UNCERTAINTY_ASSIGNED_CONTEXT((#4927)) 
GLOBAL_UNIT_ASSIGNED_CONTEXT((#4924,#4925,#4926)) REPRESENTATION_CONTEXT
('Context #1','3D Context with UNIT and UNCERTAINTY') );
#4924 = ( LENGTH_UNIT() NAMED_UNIT(*) SI_UNIT(.MILLI.,.METRE.) );
#4925 = ( NAMED_UNIT(*) PLANE_ANGLE_UNIT() SI_UNIT($,.RADIAN.) );
#4926 = ( NAMED_UNIT(*) SI_UNIT($,.STERADIAN.) SOLID_ANGLE_UNIT() );
#4927 = UNCERTAINTY_MEASURE_WITH_UNIT(LENGTH_MEASURE(1.E-07),#4924,
  'distance_accuracy_value','confusion accuracy');
#4928 = CONTEXT_DEPENDENT_SHAPE_REPRESENTATION(#4929,#4931);
#4929 = ( REPRESENTATION_RELATIONSHIP('','',#4022,#10) 
REPRESENTATION_RELATIONSHIP_WITH_TRANSFORMATION(#4930) 
SHAPE_REPRESENTATION_RELATIONSHIP() );
#4930 = ITEM_DEFINED_TRANSFORMATION('','',#11,#19);
#4931 = PRODUCT_DEFINITION_SHAPE('Placement','Placement of an item',
  #4932);
#4932 = NEXT_ASSEMBLY_USAGE_OCCURRENCE('2','=>[0:1:1:3]','',#5,#4017,$);
#4933 = PRODUCT_RELATED_PRODUCT_CATEGORY('part',$,(#4019));
#4934 = SHAPE_DEFINITION_REPRESENTATION(#4935,#4941);
#4935 = PRODUCT_DEFINITION_SHAPE('','',#4936);
#4936 = PRODUCT_DEFINITION('design','',#4937,#4940);
#4937 = PRODUCT_DEFINITION_FORMATION('','',#4938);
#4938 = PRODUCT('line_array_PCB','line_array_PCB','',(#4939));
#4939 = PRODUCT_CONTEXT('',#2,'mechanical');
#4940 = PRODUCT_DEFINITION_CONTEXT('part definition',#2,'design');
#4941 = ADVANCED_BREP_SHAPE_REPRESENTATION('',(#11,#4942),#5092);
#4942 = MANIFOLD_SOLID_BREP('',#4943);
#4943 = CLOSED_SHELL('',(#4944,#4984,#5015,#5046,#5068,#5080));
#4944 = ADVANCED_FACE('',(#4945),#4979,.T.);
#4945 = FACE_BOUND('',#4946,.T.);
#4946 = EDGE_LOOP('',(#4947,#4957,#4965,#4973));
#4947 = ORIENTED_EDGE('',*,*,#4948,.T.);
#4948 = EDGE_CURVE('',#4949,#4951,#4953,.T.);
#4949 = VERTEX_POINT('',#4950);
#4950 = CARTESIAN_POINT('',(38.,-0.,0.));
#4951 = VERTEX_POINT('',#4952);
#4952 = CARTESIAN_POINT('',(38.,0.,1.524));
#4953 = LINE('',#4954,#4955);
#4954 = CARTESIAN_POINT('',(38.,-0.,0.));
#4955 = VECTOR('',#4956,1.);
#4956 = DIRECTION('',(0.,0.,1.));
#4957 = ORIENTED_EDGE('',*,*,#4958,.T.);
#4958 = EDGE_CURVE('',#4951,#4959,#4961,.T.);
#4959 = VERTEX_POINT('',#4960);
#4960 = CARTESIAN_POINT('',(0.,0.,1.524));
#4961 = LINE('',#4962,#4963);
#4962 = CARTESIAN_POINT('',(38.,0.,1.524));
#4963 = VECTOR('',#4964,1.);
#4964 = DIRECTION('',(-1.,0.,0.));
#4965 = ORIENTED_EDGE('',*,*,#4966,.F.);
#4966 = EDGE_CURVE('',#4967,#4959,#4969,.T.);
#4967 = VERTEX_POINT('',#4968);
#4968 = CARTESIAN_POINT('',(0.,-0.,0.));
#4969 = LINE('',#4970,#4971);
#4970 = CARTESIAN_POINT('',(0.,-0.,0.));
#4971 = VECTOR('',#4972,1.);
#4972 = DIRECTION('',(0.,0.,1.));
#4973 = ORIENTED_EDGE('',*,*,#4974,.F.);
#4974 = EDGE_CURVE('',#4949,#4967,#4975,.T.);
#4975 = LINE('',#4976,#4977);
#4976 = CARTESIAN_POINT('',(38.,-0.,0.));
#4977 = VECTOR('',#4978,1.);
#4978 = DIRECTION('',(-1.,0.,0.));
#4979 = PLANE('',#4980);
#4980 = AXIS2_PLACEMENT_3D('',#4981,#4982,#4983);
#4981 = CARTESIAN_POINT('',(38.,0.,0.));
#4982 = DIRECTION('',(0.,-1.,0.));
#4983 = DIRECTION('',(-1.,0.,0.));
#4984 = ADVANCED_FACE('',(#4985),#5010,.T.);
#4985 = FACE_BOUND('',#4986,.T.);
#4986 = EDGE_LOOP('',(#4987,#4988,#4996,#5004));
#4987 = ORIENTED_EDGE('',*,*,#4966,.T.);
#4988 = ORIENTED_EDGE('',*,*,#4989,.T.);
#4989 = EDGE_CURVE('',#4959,#4990,#4992,.T.);
#4990 = VERTEX_POINT('',#4991);
#4991 = CARTESIAN_POINT('',(0.,180.,1.524));
#4992 = LINE('',#4993,#4994);
#4993 = CARTESIAN_POINT('',(0.,0.,1.524));
#4994 = VECTOR('',#4995,1.);
#4995 = DIRECTION('',(0.,1.,0.));
#4996 = ORIENTED_EDGE('',*,*,#4997,.F.);
#4997 = EDGE_CURVE('',#4998,#4990,#5000,.T.);
#4998 = VERTEX_POINT('',#4999);
#4999 = CARTESIAN_POINT('',(0.,180.,0.));
#5000 = LINE('',#5001,#5002);
#5001 = CARTESIAN_POINT('',(0.,180.,0.));
#5002 = VECTOR('',#5003,1.);
#5003 = DIRECTION('',(0.,0.,1.));
#5004 = ORIENTED_EDGE('',*,*,#5005,.F.);
#5005 = EDGE_CURVE('',#4967,#4998,#5006,.T.);
#5006 = LINE('',#5007,#5008);
#5007 = CARTESIAN_POINT('',(0.,-0.,0.));
#5008 = VECTOR('',#5009,1.);
#5009 = DIRECTION('',(0.,1.,0.));
#5010 = PLANE('',#5011);
#5011 = AXIS2_PLACEMENT_3D('',#5012,#5013,#5014);
#5012 = CARTESIAN_POINT('',(0.,0.,0.));
#5013 = DIRECTION('',(-1.,0.,0.));
#5014 = DIRECTION('',(0.,1.,0.));
#5015 = ADVANCED_FACE('',(#5016),#5041,.T.);
#5016 = FACE_BOUND('',#5017,.T.);
#5017 = EDGE_LOOP('',(#5018,#5019,#5027,#5035));
#5018 = ORIENTED_EDGE('',*,*,#4997,.T.);
#5019 = ORIENTED_EDGE('',*,*,#5020,.T.);
#5020 = EDGE_CURVE('',#4990,#5021,#5023,.T.);
#5021 = VERTEX_POINT('',#5022);
#5022 = CARTESIAN_POINT('',(38.,180.,1.524));
#5023 = LINE('',#5024,#5025);
#5024 = CARTESIAN_POINT('',(0.,180.,1.524));
#5025 = VECTOR('',#5026,1.);
#5026 = DIRECTION('',(1.,0.,0.));
#5027 = ORIENTED_EDGE('',*,*,#5028,.F.);
#5028 = EDGE_CURVE('',#5029,#5021,#5031,.T.);
#5029 = VERTEX_POINT('',#5030);
#5030 = CARTESIAN_POINT('',(38.,180.,0.));
#5031 = LINE('',#5032,#5033);
#5032 = CARTESIAN_POINT('',(38.,180.,0.));
#5033 = VECTOR('',#5034,1.);
#5034 = DIRECTION('',(0.,0.,1.));
#5035 = ORIENTED_EDGE('',*,*,#5036,.F.);
#5036 = EDGE_CURVE('',#4998,#5029,#5037,.T.);
#5037 = LINE('',#5038,#5039);
#5038 = CARTESIAN_POINT('',(0.,180.,0.));
#5039 = VECTOR('',#5040,1.);
#5040 = DIRECTION('',(1.,0.,0.));
#5041 = PLANE('',#5042);
#5042 = AXIS2_PLACEMENT_3D('',#5043,#5044,#5045);
#5043 = CARTESIAN_POINT('',(0.,180.,0.));
#5044 = DIRECTION('',(0.,1.,0.));
#5045 = DIRECTION('',(1.,0.,0.));
#5046 = ADVANCED_FACE('',(#5047),#5063,.T.);
#5047 = FACE_BOUND('',#5048,.T.);
#5048 = EDGE_LOOP('',(#5049,#5050,#5056,#5057));
#5049 = ORIENTED_EDGE('',*,*,#5028,.T.);
#5050 = ORIENTED_EDGE('',*,*,#5051,.T.);
#5051 = EDGE_CURVE('',#5021,#4951,#5052,.T.);
#5052 = LINE('',#5053,#5054);
#5053 = CARTESIAN_POINT('',(38.,180.,1.524));
#5054 = VECTOR('',#5055,1.);
#5055 = DIRECTION('',(0.,-1.,0.));
#5056 = ORIENTED_EDGE('',*,*,#4948,.F.);
#5057 = ORIENTED_EDGE('',*,*,#5058,.F.);
#5058 = EDGE_CURVE('',#5029,#4949,#5059,.T.);
#5059 = LINE('',#5060,#5061);
#5060 = CARTESIAN_POINT('',(38.,180.,0.));
#5061 = VECTOR('',#5062,1.);
#5062 = DIRECTION('',(0.,-1.,0.));
#5063 = PLANE('',#5064);
#5064 = AXIS2_PLACEMENT_3D('',#5065,#5066,#5067);
#5065 = CARTESIAN_POINT('',(38.,180.,0.));
#5066 = DIRECTION('',(1.,0.,-0.));
#5067 = DIRECTION('',(0.,-1.,0.));
#5068 = ADVANCED_FACE('',(#5069),#5075,.F.);
#5069 = FACE_BOUND('',#5070,.T.);
#5070 = EDGE_LOOP('',(#5071,#5072,#5073,#5074));
#5071 = ORIENTED_EDGE('',*,*,#4974,.T.);
#5072 = ORIENTED_EDGE('',*,*,#5005,.T.);
#5073 = ORIENTED_EDGE('',*,*,#5036,.T.);
#5074 = ORIENTED_EDGE('',*,*,#5058,.T.);
#5075 = PLANE('',#5076);
#5076 = AXIS2_PLACEMENT_3D('',#5077,#5078,#5079);
#5077 = CARTESIAN_POINT('',(0.,0.,0.));
#5078 = DIRECTION('',(0.,0.,1.));
#5079 = DIRECTION('',(1.,0.,-0.));
#5080 = ADVANCED_FACE('',(#5081),#5087,.T.);
#5081 = FACE_BOUND('',#5082,.F.);
#5082 = EDGE_LOOP('',(#5083,#5084,#5085,#5086));
#5083 = ORIENTED_EDGE('',*,*,#4958,.T.);
#5084 = ORIENTED_EDGE('',*,*,#4989,.T.);
#5085 = ORIENTED_EDGE('',*,*,#5020,.T.);
#5086 = ORIENTED_EDGE('',*,*,#5051,.T.);
#5087 = PLANE('',#5088);
#5088 = AXIS2_PLACEMENT_3D('',#5089,#5090,#5091);
#5089 = CARTESIAN_POINT('',(0.,0.,1.524));
#5090 = DIRECTION('',(0.,0.,1.));
#5091 = DIRECTION('',(1.,0.,-0.));
#5092 = ( GEOMETRIC_REPRESENTATION_CONTEXT(3) 
GLOBAL_UNCERTAINTY_ASSIGNED_CONTEXT((#5096)) 
GLOBAL_UNIT_ASSIGNED_CONTEXT((#5093,#5094,#5095)) REPRESENTATION_CONTEXT
('Context #1','3D Context with UNIT and UNCERTAINTY') );
#5093 = ( LENGTH_UNIT() NAMED_UNIT(*) SI_UNIT(.MILLI.,.METRE.) );
#5094 = ( NAMED_UNIT(*) PLANE_ANGLE_UNIT() SI_UNIT($,.RADIAN.) );
#5095 = ( NAMED_UNIT(*) SI_UNIT($,.STERADIAN.) SOLID_ANGLE_UNIT() );
#5096 = UNCERTAINTY_MEASURE_WITH_UNIT(LENGTH_MEASURE(1.E-07),#5093,
  'distance_accuracy_value','confusion accuracy');
#5097 = CONTEXT_DEPENDENT_SHAPE_REPRESENTATION(#5098,#5100);
#5098 = ( REPRESENTATION_RELATIONSHIP('','',#4941,#10) 
REPRESENTATION_RELATIONSHIP_WITH_TRANSFORMATION(#5099) 
SHAPE_REPRESENTATION_RELATIONSHIP() );
#5099 = ITEM_DEFINED_TRANSFORMATION('','',#11,#23);
#5100 = PRODUCT_DEFINITION_SHAPE('Placement','Placement of an item',
  #5101);
#5101 = NEXT_ASSEMBLY_USAGE_OCCURRENCE('3','=>[0:1:1:4]','',#5,#4936,$);
#5102 = PRODUCT_RELATED_PRODUCT_CATEGORY('part',$,(#4938));
#5103 = MECHANICAL_DESIGN_GEOMETRIC_PRESENTATION_REPRESENTATION('',(
    #5104),#5092);
#5104 = STYLED_ITEM('color',(#5105),#4942);
#5105 = PRESENTATION_STYLE_ASSIGNMENT((#5106));
#5106 = SURFACE_STYLE_USAGE(.BOTH.,#5107);
#5107 = SURFACE_SIDE_STYLE('',(#5108));
#5108 = SURFACE_STYLE_FILL_AREA(#5109);
#5109 = FILL_AREA_STYLE('',(#5110));
#5110 = FILL_AREA_STYLE_COLOUR('',#5111);
#5111 = COLOUR_RGB('',0.313304153717,0.484529207832,0.410020903123);
#5112 = MECHANICAL_DESIGN_GEOMETRIC_PRESENTATION_REPRESENTATION('',(
    #5113,#5121,#5128,#5135,#5142,#5149),#4923);
#5113 = STYLED_ITEM('color',(#5114),#4023);
#5114 = PRESENTATION_STYLE_ASSIGNMENT((#5115));
#5115 = SURFACE_STYLE_USAGE(.BOTH.,#5116);
#5116 = SURFACE_SIDE_STYLE('',(#5117));
#5117 = SURFACE_STYLE_FILL_AREA(#5118);
#5118 = FILL_AREA_STYLE('',(#5119));
#5119 = FILL_AREA_STYLE_COLOUR('',#5120);
#5120 = COLOUR_RGB('',0.735356983052,0.735356983052,0.735356983052);
#5121 = STYLED_ITEM('color',(#5122),#4173);
#5122 = PRESENTATION_STYLE_ASSIGNMENT((#5123));
#5123 = SURFACE_STYLE_USAGE(.BOTH.,#5124);
#5124 = SURFACE_SIDE_STYLE('',(#5125));
#5125 = SURFACE_STYLE_FILL_AREA(#5126);
#5126 = FILL_AREA_STYLE('',(#5127));
#5127 = FILL_AREA_STYLE_COLOUR('',#5120);
#5128 = STYLED_ITEM('color',(#5129),#4323);
#5129 = PRESENTATION_STYLE_ASSIGNMENT((#5130));
#5130 = SURFACE_STYLE_USAGE(.BOTH.,#5131);
#5131 = SURFACE_SIDE_STYLE('',(#5132));
#5132 = SURFACE_STYLE_FILL_AREA(#5133);
#5133 = FILL_AREA_STYLE('',(#5134));
#5134 = FILL_AREA_STYLE_COLOUR('',#5120);
#5135 = STYLED_ITEM('color',(#5136),#4473);
#5136 = PRESENTATION_STYLE_ASSIGNMENT((#5137));
#5137 = SURFACE_STYLE_USAGE(.BOTH.,#5138);
#5138 = SURFACE_SIDE_STYLE('',(#5139));
#5139 = SURFACE_STYLE_FILL_AREA(#5140);
#5140 = FILL_AREA_STYLE('',(#5141));
#5141 = FILL_AREA_STYLE_COLOUR('',#5120);
#5142 = STYLED_ITEM('color',(#5143),#4623);
#5143 = PRESENTATION_STYLE_ASSIGNMENT((#5144));
#5144 = SURFACE_STYLE_USAGE(.BOTH.,#5145);
#5145 = SURFACE_SIDE_STYLE('',(#5146));
#5146 = SURFACE_STYLE_FILL_AREA(#5147);
#5147 = FILL_AREA_STYLE('',(#5148));
#5148 = FILL_AREA_STYLE_COLOUR('',#5120);
#5149 = STYLED_ITEM('color',(#5150),#4773);
#5150 = PRESENTATION_STYLE_ASSIGNMENT((#5151));
#5151 = SURFACE_STYLE_USAGE(.BOTH.,#5152);
#5152 = SURFACE_SIDE_STYLE('',(#5153));
#5153 = SURFACE_STYLE_FILL_AREA(#5154);
#5154 = FILL_AREA_STYLE('',(#5155));
#5155 = FILL_AREA_STYLE_COLOUR('',#5120);
#5156 = MECHANICAL_DESIGN_GEOMETRIC_PRESENTATION_REPRESENTATION('',(
    #5157,#5165),#4004);
#5157 = STYLED_ITEM('color',(#5158),#41);
#5158 = PRESENTATION_STYLE_ASSIGNMENT((#5159));
#5159 = SURFACE_STYLE_USAGE(.BOTH.,#5160);
#5160 = SURFACE_SIDE_STYLE('',(#5161));
#5161 = SURFACE_STYLE_FILL_AREA(#5162);
#5162 = FILL_AREA_STYLE('',(#5163));
#5163 = FILL_AREA_STYLE_COLOUR('',#5164);
#5164 = COLOUR_RGB('',0.854305825093,0.803630995277,0.);
#5165 = STYLED_ITEM('color',(#5166),#3854);
#5166 = PRESENTATION_STYLE_ASSIGNMENT((#5167));
#5167 = SURFACE_STYLE_USAGE(.BOTH.,#5168);
#5168 = SURFACE_SIDE_STYLE('',(#5169));
#5169 = SURFACE_STYLE_FILL_AREA(#5170);
#5170 = FILL_AREA_STYLE('',(#5171));
#5171 = FILL_AREA_STYLE_COLOUR('',#5164);
ENDSEC;
END-ISO-10303-21;
