<Qucs Dataset 1.0.3>
<indep Ccomp 1>
  +5.00000000000000015187e-14
</indep>
<indep Gap 1>
  +1.29000000000000018515e-04
</indep>
<indep L 1>
  +7.30000000000000006523e-03
</indep>
<indep W 1>
  +3.80000000000000020921e-04
</indep>
<indep frequency 200>
  +4.00000000000000000000e+09
  +4.02010050251256275177e+09
  +4.04020100502512550354e+09
  +4.06030150753768825531e+09
  +4.08040201005025148392e+09
  +4.10050251256281423569e+09
  +4.12060301507537698746e+09
  +4.14070351758793973923e+09
  +4.16080402010050249100e+09
  +4.18090452261306524277e+09
  +4.20100502512562799454e+09
  +4.22110552763819074631e+09
  +4.24120603015075397491e+09
  +4.26130653266331672668e+09
  +4.28140703517587947845e+09
  +4.30150753768844223022e+09
  +4.32160804020100498199e+09
  +4.34170854271356773376e+09
  +4.36180904522613048553e+09
  +4.38190954773869323730e+09
  +4.40201005025125598907e+09
  +4.42211055276381874084e+09
  +4.44221105527638149261e+09
  +4.46231155778894424438e+09
  +4.48241206030150794983e+09
  +4.50251256281407070160e+09
  +4.52261306532663345337e+09
  +4.54271356783919620514e+09
  +4.56281407035175895691e+09
  +4.58291457286432170868e+09
  +4.60301507537688446045e+09
  +4.62311557788944721222e+09
  +4.64321608040200996399e+09
  +4.66331658291457271576e+09
  +4.68341708542713546753e+09
  +4.70351758793969821930e+09
  +4.72361809045226097107e+09
  +4.74371859296482467651e+09
  +4.76381909547738647461e+09
  +4.78391959798995018005e+09
  +4.80402010050251293182e+09
  +4.82412060301507568359e+09
  +4.84422110552763843536e+09
  +4.86432160804020118713e+09
  +4.88442211055276393890e+09
  +4.90452261306532669067e+09
  +4.92462311557788944244e+09
  +4.94472361809045219421e+09
  +4.96482412060301494598e+09
  +4.98492462311557769775e+09
  +5.00502512562814044952e+09
  +5.02512562814070320129e+09
  +5.04522613065326690674e+09
  +5.06532663316582870483e+09
  +5.08542713567839241028e+09
  +5.10552763819095516205e+09
  +5.12562814070351791382e+09
  +5.14572864321608066559e+09
  +5.16582914572864341736e+09
  +5.18592964824120616913e+09
  +5.20603015075376892090e+09
  +5.22613065326633167267e+09
  +5.24623115577889442444e+09
  +5.26633165829145717621e+09
  +5.28643216080401992798e+09
  +5.30653266331658267975e+09
  +5.32663316582914543152e+09
  +5.34673366834170913696e+09
  +5.36683417085427093506e+09
  +5.38693467336683464050e+09
  +5.40703517587939739227e+09
  +5.42713567839196014404e+09
  +5.44723618090452289581e+09
  +5.46733668341708564758e+09
  +5.48743718592964839935e+09
  +5.50753768844221115112e+09
  +5.52763819095477390289e+09
  +5.54773869346733665466e+09
  +5.56783919597989940643e+09
  +5.58793969849246215820e+09
  +5.60804020100502490997e+09
  +5.62814070351758766174e+09
  +5.64824120603015136719e+09
  +5.66834170854271316528e+09
  +5.68844221105527687073e+09
  +5.70854271356783962250e+09
  +5.72864321608040237427e+09
  +5.74874371859296512604e+09
  +5.76884422110552787781e+09
  +5.78894472361809062958e+09
  +5.80904522613065338135e+09
  +5.82914572864321613312e+09
  +5.84924623115577888489e+09
  +5.86934673366834163666e+09
  +5.88944723618090438843e+09
  +5.90954773869346714020e+09
  +5.92964824120602989197e+09
  +5.94974874371859359741e+09
  +5.96984924623115539551e+09
  +5.98994974874371910095e+09
  +6.01005025125628185272e+09
  +6.03015075376884460449e+09
  +6.05025125628140735626e+09
  +6.07035175879397010803e+09
  +6.09045226130653285980e+09
  +6.11055276381909561157e+09
  +6.13065326633165836334e+09
  +6.15075376884422111511e+09
  +6.17085427135678386688e+09
  +6.19095477386934661865e+09
  +6.21105527638191032410e+09
  +6.23115577889447212219e+09
  +6.25125628140703582764e+09
  +6.27135678391959762573e+09
  +6.29145728643216133118e+09
  +6.31155778894472312927e+09
  +6.33165829145728683472e+09
  +6.35175879396984958649e+09
  +6.37185929648241233826e+09
  +6.39195979899497509003e+09
  +6.41206030150753784180e+09
  +6.43216080402010059357e+09
  +6.45226130653266334534e+09
  +6.47236180904522609711e+09
  +6.49246231155778884888e+09
  +6.51256281407035255432e+09
  +6.53266331658291435242e+09
  +6.55276381909547805786e+09
  +6.57286432160803985596e+09
  +6.59296482412060356140e+09
  +6.61306532663316535950e+09
  +6.63316582914572906494e+09
  +6.65326633165829181671e+09
  +6.67336683417085456848e+09
  +6.69346733668341732025e+09
  +6.71356783919598007202e+09
  +6.73366834170854282379e+09
  +6.75376884422110557556e+09
  +6.77386934673366832733e+09
  +6.79396984924623107910e+09
  +6.81407035175879478455e+09
  +6.83417085427135658264e+09
  +6.85427135678392028809e+09
  +6.87437185929648208618e+09
  +6.89447236180904579163e+09
  +6.91457286432160758972e+09
  +6.93467336683417129517e+09
  +6.95477386934673404694e+09
  +6.97487437185929679871e+09
  +6.99497487437185955048e+09
  +7.01507537688442230225e+09
  +7.03517587939698505402e+09
  +7.05527638190954780579e+09
  +7.07537688442211055756e+09
  +7.09547738693467330933e+09
  +7.11557788944723701477e+09
  +7.13567839195979881287e+09
  +7.15577889447236251831e+09
  +7.17587939698492431641e+09
  +7.19597989949748802185e+09
  +7.21608040201004981995e+09
  +7.23618090452261352539e+09
  +7.25628140703517627716e+09
  +7.27638190954773902893e+09
  +7.29648241206030178070e+09
  +7.31658291457286453247e+09
  +7.33668341708542728424e+09
  +7.35678391959799003601e+09
  +7.37688442211055278778e+09
  +7.39698492462311553955e+09
  +7.41708542713567924500e+09
  +7.43718592964824104309e+09
  +7.45728643216080474854e+09
  +7.47738693467336654663e+09
  +7.49748743718593025208e+09
  +7.51758793969849205017e+09
  +7.53768844221105575562e+09
  +7.55778894472361850739e+09
  +7.57788944723618125916e+09
  +7.59798994974874401093e+09
  +7.61809045226130676270e+09
  +7.63819095477386951447e+09
  +7.65829145728643226624e+09
  +7.67839195979899501801e+09
  +7.69849246231155776978e+09
  +7.71859296482412147522e+09
  +7.73869346733668327332e+09
  +7.75879396984924697876e+09
  +7.77889447236180877686e+09
  +7.79899497487437248230e+09
  +7.81909547738693428040e+09
  +7.83919597989949798584e+09
  +7.85929648241206073761e+09
  +7.87939698492462348938e+09
  +7.89949748743718624115e+09
  +7.91959798994974899292e+09
  +7.93969849246231174469e+09
  +7.95979899497487449646e+09
  +7.97989949748743724823e+09
  +8.00000000000000000000e+09
</indep>
<dep S34_dB frequency>
  -6.45888429289181331683e-01
  -6.48384919174835316902e-01
  -6.50868201241082688924e-01
  -6.53338163892074774708e-01
  -6.55794697124138181721e-01
  -6.58237692609990321380e-01
  -6.60667043782679930253e-01
  -6.63082645918728008638e-01
  -6.65484396220652585363e-01
  -6.67872193898741972617e-01
  -6.70245940251841143542e-01
  -6.72605538747181874726e-01
  -6.74950895099228231899e-01
  -6.77281917347301143373e-01
  -6.79598515931849056493e-01
  -6.81900603769693414158e-01
  -6.84188096327526418250e-01
  -6.86460911694238173908e-01
  -6.88718970651480022482e-01
  -6.90962196742723744336e-01
  -6.93190516340630669134e-01
  -6.95403858712649647345e-01
  -6.97602156084794366997e-01
  -6.99785343703660744907e-01
  -7.01953359896381190453e-01
  -7.04106146128825716168e-01
  -7.06243647061526091946e-01
  -7.08365810603786671962e-01
  -7.10472587965703894497e-01
  -7.12563933707835106546e-01
  -7.14639805788959803223e-01
  -7.16700165611675044097e-01
  -7.18744978065422701619e-01
  -7.20774211567882128193e-01
  -7.22787838103599034056e-01
  -7.24785833260661593869e-01
  -7.26768176264993570612e-01
  -7.28734850012482615611e-01
  -7.30685841098704380592e-01
  -7.32621139846485469604e-01
  -7.34540740331169228483e-01
  -7.36444640403710382159e-01
  -7.38332841711311749222e-01
  -7.40205349716095972745e-01
  -7.42062173711377059959e-01
  -7.43903326835864242561e-01
  -7.45728826085628959675e-01
  -7.47538692323923448235e-01
  -7.49332950289024357637e-01
  -7.51111628599821501417e-01
  -7.52874759759465383979e-01
  -7.54622380157016325875e-01
  -7.56354530067120389702e-01
  -7.58071253647759735195e-01
  -7.59772598936133025660e-01
  -7.61458617842722840230e-01
  -7.63129366143530551980e-01
  -7.64784903470708710138e-01
  -7.66425293301409182867e-01
  -7.68050602944999716293e-01
  -7.69660903528857520683e-01
  -7.71256269982566688981e-01
  -7.72836781020554863808e-01
  -7.74402519123589039296e-01
  -7.75953570518824298219e-01
  -7.77490025158515063453e-01
  -7.79011976697699948247e-01
  -7.80519522470496496247e-01
  -7.82012763465724236589e-01
  -7.83491804301057581661e-01
  -7.84956753196583312260e-01
  -7.86407721947288917974e-01
  -7.87844825894863376448e-01
  -7.89268183898630626416e-01
  -7.90677918305878080218e-01
  -7.92074154921526996098e-01
  -7.93457022977250958640e-01
  -7.94826655100106194141e-01
  -7.96183187280724680157e-01
  -7.97526758841029748126e-01
  -7.98857512401879188424e-01
  -8.00175593850148247910e-01
  -8.01481152305852262430e-01
  -8.02774340088925231207e-01
  -8.04055312686066114836e-01
  -8.05324228717481993556e-01
  -8.06581249903541963597e-01
  -8.07826541031650746660e-01
  -8.09060269923097541422e-01
  -8.10282607400097387718e-01
  -8.11493727253007057776e-01
  -8.12693806207728353108e-01
  -8.13883023893535284543e-01
  -8.15061562810844186799e-01
  -8.16229608299776532299e-01
  -8.17387348508641808920e-01
  -8.18534974363139600229e-01
  -8.19672679535712322973e-01
  -8.20800660415507143952e-01
  -8.21919116078682288062e-01
  -8.23028248259219386007e-01
  -8.24128261320200339313e-01
  -8.25219362225462216287e-01
  -8.26301760512045957441e-01
  -8.27375668262719687895e-01
  -8.28441300079335141149e-01
  -8.29498873056490060307e-01
  -8.30548606755762031106e-01
  -8.31590723180372970447e-01
  -8.32625446750379194505e-01
  -8.33653004278208542566e-01
  -8.34673624944685665916e-01
  -8.35687540275617868346e-01
  -8.36694984118471207779e-01
  -8.37696192619658885903e-01
  -8.38691404202050128092e-01
  -8.39680859542837221277e-01
  -8.40664801551675888724e-01
  -8.41643475348976988215e-01
  -8.42617128244463775566e-01
  -8.43586009715913243134e-01
  -8.44550371387979725846e-01
  -8.45510467010925359510e-01
  -8.46466552439670949504e-01
  -8.47418885612597039270e-01
  -8.48367726530172783228e-01
  -8.49313337233778997692e-01
  -8.50255981783974101873e-01
  -8.51195926238673128417e-01
  -8.52133438631045292411e-01
  -8.53068788946866995992e-01
  -8.54002249101623478467e-01
  -8.54934092916977417254e-01
  -8.55864596096733265540e-01
  -8.56794036202131570334e-01
  -8.57722692626442961839e-01
  -8.58650846568788095325e-01
  -8.59578781007247938462e-01
  -8.60506780670812876366e-01
  -8.61435132010608284325e-01
  -8.62364123169997220941e-01
  -8.63294043953558021265e-01
  -8.64225185794843420162e-01
  -8.65157841723094400699e-01
  -8.66092306328445915575e-01
  -8.67028875725883052539e-01
  -8.67967847517644663924e-01
  -8.68909520754333919434e-01
  -8.69854195894336323924e-01
  -8.70802174761572511663e-01
  -8.71753760501743246714e-01
  -8.72709257536742888384e-01
  -8.73668971517231662816e-01
  -8.74633209273528833272e-01
  -8.75602278764552766077e-01
  -8.76576489024748606305e-01
  -8.77556150109145782778e-01
  -8.78541573036362599680e-01
  -8.79533069729497740674e-01
  -8.80530952955100643109e-01
  -8.81535536259721697050e-01
  -8.82547133904605818344e-01
  -8.83566060797981611685e-01
  -8.84592632425315938960e-01
  -8.85627164777157527276e-01
  -8.86669974274878591736e-01
  -8.87721377694174917927e-01
  -8.88781692086073604742e-01
  -8.89851234696047987960e-01
  -8.90930322880506553318e-01
  -8.92019274021244146233e-01
  -8.93118405437492546284e-01
  -8.94228034295857066027e-01
  -8.95348477517984298046e-01
  -8.96480051685861756283e-01
  -8.97623072945330613415e-01
  -8.98777856906888050759e-01
  -8.99944718544928190518e-01
  -9.01123972094529879229e-01
  -9.02315930946418487402e-01
  -9.03520907539811402032e-01
  -9.04739213253346052923e-01
  -9.05971158294269884870e-01
  -9.07217051585582634488e-01
  -9.08477200651673366671e-01
  -9.09751911502074572802e-01
  -9.11041488513727348852e-01
  -9.12346234311647408255e-01
  -9.13666449648236289605e-01
  -9.15002433281051574809e-01
  -9.16354481849587676479e-01
  -9.17722889750566150902e-01
  -9.19107949012446745485e-01
  -9.20509949168656360641e-01
  -9.21929177130236809923e-01
  -9.23365917057489049569e-01
  -9.24820450231128354801e-01
  -9.26293054922851855082e-01
  -9.27784006265387262147e-01
  -9.29293576122451669974e-01
</dep>
<dep S24_dB frequency>
  -1.49755843047437693372e+01
  -1.49647596945110077371e+01
  -1.49543520528618714138e+01
  -1.49443602914136786097e+01
  -1.49347833692092066826e+01
  -1.49256202923955854089e+01
  -1.49168701139240500453e+01
  -1.49085319332699768324e+01
  -1.49006048961729895552e+01
  -1.48930881943965580660e+01
  -1.48859810655068010021e+01
  -1.48792827926701249908e+01
  -1.48729927044694356653e+01
  -1.48671101747384231118e+01
  -1.48616346224137316767e+01
  -1.48565655114048755792e+01
  -1.48519023504812679448e+01
  -1.48476446931764911596e+01
  -1.48437921377093466901e+01
  -1.48403443269215351563e+01
  -1.48373009482317890217e+01
  -1.48346617336062678305e+01
  -1.48324264595450134863e+01
  -1.48305949470843714266e+01
  -1.48291670618152053862e+01
  -1.48281427139168648921e+01
  -1.48275218582066479200e+01
  -1.48273044942048812800e+01
  -1.48274906662154659642e+01
  -1.48280804634217453497e+01
  -1.48290740199977992830e+01
  -1.48304715152352457608e+01
  -1.48322731736850617068e+01
  -1.48344792653153074724e+01
  -1.48370901056837816157e+01
  -1.48401060561265438764e+01
  -1.48435275239617929799e+01
  -1.48473549627095344761e+01
  -1.48515888723268929539e+01
  -1.48562297994594043615e+01
  -1.48612783377083488290e+01
  -1.48667351279143069576e+01
  -1.48726008584569981963e+01
  -1.48788762655718329597e+01
  -1.48855621336832406598e+01
  -1.48926592957550329999e+01
  -1.49001686336581080639e+01
  -1.49080910785557190223e+01
  -1.49164276113067444385e+01
  -1.49251792628869921487e+01
  -1.49343471148292650241e+01
  -1.49439322996822454570e+01
  -1.49539360014887794392e+01
  -1.49643594562837360940e+01
  -1.49752039526123290614e+01
  -1.49864708320687061160e+01
  -1.49981614898559438842e+01
  -1.50102773753675027280e+01
  -1.50228199927909145117e+01
  -1.50357909017340674040e+01
  -1.50491917178749883277e+01
  -1.50630241136354019460e+01
  -1.50772898188787767282e+01
  -1.50919906216338937099e+01
  -1.51071283688440836102e+01
  -1.51227049671432816069e+01
  -1.51387223836595232740e+01
  -1.51551826468466863673e+01
  -1.51720878473453595348e+01
  -1.51894401388736639547e+01
  -1.52072417391489587146e+01
  -1.52254949308414762044e+01
  -1.52442020625607081996e+01
  -1.52633655498756670710e+01
  -1.52829878763702975419e+01
  -1.53030715947347104589e+01
  -1.53236193278938177542e+01
  -1.53446337701745569859e+01
  -1.53661176885126948832e+01
  -1.53880739237008015152e+01
  -1.54105053916788889978e+01
  -1.54334150848686117996e+01
  -1.54568060735533201466e+01
  -1.54806815073047587816e+01
  -1.55050446164587292230e+01
  -1.55298987136409252230e+01
  -1.55552471953449398256e+01
  -1.55810935435643358460e+01
  -1.56074413274806129692e+01
  -1.56342942052092066518e+01
  -1.56616559256054426186e+01
  -1.56895303301329427370e+01
  -1.57179213547965872522e+01
  -1.57468330321423408691e+01
  -1.57762694933268505793e+01
  -1.58062349702589592937e+01
  -1.58367337978163043033e+01
  -1.58677704161395531912e+01
  -1.58993493730075066139e+01
  -1.59314753262960824287e+01
  -1.59641530465245846671e+01
  -1.59973874194924938763e+01
  -1.60311834490106761564e+01
  -1.60655462597306240013e+01
  -1.61004811000755765349e+01
  -1.61359933452779564789e+01
  -1.61720885005272378976e+01
  -1.62087722042329005490e+01
  -1.62460502314072954277e+01
  -1.62839284971733562202e+01
  -1.63224130604025035041e+01
  -1.63615101274881702409e+01
  -1.64012260562611658088e+01
  -1.64415673600522964648e+01
  -1.64825407119093156894e+01
  -1.65241529489747982495e+01
  -1.65664110770317591914e+01
  -1.66093222752250255780e+01
  -1.66528939009658358827e+01
  -1.66971334950280763110e+01
  -1.67420487868451637326e+01
  -1.67876477000165067466e+01
  -1.68339383580333503687e+01
  -1.68809290902344706353e+01
  -1.69286284380023488438e+01
  -1.69770451612113255635e+01
  -1.70261882449400481221e+01
  -1.70760669064606460665e+01
  -1.71266906025183693885e+01
  -1.71780690369160744524e+01
  -1.72302121684184044170e+01
  -1.72831302189919888690e+01
  -1.73368336823984066086e+01
  -1.73913333331580268748e+01
  -1.74466402359036720782e+01
  -1.75027657551444448814e+01
  -1.75597215654610678826e+01
  -1.76175196621555123500e+01
  -1.76761723723791810414e+01
  -1.77356923667651713572e+01
  -1.77960926715923370978e+01
  -1.78573866815095172456e+01
  -1.79195881728516823728e+01
  -1.79827113175803319223e+01
  -1.80467706978835238374e+01
  -1.81117813214729324045e+01
  -1.81777586376177069383e+01
  -1.82447185539579663782e+01
  -1.83126774541432162380e+01
  -1.83816522163443103466e+01
  -1.84516602326911574039e+01
  -1.85227194296914667859e+01
  -1.85948482896901836625e+01
  -1.86680658734334237181e+01
  -1.87423918438052155011e+01
  -1.88178464908102753839e+01
  -1.88944507578814402393e+01
  -1.89722262695965397938e+01
  -1.90511953608951039030e+01
  -1.91313811078929489895e+01
  -1.92128073603994842244e+01
  -1.92954987762510548066e+01
  -1.93794808575825001640e+01
  -1.94647799891684307738e+01
  -1.95514234789763676758e+01
  -1.96394396010853782286e+01
  -1.97288576411363827390e+01
  -1.98197079444934161074e+01
  -1.99120219673112934800e+01
  -2.00058323307196772589e+01
  -2.01011728783535978948e+01
  -2.01980787374779922061e+01
  -2.02965863839777114208e+01
  -2.03967337115059734742e+01
  -2.04985601051122330318e+01
  -2.06021065196983919066e+01
  -2.07074155636840764316e+01
  -2.08145315882973775956e+01
  -2.09235007829458155015e+01
  -2.10343712771655155791e+01
  -2.11471932496941015245e+01
  -2.12620190452660935421e+01
  -2.13789032997875203534e+01
  -2.14979030746126156259e+01
  -2.16190780007176996946e+01
  -2.17424904336483670875e+01
  -2.18682056202066554818e+01
  -2.19962918779461666929e+01
  -2.21268207886555465791e+01
  -2.22598674071385076445e+01
  -2.23955104867395640156e+01
  -2.25338327232252346732e+01
  -2.26749210188096199659e+01
  -2.28188667683157149213e+01
  -2.29657661696918538041e+01
  -2.31157205613602023675e+01
  -2.32688367891655119024e+01
  -2.34252276060217141662e+01
  -2.35850121077274685888e+01
  -2.37483162088456367655e+01
</dep>
<dep S23_dB frequency>
  -5.52479803777364892881e+01
  -5.54282786228202866141e+01
  -5.56081260905622372093e+01
  -5.57869071413285482208e+01
  -5.59639249223569947844e+01
  -5.61383964983955152661e+01
  -5.63094492777592208199e+01
  -5.64761193140067661034e+01
  -5.66373521541809026303e+01
  -5.67920069706113253005e+01
  -5.69388647344146647811e+01
  -5.70766411415105352489e+01
  -5.72040048590314427202e+01
  -5.73196014017759196690e+01
  -5.74220825616380636802e+01
  -5.75101408069436814685e+01
  -5.75825474755595863030e+01
  -5.76381929708497011688e+01
  -5.76761266222405240001e+01
  -5.76955934994974057872e+01
  -5.76960653694796690161e+01
  -5.76772632239776754659e+01
  -5.76391693956750827965e+01
  -5.75820281587384243949e+01
  -5.75063347587107926984e+01
  -5.74128138729555885789e+01
  -5.73023894062530132487e+01
  -5.71761481482445077518e+01
  -5.70353000958087292815e+01
  -5.68811381753509550663e+01
  -5.67149997514502857143e+01
  -5.65382317736584454337e+01
  -5.63521608009328929256e+01
  -5.61580685444108098636e+01
  -5.59571730521610248843e+01
  -5.57506152603227533859e+01
  -5.55394503630354847701e+01
  -5.53246433007345856936e+01
  -5.51070676096140843470e+01
  -5.48875068907064473933e+01
  -5.46666582194775330095e+01
  -5.44451369058243983545e+01
  -5.42234821130505366682e+01
  -5.40021629427716831628e+01
  -5.37815846825600800685e+01
  -5.35620949918326232364e+01
  -5.33439898671011576425e+01
  -5.31275192806846163762e+01
  -5.29128924284589956528e+01
  -5.27002825535998198347e+01
  -5.24898313364093027644e+01
  -5.22816528565861560196e+01
  -5.20758371454745940810e+01
  -5.18724533527172013692e+01
  -5.16715525558409183304e+01
  -5.14731702430086173194e+01
  -5.12773284995196192426e+01
  -5.10840379276912059936e+01
  -5.08932993283627226333e+01
  -5.07051051703510182733e+01
  -5.05194408719938508057e+01
  -5.03362859168267533505e+01
  -5.01556148232312040136e+01
  -4.99773979858613301985e+01
  -4.98016024046630434441e+01
  -4.96281923155868724962e+01
  -4.94571297353794676610e+01
  -4.92883749314256363050e+01
  -4.91218868262593133522e+01
  -4.89576233451613660463e+01
  -4.87955417142772063244e+01
  -4.86355987156584177455e+01
  -4.84777509049347514747e+01
  -4.83219547964825864028e+01
  -4.81681670204533318724e+01
  -4.80163444553229652456e+01
  -4.78664443393146328276e+01
  -4.77184243634610254503e+01
  -4.75722427488199031131e+01
  -4.74278583099854529337e+01
  -4.72852305067568963182e+01
  -4.71443194856138774185e+01
  -4.70050861123960501686e+01
  -4.68674919974272441436e+01
  -4.67314995141580524773e+01
  -4.65970718122588252186e+01
  -4.64641728259545772062e+01
  -4.63327672783289941094e+01
  -4.62028206822014908539e+01
  -4.60742993380863126163e+01
  -4.59471703297255302800e+01
  -4.58214015175667981339e+01
  -4.56969615305527625537e+01
  -4.55738197564999865108e+01
  -4.54519463313433220719e+01
  -4.53313121274569539310e+01
  -4.52118887412531620384e+01
  -4.50936484802096870794e+01
  -4.49765643494898696986e+01
  -4.48606100382546841843e+01
  -4.47457599057860733183e+01
  -4.46319889675028065312e+01
  -4.45192728809436033544e+01
  -4.44075879317865371831e+01
  -4.42969110199533204764e+01
  -4.41872196458401731434e+01
  -4.40784918967212320240e+01
  -4.39707064333456969507e+01
  -4.38638424767514720770e+01
  -4.37578797953326485981e+01
  -4.36527986921450121827e+01
  -4.35485799924928258520e+01
  -4.34452050317780802402e+01
  -4.33426556436409669004e+01
  -4.32409141483741947809e+01
  -4.31399633416235275263e+01
  -4.30397864833746339741e+01
  -4.29403672872146557893e+01
  -4.28416899098758250375e+01
  -4.27437389410524559707e+01
  -4.26464993934781162466e+01
  -4.25499566932758312987e+01
  -4.24540966705543993953e+01
  -4.23589055502591946833e+01
  -4.22643699432617978573e+01
  -4.21704768376829335352e+01
  -4.20772135904456376920e+01
  -4.19845679190440677075e+01
  -4.18925278935248002199e+01
  -4.18010819286749679691e+01
  -4.17102187763998770720e+01
  -4.16199275182981054400e+01
  -4.15301975584099380967e+01
  -4.14410186161472537947e+01
  -4.13523807193877317445e+01
  -4.12642741977272748954e+01
  -4.11766896758921632227e+01
  -4.10896180672940687373e+01
  -4.10030505677290761923e+01
  -4.09169786492109039955e+01
  -4.08313940539355186843e+01
  -4.07462887883710607184e+01
  -4.06616551174614144770e+01
  -4.05774855589525174082e+01
  -4.04937728778197794099e+01
  -4.04105100808079598096e+01
  -4.03276904110644522916e+01
  -4.02453073428770267128e+01
  -4.01633545764957915480e+01
  -4.00818260330523941093e+01
  -4.00007158495585386504e+01
  -3.99200183739911125258e+01
  -3.98397281604550954626e+01
  -3.97598399644223761129e+01
  -3.96803487380470727430e+01
  -3.96012496255504160558e+01
  -3.95225379586741425442e+01
  -3.94442092522046010572e+01
  -3.93662591995580797288e+01
  -3.92886836684313962564e+01
  -3.92114786965153143683e+01
  -3.91346404872649884510e+01
  -3.90581654057326659313e+01
  -3.89820499744557054100e+01
  -3.89062908694016726940e+01
  -3.88308849159688236341e+01
  -3.87558290850399629335e+01
  -3.86811204890921374044e+01
  -3.86067563783559322133e+01
  -3.85327341370302605128e+01
  -3.84590512795446102245e+01
  -3.83857054468768268407e+01
  -3.83126944029170246608e+01
  -3.82400160308851297941e+01
  -3.81676683297955037233e+01
  -3.80956494109725625208e+01
  -3.80239574946149190282e+01
  -3.79525909064086093281e+01
  -3.78815480741900216799e+01
  -3.78108275246552096860e+01
  -3.77404278801209471794e+01
  -3.76703478553308528376e+01
  -3.76005862543124393937e+01
  -3.75311419672829629235e+01
  -3.74620139675989278771e+01
  -3.73932013087612205027e+01
  -3.73247031214610132110e+01
  -3.72565186106801604637e+01
  -3.71886470528351082976e+01
  -3.71210877929730855840e+01
  -3.70538402420116028679e+01
  -3.69869038740321016689e+01
  -3.69202782236166200391e+01
  -3.68539628832351979781e+01
  -3.67879575006815500160e+01
  -3.67222617765548164925e+01
  -3.66568754617918060035e+01
  -3.65917983552446486328e+01
  -3.65270303013093524669e+01
  -3.64625711875984848120e+01
</dep>
<dep S41_dB frequency>
  -5.52479803777363187578e+01
  -5.54282786228232211556e+01
  -5.56081260905623082635e+01
  -5.57869071413252157754e+01
  -5.59639249223539678724e+01
  -5.61383964983957071126e+01
  -5.63094492777623543134e+01
  -5.64761193140069366336e+01
  -5.66373521541837448012e+01
  -5.67920069706110481889e+01
  -5.69388647344174643194e+01
  -5.70766411415134626850e+01
  -5.72040048590313148225e+01
  -5.73196014017782857763e+01
  -5.74220825616377936740e+01
  -5.75101408069451736083e+01
  -5.75825474755573196717e+01
  -5.76381929708493956355e+01
  -5.76761266222409432203e+01
  -5.76955934994966668228e+01
  -5.76960653694795695401e+01
  -5.76772632239768583418e+01
  -5.76391693956760491346e+01
  -5.75820281587388933531e+01
  -5.75063347587110200720e+01
  -5.74128138729552546238e+01
  -5.73023894062527858750e+01
  -5.71761481482444366975e+01
  -5.70353000958090134986e+01
  -5.68811381753505571623e+01
  -5.67149997514496675421e+01
  -5.65382317736584809609e+01
  -5.63521608009318981658e+01
  -5.61580685444098648418e+01
  -5.59571730521623607046e+01
  -5.57506152603227107534e+01
  -5.55394503630338860489e+01
  -5.53246433007363549450e+01
  -5.51070676096153135859e+01
  -5.48875068907065255530e+01
  -5.46666582194755221735e+01
  -5.44451369058252083732e+01
  -5.42234821130514319520e+01
  -5.40021629427717044791e+01
  -5.37815846825600516468e+01
  -5.35620949918325166550e+01
  -5.33439898671020387155e+01
  -5.31275192806835718784e+01
  -5.29128924284599193584e+01
  -5.27002825535988961292e+01
  -5.24898313364092814481e+01
  -5.22816528565852038923e+01
  -5.20758371454744732887e+01
  -5.18724533527191766780e+01
  -5.16715525558390851302e+01
  -5.14731702430088589040e+01
  -5.12773284995206779513e+01
  -5.10840379276896499050e+01
  -5.08932993283616852409e+01
  -5.07051051703528159464e+01
  -5.05194408719956271625e+01
  -5.03362859168275278421e+01
  -5.01556148232321419300e+01
  -4.99773979858613444094e+01
  -4.98016024046629794952e+01
  -4.96281923155867019659e+01
  -4.94571297353793966067e+01
  -4.92883749314262757935e+01
  -4.91218868262593133522e+01
  -4.89576233451606057656e+01
  -4.87955417142772915895e+01
  -4.86355987156576787811e+01
  -4.84777509049332877566e+01
  -4.83219547964833466835e+01
  -4.81681670204533816104e+01
  -4.80163444553229723510e+01
  -4.78664443393158549611e+01
  -4.77184243634610254503e+01
  -4.75722427488198604806e+01
  -4.74278583099861208439e+01
  -4.72852305067582960874e+01
  -4.71443194856152132388e+01
  -4.70050861123954604182e+01
  -4.68674919974260433264e+01
  -4.67314995141593669814e+01
  -4.65970718122588465349e+01
  -4.64641728259533550727e+01
  -4.63327672783296264925e+01
  -4.62028206822014766431e+01
  -4.60742993380862628783e+01
  -4.59471703297255515963e+01
  -4.58214015175667697122e+01
  -4.56969615305521585924e+01
  -4.55738197564999722999e+01
  -4.54519463313427962703e+01
  -4.53313121274575223651e+01
  -4.52118887412530838787e+01
  -4.50936484802096373414e+01
  -4.49765643494893083698e+01
  -4.48606100382547268168e+01
  -4.47457599057860733183e+01
  -4.46319889675028136367e+01
  -4.45192728809435891435e+01
  -4.44075879317865513940e+01
  -4.42969110199533702144e+01
  -4.41872196458401305108e+01
  -4.40784918967212107077e+01
  -4.39707064333452990468e+01
  -4.38638424767514649716e+01
  -4.37578797953330607129e+01
  -4.36527986921449695501e+01
  -4.35485799924923924209e+01
  -4.34452050317780873456e+01
  -4.33426556436409384787e+01
  -4.32409141483742018863e+01
  -4.31399633416239041139e+01
  -4.30397864833745984470e+01
  -4.29403672872146273676e+01
  -4.28416899098761732034e+01
  -4.27437389410520580668e+01
  -4.26464993934784146745e+01
  -4.25499566932758384041e+01
  -4.24540966705547546667e+01
  -4.23589055502594646896e+01
  -4.22643699432617978573e+01
  -4.21704768376832390686e+01
  -4.20772135904456661137e+01
  -4.19845679190440606021e+01
  -4.18925278935251412804e+01
  -4.18010819286751882373e+01
  -4.17102187764001399728e+01
  -4.16199275182978425391e+01
  -4.15301975584099380967e+01
  -4.14410186161473177435e+01
  -4.13523807193877601662e+01
  -4.12642741977272464737e+01
  -4.11766896758924332289e+01
  -4.10896180672945732226e+01
  -4.10030505677290619815e+01
  -4.09169786492109111009e+01
  -4.08313940539357247417e+01
  -4.07462887883709683479e+01
  -4.06616551174614144770e+01
  -4.05774855589522402965e+01
  -4.04937728778200494162e+01
  -4.04105100808075334839e+01
  -4.03276904110647080870e+01
  -4.02453073428770196074e+01
  -4.01633545764959905000e+01
  -4.00818260330524012147e+01
  -4.00007158495587518132e+01
  -3.99200183739911480529e+01
  -3.98397281604551096734e+01
  -3.97598399644223690075e+01
  -3.96803487380470585322e+01
  -3.96012496255503876341e+01
  -3.95225379586740999116e+01
  -3.94442092522045868463e+01
  -3.93662591995579376203e+01
  -3.92886836684315312596e+01
  -3.92114786965151722598e+01
  -3.91346404872650310836e+01
  -3.90581654057328577778e+01
  -3.89820499744556983046e+01
  -3.89062908694017011157e+01
  -3.88308849159688023178e+01
  -3.87558290850399700389e+01
  -3.86811204890921374044e+01
  -3.86067563783560601109e+01
  -3.85327341370301112988e+01
  -3.84590512795446031191e+01
  -3.83857054468767060484e+01
  -3.83126944029168896577e+01
  -3.82400160308850800561e+01
  -3.81676683297956174101e+01
  -3.80956494109725127828e+01
  -3.80239574946148906065e+01
  -3.79525909064087016986e+01
  -3.78815480741900216799e+01
  -3.78108275246553091620e+01
  -3.77404278801208263872e+01
  -3.76703478553307604670e+01
  -3.76005862543124393937e+01
  -3.75311419672829273964e+01
  -3.74620139675989207717e+01
  -3.73932013087612205027e+01
  -3.73247031214610274219e+01
  -3.72565186106801675692e+01
  -3.71886470528351367193e+01
  -3.71210877929730855840e+01
  -3.70538402420115247082e+01
  -3.69869038740321229852e+01
  -3.69202782236167266205e+01
  -3.68539628832352050836e+01
  -3.67879575006815358051e+01
  -3.67222617765548662305e+01
  -3.66568754617917917926e+01
  -3.65917983552446557383e+01
  -3.65270303013092600963e+01
  -3.64625711875985700772e+01
</dep>
<dep S31_dB frequency>
  -1.49755843047437728899e+01
  -1.49647596945110077371e+01
  -1.49543520528618714138e+01
  -1.49443602914136732807e+01
  -1.49347833692092013536e+01
  -1.49256202923955818562e+01
  -1.49168701139240500453e+01
  -1.49085319332699750561e+01
  -1.49006048961729895552e+01
  -1.48930881943965580660e+01
  -1.48859810655067992258e+01
  -1.48792827926701285435e+01
  -1.48729927044694321125e+01
  -1.48671101747384231118e+01
  -1.48616346224137352294e+01
  -1.48565655114048773555e+01
  -1.48519023504812697212e+01
  -1.48476446931764947124e+01
  -1.48437921377093502429e+01
  -1.48403443269215333800e+01
  -1.48373009482317925745e+01
  -1.48346617336062696069e+01
  -1.48324264595450134863e+01
  -1.48305949470843714266e+01
  -1.48291670618152089389e+01
  -1.48281427139168702212e+01
  -1.48275218582066514728e+01
  -1.48273044942048848327e+01
  -1.48274906662154677406e+01
  -1.48280804634217453497e+01
  -1.48290740199977992830e+01
  -1.48304715152352422081e+01
  -1.48322731736850599304e+01
  -1.48344792653153074724e+01
  -1.48370901056837833920e+01
  -1.48401060561265403237e+01
  -1.48435275239617894272e+01
  -1.48473549627095398051e+01
  -1.48515888723268911775e+01
  -1.48562297994594043615e+01
  -1.48612783377083452763e+01
  -1.48667351279143069576e+01
  -1.48726008584569981963e+01
  -1.48788762655718365124e+01
  -1.48855621336832388835e+01
  -1.48926592957550329999e+01
  -1.49001686336581151693e+01
  -1.49080910785557225751e+01
  -1.49164276113067391094e+01
  -1.49251792628869921487e+01
  -1.49343471148292650241e+01
  -1.49439322996822490097e+01
  -1.49539360014887723338e+01
  -1.49643594562837378703e+01
  -1.49752039526123308377e+01
  -1.49864708320687061160e+01
  -1.49981614898559438842e+01
  -1.50102773753675009516e+01
  -1.50228199927909127354e+01
  -1.50357909017340709568e+01
  -1.50491917178749901041e+01
  -1.50630241136354019460e+01
  -1.50772898188787820573e+01
  -1.50919906216338883809e+01
  -1.51071283688440853865e+01
  -1.51227049671432816069e+01
  -1.51387223836595232740e+01
  -1.51551826468466810383e+01
  -1.51720878473453613111e+01
  -1.51894401388736621783e+01
  -1.52072417391489604910e+01
  -1.52254949308414762044e+01
  -1.52442020625607010942e+01
  -1.52633655498756670710e+01
  -1.52829878763702975419e+01
  -1.53030715947347051298e+01
  -1.53236193278938177542e+01
  -1.53446337701745569859e+01
  -1.53661176885126948832e+01
  -1.53880739237008015152e+01
  -1.54105053916788854451e+01
  -1.54334150848686117996e+01
  -1.54568060735533165939e+01
  -1.54806815073047587816e+01
  -1.55050446164587327758e+01
  -1.55298987136409287757e+01
  -1.55552471953449398256e+01
  -1.55810935435643393987e+01
  -1.56074413274806147456e+01
  -1.56342942052092119809e+01
  -1.56616559256054408422e+01
  -1.56895303301329409607e+01
  -1.57179213547965979103e+01
  -1.57468330321423426454e+01
  -1.57762694933268559083e+01
  -1.58062349702589663991e+01
  -1.58367337978163131851e+01
  -1.58677704161395549676e+01
  -1.58993493730075066139e+01
  -1.59314753262960842051e+01
  -1.59641530465245899961e+01
  -1.59973874194924974290e+01
  -1.60311834490106761564e+01
  -1.60655462597306275541e+01
  -1.61004811000755800876e+01
  -1.61359933452779564789e+01
  -1.61720885005272378976e+01
  -1.62087722042328969962e+01
  -1.62460502314072989805e+01
  -1.62839284971733597729e+01
  -1.63224130604025035041e+01
  -1.63615101274881737936e+01
  -1.64012260562611729142e+01
  -1.64415673600522929121e+01
  -1.64825407119093192421e+01
  -1.65241529489747946968e+01
  -1.65664110770317591914e+01
  -1.66093222752250291308e+01
  -1.66528939009658358827e+01
  -1.66971334950280763110e+01
  -1.67420487868451637326e+01
  -1.67876477000165067466e+01
  -1.68339383580333503687e+01
  -1.68809290902344706353e+01
  -1.69286284380023417384e+01
  -1.69770451612113255635e+01
  -1.70261882449400445694e+01
  -1.70760669064606425138e+01
  -1.71266906025183693885e+01
  -1.71780690369160780051e+01
  -1.72302121684184044170e+01
  -1.72831302189919888690e+01
  -1.73368336823984101613e+01
  -1.73913333331580268748e+01
  -1.74466402359036756309e+01
  -1.75027657551444519868e+01
  -1.75597215654610678826e+01
  -1.76175196621555159027e+01
  -1.76761723723791774887e+01
  -1.77356923667651678045e+01
  -1.77960926715923406505e+01
  -1.78573866815095172456e+01
  -1.79195881728516859255e+01
  -1.79827113175803283696e+01
  -1.80467706978835238374e+01
  -1.81117813214729324045e+01
  -1.81777586376177069383e+01
  -1.82447185539579663782e+01
  -1.83126774541432126853e+01
  -1.83816522163443138993e+01
  -1.84516602326911574039e+01
  -1.85227194296914703386e+01
  -1.85948482896901836625e+01
  -1.86680658734334201654e+01
  -1.87423918438052155011e+01
  -1.88178464908102789366e+01
  -1.88944507578814402393e+01
  -1.89722262695965326884e+01
  -1.90511953608951039030e+01
  -1.91313811078929560949e+01
  -1.92128073603994842244e+01
  -1.92954987762510548066e+01
  -1.93794808575824966113e+01
  -1.94647799891684272211e+01
  -1.95514234789763676758e+01
  -1.96394396010853746759e+01
  -1.97288576411363827390e+01
  -1.98197079444934161074e+01
  -1.99120219673112899272e+01
  -2.00058323307196737062e+01
  -2.01011728783535943421e+01
  -2.01980787374779922061e+01
  -2.02965863839777149735e+01
  -2.03967337115059734742e+01
  -2.04985601051122223737e+01
  -2.06021065196983919066e+01
  -2.07074155636840764316e+01
  -2.08145315882973704902e+01
  -2.09235007829458155015e+01
  -2.10343712771655155791e+01
  -2.11471932496941086299e+01
  -2.12620190452661006475e+01
  -2.13789032997875239062e+01
  -2.14979030746126227314e+01
  -2.16190780007176961419e+01
  -2.17424904336483670875e+01
  -2.18682056202066590345e+01
  -2.19962918779461666929e+01
  -2.21268207886555430264e+01
  -2.22598674071385076445e+01
  -2.23955104867395746737e+01
  -2.25338327232252382260e+01
  -2.26749210188096199659e+01
  -2.28188667683157078159e+01
  -2.29657661696918609096e+01
  -2.31157205613601988148e+01
  -2.32688367891655190078e+01
  -2.34252276060217141662e+01
  -2.35850121077274685888e+01
  -2.37483162088456332128e+01
</dep>
<dep S21_dB frequency>
  -4.66371679563969354643e-01
  -4.68053745374503393784e-01
  -4.69721982306706087318e-01
  -4.71376351104306423601e-01
  -4.73016815085589625856e-01
  -4.74643340144945469206e-01
  -4.76255894753694453136e-01
  -4.77854449960332772207e-01
  -4.79438979390151120974e-01
  -4.81009459244323811511e-01
  -4.82565868298296063443e-01
  -4.84108187899747743899e-01
  -4.85636401965894970445e-01
  -4.87150496980327973873e-01
  -4.88650461989180440181e-01
  -4.90136288597017077961e-01
  -4.91607970961946749711e-01
  -4.93065505790450275825e-01
  -4.94508892331648741703e-01
  -4.95938132371081974448e-01
  -4.97353230224096720669e-01
  -4.98754192728785850086e-01
  -5.00141029238460044226e-01
  -5.01513751613779756866e-01
  -5.02872374214419215477e-01
  -5.04216913890477735904e-01
  -5.05547389973327487844e-01
  -5.06863824266321372214e-01
  -5.08166241035018728667e-01
  -5.09454666997137595175e-01
  -5.10729131312236961371e-01
  -5.11989665571022212198e-01
  -5.13236303784421310503e-01
  -5.14469082372400077219e-01
  -5.15688040152484261647e-01
  -5.16893218328052350685e-01
  -5.18084660476435088228e-01
  -5.19262412536736439606e-01
  -5.20426522797487800531e-01
  -5.21577041884101921809e-01
  -5.22714022746120221541e-01
  -5.23837520644356402499e-01
  -5.24947593137762069659e-01
  -5.26044300070304005068e-01
  -5.27127703557494053932e-01
  -5.28197867973042134437e-01
  -5.29254859935103683100e-01
  -5.30298748292674204663e-01
  -5.31329604111725917193e-01
  -5.32347500661290662372e-01
  -5.33352513399467209609e-01
  -5.34344719959303438017e-01
  -5.35324200134700944886e-01
  -5.36291035866122922648e-01
  -5.37245311226376531799e-01
  -5.38187112406197099013e-01
  -5.39116527699948888674e-01
  -5.40033647491101831406e-01
  -5.40938564237831931436e-01
  -5.41831372458447591001e-01
  -5.42712168716885656750e-01
  -5.43581051608142740150e-01
  -5.44438121743620939696e-01
  -5.45283481736544950458e-01
  -5.46117236187323551455e-01
  -5.46939491668813060343e-01
  -5.47750356711691477329e-01
  -5.48549941789694628369e-01
  -5.49338359304923584681e-01
  -5.50115723573045278805e-01
  -5.50882150808545634213e-01
  -5.51637759109909642241e-01
  -5.52382668444837632293e-01
  -5.53117000635348521342e-01
  -5.53840879342938574581e-01
  -5.54554430053660341038e-01
  -5.55257780063200923060e-01
  -5.55951058461903957486e-01
  -5.56634396119766505784e-01
  -5.57307925671368553644e-01
  -5.57971781500814278942e-01
  -5.58626099726537650447e-01
  -5.59271018186145774109e-01
  -5.59906676421126237031e-01
  -5.60533215661533690266e-01
  -5.61150778810599160096e-01
  -5.61759510429269526277e-01
  -5.62359556720620101800e-01
  -5.62951065514272874779e-01
  -5.63534186250630231285e-01
  -5.64109069965052167817e-01
  -5.64675869271935138016e-01
  -5.65234738348692089538e-01
  -5.65785832919534881214e-01
  -5.66329310239222394330e-01
  -5.66865329076646884410e-01
  -5.67394049698266789150e-01
  -5.67915633851393986120e-01
  -5.68430244747344382006e-01
  -5.68938047044413641729e-01
  -5.69439206830702926432e-01
  -5.69933891606734244206e-01
  -5.70422270267876840855e-01
  -5.70904513086678999656e-01
  -5.71380791694854672791e-01
  -5.71851279065151429926e-01
  -5.72316149492991255165e-01
  -5.72775578577897404031e-01
  -5.73229743204624275776e-01
  -5.73678821524145843291e-01
  -5.74122992934303799650e-01
  -5.74562438060261193584e-01
  -5.74997338734685503603e-01
  -5.75427877977637280971e-01
  -5.75854239976140380719e-01
  -5.76276610063606198331e-01
  -5.76695174698797830004e-01
  -5.77110121444587731432e-01
  -5.77521638946367543710e-01
  -5.77929916910152718934e-01
  -5.78335146080391604428e-01
  -5.78737518217346091909e-01
  -5.79137226074251443286e-01
  -5.79534463374017705384e-01
  -5.79929424785672220644e-01
  -5.80322305900347945595e-01
  -5.80713303207001541040e-01
  -5.81102614067640188544e-01
  -5.81490436692274959007e-01
  -5.81876970113392233408e-01
  -5.82262414160105823413e-01
  -5.82646969431851347032e-01
  -5.83030837271708568537e-01
  -5.83414219739265105247e-01
  -5.83797319583114537878e-01
  -5.84180340212917315057e-01
  -5.84563485670944626982e-01
  -5.84946960603365484488e-01
  -5.85330970230913738561e-01
  -5.85715720319192501009e-01
  -5.86101417148557901626e-01
  -5.86488267483486369613e-01
  -5.86876478541542678791e-01
  -5.87266257961843840540e-01
  -5.87657813773068027352e-01
  -5.88051354361087796896e-01
  -5.88447088435958609587e-01
  -5.88845224998620575541e-01
  -5.89245973307035653121e-01
  -5.89649542841865770271e-01
  -5.90056143271712629783e-01
  -5.90465984417852696176e-01
  -5.90879276218502891282e-01
  -5.91296228692655523318e-01
  -5.91717051903409951841e-01
  -5.92141955920850282524e-01
  -5.92571150784460431993e-01
  -5.93004846465074120232e-01
  -5.93443252826384992638e-01
  -5.93886579585989782260e-01
  -5.94335036275960404417e-01
  -5.94788832203022588274e-01
  -5.95248176408279761063e-01
  -5.95713277626466419790e-01
  -5.96184344244840569438e-01
  -5.96661584261630295600e-01
  -5.97145205244027144076e-01
  -5.97635414285875188334e-01
  -5.98132417964888141171e-01
  -5.98636422299544168624e-01
  -5.99147632705560262423e-01
  -5.99666253952027328289e-01
  -6.00192490117232413382e-01
  -6.00726544544131435543e-01
  -6.01268619795418790552e-01
  -6.01818917608508585637e-01
  -6.02377638849909025076e-01
  -6.02944983469657413977e-01
  -6.03521150455224697495e-01
  -6.04106337785373481708e-01
  -6.04700742383667999569e-01
  -6.05304560071819652833e-01
  -6.05917985522905322426e-01
  -6.06541212214289249260e-01
  -6.07174432380531925446e-01
  -6.07817836966091595841e-01
  -6.08471615577962476884e-01
  -6.09135956438219383635e-01
  -6.09811046336472872831e-01
  -6.10497070582366463398e-01
  -6.11194212957982374590e-01
  -6.11902655670286454992e-01
  -6.12622579303687908592e-01
  -6.13354162772506872336e-01
  -6.14097583273672253945e-01
  -6.14853016239466310111e-01
  -6.15620635290480389124e-01
  -6.16400612188608088005e-01
  -6.17193116790395235327e-01
  -6.17998317000518104791e-01
</dep>
<dep S11_dB frequency>
  -3.58855013418921160451e+01
  -3.60507632888857472153e+01
  -3.62212053151490991354e+01
  -3.63970585997207010109e+01
  -3.65785714666380172844e+01
  -3.67660110769856345314e+01
  -3.69596653326208866019e+01
  -3.71598450235825978893e+01
  -3.73668862568607380581e+01
  -3.75811532110187087596e+01
  -3.78030412693666448831e+01
  -3.80329805943220193853e+01
  -3.82714402176251127230e+01
  -3.85189327357199502444e+01
  -3.87760197174424234845e+01
  -3.90433179529366256588e+01
  -3.93215066993309960708e+01
  -3.96113361112555253385e+01
  -3.99136370840106309288e+01
  -4.02293327855808797722e+01
  -4.05594522121778666701e+01
  -4.09051461719274698225e+01
  -4.12677061832597402713e+01
  -4.16485868672183698891e+01
  -4.20494325109399085250e+01
  -4.24721085690020743186e+01
  -4.29187389190720054444e+01
  -4.33917496324331892765e+01
  -4.38939197238643288301e+01
  -4.44284385358489117834e+01
  -4.49989675369414854345e+01
  -4.56097002500890766896e+01
  -4.62654054702801857957e+01
  -4.69714211099990492926e+01
  -4.77335289618976688075e+01
  -4.85575635822228264260e+01
  -4.94484487350898120894e+01
  -5.04080306848988186630e+01
  -5.14304630048420037269e+01
  -5.24929517691916274202e+01
  -5.35392268146456586919e+01
  -5.44575571969432417063e+01
  -5.50747829396631800591e+01
  -5.52152474756637872133e+01
  -5.48242104281758031448e+01
  -5.40169930315953266131e+01
  -5.29810481769514183270e+01
  -5.18680700400159651053e+01
  -5.07659416069392079862e+01
  -4.97155342444161973958e+01
  -4.87315857699425336591e+01
  -4.78161886355901728507e+01
  -4.69659306425194174039e+01
  -4.61753625178190034717e+01
  -4.54385942974494980717e+01
  -4.47499858598749540306e+01
  -4.41044103766734281180e+01
  -4.34973216491156762231e+01
  -4.29247355679353219671e+01
  -4.23831778362505815494e+01
  -4.18696221669122152775e+01
  -4.13814297323558406561e+01
  -4.09162942128080970861e+01
  -4.04721937589247815481e+01
  -4.00473498139508876648e+01
  -3.96401921749783667792e+01
  -3.92493294921586652890e+01
  -3.88735244007972227109e+01
  -3.85116725516713813704e+01
  -3.81627849001783303606e+01
  -3.78259727119164068654e+01
  -3.75004348311734574395e+01
  -3.71854468361134777865e+01
  -3.68803517698535330283e+01
  -3.65845521910212880812e+01
  -3.62975033322702671512e+01
  -3.60187071920053440977e+01
  -3.57477074147030151607e+01
  -3.54840848398294568256e+01
  -3.52274536195209293510e+01
  -3.49774578217111482559e+01
  -3.47337684489590401427e+01
  -3.44960808144064827729e+01
  -3.42641122255159586985e+01
  -3.40375999338793775451e+01
  -3.38162993157300491021e+01
  -3.35999822530802987330e+01
  -3.33884356898148269011e+01
  -3.31814603407812711566e+01
  -3.29788695350240104176e+01
  -3.27804881769392295610e+01
  -3.25861518113452390821e+01
  -3.23957057803461054846e+01
  -3.22090044614747554874e+01
  -3.20259105779609996034e+01
  -3.18462945731467463872e+01
  -3.16700340420706218936e+01
  -3.14970132141085947808e+01
  -3.13271224812998383413e+01
  -3.11602579676332709369e+01
  -3.09963211351237113433e+01
  -3.08352184229923338421e+01
  -3.06768609166882413319e+01
  -3.05211640438539077991e+01
  -3.03680472946573551951e+01
  -3.02174339641991238636e+01
  -3.00692509149439182181e+01
  -2.99234283573488824004e+01
  -2.97798996470478094523e+01
  -2.96386010971225424271e+01
  -2.94994718041397163688e+01
  -2.93624534867660038628e+01
  -2.92274903358900601802e+01
  -2.90945288752855937275e+01
  -2.89635178319413988390e+01
  -2.88344080152691972785e+01
  -2.87071522044732034828e+01
  -2.85817050434286237248e+01
  -2.84580229424833532903e+01
  -2.83360639866416263999e+01
  -2.82157878496418348391e+01
  -2.80971557134827421010e+01
  -2.79801301929893817544e+01
  -2.78646752650469622381e+01
  -2.77507562021623535031e+01
  -2.76383395100396320743e+01
  -2.75273928688843199097e+01
  -2.74178850781732776909e+01
  -2.73097860046489095964e+01
  -2.72030665333144838769e+01
  -2.70976985212270875536e+01
  -2.69936547538991469253e+01
  -2.68909089041348750015e+01
  -2.67894354931399050201e+01
  -2.66892098537577311390e+01
  -2.65902080956935584766e+01
  -2.64924070725991391839e+01
  -2.63957843509028435847e+01
  -2.63003181802712937554e+01
  -2.62059874656058937603e+01
  -2.61127717404777257570e+01
  -2.60206511419128787566e+01
  -2.59296063864487464912e+01
  -2.58396187473842786630e+01
  -2.57506700331527405012e+01
  -2.56627425667541650967e+01
  -2.55758191661825087238e+01
  -2.54898831257933053962e+01
  -2.54049181985557908092e+01
  -2.53209085791419781231e+01
  -2.52378388878036119536e+01
  -2.51556941549945705106e+01
  -2.50744598066973303219e+01
  -2.49941216504153942424e+01
  -2.49146658617946989978e+01
  -2.48360789718416867800e+01
  -2.47583478547048798646e+01
  -2.46814597159908402091e+01
  -2.46054020815869023409e+01
  -2.45301627869634657486e+01
  -2.44557299669313401580e+01
  -2.43820920458315200108e+01
  -2.43092377281344660389e+01
  -2.42371559894286434655e+01
  -2.41658360677789545434e+01
  -2.40952674554364243420e+01
  -2.40254398908816959590e+01
  -2.39563433511863976833e+01
  -2.38879680446760254142e+01
  -2.38203044038812734584e+01
  -2.37533430787619757041e+01
  -2.36870749301922991492e+01
  -2.36214910236936894705e+01
  -2.35565826234048572019e+01
  -2.34923411862765796343e+01
  -2.34287583564818966408e+01
  -2.33658259600310991289e+01
  -2.33035359995822801693e+01
  -2.32418806494384533323e+01
  -2.31808522507230279075e+01
  -2.31204433067251997613e+01
  -2.30606464784079676633e+01
  -2.30014545800711722734e+01
  -2.29428605751631273790e+01
  -2.28848575722342353345e+01
  -2.28274388210254883802e+01
  -2.27705977086877169313e+01
  -2.27143277561242626916e+01
  -2.26586226144526818871e+01
  -2.26034760615801033623e+01
  -2.25488819988876727507e+01
  -2.24948344480193007655e+01
  -2.24413275477700437932e+01
  -2.23883555510709477687e+01
  -2.23359128220650546837e+01
  -2.22839938332721771985e+01
  -2.22325931628377446714e+01
  -2.21817054918631448857e+01
  -2.21313256018136002012e+01
  -2.20814483720013221557e+01
</dep>
<dep S[1,1] frequency>
  -8.67418592966513052334e-03+j1.35150886701439695847e-02
  -8.36760490188187197602e-03+j1.33511370516606643621e-02
  -8.06512673963994015935e-03+j1.31783382208016924125e-02
  -7.76697924939555740115e-03+j1.29967691221565869591e-02
  -7.47338893813564910523e-03+j1.28065120772696394019e-02
  -7.18458089344637361451e-03+j1.26076547660334738893e-02
  -6.90077866364126671361e-03+j1.24002902055168808676e-02
  -6.62220413800746962596e-03+j1.21845167262143918435e-02
  -6.34907742722039432348e-03+j1.19604379457056084202e-02
  -6.08161674398221847176e-03+j1.17281627397082185982e-02
  -5.82003828394448037564e-03+j1.14878052105188803445e-02
  -5.56455610696646868485e-03+j1.12394846528271613595e-02
  -5.31538201877288906533e-03+j1.09833255168977957789e-02
  -5.07272545306621577138e-03+j1.07194573691122424508e-02
  -4.83679335415882795390e-03+j1.04480148498648801186e-02
  -4.60779006017788574090e-03+j1.01691376288102937331e-02
  -4.38591718691573768940e-03+j9.88297035745916430116e-03
  -4.17137351237739303911e-03+j9.58966261912003181678e-03
  -3.96435486209829966026e-03+j9.28936887619193074617e-03
  -3.76505399528741582782e-03+j8.98224841480758234846e-03
  -3.57366049186770085369e-03+j8.66846528683120308434e-03
  -3.39036064047431402388e-03+j8.34818824922115877707e-03
  -3.21533732747747089120e-03+j8.02159070076030253360e-03
  -3.04876992709754738795e-03+j7.68885061616910499976e-03
  -2.89083419267360244506e-03+j7.35015047760876564370e-03
  -2.74170214915991136001e-03+j7.00567720359486414278e-03
  -2.60154198690700595373e-03+j6.65562207532799030019e-03
  -2.47051795680566094182e-03+j6.30018066046951485948e-03
  -2.34879026684775473605e-03+j5.93955273437463474040e-03
  -2.23651498018285523062e-03+j5.57394219881070067391e-03
  -2.13384391472798981906e-03+j5.20355699817897678072e-03
  -2.04092454440324595766e-03+j4.82860903327085849018e-03
  -1.95789990205325276432e-03+j4.44931407258507272129e-03
  -1.88490848412827482171e-03+j4.06589166123535669661e-03
  -1.82208415718298002983e-03+j3.67856502748347552467e-03
  -1.76955606625904451196e-03+j3.28756098692760140995e-03
  -1.72744854522245477532e-03+j2.89310984438771083907e-03
  -1.69588102910834918891e-03+j2.49544529352452955015e-03
  -1.67496796854523454477e-03+j2.09480431423171272257e-03
  -1.66481874631570670071e-03+j1.69142706784480975277e-03
  -1.66553759611797673294e-03+j1.28555679021344999510e-03
  -1.67722352358362115921e-03+j8.77439682678734329466e-04
  -1.69997022961560807774e-03+j4.67324801013495414598e-04
  -1.73386603610262385149e-03+j5.54639423650275451005e-05
  -1.77899381406441460009e-03-j3.57888469739551726145e-04
  -1.83543091428786729440e-03-j7.72475502271579260449e-04
  -1.90324910050221687841e-03-j1.18803783141017494165e-03
  -1.98251448515152431384e-03-j1.60431386301877971015e-03
  -2.07328746781282671763e-03-j2.02103985483743529492e-03
  -2.17562267630864308865e-03-j2.43795004031577408274e-03
  -2.28956891056369526288e-03-j2.85477675404190167630e-03
  -2.41516908925150678919e-03-j3.27125055868273230744e-03
  -2.55246019927539685018e-03-j3.68710037338598924095e-03
  -2.70147324812462221941e-03-j4.10205360356261528737e-03
  -2.86223321915005188970e-03-j4.51583627199124166413e-03
  -3.03475902979693634015e-03-j4.92817315116783529610e-03
  -3.21906349282689721938e-03-j5.33878789682678059347e-03
  -3.41515328057285464519e-03-j5.74740318256738731001e-03
  -3.62302889225335099030e-03-j6.15374083550502930240e-03
  -3.84268462437662881512e-03-j6.55752197287467770287e-03
  -4.07410854426750769497e-03-j6.95846713950767394030e-03
  -4.31728246673969764946e-03-j7.35629644610830222412e-03
  -4.57218193393761629384e-03-j7.75072970824597015649e-03
  -4.83877619837198846842e-03-j8.14148658599105415345e-03
  -5.11702820916715497845e-03-j8.52828672410912633217e-03
  -5.40689460153548004384e-03-j8.91084989273319486025e-03
  -5.70832568949842210360e-03-j9.28889612843841055989e-03
  -6.02126546186179840980e-03-j9.66214587562933859000e-03
  -6.34565158145807862999e-03-j1.00303201281661119593e-02
  -6.68141538766364381785e-03-j1.03931405711416603721e-02
  -7.02848190219344717139e-03-j1.07503297227301720246e-02
  -7.38676983818043440821e-03-j1.11016110760224044618e-02
  -7.75619161253692304681e-03-j1.14467092407705001156e-02
  -8.13665336159571581098e-03-j1.17853500849477068474e-02
  -8.52805496002939297795e-03-j1.21172608760596271088e-02
  -8.93029004303953072297e-03-j1.24421704221015019809e-02
  -9.34324603180568952210e-03-j1.27598092121018486661e-02
  -9.76680416218457872479e-03-j1.30699095561547587452e-02
  -1.02008395166449834790e-02-j1.33722057248673864560e-02
  -1.06452210594215855577e-02-j1.36664340881400437483e-02
  -1.10998116748698902323e-02-j1.39523332531984768645e-02
  -1.15644682090024191606e-02-j1.42296442018011639469e-02
  -1.20390415141810348809e-02-j1.44981104265390417507e-02
  -1.25233764969413276236e-02-j1.47574780661537934695e-02
  -1.30173121689235449239e-02-j1.50074960397936600642e-02
  -1.35206817008762907040e-02-j1.52479161801395424192e-02
  -1.40333124797057812172e-02-j1.54784933653115859553e-02
  -1.45550261685349225510e-02-j1.56989856494992689739e-02
  -1.50856387697347708865e-02-j1.59091543922302222636e-02
  -1.56249606908964912971e-02-j1.61087643862129863137e-02
  -1.61727968136963426438e-02-j1.62975839836812137762e-02
  -1.67289465656188830744e-02-j1.64753852211692343455e-02
  -1.72932039944936333242e-02-j1.66419439426589398090e-02
  -1.78653578457966637216e-02-j1.67970399210210577512e-02
  -1.84451916426758288914e-02-j1.69404569776977313722e-02
  -1.90324837686481583565e-02-j1.70719831005568395410e-02
  -1.96270075529206208809e-02-j1.71914105598602907909e-02
  -2.02285313582829286150e-02-j1.72985360222848855161e-02
  -2.08368186715208285331e-02-j1.73931606629424452548e-02
  -2.14516281962933742788e-02-j1.74750902753371857579e-02
  -2.20727139484211271059e-02-j1.75441353792119107691e-02
  -2.26998253535300661965e-02-j1.76001113262291598860e-02
  -2.33327073469899205771e-02-j1.76428384034362402411e-02
  -2.39711004760904296262e-02-j1.76721419344649834093e-02
  -2.46147410043985673256e-02-j1.76878523784234076288e-02
  -2.52633610182292807356e-02-j1.76898054264311016537e-02
  -2.59166885351778467084e-02-j1.76778420957570958638e-02
  -2.65744476146427682783e-02-j1.76518088215192603396e-02
  -2.72363584702829085449e-02-j1.76115575459073400721e-02
  -2.79021375843417282492e-02-j1.75569458048910956305e-02
  -2.85714978237781754011e-02-j1.74878368123813944524e-02
  -2.92441485581364339630e-02-j1.74040995418073517198e-02
  -2.99197957790915854137e-02-j1.73056088050839405879e-02
  -3.05981422216062524944e-02-j1.71922453289355958717e-02
  -3.12788874866344254744e-02-j1.70638958285533916259e-02
  -3.19617281653036960920e-02-j1.69204530785576276464e-02
  -3.26463579645096466098e-02-j1.67618159812426524569e-02
  -3.33324678338680624456e-02-j1.65878896320870265757e-02
  -3.40197460939409904168e-02-j1.63985853825022141750e-02
  -3.47078785656869878706e-02-j1.61938208998084823276e-02
  -3.53965487010644425103e-02-j1.59735202244185962861e-02
  -3.60854377147198507325e-02-j1.57376138242178442717e-02
  -3.67742247167034616573e-02-j1.54860386461249353862e-02
  -3.74625868461430783229e-02-j1.52187381648262575612e-02
  -3.81501994058106794205e-02-j1.49356624286724956607e-02
  -3.88367359975248238602e-02-j1.46367681027307541125e-02
  -3.95218686583201361806e-02-j1.43220185089881144047e-02
  -4.02052679973239415756e-02-j1.39913836636991993634e-02
  -4.08866033332753731067e-02-j1.36448403118773209375e-02
  -4.15655428326318632237e-02-j1.32823719589283961717e-02
  -4.22417536481963784567e-02-j1.29039688994255948018e-02
  -4.29149020582085330422e-02-j1.25096282430274177017e-02
  -4.35846536058382694190e-02-j1.20993539375426166493e-02
  -4.42506732390303067493e-02-j1.16731567891448784202e-02
  -4.49126254506310509940e-02-j1.12310544797419135932e-02
  -4.55701744187520310647e-02-j1.07730715815069662267e-02
  -4.62229841473109845373e-02-j1.02992395685797630961e-02
  -4.68707186066848191519e-02-j9.80959682594168685954e-03
  -4.75130418744439952938e-02-j9.30418865548147261402e-03
  -4.81496182760909052778e-02-j8.78306727925455207884e-03
  -4.87801125257625589615e-02-j8.24629183995064310442e-03
  -4.94041898668482817869e-02-j7.69392839858244921569e-03
  -5.00215162124633266894e-02-j7.12604992940342289731e-03
  -5.06317582857331999202e-02-j6.54273631207396601239e-03
  -5.12345837598483094810e-02-j5.94407432108450851926e-03
  -5.18296613978217468599e-02-j5.33015761245259674789e-03
  -5.24166611919262073749e-02-j4.70108670770819428442e-03
  -5.29952545027450733217e-02-j4.05696897518349058886e-03
  -5.35651141978083014661e-02-j3.39791860862052440967e-03
  -5.41259147897540787708e-02-j2.72405660311500052301e-03
  -5.46773325739855764471e-02-j2.03551072841261270277e-03
  -5.52190457657741537445e-02-j1.33241549957260202453e-03
  -5.57507346367673850551e-02-j6.14912145017743917708e-04
  -5.62720816508604781969e-02+j1.16851428013863348210e-04
  -5.67827715993960840946e-02+j8.62720670597267799695e-04
  -5.72824917356433288562e-02+j1.62253443181260620029e-03
  -5.77709319085268277472e-02+j2.39612500098123661074e-03
  -5.82477846955621950120e-02+j3.18331815243313000566e-03
  -5.87127455349582341726e-02+j3.98393319278222100832e-03
  -5.91655128568535776390e-02+j4.79778301069748100427e-03
  -5.96057882136501529513e-02+j5.62467412914927945844e-03
  -6.00332764094010373768e-02+j6.46440676011571235815e-03
  -6.04476856282245428309e-02+j7.31677486172929714137e-03
  -6.08487275617048684051e-02+j8.18156619784980373988e-03
  -6.12361175352432035579e-02+j9.05856240004503793228e-03
  -6.16095746333260169125e-02+j9.94753903196136587961e-03
  -6.19688218236757182300e-02+j1.08482656560689276481e-02
  -6.23135860802463276142e-02+j1.17605059027646053488e-02
  -6.26435985050347171610e-02+j1.26840175418166563326e-02
  -6.29585944486628218408e-02+j1.36185525561323163279e-02
  -6.32583136297097253786e-02+j1.45638572178343542185e-02
  -6.35425002527468807401e-02+j1.55196721666301905296e-02
  -6.38109031250496949728e-02+j1.64857324904568169899e-02
  -6.40632757719439283051e-02+j1.74617678083832279790e-02
  -6.42993765507591935604e-02+j1.84475023557597352097e-02
  -6.45189687633472702677e-02+j1.94426550715916732215e-02
  -6.47218207671339806897e-02+j2.04469396881256683385e-02
  -6.49077060846672271310e-02+j2.14600648226307526290e-02
  -6.50764035116259548230e-02+j2.24817340713576833966e-02
  -6.52276972232508356342e-02+j2.35116461056594887313e-02
  -6.53613768791630744825e-02+j2.45494947702592572480e-02
  -6.54772377265310373540e-02+j2.55949691836438314452e-02
  -6.55750807015497705343e-02+j2.66477538405707654878e-02
  -6.56547125291919442258e-02+j2.77075287166663568328e-02
  -6.57159458211904606850e-02+j2.87739693751007594158e-02
  -6.57585991722219320721e-02+j2.98467470753208188872e-02
  -6.57824972542367658601e-02+j3.09255288838176899124e-02
  -6.57874709089077136515e-02+j3.20099777869172139044e-02
  -6.57733572381504483229e-02+j3.30997528055648540524e-02
  -6.57399996926746749137e-02+j3.41945091120924374306e-02
  -6.56872481585239892388e-02+j3.52938981489357844756e-02
  -6.56149590415604916371e-02+j3.63975677492908641919e-02
  -6.55229953498564637870e-02+j3.75051622596779196672e-02
  -6.54112267739379305009e-02+j3.86163226643919804681e-02
  -6.52795297648499361909e-02+j3.97306867118153994589e-02
  -6.51277876099848190838e-02+j4.08478890425638813122e-02
  -6.49558905066392050509e-02+j4.19675613194407520767e-02
  -6.47637356332453617558e-02+j4.30893323591698962360e-02
  -6.45512272182387214503e-02+j4.42128282658769827806e-02
  -6.43182766065051592097e-02+j4.53376725662888099833e-02
</dep>
<dep S[1,3] frequency>
  -5.71125891067936417023e-02-j1.68935520866396626793e-01
  -6.00868706477057368254e-02-j1.68136812458004158977e-01
  -6.30474617951526372650e-02-j1.67277998182389225912e-01
  -6.59930396019237919258e-02-j1.66359362121062587248e-01
  -6.89222877990561533235e-02-j1.65381218676108499022e-01
  -7.18338974993077417075e-02-j1.64343912401408803747e-01
  -7.47265678961285817472e-02-j1.63247817817603418922e-01
  -7.75990069576747432123e-02-j1.62093339210959336283e-01
  -8.04499321155851820908e-02-j1.60880910416252603801e-01
  -8.32780709481028003083e-02-j1.59610994583841814265e-01
  -8.60821618571997182467e-02-j1.58284083931086477781e-01
  -8.88609547394092064154e-02-j1.56900699478246752339e-01
  -9.16132116499208393190e-02-j1.55461390769089408126e-01
  -9.43377074597112896814e-02-j1.53966735576321372969e-01
  -9.70332305052738763873e-02-j1.52417339592098077805e-01
  -9.96985832307141495168e-02-j1.50813836103734999483e-01
  -1.02332582821820644581e-01-j1.49156885654875615010e-01
  -1.04934061831822078581e-01-j1.47447175692295207039e-01
  -1.07501868798523025905e-01-j1.45685420198555987126e-01
  -1.10034868852513484372e-01-j1.43872359310728642479e-01
  -1.12531944316135390505e-01-j1.42008758925415090602e-01
  -1.14991995292934356954e-01-j1.40095410290292737843e-01
  -1.17413940247313136611e-01-j1.38133129582401370516e-01
  -1.19796716574072301120e-01-j1.36122757473448541266e-01
  -1.22139281157611537254e-01-j1.34065158682332680185e-01
  -1.24440610920477701118e-01-j1.31961221515171589491e-01
  -1.26699703361036059013e-01-j1.29811857393061086396e-01
  -1.28915577079974114083e-01-j1.27618000367845846332e-01
  -1.31087272295418388879e-01-j1.25380606626140589377e-01
  -1.33213851346389744457e-01-j1.23100653981900676204e-01
  -1.35294399184400365721e-01-j1.20779141357765129605e-01
  -1.37328023852900715784e-01-j1.18417088255512864547e-01
  -1.39313856954424469814e-01-j1.16015534215838100884e-01
  -1.41251054105148321494e-01-j1.13575538267780967727e-01
  -1.43138795376681671190e-01-j1.11098178368090244605e-01
  -1.44976285724895292972e-01-j1.08584550830768816754e-01
  -1.46762755405545480825e-01-j1.06035769747155741993e-01
  -1.48497460376543405358e-01-j1.03452966396785278613e-01
  -1.50179682686650023404e-01-j1.00837288649363435167e-01
  -1.51808730850434558945e-01-j9.81899003581281765163e-02
  -1.53383940209303376578e-01-j9.55119807449347213435e-02
  -1.54904673278448812290e-01-j9.28047237773352018397e-02
  -1.56370320079533442481e-01-j9.00693375380038629974e-02
  -1.57780298458973206044e-01-j8.73070435867782240758e-02
  -1.59134054391650764382e-01-j8.45190763156683233515e-02
  -1.60431062269921848040e-01-j8.17066822971336259585e-02
  -1.61670825177781946058e-01-j7.88711196259421071231e-02
  -1.62852875150045678376e-01-j7.60136572549570677104e-02
  -1.63976773416427190622e-01-j7.31355743251458634280e-02
  -1.65042110630388760839e-01-j7.02381594901762273953e-02
  -1.66048507082658891587e-01-j6.73227102358819468053e-02
  -1.66995612899291628883e-01-j6.43905321949793524317e-02
  -1.67883108224190114033e-01-j6.14429384573158959837e-02
  -1.68710703385973104229e-01-j5.84812488760452914294e-02
  -1.69478139049120180015e-01-j5.55067893699982203848e-02
  -1.70185186349295108910e-01-j5.25208912226496002496e-02
  -1.70831647012778725658e-01-j4.95248903779817867266e-02
  -1.71417353459943661020e-01-j4.65201267335988988272e-02
  -1.71942168892698421523e-01-j4.35079434314461638289e-02
  -1.72405987365860213778e-01-j4.04896861464464491442e-02
  -1.72808733842383460688e-01-j3.74667023734507609323e-02
  -1.73150364232421527522e-01-j3.44403407127941776911e-02
  -1.73430865416174473381e-01-j3.14119501548498353261e-02
  -1.73650255250489216063e-01-j2.83828793639049753450e-02
  -1.73808582559193874895e-01-j2.53544759617255546780e-02
  -1.73905927107150304334e-01-j2.23280858111492910845e-02
  -1.73942399558006666194e-01-j1.93050523000599383305e-02
  -1.73918141415652649506e-01-j1.62867156261212314705e-02
  -1.73833324949379114388e-01-j1.32744120825759592819e-02
  -1.73688153102751957624e-01-j1.02694733455187051097e-02
  -1.73482859386216020647e-01-j7.27322576295665046420e-03
  -1.73217707753454103203e-01-j4.28698964604540960766e-03
  -1.72892992461533279158e-01-j1.31207856281655849129e-03
  -1.72509037914875318354e-01+j1.65020136518857080121e-03
  -1.72066198493095345867e-01+j4.59855216309097009075e-03
  -1.71564858362765498834e-01+j7.53168469922904995628e-03
  -1.71005431273159841377e-01+j1.04483193778026096921e-02
  -1.70388360336047928190e-01+j1.33471868271893140401e-02
  -1.69714117789613899712e-01+j1.62270285836366226495e-02
  -1.68983204746582182931e-01+j1.90865977699243884180e-02
  -1.68196150926635507039e-01+j2.19246597686713513842e-02
  -1.67353514373231260226e-01+j2.47399928899301457808e-02
  -1.66455881154910140252e-01+j2.75313890327052793183e-02
  -1.65503865051216031423e-01+j3.02976543400661213479e-02
  -1.64498107223345790828e-01+j3.30376098474655863213e-02
  -1.63439275869652955731e-01+j3.57500921239597702073e-02
  -1.62328065866146314944e-01+j3.84339539059538326526e-02
  -1.61165198392119624060e-01+j4.10880647231327764124e-02
  -1.59951420541068423109e-01+j4.37113115162411774994e-02
  -1.58687504917047861319e-01+j4.63025992463607372063e-02
  -1.57374249216640199611e-01+j4.88608514953624145649e-02
  -1.56012475796707489328e-01+j5.13850110571600141030e-02
  -1.54603031228102122396e-01+j5.38740405194864518945e-02
  -1.53146785835539450682e-01+j5.63269228358088056008e-02
  -1.51644633223813246614e-01+j5.87426618870778433079e-02
  -1.50097489790569804669e-01+j6.11202830329978311075e-02
  -1.48506294225848434198e-01+j6.34588336524640334035e-02
  -1.46872006998616633222e-01+j6.57573836728635452431e-02
  -1.45195609830508692850e-01+j6.80150260879467949415e-02
  -1.43478105157025553895e-01+j7.02308774639210792179e-02
  -1.41720515576427452675e-01+j7.24040784334770010089e-02
  -1.39923883286570654993e-01+j7.45337941774519840976e-02
  -1.38089269509947348835e-01+j7.66192148938225348065e-02
  -1.36217753907199812247e-01+j7.86595562537237558143e-02
  -1.34310433979369092672e-01+j8.06540598442409273350e-02
  -1.32368424459177680408e-01+j8.26019935976388675059e-02
  -1.30392856691614461573e-01+j8.45026522067980206954e-02
  -1.28384878004131730567e-01+j8.63553575265555845020e-02
  -1.26345651066749997682e-01+j8.81594589606909395663e-02
  -1.24276353242377540775e-01+j8.99143338343049158823e-02
  -1.22178175927669815937e-01+j9.16193877513169219196e-02
  -1.20052323884742018212e-01+j9.32740549368522436913e-02
  -1.17900014564072230794e-01+j9.48777985642533516764e-02
  -1.15722477418925551174e-01+j9.64301110665060773330e-02
  -1.13520953211647596115e-01+j9.79305144318261822090e-02
  -1.11296693312174690971e-01+j9.93785604831960295291e-02
  -1.09050958989117541265e-01+j1.00773831141633865571e-01
  -1.06785020693775031808e-01+j1.02115938672990236302e-01
  -1.04500157337456572870e-01+j1.03404525918061956924e-01
  -1.02197655562478589841e-01+j1.04639266505840919375e-01
  -9.98788090072167400457e-02+j1.05819865049705946758e-01
  -9.75449175656049050076e-02+j1.06946057326378005103e-01
  -9.51972866414575319416e-02+j1.08017610437486366592e-01
  -9.28372263980332956823e-02+j1.09034322953556209179e-01
  -9.04660510032195136487e-02+j1.09996025040294667652e-01
  -8.80850778707602949380e-02+j1.10902578567010676180e-01
  -8.56956268979255364471e-02+j1.11753877197049031333e-01
  -8.32990197000529619675e-02+j1.12549846460097469070e-01
  -8.08965788423681719799e-02+j1.13290443806265864191e-01
  -7.84896270695114028904e-02+j1.13975658641822283346e-01
  -7.60794865332121428292e-02+j1.14605512346482599217e-01
  -7.36674780185250510645e-02+j1.15180058272176658041e-01
  -7.12549201690737543657e-02+j1.15699381723207900263e-01
  -6.88431287117468038161e-02+j1.16163599917732895950e-01
  -6.64334156812754761390e-02+j1.16572861930509599770e-01
  -6.40270886451556608954e-02+j1.16927348616860243835e-01
  -6.16254499293493324119e-02+j1.17227272517814423702e-01
  -5.92297958452280351449e-02+j1.17472877746398959853e-01
  -5.68414159182042341700e-02+j1.17664439855065694474e-01
  -5.44615921185154366890e-02+j1.17802265684241014299e-01
  -5.20915980946126816464e-02+j1.17886693192005301278e-01
  -4.97326984096160065740e-02+j1.17918091264922877959e-01
  -4.73861477813069878473e-02+j1.17896859510031939977e-01
  -4.50531903261038105257e-02+j1.17823428028052290539e-01
  -4.27350588075062765014e-02+j1.17698257167838910009e-01
  -4.04329738894530291149e-02+j1.17521837262156730874e-01
  -3.81481433950750237205e-02+j1.17294688344836153804e-01
  -3.58817615713070067751e-02+j1.17017359849394236848e-01
  -3.36350083598080107361e-02+j1.16690430289221089288e-01
  -3.14090486746873218116e-02+j1.16314506919425353360e-01
  -2.92050316874725712779e-02+j1.15890225380465852756e-01
  -2.70240901197962013480e-02+j1.15418249323692601038e-01
  -2.48673395442729552873e-02+j1.14899270018938903792e-01
  -2.27358776940147014334e-02+j1.14334005944317224079e-01
  -2.06307837812554697998e-02+j1.13723202358381403343e-01
  -1.85531178255398526700e-02+j1.13067630854833983678e-01
  -1.65039199919376558534e-02+j1.12368088899966619976e-01
  -1.44842099397271203975e-02+j1.11625399353030799188e-01
  -1.24949861820155133652e-02+j1.10840409969755873676e-01
  -1.05372254567324755148e-02+j1.10013992889235773243e-01
  -8.61188210944573845351e-03+j1.09147044104422913380e-01
  -6.71988748843795058452e-03+j1.08240482916479030528e-01
  -4.86214935249039414966e-03+j1.07295251373241445902e-01
  -3.03955129179378502613e-03+j1.06312313692081022998e-01
  -1.25295216242195944778e-03+j1.05292655667436979572e-01
  +4.96814465210410061147e-04+j1.04237284063325538752e-01
  +2.20894084348153413311e-03+j1.03147225991131560874e-01
  +3.88264556989577347412e-03+j1.02023528273010338774e-01
  +5.51717409418759491269e-03+j1.00867256791224130241e-01
  +7.11179920981213492537e-03+j9.96794958237722100725e-02
  +8.66582152942563938014e-03+j9.84613473666594019029e-02
  +1.01785699439711184444e-02+j9.72139304431863526812e-02
  +1.16494020649935761669e-02+j9.59383804006295054512e-02
  +1.30777046498139412622e-02+j9.46358481947170149251e-02
  +1.44628940092023303143e-02+j9.33074996622973718008e-02
  +1.58044163971997053686e-02+j9.19545147826190678586e-02
  +1.71017483827420845033e-02+j9.05780869276534283951e-02
  +1.83543972027600012231e-02+j8.91794221018917671051e-02
  +1.95619010964231676564e-02+j8.77597381720731789523e-02
  +2.07238296202229589638e-02+j8.63202640873017568168e-02
  +2.18397839435893921511e-02+j8.48622390900239109701e-02
  +2.29093971247529455681e-02+j8.33869119183462820244e-02
  +2.39323343665650140055e-02+j8.18955400001915995167e-02
  +2.49082932520230601603e-02+j8.03893886397869655847e-02
  +2.58370039592324164668e-02+j7.88697301970013864292e-02
  +2.67182294555687628590e-02+j7.73378432600509146955e-02
  +2.75517656708126057463e-02+j7.57950118121038796115e-02
  +2.83374416490369124277e-02+j7.42425243923207911489e-02
  +2.90751196790478699805e-02+j7.26816732518818786613e-02
  +2.97646954031908217431e-02+j7.11137535055516856186e-02
  +3.04060979043470694383e-02+j6.95400622793499317842e-02
  +3.09992897709644096849e-02+j6.79618978548942043183e-02
  +3.15442671399794802300e-02+j6.63805588109947636299e-02
  +3.20410597174990569025e-02+j6.47973431630868151876e-02
  +3.24897307771357390926e-02+j6.32135475010871250579e-02
  +3.28903771358984020612e-02+j6.16304661262752906392e-02
  +3.32431291075578339012e-02+j6.00493901877976812842e-02
  +3.35481504334276606216e-02+j5.84716068194039220729e-02
  +3.38056381905164488044e-02+j5.68983982770226159875e-02
  +3.40158226770181856824e-02+j5.53310410777945460570e-02
</dep>
<dep S[1,2] frequency>
  -8.40784258298739706206e-01-j4.37333622249588493958e-01
  -8.46348150543503319199e-01-j4.26058526445701968299e-01
  -8.51762177125586772419e-01-j4.14713684010351135711e-01
  -8.57025490574441106695e-01-j4.03301051360074380714e-01
  -8.62137267997252987328e-01-j3.91822594514791622267e-01
  -8.67096711169701772626e-01-j3.80280288815913580791e-01
  -8.71903046624293853739e-01-j3.68676118644088057774e-01
  -8.76555525736272822535e-01-j3.57012077136551753131e-01
  -8.81053424807122120832e-01-j3.45290165904097168248e-01
  -8.85396045145663501685e-01-j3.33512394747629670189e-01
  -8.89582713146773729207e-01-j3.21680781374329871625e-01
  -8.93612780367706194262e-01-j3.09797351113390295740e-01
  -8.97485623602040538671e-01-j2.97864136631341591688e-01
  -9.01200644951253959647e-01-j2.85883177646937602923e-01
  -9.04757271893933956441e-01-j2.73856520645615275633e-01
  -9.08154957352600433751e-01-j2.61786218593495600970e-01
  -9.11393179758185345563e-01-j2.49674330650943326892e-01
  -9.14471443112127690966e-01-j2.37522921885657434249e-01
  -9.17389277046103179813e-01-j2.25334062985294486525e-01
  -9.20146236879388013108e-01-j2.13109829969616609846e-01
  -9.22741903673839014566e-01-j2.00852303902154333271e-01
  -9.25175884286495442410e-01-j1.88563570601375213309e-01
  -9.27447811419797485399e-01-j1.76245720351361545575e-01
  -9.29557343669404789743e-01-j1.63900847611970879036e-01
  -9.31504165569620901088e-01-j1.51531050728498650759e-01
  -9.33287987636390203861e-01-j1.39138431640815213308e-01
  -9.34908546407896778874e-01-j1.26725095591981223864e-01
  -9.36365604482705782274e-01-j1.14293150836340645649e-01
  -9.37658950555475212418e-01-j1.01844708347073972798e-01
  -9.38788399450202759589e-01-j8.93818815232265695414e-02
  -9.39753792150997080412e-01-j7.69067858961866024359e-02
  -9.40554995830367168708e-01-j6.44215388356298573891e-02
  -9.41191903875004398650e-01-j5.19282592549192636988e-02
  -9.41664435909041253048e-01-j3.94290673159567589545e-02
  -9.41972537814776966769e-01-j2.69260841334931950997e-02
  -9.42116181750844772225e-01-j1.44214314788889495095e-02
  -9.42095366167799430634e-01-j1.91723148333287560230e-03
  -9.41910115821116944446e-01+j1.05843936594791805661e-02
  -9.41560481781574032389e-01+j2.30813219912144283741e-02
  -9.41046541442991379967e-01+j3.55714320873096664921e-02
  -9.40368398527323234859e-01+j4.80526033559006138240e-02
  -9.39526183087057820131e-01+j6.05227163372997131741e-02
  -9.38520051504927677044e-01+j7.29796530039782676003e-02
  -9.37350186490878867218e-01+j8.54212970610820770956e-02
  -9.36016797076309803316e-01+j9.78455342474465195046e-02
  -9.34520118605511096455e-01+j1.10250252637120488286e-01
  -9.32860412724337839663e-01+j1.22633342941380396596e-01
  -9.31037967366030616567e-01+j1.34992698811228523104e-01
  -9.29053096734203776030e-01+j1.47326217140367921044e-01
  -9.26906141282957896088e-01+j1.59631798368629507223e-01
  -9.24597467694088903656e-01+j1.71907346785859810323e-01
  -9.22127468851377640746e-01+j1.84150770836237404060e-01
  -9.19496563811916134412e-01+j1.96359983423010642234e-01
  -9.16705197774470015304e-01+j2.08532902213643789313e-01
  -9.13753842044819242219e-01+j2.20667449945355725882e-01
  -9.10642993998083571938e-01+j2.32761554731024250531e-01
  -9.07373177037969713687e-01+j2.44813150365456311253e-01
  -9.03944940552949605106e-01+j2.56820176631984420368e-01
  -9.00358859869309302582e-01+j2.68780579609389780327e-01
  -8.96615536201069707190e-01+j2.80692311979114983433e-01
  -8.92715596596727167800e-01+j2.92553333332755682861e-01
  -8.88659693882802081966e-01+j3.04361610479802091600e-01
  -8.84448506604169182310e-01+j3.16115117755614682959e-01
  -8.80082738961126986865e-01+j3.27811837329600175295e-01
  -8.75563120743190204109e-01+j3.39449759513571647229e-01
  -8.70890407259587440159e-01+j3.51026883070260309339e-01
  -8.66065379266406698555e-01+j3.62541215521959392376e-01
  -8.61088842890398220575e-01+j3.73990773459261294231e-01
  -8.55961629549375491166e-01+j3.85373582849871443301e-01
  -8.50684595869210968822e-01+j3.96687679347467347934e-01
  -8.45258623597387570570e-01+j4.07931108600556036059e-01
  -8.39684619513079377739e-01+j4.19101926561329884979e-01
  -8.33963515333738358848e-01+j4.30198199794454672062e-01
  -8.28096267618164350033e-01+j4.41218005785786571149e-01
  -8.22083857666022876920e-01+j4.52159433250959086337e-01
  -8.15927291413792055152e-01+j4.63020582443827988239e-01
  -8.09627599327109370719e-01+j4.73799565464719074637e-01
  -8.03185836289497134821e-01+j4.84494506568453386919e-01
  -7.96603081487434860897e-01+j4.95103542472115132345e-01
  -7.89880438291761022285e-01+j5.05624822662515516214e-01
  -7.83019034135372105077e-01+j5.16056509703313293080e-01
  -7.76020020387205633483e-01+j5.26396779541764114896e-01
  -7.68884572222463424929e-01+j5.36643821815050214852e-01
  -7.61613888489083845634e-01+j5.46795840156133805543e-01
  -7.54209191570396564330e-01+j5.56851052499135246165e-01
  -7.46671727243984340028e-01+j5.66807691384130674095e-01
  -7.39002764536683565133e-01+j5.76664004261389084860e-01
  -7.31203595575744880186e-01+j5.86418253794952493152e-01
  -7.23275535436091798758e-01+j5.96068718165543742771e-01
  -7.15219921983687778599e-01+j6.05613691372745122088e-01
  -7.07038115714973880443e-01+j6.15051483536400711571e-01
  -6.98731499592361471329e-01+j6.24380421197191171068e-01
  -6.90301478875756102660e-01+j6.33598847616338445299e-01
  -6.81749480950106900856e-01+j6.42705123074387540960e-01
  -6.73076955148940392348e-01+j6.51697625169012639823e-01
  -6.64285372573881982561e-01+j6.60574749111791925671e-01
  -6.55376225910130338903e-01+j6.69334908023912711350e-01
  -6.46351029237882568346e-01+j6.77976533230735811664e-01
  -6.37211317839683211162e-01+j6.86498074555174087052e-01
  -6.27958648003677177840e-01+j6.94898000609836308250e-01
  -6.18594596822769959843e-01+j7.03174799087857960167e-01
  -6.09120761989659031954e-01+j7.11326977052390230227e-01
  -5.99538761587736779290e-01+j7.19353061224672463148e-01
  -5.89850233877842633490e-01+j7.27251598270619803444e-01
  -5.80056837080856979583e-01+j7.35021155085899713377e-01
  -5.70160249156127840742e-01+j7.42660319079400332853e-01
  -5.60162167575706804179e-01+j7.50167698455050491191e-01
  -5.50064309094395298416e-01+j7.57541922491923092053e-01
  -5.39868409515592784231e-01+j7.64781641822561919497e-01
  -5.29576223452922878465e-01+j7.71885528709460699837e-01
  -5.19189524087649290074e-01+j7.78852277319639796360e-01
  -5.08710102921863471792e-01+j7.85680603997242821279e-01
  -4.98139769527429443485e-01+j7.92369247534100096253e-01
  -4.87480351290706437339e-01+j7.98916969438177138052e-01
  -4.76733693153017001887e-01+j8.05322554199860429769e-01
  -4.65901657346872610788e-01+j8.11584809555977670925e-01
  -4.54986123127954611434e-01+j8.17702566751523640676e-01
  -4.43988986502839855230e-01+j8.23674680798989422570e-01
  -4.32912159952481501168e-01+j8.29500030735238702562e-01
  -4.21757572151439774633e-01+j8.35177519875852314435e-01
  -4.10527167682862126341e-01+j8.40706076066869090191e-01
  -3.99222906749230554979e-01+j8.46084651933855402817e-01
  -3.87846764878856498093e-01+j8.51312225128216248926e-01
  -3.76400732628149492509e-01+j8.56387798570687475141e-01
  -3.64886815279662823919e-01+j8.61310400691912336768e-01
  -3.53307032535909837367e-01+j8.66079085670052095658e-01
  -3.41663418208980607105e-01+j8.70692933665323187675e-01
  -3.29958019905956689843e-01+j8.75151051051411110748e-01
  -3.18192898710140947838e-01+j8.79452570643655007210e-01
  -3.06370128858110268855e-01+j8.83596651923947540297e-01
  -2.94491797412619438212e-01+j8.87582481262245592823e-01
  -2.82560003931353942441e-01+j8.91409272134632502116e-01
  -2.70576860131570728907e-01+j8.95076265337830356827e-01
  -2.58544489550624978502e-01+j8.98582729200097518607e-01
  -2.46465027202422415353e-01+j9.01927959788412225706e-01
  -2.34340619229806923496e-01+j9.05111281111866228244e-01
  -2.22173422552919719308e-01+j9.08132045321191072595e-01
  -2.09965604513543790954e-01+j9.10989632904307566896e-01
  -1.97719342515470880572e-01+j9.13683452877847468443e-01
  -1.85436823660915878209e-01+j9.16212942974533262053e-01
  -1.73120244383012433786e-01+j9.18577569826338979908e-01
  -1.60771810074427312642e-01+j9.20776829143349351270e-01
  -1.48393734712108454898e-01+j9.22810245888225910704e-01
  -1.35988240478241040332e-01+j9.24677374446189359602e-01
  -1.23557557377408602783e-01+j9.26377798790442019694e-01
  -1.11103922850036271330e-01+j9.27911132642916802737e-01
  -9.86295813821289751866e-02+j9.29277019630305733955e-01
  -8.61367841113806209652e-02+j9.30475133435231582801e-01
  -7.36277884296649698381e-02+j9.31505177942508866273e-01
  -6.11048575819984132740e-02+j9.32366887380391862195e-01
  -4.85702602619889206581e-02+j9.33060026456717372945e-01
  -3.60262702038501581026e-02+j9.33584390489861970508e-01
  -2.34751657710253955336e-02+j9.33939805534419464905e-01
  -1.09192295414801583686e-02+j9.34126128501506336477e-01
  +1.63925211026894404598e-03+j9.34143247273613308579e-01
  +1.41979894343434217413e-02+j9.33991080813909801961e-01
  +2.67546897298130172127e-02+j9.33669579269913896269e-01
  +3.93070577721079811306e-02+j9.33178724071438758791e-01
  +5.18527962434053371621e-02+j9.32518528022727610782e-01
  +6.43896061659694207702e-02+j9.31689035388690078854e-01
  +7.69151873383352030489e-02+j9.30690321975157996981e-01
  +8.94272387742834212743e-02+j9.29522495203059073710e-01
  +1.01923459144498310125e-01+j9.28185694176439479719e-01
  +1.14401547220861252163e-01+j9.26680089744242985184e-01
  +1.26859202323264197432e-01+j9.25005884555757496024e-01
  +1.39294124768877730647e-01+j9.23163313109650829347e-01
  +1.51704016323762458374e-01+j9.21152641796519122686e-01
  +1.64086580656750524732e-01+j9.18974168934845847545e-01
  +1.76439523795502595238e-01+j9.16628224800312363385e-01
  +1.88760554584616796481e-01+j9.14115171648365532064e-01
  +2.01047385145718932042e-01+j9.11435403729974558118e-01
  +2.13297731339415874707e-01+j9.08589347300492122805e-01
  +2.25509313229015295743e-01+j9.05577460621540764052e-01
  +2.37679855545881918433e-01+j9.02400233955862551838e-01
  +2.49807088156358936271e-01+j8.99058189555052900133e-01
  +2.61888746530093197151e-01+j8.95551881640090918779e-01
  +2.73922572209693848677e-01+j8.91881896374638216685e-01
  +2.85906313281564461448e-01+j8.88048851830983476674e-01
  +2.97837724847829610209e-01+j8.84053397948616259683e-01
  +3.09714569499183356438e-01+j8.79896216485332338664e-01
  +3.21534617788585108666e-01+j8.75578020960827263508e-01
  +3.33295648705631220032e-01+j8.71099556592713764047e-01
  +3.44995450151494575941e-01+j8.66461600224893713218e-01
  +3.56631819414290840431e-01+j8.61664960248258449127e-01
  +3.68202563644738856130e-01+j8.56710476513626972839e-01
  +3.79705500331970535743e-01+j8.51599020236903370140e-01
  +3.91138457779352965993e-01+j8.46331493896390285592e-01
  +4.02499275580181226086e-01+j8.40908831122216371412e-01
  +4.13785805093092651230e-01+j8.35331996577842850193e-01
  +4.24995909917059377925e-01+j8.29601985833593236208e-01
  +4.36127466365798632797e-01+j8.23719825232195335118e-01
  +4.47178363941474865673e-01+j8.17686571746276569250e-01
  +4.58146505807492387952e-01+j8.11503312827802303353e-01
  +4.69029809260285812655e-01+j8.05171166249424419270e-01
  +4.79826206199893356974e-01+j7.98691279937714271320e-01
  +4.90533643599184776551e-01+j7.92064831798266477669e-01
  +5.01150083971578008679e-01+j7.85293029532646236213e-01
  +5.11673505837076492142e-01+j7.78377110447194153764e-01
  +5.22101904186464960134e-01+j7.71318341253645400890e-01
  +5.32433290943504888837e-01+j7.64118017861581622086e-01
</dep>
<dep S[1,4] frequency>
  -3.90534392624026713281e-04+j1.68352432058175779939e-03
  -2.99901102069795311156e-04+j1.66594500943759854517e-03
  -2.10159662458141854868e-04+j1.64466197027163946176e-03
  -1.21446860339097587045e-04+j1.61970991123510515974e-03
  -3.38980180577888590143e-05+j1.59112836551273881258e-03
  +5.23531727894942927604e-05+j1.55896162180810954334e-03
  +1.37174814406216399876e-04+j1.52325864913222322472e-03
  +2.20436962177215575731e-04+j1.48407301609752503846e-03
  +3.02011780185724651449e-04+j1.44146280487391850733e-03
  +3.81773692683476731369e-04+j1.39549052000826484532e-03
  +4.59599531380607689846e-04+j1.34622299230013203752e-03
  +5.35368678352632354489e-04+j1.29373127792205971920e-03
  +6.08963204463516122322e-04+j1.23809055299785655824e-03
  +6.80268003128436243854e-04+j1.17938000383503716062e-03
  +7.49170919320665124053e-04+j1.11768271304105507036e-03
  +8.15562873670638149859e-04+j1.05308554170409351958e-03
  +8.79337981585785743999e-04+j9.85679007899351034006e-04
  +9.40393667254655479804e-04+j9.15557161694429549881e-04
  +9.98630772476673256310e-04+j8.42817456918932422782e-04
  +1.05395366021153458203e-03+j7.67560619881660355368e-04
  +1.10627031280493420828e-03+j6.89890515292529427072e-04
  +1.15549242480494224194e-03+j6.09914009596621703446e-04
  +1.20153549033548759373e-03+j5.27740831945556349014e-04
  +1.24431888498072878990e-03+j4.43483433048411090915e-04
  +1.28376594214239456160e-03+j3.57256842102693372709e-04
  +1.31980402386293674266e-03+j2.69178522053933194647e-04
  +1.35236458608094245459e-03+j1.79368223388695624543e-04
  +1.38138323834482643071e-03+j8.79478366985243786846e-05
  +1.40679979794544260385e-03-j4.95875578106208525497e-06
  +1.42855833853894331753e-03-j9.92258294283537845004e-05
  +1.44660723322697151727e-03-j1.94725967075811551288e-04
  +1.46089919217030558829e-03-j2.91330209228946035438e-04
  +1.47139129474134142117e-03-j3.88908204449641553557e-04
  +1.47804501628726395190e-03-j4.87328359695567148169e-04
  +1.48082624955843747405e-03-j5.86457990426558772867e-04
  +1.47970532083278524804e-03-j6.86163470274340353550e-04
  +1.47465700086176626504e-03-j7.86310380078151377470e-04
  +1.46566051066564576044e-03-j8.86763656114317871948e-04
  +1.45269952229163182289e-03-j9.87387737332513781841e-04
  +1.43576215461115735961e-03-j1.08804671140957584519e-03
  +1.41484096427385228067e-03-j1.18860445947287229895e-03
  +1.38993293188423294726e-03-j1.28892479931079148581e-03
  +1.36103944355859748927e-03-j1.38887162692745078085e-03
  +1.32816626793252900995e-03-j1.48830905626815522547e-03
  +1.29132352876668715647e-03-j1.58710155699295051013e-03
  +1.25052567326400937420e-03-j1.68511409014569443765e-03
  +1.20579143622340234643e-03-j1.78221224158905955370e-03
  +1.15714380017303830606e-03-j1.87826235308259301138e-03
  +1.10460995160710506724e-03-j1.97313165087812519838e-03
  +1.04822123347809298410e-03-j2.06668837173810612806e-03
  +9.88013094070087916077e-04-j2.15880188624511908102e-03
  +9.24025032420644487630e-04-j2.24934281934011798265e-03
  +8.56300540412448241145e-04-j2.33818316796491516840e-03
  +7.84887041706712473843e-04-j2.42519641575688043450e-03
  +7.09835827654548001675e-04-j2.51025764470159604147e-03
  +6.31201990348523311880e-04-j2.59324364367966887779e-03
  +5.49044352952381131683e-04-j2.67403301386079633034e-03
  +4.63425397479656775435e-04-j2.75250627087044938412e-03
  +3.74411190168781604637e-04-j2.82854594370177212653e-03
  +2.82071304595135630144e-04-j2.90203667032789148356e-03
  +1.86478742695887766967e-04-j2.97286528998442697858e-03
  +8.77098538413154105164e-05-j3.04092093209281776750e-03
  -1.41557478845338868823e-05-j3.10609510182029407294e-03
  -1.19035268057399168384e-04-j3.16828176225381584474e-03
  -2.26842817772639204765e-04-j3.22737741319246594293e-03
  -3.37489500869113390191e-04-j3.28328116655697208048e-03
  -4.50883502352616982733e-04-j3.33589481843077047610e-03
  -5.66930177890820341524e-04-j3.38512291774550324805e-03
  -6.85532144238359952837e-04-j3.43087283163235560318e-03
  -8.06589370451929466022e-04-j3.47305480747327893765e-03
  -9.29999269775751147282e-04-j3.51158203167271790526e-03
  -1.05565679205459755918e-03-j3.54637068521401234433e-03
  -1.18345451656332034673e-03-j3.57733999600887316028e-03
  -1.31328274512141490726e-03-j3.60441228813081692914e-03
  -1.44502959539642011899e-03-j3.62751302794832785822e-03
  -1.57858109425088044553e-03-j3.64657086724990298771e-03
  -1.71382127106866483102e-03-j3.66151768339560441251e-03
  -1.85063225092751276746e-03-j3.67228861658833432430e-03
  -1.98889434753062727124e-03-j3.67882210431295410269e-03
  -2.12848615581462397017e-03-j3.68105991303549050925e-03
  -2.26928464413539421329e-03-j3.67894716723321611035e-03
  -2.41116524595941933429e-03-j3.67243237583011854219e-03
  -2.55400195098282045691e-03-j3.66146745613197578673e-03
  -2.69766739560856061431e-03-j3.64600775533860388400e-03
  -2.84203295271905076458e-03-j3.62601206972809619877e-03
  -2.98696882069226371526e-03-j3.60144266159187834142e-03
  -3.13234411159014902726e-03-j3.57226527401757580626e-03
  -3.27802693849938570070e-03-j3.53844914361414741855e-03
  -3.42388450196969007511e-03-j3.49996701126316887842e-03
  -3.56978317550740026354e-03-j3.45679513099473277593e-03
  -3.71558859011852926635e-03-j3.40891327707771793487e-03
  -3.86116571785521250915e-03-j3.35630474942409662287e-03
  -4.00637895436538327143e-03-j3.29895637738185365517e-03
  -4.15109220042388094019e-03-j3.23685852202910961939e-03
  -4.29516894244614394482e-03-j3.17000507704773976103e-03
  -4.43847233197922769188e-03-j3.09839346825830502796e-03
  -4.58086526418049339027e-03-j3.02202465192267372140e-03
  -4.72221045528732619179e-03-j2.94090311188105815732e-03
  -4.86237051910388962117e-03-j2.85503685561285663885e-03
  -5.00120804251569239796e-03-j2.76443740930090373076e-03
  -5.13858566006525352421e-03-j2.66911981197963388279e-03
  -5.27436612761197909371e-03-j2.56910260883035437840e-03
  -5.40841239511925461758e-03-j2.46440784370889620636e-03
  -5.54058767860077239220e-03-j2.35506105095963785834e-03
  -5.67075553127276144050e-03-j2.24109124658526323581e-03
  -5.79877991396036268634e-03-j2.12253091883238612092e-03
  -5.92452526480363381167e-03-j1.99941601824289716394e-03
  -6.04785656832341686484e-03-j1.87178594722481675405e-03
  -6.16863942390107403146e-03-j1.73968354919133358361e-03
  -6.28674011372953173149e-03-j1.60315509729643673742e-03
  -6.40202567030622241018e-03-j1.46225028282286062531e-03
  -6.51436394351909489608e-03-j1.31702220323153332271e-03
  -6.62362366741087865707e-03-j1.16752734991644110951e-03
  -6.72967452667247445497e-03-j1.01382559567090094199e-03
  -6.83238722294432498927e-03-j8.55980181888579827465e-04
  -6.93163354099767328731e-03-j6.94057705507435118708e-04
  -7.02728641486201691113e-03-j5.28128105692200755517e-04
  -7.11921999397347599059e-03-j3.58264650266094941689e-04
  -7.20730970941884513392e-03-j1.84543921871095639720e-04
  -7.29143234034137360799e-03-j7.04580384952580018876e-06
  -7.37146608058414712361e-03+j1.74146534167925193248e-04
  -7.44729060564324266136e-03+j3.58946651009557637924e-04
  -7.51878713998940795271e-03+j5.47264849053659407918e-04
  -7.58583852484142479033e-03+j7.39008189722147046385e-04
  -7.64832928644210846558e-03+j9.34080509400719849467e-04
  -7.70614570491206726799e-03+j1.13238243584492387361e-03
  -7.75917588373489092168e-03+j1.33381140512379980922e-03
  -7.80730981993239814276e-03+j1.53826167915203232406e-03
  -7.85043947499090150055e-03+j1.74562436388524255815e-03
  -7.88845884658046815618e-03+j1.95578742824061013739e-03
  -7.92126404112430439197e-03+j2.16863572381582880855e-03
  -7.94875334725319085405e-03+j2.38405100548954446138e-03
  -7.97082731019053102040e-03+j2.60191195298136584979e-03
  -7.98738880709952588088e-03+j2.82209419346404755125e-03
  -7.99834312341836384253e-03+j3.04447032531189598625e-03
  -8.00359803021743337892e-03+j3.26890994308710880478e-03
  -8.00306386258404708900e-03+j3.49527966385864558019e-03
  -7.99665359906000065837e-03+j3.72344315495878180888e-03
  -7.98428294212987464673e-03+j3.95326116327873039458e-03
  -7.96587039976409672093e-03+j4.18459154621086265591e-03
  -7.94133736801384479409e-03+j4.41728930435535127597e-03
  -7.91060821463778797435e-03+j4.65120661609254304469e-03
  -7.87361036375397796427e-03+j4.88619287413824543442e-03
  -7.83027438147545877534e-03+j5.12209472420574463136e-03
  -7.78053406251179389269e-03+j5.35875610587501632898e-03
  -7.72432651768517435087e-03+j5.59601829580448628665e-03
  -7.66159226231902766580e-03+j5.83371995337957777172e-03
  -7.59227530544394867140e-03+j6.07169716894599698076e-03
  -7.51632323975791067500e-03+j6.30978351470885129304e-03
  -7.43368733226930714086e-03+j6.54781009844587064128e-03
  -7.34432261555041394213e-03+j6.78560562012455598113e-03
  -7.24818797951080288217e-03+j7.02299643155488567681e-03
  -7.14524626360185308172e-03+j7.25980659917125487057e-03
  -7.03546434935242888387e-03+j7.49585797006910303786e-03
  -6.91881325312630919566e-03+j7.73097024138540145355e-03
  -6.79526821898871792593e-03+j7.96496103313681924618e-03
  -6.66480881155997149923e-03+j8.19764596460993005822e-03
  -6.52741900872430558245e-03+j8.42883873439324166066e-03
  -6.38308729406117901506e-03+j8.65835120415005959904e-03
  -6.23180674885509631317e-03+j8.88599348620609102989e-03
  -6.07357514353081776731e-03+j9.11157403504157803464e-03
  -5.90839502836301884436e-03+j9.33489974274994555037e-03
  -5.73627382329322012267e-03+j9.55577603854332324751e-03
  -5.55722390668625821492e-03+j9.77400699235465159065e-03
  -5.37126270285313584668e-03+j9.98939542259431184634e-03
  -5.17841276815936626954e-03+j1.02017430081121629470e-02
  -4.97870187553213407877e-03+j1.04108504043970775954e-02
  -4.77216309717831167758e-03+j1.06165173640475340999e-02
  -4.55883488531469253935e-03+j1.08185428615403533836e-02
  -4.33876115071582177385e-03+j1.10167252223044853654e-02
  -4.11199133887411513721e-03+j1.12108622561102044823e-02
  -3.87858050356343526943e-03+j1.14007513947702240897e-02
  -3.63858937760209132095e-03+j1.15861898341347926977e-02
  -3.39208444059717340036e-03+j1.17669746803627239817e-02
  -3.13913798345997335781e-03+j1.19429031004339297750e-02
  -2.87982816947442328559e-03+j1.21137724768594426394e-02
  -2.61423909170107465760e-03+j1.22793805665348185197e-02
  -2.34246082649939776910e-03+j1.24395256636784592996e-02
  -2.06458948294784699895e-03+j1.25940067667729485579e-02
  -1.78072724794672496151e-03+j1.27426237494299224307e-02
  -1.49098242677967590675e-03+j1.28851775350805747289e-02
  -1.19546947892875191077e-03+j1.30214702753831956805e-02
  -8.94309048911808013305e-04+j1.31513055322350150278e-02
  -5.87627991946899908005e-04+j1.32744884632502307964e-02
  -2.75559394222173875688e-04+j1.33908260105782273008e-02
  +4.17574124307110161602e-05+j1.35001270928934227755e-02
  +3.64176841661203315459e-04+j1.36022028004143397117e-02
  +6.91547049723822970790e-04+j1.36968665927609117849e-02
  +1.02370993878921762166e-03+j1.37839344994820922619e-02
  +1.36050116663661430083e-03+j1.38632253230470958716e-02
  +1.70175016290138175767e-03+j1.39345608441094545582e-02
  +2.04728015205887098338e-03+j1.39977660288116492748e-02
  +2.39690818330799693125e-03+j1.40526692379255579990e-02
  +2.75044516751646317410e-03+j1.40991024375782918188e-02
  +3.10769592137577141400e-03+j1.41369014113256682985e-02
  +3.46845921891574329732e-03+j1.41659059733242193024e-02
  +3.83252785050502281505e-03+j1.41859601823306757939e-02
  +4.19968868946399634390e-03+j1.41969125562659906348e-02
  +4.56972276640545127524e-03+j1.41986162870592520779e-02
  +4.94240535140432618588e-03+j1.41909294554905078545e-02
</dep>
<dep S[3,1] frequency>
  -5.71125891067936486412e-02-j1.68935520866396626793e-01
  -6.00868706477057507032e-02-j1.68136812458004186732e-01
  -6.30474617951526511428e-02-j1.67277998182389198156e-01
  -6.59930396019237919258e-02-j1.66359362121062615003e-01
  -6.89222877990561672013e-02-j1.65381218676108499022e-01
  -7.18338974993077417075e-02-j1.64343912401408803747e-01
  -7.47265678961285817472e-02-j1.63247817817603335655e-01
  -7.75990069576747570901e-02-j1.62093339210959336283e-01
  -8.04499321155851820908e-02-j1.60880910416252603801e-01
  -8.32780709481028280639e-02-j1.59610994583841786509e-01
  -8.60821618571997182467e-02-j1.58284083931086477781e-01
  -8.88609547394091925376e-02-j1.56900699478246752339e-01
  -9.16132116499208393190e-02-j1.55461390769089408126e-01
  -9.43377074597113035592e-02-j1.53966735576321400725e-01
  -9.70332305052738763873e-02-j1.52417339592098105561e-01
  -9.96985832307141495168e-02-j1.50813836103734999483e-01
  -1.02332582821820644581e-01-j1.49156885654875615010e-01
  -1.04934061831822078581e-01-j1.47447175692295290306e-01
  -1.07501868798523012027e-01-j1.45685420198556098148e-01
  -1.10034868852513484372e-01-j1.43872359310728642479e-01
  -1.12531944316135390505e-01-j1.42008758925415090602e-01
  -1.14991995292934329198e-01-j1.40095410290292710087e-01
  -1.17413940247313122733e-01-j1.38133129582401370516e-01
  -1.19796716574072328876e-01-j1.36122757473448541266e-01
  -1.22139281157611523376e-01-j1.34065158682332680185e-01
  -1.24440610920477714996e-01-j1.31961221515171589491e-01
  -1.26699703361036059013e-01-j1.29811857393061086396e-01
  -1.28915577079974086327e-01-j1.27618000367845818577e-01
  -1.31087272295418388879e-01-j1.25380606626140617132e-01
  -1.33213851346389688945e-01-j1.23100653981900731715e-01
  -1.35294399184400448988e-01-j1.20779141357765171239e-01
  -1.37328023852900715784e-01-j1.18417088255512864547e-01
  -1.39313856954424497570e-01-j1.16015534215838100884e-01
  -1.41251054105148293738e-01-j1.13575538267780939972e-01
  -1.43138795376681726701e-01-j1.11098178368090300117e-01
  -1.44976285724895292972e-01-j1.08584550830768816754e-01
  -1.46762755405545480825e-01-j1.06035769747155741993e-01
  -1.48497460376543405358e-01-j1.03452966396785306369e-01
  -1.50179682686650023404e-01-j1.00837288649363421289e-01
  -1.51808730850434503434e-01-j9.81899003581281626385e-02
  -1.53383940209303376578e-01-j9.55119807449347490991e-02
  -1.54904673278448812290e-01-j9.28047237773352295953e-02
  -1.56370320079533414726e-01-j9.00693375380038352418e-02
  -1.57780298458973206044e-01-j8.73070435867782101980e-02
  -1.59134054391650792137e-01-j8.45190763156683094737e-02
  -1.60431062269921848040e-01-j8.17066822971336259585e-02
  -1.61670825177781918303e-01-j7.88711196259421071231e-02
  -1.62852875150045650621e-01-j7.60136572549570538326e-02
  -1.63976773416427190622e-01-j7.31355743251458634280e-02
  -1.65042110630388733084e-01-j7.02381594901762551508e-02
  -1.66048507082658863832e-01-j6.73227102358819329275e-02
  -1.66995612899291628883e-01-j6.43905321949793663094e-02
  -1.67883108224190141788e-01-j6.14429384573159237393e-02
  -1.68710703385973159740e-01-j5.84812488760452567349e-02
  -1.69478139049120207771e-01-j5.55067893699981926292e-02
  -1.70185186349295136665e-01-j5.25208912226495863718e-02
  -1.70831647012778753414e-01-j4.95248903779817867266e-02
  -1.71417353459943633265e-01-j4.65201267335988988272e-02
  -1.71942168892698421523e-01-j4.35079434314461499511e-02
  -1.72405987365860213778e-01-j4.04896861464464491442e-02
  -1.72808733842383488444e-01-j3.74667023734507539934e-02
  -1.73150364232421527522e-01-j3.44403407127941846300e-02
  -1.73430865416174473381e-01-j3.14119501548498630816e-02
  -1.73650255250489216063e-01-j2.83828793639049684061e-02
  -1.73808582559193902650e-01-j2.53544759617255546780e-02
  -1.73905927107150304334e-01-j2.23280858111492910845e-02
  -1.73942399558006638438e-01-j1.93050523000599591472e-02
  -1.73918141415652649506e-01-j1.62867156261212314705e-02
  -1.73833324949379114388e-01-j1.32744120825759384652e-02
  -1.73688153102752013135e-01-j1.02694733455186634763e-02
  -1.73482859386216076159e-01-j7.27322576295665046420e-03
  -1.73217707753454103203e-01-j4.28698964604542348544e-03
  -1.72892992461533251403e-01-j1.31207856281655849129e-03
  -1.72509037914875290598e-01+j1.65020136518853610674e-03
  -1.72066198493095318112e-01+j4.59855216309096315186e-03
  -1.71564858362765498834e-01+j7.53168469922904995628e-03
  -1.71005431273159813621e-01+j1.04483193778025854059e-02
  -1.70388360336047928190e-01+j1.33471868271892932234e-02
  -1.69714117789613899712e-01+j1.62270285836365948939e-02
  -1.68983204746582155176e-01+j1.90865977699243398458e-02
  -1.68196150926635451528e-01+j2.19246597686713930175e-02
  -1.67353514373231260226e-01+j2.47399928899301457808e-02
  -1.66455881154910084740e-01+j2.75313890327052585016e-02
  -1.65503865051216059179e-01+j3.02976543400661213479e-02
  -1.64498107223345707562e-01+j3.30376098474655724435e-02
  -1.63439275869652927975e-01+j3.57500921239597493906e-02
  -1.62328065866146287188e-01+j3.84339539059538534693e-02
  -1.61165198392119596305e-01+j4.10880647231328041680e-02
  -1.59951420541068423109e-01+j4.37113115162411774994e-02
  -1.58687504917047889075e-01+j4.63025992463607163896e-02
  -1.57374249216640227367e-01+j4.88608514953624006871e-02
  -1.56012475796707489328e-01+j5.13850110571600141030e-02
  -1.54603031228102122396e-01+j5.38740405194864518945e-02
  -1.53146785835539422926e-01+j5.63269228358088125397e-02
  -1.51644633223813218859e-01+j5.87426618870778294301e-02
  -1.50097489790569749157e-01+j6.11202830329977686574e-02
  -1.48506294225848378687e-01+j6.34588336524640472813e-02
  -1.46872006998616660978e-01+j6.57573836728635452431e-02
  -1.45195609830508692850e-01+j6.80150260879467949415e-02
  -1.43478105157025581651e-01+j7.02308774639210930957e-02
  -1.41720515576427424920e-01+j7.24040784334770148867e-02
  -1.39923883286570654993e-01+j7.45337941774519702198e-02
  -1.38089269509947321080e-01+j7.66192148938225348065e-02
  -1.36217753907199784491e-01+j7.86595562537237558143e-02
  -1.34310433979369092672e-01+j8.06540598442409689683e-02
  -1.32368424459177680408e-01+j8.26019935976388675059e-02
  -1.30392856691614489328e-01+j8.45026522067980068176e-02
  -1.28384878004131758322e-01+j8.63553575265555983798e-02
  -1.26345651066749997682e-01+j8.81594589606909534441e-02
  -1.24276353242377540775e-01+j8.99143338343049020045e-02
  -1.22178175927669815937e-01+j9.16193877513169219196e-02
  -1.20052323884742018212e-01+j9.32740549368522436913e-02
  -1.17900014564072230794e-01+j9.48777985642533516764e-02
  -1.15722477418925551174e-01+j9.64301110665060773330e-02
  -1.13520953211647568359e-01+j9.79305144318262377201e-02
  -1.11296693312174704849e-01+j9.93785604831960572847e-02
  -1.09050958989117569020e-01+j1.00773831141633879449e-01
  -1.06785020693775059564e-01+j1.02115938672990250180e-01
  -1.04500157337456545115e-01+j1.03404525918061956924e-01
  -1.02197655562478589841e-01+j1.04639266505840933252e-01
  -9.98788090072167122901e-02+j1.05819865049705919002e-01
  -9.75449175656049050076e-02+j1.06946057326378018981e-01
  -9.51972866414575596972e-02+j1.08017610437486366592e-01
  -9.28372263980332956823e-02+j1.09034322953556264690e-01
  -9.04660510032195275265e-02+j1.09996025040294667652e-01
  -8.80850778707602949380e-02+j1.10902578567010676180e-01
  -8.56956268979255364471e-02+j1.11753877197049045211e-01
  -8.32990197000529064564e-02+j1.12549846460097455192e-01
  -8.08965788423681858577e-02+j1.13290443806265878068e-01
  -7.84896270695114028904e-02+j1.13975658641822283346e-01
  -7.60794865332121428292e-02+j1.14605512346482599217e-01
  -7.36674780185250371867e-02+j1.15180058272176658041e-01
  -7.12549201690737543657e-02+j1.15699381723207969652e-01
  -6.88431287117467760606e-02+j1.16163599917732868194e-01
  -6.64334156812754900168e-02+j1.16572861930509516504e-01
  -6.40270886451556608954e-02+j1.16927348616860243835e-01
  -6.16254499293493393508e-02+j1.17227272517814423702e-01
  -5.92297958452280490227e-02+j1.17472877746398973731e-01
  -5.68414159182042341700e-02+j1.17664439855065694474e-01
  -5.44615921185154228112e-02+j1.17802265684241042054e-01
  -5.20915980946126816464e-02+j1.17886693192005329034e-01
  -4.97326984096160135129e-02+j1.17918091264922877959e-01
  -4.73861477813069878473e-02+j1.17896859510031939977e-01
  -4.50531903261037827702e-02+j1.17823428028052290539e-01
  -4.27350588075062695625e-02+j1.17698257167838937765e-01
  -4.04329738894530291149e-02+j1.17521837262156730874e-01
  -3.81481433950750237205e-02+j1.17294688344836153804e-01
  -3.58817615713070206529e-02+j1.17017359849394292359e-01
  -3.36350083598080107361e-02+j1.16690430289221089288e-01
  -3.14090486746873218116e-02+j1.16314506919425353360e-01
  -2.92050316874725643390e-02+j1.15890225380465852756e-01
  -2.70240901197961735924e-02+j1.15418249323692573283e-01
  -2.48673395442729483484e-02+j1.14899270018938903792e-01
  -2.27358776940147014334e-02+j1.14334005944317279591e-01
  -2.06307837812554697998e-02+j1.13723202358381403343e-01
  -1.85531178255398457311e-02+j1.13067630854833969800e-01
  -1.65039199919377044257e-02+j1.12368088899966592220e-01
  -1.44842099397271342753e-02+j1.11625399353030799188e-01
  -1.24949861820154925485e-02+j1.10840409969755873676e-01
  -1.05372254567324755148e-02+j1.10013992889235745487e-01
  -8.61188210944573845351e-03+j1.09147044104422941135e-01
  -6.71988748843795752341e-03+j1.08240482916479030528e-01
  -4.86214935249039414966e-03+j1.07295251373241445902e-01
  -3.03955129179377808724e-03+j1.06312313692081009120e-01
  -1.25295216242197332557e-03+j1.05292655667436924061e-01
  +4.96814465210417000041e-04+j1.04237284063325566508e-01
  +2.20894084348153413311e-03+j1.03147225991131560874e-01
  +3.88264556989576653523e-03+j1.02023528273010338774e-01
  +5.51717409418759491269e-03+j1.00867256791224157997e-01
  +7.11179920981214880316e-03+j9.96794958237722100725e-02
  +8.66582152942566019682e-03+j9.84613473666594019029e-02
  +1.01785699439711253833e-02+j9.72139304431863526812e-02
  +1.16494020649935796363e-02+j9.59383804006294915734e-02
  +1.30777046498139343234e-02+j9.46358481947170149251e-02
  +1.44628940092023337838e-02+j9.33074996622973718008e-02
  +1.58044163971997192464e-02+j9.19545147826190678586e-02
  +1.71017483827420914422e-02+j9.05780869276534283951e-02
  +1.83543972027600012231e-02+j8.91794221018917671051e-02
  +1.95619010964231676564e-02+j8.77597381720731789523e-02
  +2.07238296202229659027e-02+j8.63202640873017568168e-02
  +2.18397839435893748039e-02+j8.48622390900238832145e-02
  +2.29093971247529386293e-02+j8.33869119183462959022e-02
  +2.39323343665650174750e-02+j8.18955400001915995167e-02
  +2.49082932520230670992e-02+j8.03893886397869517069e-02
  +2.58370039592324025890e-02+j7.88697301970013586736e-02
  +2.67182294555687489812e-02+j7.73378432600509146955e-02
  +2.75517656708126057463e-02+j7.57950118121038796115e-02
  +2.83374416490369054888e-02+j7.42425243923207911489e-02
  +2.90751196790478769194e-02+j7.26816732518818509057e-02
  +2.97646954031908356209e-02+j7.11137535055516994964e-02
  +3.04060979043470694383e-02+j6.95400622793499179064e-02
  +3.09992897709644027460e-02+j6.79618978548942043183e-02
  +3.15442671399794941078e-02+j6.63805588109947636299e-02
  +3.20410597174990499636e-02+j6.47973431630868013098e-02
  +3.24897307771357252149e-02+j6.32135475010871250579e-02
  +3.28903771358984020612e-02+j6.16304661262752906392e-02
  +3.32431291075578200234e-02+j6.00493901877976535286e-02
  +3.35481504334276744994e-02+j5.84716068194039290118e-02
  +3.38056381905164696211e-02+j5.68983982770226159875e-02
  +3.40158226770181926213e-02+j5.53310410777945529959e-02
</dep>
<dep S[3,3] frequency>
  -7.43472824182143943172e-03-j1.69802463928253599690e-03
  -7.84452725927962772612e-03-j1.71507977496764690839e-03
  -8.25499019205385570208e-03-j1.71452676702396611397e-03
  -8.66546152148162107665e-03-j1.69638695563685548695e-03
  -9.07528961301783294868e-03-j1.66070565157799138190e-03
  -9.48382760372619947054e-03-j1.60755184237667408942e-03
  -9.89043427243140732541e-03-j1.53701786513309179849e-03
  -1.02944748913695229703e-02-j1.44921904690153285911e-03
  -1.06953220580276280038e-02-j1.34429331355788439506e-03
  -1.10923565060675327620e-02-j1.22240076818178750040e-03
  -1.14849678941821853329e-02-j1.08372323995108155170e-03
  -1.18725555717992103250e-02-j9.28463804655811630884e-04
  -1.22545293206258593122e-02-j7.56846277929303090648e-04
  -1.26303100710014326591e-02-j5.69114682351240519509e-04
  -1.29993305923209352681e-02-j3.65532689633338292445e-04
  -1.33610361562992996376e-02-j1.46383039055578145771e-04
  -1.37148851727478676699e-02+j8.80330665361181430306e-05
  -1.40603497965932286440e-02+j3.37396585944831073345e-04
  -1.43969165059318494199e-02+j6.01371284718606180508e-04
  -1.47240866500077359491e-02+j8.79604398827310562936e-04
  -1.50413769669208007701e-02+j1.17172731554996550907e-03
  -1.53483200703042558383e-02+j1.47735627023822674309e-03
  -1.56444649045563120848e-02+j1.79609305756583265135e-03
  -1.59293771683111859416e-02+j2.12752575587620701425e-03
  -1.62026397056033548416e-02+j2.47122946323242304034e-03
  -1.64638528646806822642e-02+j2.82676704376692844445e-03
  -1.67126348240049203697e-02+j3.19368988290855831957e-03
  -1.69486218855138329187e-02+j3.57153865009467857972e-03
  -1.71714687347161512609e-02+j3.95984406752269285645e-03
  -1.73808486679473510328e-02+j4.35812768356277219217e-03
  -1.75764537864739577022e-02+j4.76590264940616320510e-03
  -1.77579951577035259624e-02+j5.18267449754977044263e-03
  -1.79252029435237256183e-02+j5.60794192073373748419e-03
  -1.80778264960445023135e-02+j6.04119754995142282938e-03
  -1.82156344209595776051e-02+j6.48192873018069853908e-03
  -1.83384146086482402449e-02+j6.92961829243397137157e-03
  -1.84459742337585129446e-02+j7.38374532090571578102e-03
  -1.85381397232538720765e-02+j7.84378591379014666884e-03
  -1.86147566936303264507e-02+j8.30921393655992962524e-03
  -1.86756898577674149142e-02+j8.77950176641869445282e-03
  -1.87208229020070643367e-02+j9.25412102673895883842e-03
  -1.87500583338897318375e-02+j9.73254331017125995373e-03
  -1.87633173014817543345e-02+j1.02142408893947621296e-02
  -1.87605393847953619280e-02+j1.06986874142706613056e-02
  -1.87416823601345913786e-02+j1.11853585943302684391e-02
  -1.87067219381468613504e-02+j1.16737328655294875235e-02
  -1.86556514763953212865e-02+j1.21632920402225362666e-02
  -1.85884816673815775334e-02+j1.26535219394000621185e-02
  -1.85052402028698104175e-02+j1.31439130061990656906e-02
  -1.84059714155185294437e-02+j1.36339608998233483006e-02
  -1.82907358987451779120e-02+j1.41231670689646593431e-02
  -1.81596101059363704278e-02+j1.46110393039716179864e-02
  -1.80126859299294464489e-02+j1.50970922669256442383e-02
  -1.78500702639503711078e-02+j1.55808479989506427910e-02
  -1.76718845450532305308e-02+j1.60618364040782807267e-02
  -1.74782642812532848509e-02+j1.65395957090536845080e-02
  -1.72693585633798482593e-02+j1.70136728984481323812e-02
  -1.70453295629598294836e-02+j1.74836241246335948041e-02
  -1.68063520173050567896e-02+j1.79490150921776947524e-02
  -1.65526127028508378281e-02+j1.84094214160697398908e-02
  -1.62843098982085252024e-02+j1.88644289536619574887e-02
  -1.60016528379674956295e-02+j1.93136341098146188666e-02
  -1.57048611586027321574e-02+j1.97566441151242472296e-02
  -1.53941643376426968992e-02+j2.01930772769255070798e-02
  -1.50698011274696085093e-02+j2.06225632030663866279e-02
  -1.47320189848605676008e-02+j2.10447429981876280025e-02
  -1.43810734976584954359e-02+j2.14592694326510083358e-02
  -1.40172278097516408990e-02+j2.18658070840364107679e-02
  -1.36407520455842333484e-02+j2.22640324512466541984e-02
  -1.32519227355507029920e-02+j2.26536340415220034672e-02
  -1.28510222433374891871e-02+j2.30343124302863355712e-02
  -1.24383381966265693652e-02+j2.34057802943695124342e-02
  -1.20141629221599578747e-02+j2.37677624185742772389e-02
  -1.15787928865707968884e-02+j2.41199956762718110970e-02
  -1.11325281439080756019e-02+j2.44622289840172452147e-02
  -1.06756717912925604141e-02+j2.47942232311206649242e-02
  -1.02085294335355139528e-02+j2.51157511841454093859e-02
  -9.73140865806302116092e-03+j2.54265973673014310241e-02
  -9.24461852108787729421e-03+j2.57265579190930487874e-02
  -8.74846904612862005801e-03+j2.60154404259174375225e-02
  -8.24327073589337447346e-03+j2.62930637333490709040e-02
  -7.72933409848246266716e-03+j2.65592577357083754752e-02
  -7.20696918891156057541e-03+j2.68138631448410977298e-02
  -6.67648516682101123010e-03+j2.70567312387847112853e-02
  -6.13818987130419768672e-03+j2.72877235913025761871e-02
  -5.59238941362358299436e-03+j2.75067117829932358819e-02
  -5.03938778868445735881e-03+j2.77135770951084485503e-02
  -4.47948650597380926275e-03+j2.79082101868855098070e-02
  -3.91298424068140665577e-03+j2.80905107574263429582e-02
  -3.34017650569781027192e-03+j2.82603871931909472748e-02
  -2.76135534505973084807e-03+j2.84177562020662410891e-02
  -2.17680904946920827925e-03+j2.85625424352288111163e-02
  -1.58682189434816711682e-03+j2.86946780976725171475e-02
  -9.91673900954115339346e-04+j2.88141025488117680231e-02
  -3.91640620940984784948e-04+j2.89207618940794525253e-02
  +2.13007055255669264238e-04+j2.90146085687364475858e-02
  +8.22003065888476935896e-04+j2.90956009151756567199e-02
  +1.43508632096667892997e-03+j2.91637027547897338675e-02
  +2.05200082072458378502e-03+j2.92188829556325226078e-02
  +2.67249574932152539342e-03+j2.92611149971186909613e-02
  +3.29632554368814584267e-03+j2.92903765329866547229e-02
  +3.92324993746957090268e-03+j2.93066489536892849088e-02
  +4.55303398008734261371e-03+j2.93099169494846073514e-02
  +5.18544803098195533630e-03+j2.93001680754628839043e-02
  +5.82026772917054041612e-03+j2.92773923196758510679e-02
  +6.45727393828696843991e-03+j2.92415816756276675248e-02
  +7.09625266736089999053e-03+j2.91927297203372869416e-02
  +7.73699496760591257094e-03+j2.91308311991211321690e-02
  +8.37929680558821901593e-03+j2.90558816183803490796e-02
  +9.02295891314948070305e-03+j2.89678768474005421396e-02
  +9.66778661457180429895e-03+j2.88668127305298991003e-02
  +1.03135896314539080021e-02+j2.87526847106279077881e-02
  +1.09601818659052496763e-02+j2.86254874651367570426e-02
  +1.16073811626246393980e-02+j2.84852145556442962193e-02
  +1.22550090505575415278e-02+j2.83318580921427115582e-02
  +1.29028904648435076286e-02+j2.81654084129812666559e-02
  +1.35508534497748509007e-02+j2.79858537814278891809e-02
  +1.41987288436368104538e-02+j2.77931800999392034091e-02
  +1.48463499462228622205e-02+j2.75873706429538428919e-02
  +1.54935521699514321126e-02+j2.73684058091504117671e-02
  +1.61401726755328357721e-02+j2.71362628940576382230e-02
  +1.67860499931240317317e-02+j2.68909158837224160354e-02
  +1.74310236300349655214e-02+j2.66323352703058749413e-02
  +1.80749336660154941159e-02+j2.63604878902824850406e-02
  +1.87176203372143301618e-02+j2.60753367859018238273e-02
  +1.93589236099619907416e-02+j2.57768410906045256081e-02
  +1.99986827454855693731e-02+j2.54649559388695351236e-02
  +2.06367358567808509284e-02+j2.51396324011080966876e-02
  +2.12729194588389472487e-02+j2.48008174440314671516e-02
  +2.19070680134520155702e-02+j2.44484539168976708345e-02
  +2.25390134698736505081e-02+j2.40824805640395128714e-02
  +2.31685848026100815744e-02+j2.37028320639498212008e-02
  +2.37956075476182388195e-02+j2.33094390951681731949e-02
  +2.44199033382488869814e-02+j2.29022284291748555451e-02
  +2.50412894422347709344e-02+j2.24811230504056575041e-02
  +2.56595783010707331750e-02+j2.20460423034710348289e-02
  +2.62745770731224737027e-02+j2.15969020675765080441e-02
  +2.68860871818040469972e-02+j2.11336149580929576197e-02
  +2.74939038701736068737e-02+j2.06560905551643643474e-02
  +2.80978157632914976594e-02+j2.01642356591775796792e-02
  +2.86976044397011659237e-02+j1.96579545728659335624e-02
  +2.92930440133091982147e-02+j1.91371494096951762220e-02
  +2.98839007271010162481e-02+j1.86017204282777036395e-02
  +3.04699325598727886744e-02+j1.80515663922523883489e-02
  +3.10508888474051239492e-02+j1.74865849552722635307e-02
  +3.16265099192628643121e-02+j1.69066730704552359299e-02
  +3.21965267525462159326e-02+j1.63117274237603755715e-02
  +3.27606606438361341871e-02+j1.57016448905979780215e-02
  +3.33186229004726677805e-02+j1.50763230149199324581e-02
  +3.38701145524748642446e-02+j1.44356605100753564164e-02
  +3.44148260861474181160e-02+j1.37795577805241674374e-02
  +3.49524372005694111687e-02+j1.31079174635490985912e-02
  +3.54826165880045424350e-02+j1.24206449900095272643e-02
  +3.60050217393374644148e-02+j1.17176491631380275127e-02
  +3.65192987754834122449e-02+j1.09988427543129263508e-02
  +3.70250823057814981709e-02+j1.02641431147160039350e-02
  +3.75219953142676490576e-02+j9.51347280171611908717e-03
  +3.80096490747105497654e-02+j8.74676021877796028292e-03
  +3.84876430952299647403e-02+j7.96394026766236717840e-03
  +3.89555650932547209431e-02+j7.16495501162194015077e-03
  +3.94129910015680873236e-02+j6.34975434827218798706e-03
  +3.98594850060420835547e-02+j5.51829669077037038294e-03
  +4.02945996157375585511e-02+j4.67054965591050946783e-03
  +4.07178757658405721109e-02+j3.80649075769137756886e-03
  +4.11288429539468924911e-02+j2.92610810489961348235e-03
  +4.15270194101231421291e-02+j2.02940110121926919895e-03
  +4.19119123010667643525e-02+j1.11638114634854401785e-03
  +4.22830179686696366881e-02+j1.87072336578865405787e-04
  +4.26398222031839427282e-02-j7.58487836716732755082e-04
  +4.29818005511861250811e-02-j1.72024779225892626711e-03
  +4.33084186583320845942e-02-j2.69814116930225389446e-03
  +4.36191326470379142632e-02-j3.69208614493378439736e-03
  +4.39133895288823100644e-02-j4.70198475983775454612e-03
  +4.41906276517302770701e-02-j5.72772225414880375993e-03
  +4.44502771812796335094e-02-j6.76916641500097115980e-03
  +4.46917606167918229909e-02-j7.82616693739111163319e-03
  +4.49144933406562252287e-02-j8.89855479996357057182e-03
  +4.51178842013628539354e-02-j9.98614165732332470515e-03
  +4.53013361293857150236e-02-j1.10887192504627515866e-02
  +4.54642467853839382652e-02-j1.22060588368733194398e-02
  +4.56060092401502081838e-02-j1.33379106419222112634e-02
  +4.57260126854935194940e-02-j1.44840033329962439290e-02
  +4.58236431753759262953e-02-j1.56440435179622458484e-02
  +4.58982843963761794059e-02-j1.68177152694076875727e-02
  +4.59493184665807144484e-02-j1.80046796761218763638e-02
  +4.59761267619267360862e-02-j1.92045744232400179830e-02
  +4.59780907689195522670e-02-j2.04170134024366616010e-02
  +4.59545929626038948679e-02-j2.16415863535133513873e-02
  +4.59050177086127789150e-02-j2.28778585386720766104e-02
  +4.58287521880319306811e-02-j2.41253704507466623652e-02
  +4.57251873437753558749e-02-j2.53836375565813163191e-02
  +4.55937188470937199147e-02-j2.66521500767206570570e-02
  +4.54337480828178111314e-02-j2.79303728025167043170e-02
  +4.52446831518176495468e-02-j2.92177449516765018467e-02
  +4.50259398891637852014e-02-j3.05136800632414516288e-02
  +4.47769428964294100015e-02-j3.18175659329360677186e-02
  +4.44971265864754703112e-02-j3.31287645897156701746e-02
  +4.41859362390428569989e-02-j3.44466123142989216754e-02
  +4.38428290654808081039e-02-j3.57704197004417023820e-02
  +4.34672752807952963994e-02-j3.70994717595435757884e-02
</dep>
<dep S[3,2] frequency>
  -3.90534392624036254260e-04+j1.68352432058172657436e-03
  -2.99901102070354759477e-04+j1.66594500943808426774e-03
  -2.10159662458132313889e-04+j1.64466197027163946176e-03
  -1.21446860338581506811e-04+j1.61970991123452229266e-03
  -3.38980180572380843107e-05+j1.59112836551219063996e-03
  +5.23531727895185788890e-05+j1.55896162180814423781e-03
  +1.37174814405753228708e-04+j1.52325864913282690849e-03
  +2.20436962177260678541e-04+j1.48407301609755973293e-03
  +3.02011780185226785811e-04+j1.44146280487451178276e-03
  +3.81773692683435098005e-04+j1.39549052000823362030e-03
  +4.59599531380142783954e-04+j1.34622299230077388521e-03
  +5.35368678352224694472e-04+j1.29373127792273626135e-03
  +6.08963204463467550065e-04+j1.23809055299783574156e-03
  +6.80268003128025114390e-04+j1.17938000383569982499e-03
  +7.49170919320618286519e-04+j1.11768271304104466202e-03
  +8.15562873670541005344e-04+j1.05308554170446821985e-03
  +8.79337981586103198395e-04+j9.85679007898615511252e-04
  +9.40393667254627724228e-04+j9.15557161694387916517e-04
  +9.98630772476742645249e-04+j8.42817456918974056146e-04
  +1.05395366021167162518e-03+j7.67560619881289124544e-04
  +1.10627031280492553467e-03+j6.89890515292522488178e-04
  +1.15549242480501683505e-03+j6.09914009596212308706e-04
  +1.20153549033527248802e-03+j5.27740831946361260707e-04
  +1.24431888498052582726e-03+j4.43483433049205594267e-04
  +1.28376594214230782542e-03+j3.57256842103123584131e-04
  +1.31980402386287776206e-03+j2.69178522053919316859e-04
  +1.35236458608089388234e-03+j1.79368223388664399520e-04
  +1.38138323834481255292e-03+j8.79478366985105008968e-05
  +1.40679979794547729832e-03-j4.95875578148882723006e-06
  +1.42855833853890862306e-03-j9.92258294279270425253e-05
  +1.44660723322692294501e-03-j1.94725967075391748207e-04
  +1.46089919217030905774e-03-j2.91330209228949504885e-04
  +1.47139129474138305453e-03-j3.88908204448801947395e-04
  +1.47804501628736803531e-03-j4.87328359694713664219e-04
  +1.48082624955838890179e-03-j5.86457990427391440136e-04
  +1.47970532083277830915e-03-j6.86163470274357700784e-04
  +1.47465700086187034845e-03-j7.86310380077315240754e-04
  +1.46566051066554861593e-03-j8.86763656115164417004e-04
  +1.45269952229138202271e-03-j9.87387737333353388003e-04
  +1.43576215461118511518e-03-j1.08804671140955849795e-03
  +1.41484096427401534468e-03-j1.18860445947201534556e-03
  +1.38993293188409416938e-03-j1.28892479931119394165e-03
  +1.36103944355846218084e-03-j1.38887162692787231866e-03
  +1.32816626793250819327e-03-j1.48830905626816910325e-03
  +1.29132352876665940089e-03-j1.58710155699295744902e-03
  +1.25052567326397121028e-03-j1.68511409014569443765e-03
  +1.20579143622320805740e-03-j1.78221224158946027483e-03
  +1.15714380017319443117e-03-j1.87826235308218708608e-03
  +1.10460995160688302263e-03-j1.97313165087851551116e-03
  +1.04822123347830808981e-03-j2.06668837173773663196e-03
  +9.88013094070094854970e-04-j2.15880188624511561157e-03
  +9.24025032420859593341e-04-j2.24934281933974154766e-03
  +8.56300540412392729994e-04-j2.33818316796489435172e-03
  +7.84887041706230220717e-04-j2.42519641575764284547e-03
  +7.09835827655058010377e-04-j2.51025764470088307012e-03
  +6.31201990348610048054e-04-j2.59324364367973306256e-03
  +5.49044352952152148184e-04-j2.67403301386118751048e-03
  +4.63425397480295153674e-04-j2.75250627086984049618e-03
  +3.74411190169059160393e-04-j2.82854594370138701792e-03
  +2.82071304594570110291e-04-j2.90203667032855414792e-03
  +1.86478742695273674856e-04-j2.97286528998508096933e-03
  +8.77098538409858130560e-05-j3.04092093209309879270e-03
  -1.41557478848843010244e-05-j3.10609510182062713984e-03
  -1.19035268057388760043e-04-j3.16828176225381671210e-03
  -2.26842817772653082553e-04-j3.22737741319244555993e-03
  -3.37489500869186248577e-04-j3.28328116655689488529e-03
  -4.50883502352693310566e-04-j3.33589481843073361322e-03
  -5.66930177891250552946e-04-j3.38512291774568409297e-03
  -6.85532144238370361178e-04-j3.43087283163235560318e-03
  -8.06589370451464560130e-04-j3.47305480747307337291e-03
  -9.29999269775730330601e-04-j3.51158203167275043133e-03
  -1.05565679205422285891e-03-j3.54637068521378726396e-03
  -1.18345451656252237393e-03-j3.57733999600844251518e-03
  -1.31328274512184511869e-03-j3.60441228813101208553e-03
  -1.44502959539644093567e-03-j3.62751302794834824123e-03
  -1.57858109425087350663e-03-j3.64657086724992510543e-03
  -1.71382127106949055939e-03-j3.66151768339583166129e-03
  -1.85063225092753358414e-03-j3.67228861658831697706e-03
  -1.98889434753064114902e-03-j3.67882210431290899988e-03
  -2.12848615581505418159e-03-j3.68105991303564056283e-03
  -2.26928464413623381946e-03-j3.67894716723349756923e-03
  -2.41116524596028669603e-03-j3.67243237583034145416e-03
  -2.55400195098240412328e-03-j3.66146745613192027557e-03
  -2.69766739560771406925e-03-j3.64600775533846163667e-03
  -2.84203295271993894300e-03-j3.62601206972827053848e-03
  -2.98696882069227759304e-03-j3.60144266159186966780e-03
  -3.13234411158926778773e-03-j3.57226527401746998813e-03
  -3.27802693849982285101e-03-j3.53844914361420292970e-03
  -3.42388450196968313621e-03-j3.49996701126314112285e-03
  -3.56978317550741414133e-03-j3.45679513099468767312e-03
  -3.71558859011855702192e-03-j3.40891327707771620015e-03
  -3.86116571785519863136e-03-j3.35630474942407927563e-03
  -4.00637895436490448775e-03-j3.29895637738183630794e-03
  -4.15109220042388094019e-03-j3.23685852202910614994e-03
  -4.29516894244572414174e-03-j3.17000507704779353746e-03
  -4.43847233197964749496e-03-j3.09839346825829288490e-03
  -4.58086526418049685971e-03-j3.02202465192261647553e-03
  -4.72221045528731925289e-03-j2.94090311188099744200e-03
  -4.86237051910345594030e-03-j2.85503685561288092498e-03
  -5.00120804251573056187e-03-j2.76443740930094362940e-03
  -5.13858566006527087144e-03-j2.66911981197963041335e-03
  -5.27436612761197909371e-03-j2.56910260883034223534e-03
  -5.40841239511924767869e-03-j2.46440784370891181887e-03
  -5.54058767860080014778e-03-j2.35506105095960316387e-03
  -5.67075553127277878773e-03-j2.24109124658525976637e-03
  -5.79877991396034533911e-03-j2.12253091883233060977e-03
  -5.92452526480361646444e-03-j1.99941601824292145007e-03
  -6.04785656832302481734e-03-j1.87178594722503879866e-03
  -6.16863942390108790925e-03-j1.73968354919130235858e-03
  -6.28674011372990643176e-03-j1.60315509729621816226e-03
  -6.40202567030620506294e-03-j1.46225028282278776692e-03
  -6.51436394351873754305e-03-j1.31702220323173108119e-03
  -6.62362366741087518762e-03-j1.16752734991646886509e-03
  -6.72967452667244669939e-03-j1.01382559567091481978e-03
  -6.83238722294431805038e-03-j8.55980181888600644147e-04
  -6.93163354099802023200e-03-j6.94057705507223482444e-04
  -7.02728641486200997224e-03-j5.28128105692186877729e-04
  -7.11921999397344823501e-03-j3.58264650266063716666e-04
  -7.20730970941914350636e-03-j1.84543921870828492304e-04
  -7.29143234034104054109e-03-j7.04580384976519202844e-06
  -7.37146608058438998490e-03+j1.74146534168289485178e-04
  -7.44729060564325306970e-03+j3.58946651009522943454e-04
  -7.51878713998969938626e-03+j5.47264849053985535932e-04
  -7.58583852484161560992e-03+j7.39008189722521746656e-04
  -7.64832928644209458779e-03+j9.34080509400730257807e-04
  -7.70614570491228931259e-03+j1.13238243584524653218e-03
  -7.75917588373491520781e-03+j1.33381140512381368701e-03
  -7.80730981993240508165e-03+j1.53826167915204620185e-03
  -7.85043947499114436184e-03+j1.74562436388554786948e-03
  -7.88845884658059132155e-03+j1.95578742824097095987e-03
  -7.92126404112447266015e-03+j2.16863572381614799767e-03
  -7.94875334725300697336e-03+j2.38405100548923221115e-03
  -7.97082731019050846899e-03+j2.60191195298137972758e-03
  -7.98738880709959006565e-03+j2.82209419346401285678e-03
  -7.99834312341837425087e-03+j3.04447032531192374183e-03
  -8.00359803021740562334e-03+j3.26890994308712962146e-03
  -8.00306386258418066271e-03+j3.49527966385898558599e-03
  -7.99665359906022617242e-03+j3.72344315495953120942e-03
  -7.98428294212983474809e-03+j3.95326116327875815015e-03
  -7.96587039976409845565e-03+j4.18459154621086959480e-03
  -7.94133736801390203996e-03+j4.41728930435571209845e-03
  -7.91060821463766827844e-03+j4.65120661609254304469e-03
  -7.87361036375398663789e-03+j4.88619287413822461774e-03
  -7.83027438147536336555e-03+j5.12209472420533523662e-03
  -7.78053406251186588372e-03+j5.35875610587542572372e-03
  -7.72432651768515700363e-03+j5.59601829580372300832e-03
  -7.66159226231907797278e-03+j5.83371995337998022757e-03
  -7.59227530544394867140e-03+j6.07169716894601085855e-03
  -7.51632323975790286874e-03+j6.30978351470920517663e-03
  -7.43368733226930453878e-03+j6.54781009844589839686e-03
  -7.34432261555040353379e-03+j6.78560562012492374251e-03
  -7.24818797951083323983e-03+j7.02299643155490649349e-03
  -7.14524626360186002061e-03+j7.25980659917126874836e-03
  -7.03546434935241674080e-03+j7.49585797006909609896e-03
  -6.91881325312627103175e-03+j7.73097024138538757576e-03
  -6.79526821898869363980e-03+j7.96496103313680536839e-03
  -6.66480881155994027421e-03+j8.19764596460993699711e-03
  -6.52741900872429517411e-03+j8.42883873439323472176e-03
  -6.38308729406127962902e-03+j8.65835120414976816550e-03
  -6.23180674885497574989e-03+j8.88599348620639634122e-03
  -6.07357514353090623821e-03+j9.11157403504130047889e-03
  -5.90839502836305614092e-03+j9.33489974274998024484e-03
  -5.73627382329316287679e-03+j9.55577603854364243663e-03
  -5.55722390668625040866e-03+j9.77400699235462383507e-03
  -5.37126270285316793907e-03+j9.98939542259433266302e-03
  -5.17841276815939055567e-03+j1.02017430081121213137e-02
  -4.97870187553216877324e-03+j1.04108504043970706565e-02
  -4.77216309717831254494e-03+j1.06165173640475271610e-02
  -4.55883488531455202675e-03+j1.08185428615406170616e-02
  -4.33876115071600565454e-03+j1.10167252223041939319e-02
  -4.11199133887412207611e-03+j1.12108622561101767268e-02
  -3.87858050356362608901e-03+j1.14007513947699604118e-02
  -3.63858937760224657870e-03+j1.15861898341345567753e-02
  -3.39208444059713783852e-03+j1.17669746803626754095e-02
  -3.13913798345979728338e-03+j1.19429031004341310029e-02
  -2.87982816947438685640e-03+j1.21137724768593663116e-02
  -2.61423909170103996313e-03+j1.22793805665347768863e-02
  -2.34246082649919133700e-03+j1.24395256636786397109e-02
  -2.06458948294783832533e-03+j1.25940067667729416190e-02
  -1.78072724794651505997e-03+j1.27426237494301167197e-02
  -1.49098242677987193050e-03+j1.28851775350803735010e-02
  -1.19546947892894793453e-03+j1.30214702753830291471e-02
  -8.94309048911827095263e-04+j1.31513055322350150278e-02
  -5.87627991946886030217e-04+j1.32744884632501752852e-02
  -2.75559394222135711772e-04+j1.33908260105782134231e-02
  +4.17574124307006078194e-05+j1.35001270928934158366e-02
  +3.64176841661217193247e-04+j1.36022028004143605284e-02
  +6.91547049723829909684e-04+j1.36968665927609187238e-02
  +1.02370993878923149945e-03+j1.37839344994820992008e-02
  +1.36050116663657266747e-03+j1.38632253230470958716e-02
  +1.70175016290120481588e-03+j1.39345608441093435359e-02
  +2.04728015205886404448e-03+j1.39977660288116909082e-02
  +2.39690818330823285365e-03+j1.40526692379256828991e-02
  +2.75044516751648052133e-03+j1.40991024375783161049e-02
  +3.10769592137576794455e-03+j1.41369014113256336040e-02
  +3.46845921891593064745e-03+j1.41659059733242678747e-02
  +3.83252785050500199837e-03+j1.41859601823306619162e-02
  +4.19968868946399634390e-03+j1.41969125562660183903e-02
  +4.56972276640526392510e-03+j1.41986162870591584029e-02
  +4.94240535140446149431e-03+j1.41909294554905807129e-02
</dep>
<dep S[3,4] frequency>
  -3.98032781024206916420e-01+j8.38677033760352630409e-01
  -3.79921479214938739855e-01+j8.46742979287044228442e-01
  -3.61648167123969410675e-01+j8.54419247629562228497e-01
  -3.43221185594104860606e-01+j8.61702633992684097208e-01
  -3.24648937040145524335e-01+j8.68590110833032169602e-01
  -3.05939881718609973937e-01+j8.75078828967759347890e-01
  -2.87102533980433949345e-01+j8.81166118605845483103e-01
  -2.68145458509169654082e-01+j8.86849490301627629840e-01
  -2.49077266545337988601e-01+j8.92126635830829184393e-01
  -2.29906612099162938057e-01+j8.96995428988845655560e-01
  -2.10642188153088216751e-01+j9.01453926311398423543e-01
  -1.91292722855039204477e-01+j9.05500367717726795114e-01
  -1.71866975705048802281e-01+j9.09133177076110077230e-01
  -1.52373733735546884605e-01+j9.12350962692136668863e-01
  -1.32821807687984821955e-01+j9.15152517719595715029e-01
  -1.13220028186135232562e-01+j9.17536820494332938658e-01
  -9.35772419084212186968e-02+j9.19503034791145479332e-01
  -7.39023077603369049626e-02+j9.21050510003931011127e-01
  -5.42040930484044142235e-02+j9.22178781249364587502e-01
  -3.44914696570763068539e-02+j9.22887569394309492665e-01
  -1.47733102302133254002e-02+j9.23176781007230773390e-01
  +4.94151564170618520788e-03+j9.23046508233926088494e-01
  +2.46441452273560880626e-02+j9.22497028597868085065e-01
  +4.43257264514534746191e-02+j9.21528804725473271731e-01
  +6.39774216820996610711e-02+j9.20142483996671645130e-01
  +8.35904115066219977059e-02+j9.18338898121107027883e-01
  +1.03155898495078418575e-01+j9.16119062640384673735e-01
  +1.22665110949726180456e-01+j9.13484176356729626889e-01
  +1.42109306639527338545e-01+j9.10435620688463731476e-01
  +1.61479776517984757733e-01+j9.06974958952799892309e-01
  +1.80767848423668886504e-01+j9.03103935576257010887e-01
  +1.99964890761271302244e-01+j8.98824475233319653000e-01
  +2.19062316163022158255e-01+j8.94138681913671629076e-01
  +2.38051585128357362509e-01+j8.89048837918535284075e-01
  +2.56924209640925327314e-01+j8.83557402786696366448e-01
  +2.75671756762083164372e-01+j8.77667012150530334580e-01
  +2.94285852198982345040e-01+j8.71380476522783498083e-01
  +3.12758183846736759204e-01+j8.64700780014435732568e-01
  +3.31080505303006866757e-01+j8.57631078984364192408e-01
  +3.49244639354211683369e-01+j8.50174700621216028473e-01
  +3.67242481431868550423e-01+j8.42335141458203429110e-01
  +3.85066003038283255488e-01+j8.34116065821250751711e-01
  +4.02707255140061448628e-01+j8.25521304211282669350e-01
  +4.20158371528725538280e-01+j8.16554851621034583076e-01
  +4.37411572146977789544e-01+j8.07220865787204644448e-01
  +4.54459166379659107449e-01+j7.97523665378479407195e-01
  +4.71293556308391037302e-01+j7.87467728120047616436e-01
  +4.87907239928560720887e-01+j7.77057688855384842697e-01
  +5.04292814327860550172e-01+j7.66298337545796237613e-01
  +5.20442978824973589980e-01+j7.55194617208637120065e-01
  +5.36350538067736248848e-01+j7.43751621794621620154e-01
  +5.52008405089266518395e-01+j7.31974594005230794203e-01
  +5.67409604321492677670e-01+j7.19868923050612341541e-01
  +5.82547274564474082403e-01+j7.07440142349107348174e-01
  +5.97414671911085548572e-01+j6.94693927168700819941e-01
  +6.12005172625492699368e-01+j6.81636092211566069210e-01
  +6.26312275974727716843e-01+j6.68272589142236639326e-01
  +6.40329607012238066766e-01+j6.54609504060251978785e-01
  +6.54050919312319734011e-01+j6.40653054918199460488e-01
  +6.67470097654676464138e-01+j6.26409588885725399088e-01
  +6.80581160657712125328e-01+j6.11885579660722878081e-01
  +6.93378263360002966564e-01+j5.97087624728153687492e-01
  +7.05855699748648701686e-01+j5.82022442567704967331e-01
  +7.18007905233676191337e-01+j5.66696869810966674663e-01
  +7.29829459067464436650e-01+j5.51117858349171152454e-01
  +7.41315086708308368380e-01+j5.35292472392325913155e-01
  +7.52459662127140216370e-01+j5.19227885480678219565e-01
  +7.63258210056371844132e-01+j5.02931377449690297787e-01
  +7.73705908180154944276e-01+j4.86410331349081070940e-01
  +7.83798089264906905349e-01+j4.69672230317415451140e-01
  +7.93530243229362941548e-01+j4.52724654412876181819e-01
  +8.02898019153126307756e-01+j4.35575277401564320279e-01
  +8.11897227223026152210e-01+j4.18231863503999379272e-01
  +8.20523840616122268621e-01+j4.00702264101455207790e-01
  +8.28773997318842048365e-01+j3.82994414402568206235e-01
  +8.36644001881072241211e-01+j3.65116330071990569106e-01
  +8.44130327104684829997e-01+j3.47076103821599368793e-01
  +8.51229615665393679613e-01+j3.28881901966023904027e-01
  +8.57938681667404834386e-01+j3.10541960943092387737e-01
  +8.64254512129874918891e-01+j2.92064583800883847964e-01
  +8.70174268404499295926e-01+j2.73458136652312000514e-01
  +8.75695287523512666539e-01+j2.54731045098537500770e-01
  +8.80815083477283211622e-01+j2.35891790622547531386e-01
  +8.85531348420901309737e-01+j2.16948906953963210897e-01
  +8.89841953808913732615e-01+j1.97910976406787619819e-01
  +8.93744951457697389685e-01+j1.78786626190903380484e-01
  +8.97238574534722443943e-01+j1.59584524699011853777e-01
  +9.00321238474085516756e-01+j1.40313377770246910936e-01
  +9.02991541817735110520e-01+j1.20981924931814657787e-01
  +9.05248266981775739914e-01+j1.01598935620121136325e-01
  +9.07090380947316865523e-01+j8.21732053826243341588e-02
  +9.08517035875285094981e-01+j6.27135520622446041017e-02
  +9.09527569644737909904e-01+j4.32288119651493690787e-02
  +9.10121506314179207209e-01+j2.37278360139720374822e-02
  +9.10298556505368949843e-01+j4.21948588764305392712e-03
  +9.10058617709278316887e-01-j1.52873698507743367020e-02
  +9.09401774513695304591e-01-j3.47838596364125549054e-02
  +9.08328298752180018916e-01-j5.42611127937050879977e-02
  +9.06838649573958766048e-01-j7.37102634350372681871e-02
  +9.04933473434473389929e-01-j9.31224543648996594403e-02
  +9.02613604006285319414e-01-j1.12488840988230157092e-01
  +8.99880062010064651901e-01-j1.31800595221431837700e-01
  +8.96734054965451887753e-01-j1.51048909404367354137e-01
  +8.93176976861569937860e-01-j1.70225000211634752700e-01
  +8.89210407747032083314e-01-j1.89320112561911557680e-01
  +8.84836113239326538249e-01-j2.08325523523149563898e-01
  +8.80056043953433397853e-01-j2.27232546212568026212e-01
  +8.74872334849638333409e-01-j2.46032533689438670521e-01
  +8.69287304500502289173e-01-j2.64716882839137135353e-01
  +8.63303454276940773759e-01-j2.83277038246908918762e-01
  +8.56923467453519771553e-01-j3.01704496059470084202e-01
  +8.50150208232943627173e-01-j3.19990807833033130692e-01
  +8.42986720689904656112e-01-j3.38127584365821576284e-01
  +8.35436227634370420780e-01-j3.56106499513716978633e-01
  +8.27502129394511287686e-01-j3.73919293987078349417e-01
  +8.19188002519457780792e-01-j3.91557779127210403569e-01
  +8.10497598402119767691e-01-j4.09013840660763683399e-01
  +8.01434841822309285142e-01-j4.26279442430450739021e-01
  +7.92003829410548809697e-01-j4.43346630100266647645e-01
  +7.82208828032817660159e-01-j4.60207534833679932085e-01
  +7.72054273096655974129e-01-j4.76854376943033952951e-01
  +7.61544766779062687334e-01-j4.93279469508462686811e-01
  +7.50685076176522581015e-01-j5.09475221964853064449e-01
  +7.39480131377816318761e-01-j5.25434143654814667102e-01
  +7.27935023459945207414e-01-j5.41148847346393124802e-01
  +7.16055002407885332616e-01-j5.56612052713588267849e-01
  +7.03845474958578631863e-01-j5.71816589778207262640e-01
  +6.91312002370000233675e-01-j5.86755402311234464108e-01
  +6.78460298115752591386e-01-j6.01421551192263148522e-01
  +6.65296225505946026146e-01-j6.15808217725279050114e-01
  +6.51825795235213445444e-01-j6.29908706909076188118e-01
  +6.38055162858412461269e-01-j6.43716450660877348433e-01
  +6.23990626194918851510e-01-j6.57225010991471014776e-01
  +6.09638622662386109319e-01-j6.70428083130207297380e-01
  +5.95005726540694723781e-01-j6.83319498598426222635e-01
  +5.80098646167148457309e-01-j6.95893228229589100309e-01
  +5.64924221063706100132e-01-j7.08143385134693215122e-01
  +5.49489418997320955285e-01-j7.20064227611313278921e-01
  +5.33801332974311315560e-01-j7.31650161994857106684e-01
  +5.17867178169857167447e-01-j7.42895745450404154653e-01
  +5.01694288793637976909e-01-j7.53795688703710831113e-01
  +4.85290114892694579574e-01-j7.64344858709898766769e-01
  +4.68662219092814080756e-01-j7.74538281258249972083e-01
  +4.51818273279292137445e-01-j7.84371143511835899886e-01
  +4.34766055218645475211e-01-j7.93838796480353492413e-01
  +4.17513445122146775734e-01-j8.02936757424936531358e-01
  +4.00068422152736968833e-01-j8.11660712193397526626e-01
  +3.82439060876501424335e-01-j8.20006517484557440056e-01
  +3.64633527659887546335e-01-j8.27970203040413132989e-01
  +3.46660077014394163442e-01-j8.35547973764612872394e-01
  +3.28527047889773049505e-01-j8.42736211766075826723e-01
  +3.10242859917289059979e-01-j8.49531478326421507496e-01
  +2.91816009604660309140e-01-j8.55930515789871448895e-01
  +2.73255066483912734121e-01-j8.61930249374452506217e-01
  +2.54568669213863896239e-01-j8.67527788903225127726e-01
  +2.35765521638709285579e-01-j8.72720430454364537454e-01
  +2.16854388804364250909e-01-j8.77505657928879245766e-01
  +1.97844092934059134770e-01-j8.81881144534863437023e-01
  +1.78743509365023922619e-01-j8.85844754187107952248e-01
  +1.59561562447831095657e-01-j8.89394542820984956855e-01
  +1.40307221410122834326e-01-j8.92528759619577782836e-01
  +1.20989496186470035788e-01-j8.95245848152951495535e-01
  +1.01617433216258198914e-01-j8.97544447428590075333e-01
  +8.22001112112347998018e-02-j8.99423392852010450405e-01
  +6.27466368946607705448e-02-j9.00881717096619349938e-01
  +4.32661407139458553672e-02-j9.01918650881867511870e-01
  +2.37677725287493944728e-02-j9.02533623658829498027e-01
  +4.26069727620358943559e-03-j9.02726264202403649861e-01
  -1.52459093844262982831e-02-j9.02496401109234791527e-01
  -3.47428654458638089264e-02-j9.01844063200674672665e-01
  -5.42209869436447930435e-02-j9.00769479829979347052e-01
  -7.36710923615688378918e-02-j8.99273081093082904403e-01
  -9.30840070497242211278e-02-j8.97355497942261104427e-01
  -1.12450567652954497300e-01-j8.95017562202087058054e-01
  -1.31761626547622578975e-01-j8.92260306487116960916e-01
  -1.51008056284544445180e-01-j8.89084964020713797161e-01
  -1.70180754035825387849e-01-j8.85492968354631204697e-01
  -1.89270646043495555100e-01-j8.81485952988783627582e-01
  -2.08268692067545641011e-01-j8.77065750890932971373e-01
  -2.27165889831231260221e-01-j8.72234393915863881475e-01
  -2.45953279461295692965e-01-j8.66994112123795734881e-01
  -2.64621947920817057742e-01-j8.61347332997768444507e-01
  -2.83163033432232924547e-01-j8.55296680559829325396e-01
  -3.01567729888423119444e-01-j8.48844974385854489363e-01
  -3.19827291249219214375e-01-j8.41995228518944038854e-01
  -3.37933035921084978792e-01-j8.34750650281370853989e-01
  -3.55876351117540457025e-01-j8.27114638985083749922e-01
  -3.73648697197872803333e-01-j8.19090784540880134657e-01
  -3.91241611981688053312e-01-j8.10682865966383392475e-01
  -4.08646715036890706418e-01-j8.01894849793044817154e-01
  -4.25855711938549208462e-01-j7.92730888372421893528e-01
  -4.42860398496236706833e-01-j7.83195318082104741109e-01
  -4.59652664947367228798e-01-j7.73292657431609464780e-01
  -4.76224500113908988386e-01-j7.63027605068842817992e-01
  -4.92567995520144241706e-01-j7.52405037687505551247e-01
  -5.08675349468879822723e-01-j7.41430007836144322475e-01
  -5.24538871073594537009e-01-j7.30107741629477224876e-01
  -5.40150984244038290250e-01-j7.18443636362746329560e-01
  -5.55504231622859334649e-01-j7.06443258029850196245e-01
  -5.70591278470602758510e-01-j6.94112338746206924966e-01
</dep>
<dep S[2,1] frequency>
  -8.40784258298739706206e-01-j4.37333622249588493958e-01
  -8.46348150543503319199e-01-j4.26058526445701968299e-01
  -8.51762177125586661397e-01-j4.14713684010351024689e-01
  -8.57025490574441217717e-01-j4.03301051360074491736e-01
  -8.62137267997252987328e-01-j3.91822594514791622267e-01
  -8.67096711169701772626e-01-j3.80280288815913580791e-01
  -8.71903046624293742717e-01-j3.68676118644088057774e-01
  -8.76555525736272822535e-01-j3.57012077136551753131e-01
  -8.81053424807122231854e-01-j3.45290165904097168248e-01
  -8.85396045145663390663e-01-j3.33512394747629670189e-01
  -8.89582713146773729207e-01-j3.21680781374329871625e-01
  -8.93612780367706194262e-01-j3.09797351113390406763e-01
  -8.97485623602040538671e-01-j2.97864136631341591688e-01
  -9.01200644951253848625e-01-j2.85883177646937713945e-01
  -9.04757271893933956441e-01-j2.73856520645615275633e-01
  -9.08154957352600211706e-01-j2.61786218593495489948e-01
  -9.11393179758185345563e-01-j2.49674330650943326892e-01
  -9.14471443112127690966e-01-j2.37522921885657434249e-01
  -9.17389277046103179813e-01-j2.25334062985294486525e-01
  -9.20146236879388013108e-01-j2.13109829969616609846e-01
  -9.22741903673839014566e-01-j2.00852303902154333271e-01
  -9.25175884286495442410e-01-j1.88563570601375213309e-01
  -9.27447811419797263355e-01-j1.76245720351361545575e-01
  -9.29557343669404789743e-01-j1.63900847611970879036e-01
  -9.31504165569620901088e-01-j1.51531050728498650759e-01
  -9.33287987636390203861e-01-j1.39138431640815213308e-01
  -9.34908546407896778874e-01-j1.26725095591981334886e-01
  -9.36365604482705782274e-01-j1.14293150836340645649e-01
  -9.37658950555475101396e-01-j1.01844708347074083821e-01
  -9.38788399450202759589e-01-j8.93818815232265695414e-02
  -9.39753792150997080412e-01-j7.69067858961865469247e-02
  -9.40554995830367168708e-01-j6.44215388356298573891e-02
  -9.41191903875004398650e-01-j5.19282592549192636988e-02
  -9.41664435909041253048e-01-j3.94290673159567589545e-02
  -9.41972537814776966769e-01-j2.69260841334932506108e-02
  -9.42116181750844772225e-01-j1.44214314788889495095e-02
  -9.42095366167799430634e-01-j1.91723148333287386758e-03
  -9.41910115821116944446e-01+j1.05843936594791805661e-02
  -9.41560481781573921367e-01+j2.30813219912144838852e-02
  -9.41046541442991268944e-01+j3.55714320873096664921e-02
  -9.40368398527323234859e-01+j4.80526033559006138240e-02
  -9.39526183087057709109e-01+j6.05227163372996576629e-02
  -9.38520051504927677044e-01+j7.29796530039782676003e-02
  -9.37350186490878867218e-01+j8.54212970610820770956e-02
  -9.36016797076309803316e-01+j9.78455342474465195046e-02
  -9.34520118605511096455e-01+j1.10250252637120488286e-01
  -9.32860412724337950685e-01+j1.22633342941380341085e-01
  -9.31037967366030727590e-01+j1.34992698811228523104e-01
  -9.29053096734203776030e-01+j1.47326217140367921044e-01
  -9.26906141282957896088e-01+j1.59631798368629507223e-01
  -9.24597467694088903656e-01+j1.71907346785859810323e-01
  -9.22127468851377640746e-01+j1.84150770836237404060e-01
  -9.19496563811916134412e-01+j1.96359983423010642234e-01
  -9.16705197774470015304e-01+j2.08532902213643789313e-01
  -9.13753842044819242219e-01+j2.20667449945355725882e-01
  -9.10642993998083793983e-01+j2.32761554731024306042e-01
  -9.07373177037969602665e-01+j2.44813150365456366764e-01
  -9.03944940552949605106e-01+j2.56820176631984420368e-01
  -9.00358859869309302582e-01+j2.68780579609389780327e-01
  -8.96615536201069707190e-01+j2.80692311979114983433e-01
  -8.92715596596727167800e-01+j2.92553333332755682861e-01
  -8.88659693882802081966e-01+j3.04361610479802091600e-01
  -8.84448506604169293333e-01+j3.16115117755614627448e-01
  -8.80082738961126986865e-01+j3.27811837329600175295e-01
  -8.75563120743190204109e-01+j3.39449759513571647229e-01
  -8.70890407259587440159e-01+j3.51026883070260309339e-01
  -8.66065379266406698555e-01+j3.62541215521959392376e-01
  -8.61088842890398220575e-01+j3.73990773459261294231e-01
  -8.55961629549375491166e-01+j3.85373582849871443301e-01
  -8.50684595869210968822e-01+j3.96687679347467347934e-01
  -8.45258623597387570570e-01+j4.07931108600556036059e-01
  -8.39684619513079377739e-01+j4.19101926561329884979e-01
  -8.33963515333738358848e-01+j4.30198199794454561040e-01
  -8.28096267618164350033e-01+j4.41218005785786404616e-01
  -8.22083857666022987942e-01+j4.52159433250959030826e-01
  -8.15927291413792055152e-01+j4.63020582443827988239e-01
  -8.09627599327109259697e-01+j4.73799565464718963614e-01
  -8.03185836289497134821e-01+j4.84494506568453386919e-01
  -7.96603081487434860897e-01+j4.95103542472115132345e-01
  -7.89880438291761022285e-01+j5.05624822662515516214e-01
  -7.83019034135372105077e-01+j5.16056509703313293080e-01
  -7.76020020387205633483e-01+j5.26396779541764225918e-01
  -7.68884572222463424929e-01+j5.36643821815050214852e-01
  -7.61613888489083845634e-01+j5.46795840156133805543e-01
  -7.54209191570396564330e-01+j5.56851052499135246165e-01
  -7.46671727243984340028e-01+j5.66807691384130674095e-01
  -7.39002764536683565133e-01+j5.76664004261389084860e-01
  -7.31203595575744880186e-01+j5.86418253794952493152e-01
  -7.23275535436091798758e-01+j5.96068718165543742771e-01
  -7.15219921983687778599e-01+j6.05613691372745122088e-01
  -7.07038115714973880443e-01+j6.15051483536400711571e-01
  -6.98731499592361471329e-01+j6.24380421197191171068e-01
  -6.90301478875756102660e-01+j6.33598847616338445299e-01
  -6.81749480950106789834e-01+j6.42705123074387540960e-01
  -6.73076955148940281326e-01+j6.51697625169012639823e-01
  -6.64285372573881982561e-01+j6.60574749111791925671e-01
  -6.55376225910130338903e-01+j6.69334908023912711350e-01
  -6.46351029237882568346e-01+j6.77976533230735811664e-01
  -6.37211317839683211162e-01+j6.86498074555174087052e-01
  -6.27958648003677177840e-01+j6.94898000609836308250e-01
  -6.18594596822769959843e-01+j7.03174799087857960167e-01
  -6.09120761989659031954e-01+j7.11326977052390230227e-01
  -5.99538761587736779290e-01+j7.19353061224672463148e-01
  -5.89850233877842633490e-01+j7.27251598270619803444e-01
  -5.80056837080856979583e-01+j7.35021155085899824400e-01
  -5.70160249156127840742e-01+j7.42660319079400332853e-01
  -5.60162167575706804179e-01+j7.50167698455050491191e-01
  -5.50064309094395298416e-01+j7.57541922491923203076e-01
  -5.39868409515592784231e-01+j7.64781641822561919497e-01
  -5.29576223452922878465e-01+j7.71885528709460699837e-01
  -5.19189524087649290074e-01+j7.78852277319639796360e-01
  -5.08710102921863471792e-01+j7.85680603997242821279e-01
  -4.98139769527429443485e-01+j7.92369247534100096253e-01
  -4.87480351290706437339e-01+j7.98916969438177138052e-01
  -4.76733693153016946376e-01+j8.05322554199860429769e-01
  -4.65901657346872610788e-01+j8.11584809555977670925e-01
  -4.54986123127954611434e-01+j8.17702566751523640676e-01
  -4.43988986502839855230e-01+j8.23674680798989422570e-01
  -4.32912159952481501168e-01+j8.29500030735238702562e-01
  -4.21757572151439774633e-01+j8.35177519875852314435e-01
  -4.10527167682862126341e-01+j8.40706076066869090191e-01
  -3.99222906749230554979e-01+j8.46084651933855402817e-01
  -3.87846764878856498093e-01+j8.51312225128216248926e-01
  -3.76400732628149492509e-01+j8.56387798570687475141e-01
  -3.64886815279662823919e-01+j8.61310400691912336768e-01
  -3.53307032535909837367e-01+j8.66079085670052095658e-01
  -3.41663418208980607105e-01+j8.70692933665323187675e-01
  -3.29958019905956689843e-01+j8.75151051051411110748e-01
  -3.18192898710140947838e-01+j8.79452570643655007210e-01
  -3.06370128858110157832e-01+j8.83596651923947540297e-01
  -2.94491797412619438212e-01+j8.87582481262245592823e-01
  -2.82560003931354053464e-01+j8.91409272134632502116e-01
  -2.70576860131570673396e-01+j8.95076265337830245805e-01
  -2.58544489550624978502e-01+j8.98582729200097518607e-01
  -2.46465027202422443109e-01+j9.01927959788412336728e-01
  -2.34340619229806923496e-01+j9.05111281111866228244e-01
  -2.22173422552919747064e-01+j9.08132045321191072595e-01
  -2.09965604513543790954e-01+j9.10989632904307677919e-01
  -1.97719342515470880572e-01+j9.13683452877847468443e-01
  -1.85436823660915878209e-01+j9.16212942974533262053e-01
  -1.73120244383012433786e-01+j9.18577569826338979908e-01
  -1.60771810074427340398e-01+j9.20776829143349573314e-01
  -1.48393734712108454898e-01+j9.22810245888225910704e-01
  -1.35988240478240984821e-01+j9.24677374446189470625e-01
  -1.23557557377408561150e-01+j9.26377798790442019694e-01
  -1.11103922850036299086e-01+j9.27911132642916802737e-01
  -9.86295813821289751866e-02+j9.29277019630305733955e-01
  -8.61367841113806070874e-02+j9.30475133435231471779e-01
  -7.36277884296649420826e-02+j9.31505177942508866273e-01
  -6.11048575819984132740e-02+j9.32366887380391862195e-01
  -4.85702602619889484137e-02+j9.33060026456717372945e-01
  -3.60262702038501581026e-02+j9.33584390489861970508e-01
  -2.34751657710253955336e-02+j9.33939805534419464905e-01
  -1.09192295414801566339e-02+j9.34126128501506336477e-01
  +1.63925211026894231126e-03+j9.34143247273613308579e-01
  +1.41979894343434217413e-02+j9.33991080813909801961e-01
  +2.67546897298130172127e-02+j9.33669579269913896269e-01
  +3.93070577721079811306e-02+j9.33178724071438758791e-01
  +5.18527962434053024676e-02+j9.32518528022727499760e-01
  +6.43896061659694207702e-02+j9.31689035388690189876e-01
  +7.69151873383352030489e-02+j9.30690321975157996981e-01
  +8.94272387742834212743e-02+j9.29522495203059073710e-01
  +1.01923459144498310125e-01+j9.28185694176439479719e-01
  +1.14401547220861252163e-01+j9.26680089744242985184e-01
  +1.26859202323264197432e-01+j9.25005884555757496024e-01
  +1.39294124768877730647e-01+j9.23163313109650829347e-01
  +1.51704016323762458374e-01+j9.21152641796519011663e-01
  +1.64086580656750524732e-01+j9.18974168934845847545e-01
  +1.76439523795502595238e-01+j9.16628224800312363385e-01
  +1.88760554584616851992e-01+j9.14115171648365532064e-01
  +2.01047385145718959798e-01+j9.11435403729974558118e-01
  +2.13297731339415874707e-01+j9.08589347300492011783e-01
  +2.25509313229015295743e-01+j9.05577460621540764052e-01
  +2.37679855545881918433e-01+j9.02400233955862440816e-01
  +2.49807088156358991782e-01+j8.99058189555052900133e-01
  +2.61888746530093197151e-01+j8.95551881640090807757e-01
  +2.73922572209693848677e-01+j8.91881896374638216685e-01
  +2.85906313281564461448e-01+j8.88048851830983476674e-01
  +2.97837724847829610209e-01+j8.84053397948616259683e-01
  +3.09714569499183356438e-01+j8.79896216485332338664e-01
  +3.21534617788585108666e-01+j8.75578020960827263508e-01
  +3.33295648705631220032e-01+j8.71099556592713653025e-01
  +3.44995450151494575941e-01+j8.66461600224893713218e-01
  +3.56631819414290840431e-01+j8.61664960248258560149e-01
  +3.68202563644738911641e-01+j8.56710476513626972839e-01
  +3.79705500331970535743e-01+j8.51599020236903370140e-01
  +3.91138457779352965993e-01+j8.46331493896390285592e-01
  +4.02499275580181226086e-01+j8.40908831122216371412e-01
  +4.13785805093092651230e-01+j8.35331996577842850193e-01
  +4.24995909917059433436e-01+j8.29601985833593236208e-01
  +4.36127466365798632797e-01+j8.23719825232195335118e-01
  +4.47178363941474865673e-01+j8.17686571746276569250e-01
  +4.58146505807492387952e-01+j8.11503312827802192331e-01
  +4.69029809260285701633e-01+j8.05171166249424419270e-01
  +4.79826206199893301463e-01+j7.98691279937714271320e-01
  +4.90533643599184776551e-01+j7.92064831798266477669e-01
  +5.01150083971577897657e-01+j7.85293029532646236213e-01
  +5.11673505837076492142e-01+j7.78377110447194153764e-01
  +5.22101904186464849111e-01+j7.71318341253645400890e-01
  +5.32433290943504888837e-01+j7.64118017861581622086e-01
</dep>
<dep S[2,3] frequency>
  -3.90534392624036254260e-04+j1.68352432058172657436e-03
  -2.99901102070356494200e-04+j1.66594500943807732884e-03
  -2.10159662458127109719e-04+j1.64466197027164640065e-03
  -1.21446860338581506811e-04+j1.61970991123451535376e-03
  -3.38980180572389516724e-05+j1.59112836551219063996e-03
  +5.23531727895185788890e-05+j1.55896162180814423781e-03
  +1.37174814405744555090e-04+j1.52325864913282343904e-03
  +2.20436962177252004924e-04+j1.48407301609755279403e-03
  +3.02011780185225051087e-04+j1.44146280487451525221e-03
  +3.81773692683428159111e-04+j1.39549052000824055919e-03
  +4.59599531380142783954e-04+j1.34622299230077388521e-03
  +5.35368678352224694472e-04+j1.29373127792273626135e-03
  +6.08963204463474488959e-04+j1.23809055299784614990e-03
  +6.80268003128032053284e-04+j1.17938000383570329443e-03
  +7.49170919320616551795e-04+j1.11768271304103772312e-03
  +8.15562873670528862280e-04+j1.05308554170446475040e-03
  +8.79337981586099728948e-04+j9.85679007898618980699e-04
  +9.40393667254629458951e-04+j9.15557161694391385964e-04
  +9.98630772476740910526e-04+j8.42817456918960178358e-04
  +1.05395366021167162518e-03+j7.67560619881285655097e-04
  +1.10627031280492379994e-03+j6.89890515292522488178e-04
  +1.15549242480502030450e-03+j6.09914009596215778153e-04
  +1.20153549033527769219e-03+j5.27740831946364730154e-04
  +1.24431888498051888836e-03+j4.43483433049198655374e-04
  +1.28376594214230956015e-03+j3.57256842103120114684e-04
  +1.31980402386287776206e-03+j2.69178522053926255753e-04
  +1.35236458608091469902e-03+j1.79368223388678277308e-04
  +1.38138323834480908348e-03+j8.79478366985105008968e-05
  +1.40679979794548770666e-03-j4.95875578147841888921e-06
  +1.42855833853891556195e-03-j9.92258294279339814192e-05
  +1.44660723322691947557e-03-j1.94725967075395217654e-04
  +1.46089919217031252718e-03-j2.91330209228952974332e-04
  +1.47139129474137611564e-03-j3.88908204448808886289e-04
  +1.47804501628736456587e-03-j4.87328359694717133666e-04
  +1.48082624955838196290e-03-j5.86457990427391440136e-04
  +1.47970532083277483970e-03-j6.86163470274350761891e-04
  +1.47465700086187034845e-03-j7.86310380077308301860e-04
  +1.46566051066555208537e-03-j8.86763656115154008663e-04
  +1.45269952229137855326e-03-j9.87387737333353388003e-04
  +1.43576215461118511518e-03-j1.08804671140956196740e-03
  +1.41484096427400840579e-03-j1.18860445947201534556e-03
  +1.38993293188409416938e-03-j1.28892479931119394165e-03
  +1.36103944355847258918e-03-j1.38887162692786191032e-03
  +1.32816626793251513217e-03-j1.48830905626816563381e-03
  +1.29132352876666633978e-03-j1.58710155699295397957e-03
  +1.25052567326397467973e-03-j1.68511409014569617237e-03
  +1.20579143622321152685e-03-j1.78221224158945854010e-03
  +1.15714380017320830896e-03-j1.87826235308218361664e-03
  +1.10460995160688996153e-03-j1.97313165087851898061e-03
  +1.04822123347831155926e-03-j2.06668837173772275417e-03
  +9.88013094070105263311e-04-j2.15880188624511040740e-03
  +9.24025032420859593341e-04-j2.24934281933974328238e-03
  +8.56300540412396199441e-04-j2.33818316796489782117e-03
  +7.84887041706230220717e-04-j2.42519641575764284547e-03
  +7.09835827655061479824e-04-j2.51025764470087960067e-03
  +6.31201990348610048054e-04-j2.59324364367972959311e-03
  +5.49044352952141739843e-04-j2.67403301386118230631e-03
  +4.63425397480309031462e-04-j2.75250627086983355729e-03
  +3.74411190169038343711e-04-j2.82854594370139482418e-03
  +2.82071304594570110291e-04-j2.90203667032855414792e-03
  +1.86478742695266735963e-04-j2.97286528998507576516e-03
  +8.77098538409892825030e-05-j3.04092093209309879270e-03
  -1.41557478848843010244e-05-j3.10609510182062713984e-03
  -1.19035268057385290597e-04-j3.16828176225382018155e-03
  -2.26842817772653082553e-04-j3.22737741319244555993e-03
  -3.37489500869186248577e-04-j3.28328116655689488529e-03
  -4.50883502352672493885e-04-j3.33589481843073448059e-03
  -5.66930177891250552946e-04-j3.38512291774568409297e-03
  -6.85532144238373830625e-04-j3.43087283163235473582e-03
  -8.06589370451464560130e-04-j3.47305480747306903611e-03
  -9.29999269775737269494e-04-j3.51158203167275737022e-03
  -1.05565679205422285891e-03-j3.54637068521378986605e-03
  -1.18345451656255012951e-03-j3.57733999600845335720e-03
  -1.31328274512184511869e-03-j3.60441228813101642234e-03
  -1.44502959539643399678e-03-j3.62751302794834477178e-03
  -1.57858109425086656774e-03-j3.64657086724992380439e-03
  -1.71382127106949749829e-03-j3.66151768339583599809e-03
  -1.85063225092753358414e-03-j3.67228861658831784442e-03
  -1.98889434753065502681e-03-j3.67882210431291246933e-03
  -2.12848615581504724270e-03-j3.68105991303563969547e-03
  -2.26928464413624769724e-03-j3.67894716723350320708e-03
  -2.41116524596028669603e-03-j3.67243237583035359722e-03
  -2.55400195098239024549e-03-j3.66146745613191333668e-03
  -2.69766739560771406925e-03-j3.64600775533845729987e-03
  -2.84203295271995282079e-03-j3.62601206972827400793e-03
  -2.98696882069226371526e-03-j3.60144266159188354559e-03
  -3.13234411158925390994e-03-j3.57226527401745524298e-03
  -3.27802693849984366770e-03-j3.53844914361420639914e-03
  -3.42388450196969007511e-03-j3.49996701126314545965e-03
  -3.56978317550742801911e-03-j3.45679513099468680576e-03
  -3.71558859011855702192e-03-j3.40891327707771793487e-03
  -3.86116571785519863136e-03-j3.35630474942407927563e-03
  -4.00637895436491142664e-03-j3.29895637738183804266e-03
  -4.15109220042388094019e-03-j3.23685852202910268050e-03
  -4.29516894244571373340e-03-j3.17000507704779874163e-03
  -4.43847233197966137275e-03-j3.09839346825830155852e-03
  -4.58086526418048645137e-03-j3.02202465192261647553e-03
  -4.72221045528732619179e-03-j2.94090311188099223783e-03
  -4.86237051910344900141e-03-j2.85503685561287745553e-03
  -5.00120804251572015353e-03-j2.76443740930094362940e-03
  -5.13858566006526393255e-03-j2.66911981197962694390e-03
  -5.27436612761198256316e-03-j2.56910260883034917423e-03
  -5.40841239511925114813e-03-j2.46440784370890141053e-03
  -5.54058767860078973944e-03-j2.35506105095961357221e-03
  -5.67075553127277878773e-03-j2.24109124658527017471e-03
  -5.79877991396034186966e-03-j2.12253091883234101811e-03
  -5.92452526480361993388e-03-j1.99941601824292491951e-03
  -6.04785656832303869512e-03-j1.87178594722504226810e-03
  -6.16863942390108443981e-03-j1.73968354919130235858e-03
  -6.28674011372990643176e-03-j1.60315509729622163171e-03
  -6.40202567030620506294e-03-j1.46225028282278776692e-03
  -6.51436394351871672637e-03-j1.31702220323173802008e-03
  -6.62362366741087518762e-03-j1.16752734991646886509e-03
  -6.72967452667244669939e-03-j1.01382559567091481978e-03
  -6.83238722294432151982e-03-j8.55980181888614521934e-04
  -6.93163354099800288477e-03-j6.94057705507220012997e-04
  -7.02728641486199956390e-03-j5.28128105692190347176e-04
  -7.11921999397345517391e-03-j3.58264650266067186113e-04
  -7.20730970941913656747e-03-j1.84543921870828492304e-04
  -7.29143234034104054109e-03-j7.04580384976866147539e-06
  -7.37146608058439692379e-03+j1.74146534168296424072e-04
  -7.44729060564326000859e-03+j3.58946651009529882348e-04
  -7.51878713998969938626e-03+j5.47264849053985535932e-04
  -7.58583852484161560992e-03+j7.39008189722521746656e-04
  -7.64832928644210499614e-03+j9.34080509400737196701e-04
  -7.70614570491228931259e-03+j1.13238243584525000163e-03
  -7.75917588373490826892e-03+j1.33381140512380327867e-03
  -7.80730981993239467331e-03+j1.53826167915205661019e-03
  -7.85043947499115130073e-03+j1.74562436388555480837e-03
  -7.88845884658059132155e-03+j1.95578742824097095987e-03
  -7.92126404112446225181e-03+j2.16863572381614105877e-03
  -7.94875334725301044281e-03+j2.38405100548923221115e-03
  -7.97082731019051193844e-03+j2.60191195298138666647e-03
  -7.98738880709959700455e-03+j2.82209419346402673456e-03
  -7.99834312341837772031e-03+j3.04447032531193761962e-03
  -8.00359803021739868445e-03+j3.26890994308712268257e-03
  -8.00306386258418239743e-03+j3.49527966385898558599e-03
  -7.99665359906022790715e-03+j3.72344315495952427053e-03
  -7.98428294212983474809e-03+j3.95326116327875815015e-03
  -7.96587039976410192510e-03+j4.18459154621087653370e-03
  -7.94133736801389510107e-03+j4.41728930435570515955e-03
  -7.91060821463766480899e-03+j4.65120661609254304469e-03
  -7.87361036375398663789e-03+j4.88619287413822461774e-03
  -7.83027438147535642665e-03+j5.12209472420534217552e-03
  -7.78053406251186588372e-03+j5.35875610587543266261e-03
  -7.72432651768515526891e-03+j5.59601829580372300832e-03
  -7.66159226231907797278e-03+j5.83371995337998022757e-03
  -7.59227530544394173251e-03+j6.07169716894597616408e-03
  -7.51632323975790460346e-03+j6.30978351470920517663e-03
  -7.43368733226930540614e-03+j6.54781009844589839686e-03
  -7.34432261555040006434e-03+j6.78560562012493068140e-03
  -7.24818797951083323983e-03+j7.02299643155490649349e-03
  -7.14524626360186002061e-03+j7.25980659917126874836e-03
  -7.03546434935242021025e-03+j7.49585797006910997675e-03
  -6.91881325312627883800e-03+j7.73097024138540145355e-03
  -6.79526821898868670091e-03+j7.96496103313680536839e-03
  -6.66480881155993073323e-03+j8.19764596460991618043e-03
  -6.52741900872429430674e-03+j8.42883873439323472176e-03
  -6.38308729406127442485e-03+j8.65835120414976122660e-03
  -6.23180674885497574989e-03+j8.88599348620638940233e-03
  -6.07357514353090363612e-03+j9.11157403504130047889e-03
  -5.90839502836305874300e-03+j9.33489974274997330594e-03
  -5.73627382329316027471e-03+j9.55577603854364243663e-03
  -5.55722390668625040866e-03+j9.77400699235462383507e-03
  -5.37126270285316793907e-03+j9.98939542259433960192e-03
  -5.17841276815939402511e-03+j1.02017430081121074359e-02
  -4.97870187553217050797e-03+j1.04108504043970706565e-02
  -4.77216309717831167758e-03+j1.06165173640475271610e-02
  -4.55883488531456070036e-03+j1.08185428615406031838e-02
  -4.33876115071600565454e-03+j1.10167252223041939319e-02
  -4.11199133887411860666e-03+j1.12108622561101767268e-02
  -3.87858050356361915012e-03+j1.14007513947699604118e-02
  -3.63858937760225004815e-03+j1.15861898341345498364e-02
  -3.39208444059714304269e-03+j1.17669746803626615317e-02
  -3.13913798345979901810e-03+j1.19429031004341310029e-02
  -2.87982816947438338695e-03+j1.21137724768593732505e-02
  -2.61423909170104343258e-03+j1.22793805665347768863e-02
  -2.34246082649918960228e-03+j1.24395256636786397109e-02
  -2.06458948294784006006e-03+j1.25940067667729416190e-02
  -1.78072724794651332525e-03+j1.27426237494301097808e-02
  -1.49098242677988407356e-03+j1.28851775350803665621e-02
  -1.19546947892894966925e-03+j1.30214702753830291471e-02
  -8.94309048911827095263e-04+j1.31513055322350150278e-02
  -5.87627991946886030217e-04+j1.32744884632501752852e-02
  -2.75559394222142650666e-04+j1.33908260105782134231e-02
  +4.17574124307006078194e-05+j1.35001270928934158366e-02
  +3.64176841661217193247e-04+j1.36022028004143605284e-02
  +6.91547049723829909684e-04+j1.36968665927609187238e-02
  +1.02370993878923149945e-03+j1.37839344994821061396e-02
  +1.36050116663657960636e-03+j1.38632253230471028105e-02
  +1.70175016290120828533e-03+j1.39345608441093504748e-02
  +2.04728015205885363614e-03+j1.39977660288116839693e-02
  +2.39690818330823285365e-03+j1.40526692379256828991e-02
  +2.75044516751647011299e-03+j1.40991024375783091660e-02
  +3.10769592137576100566e-03+j1.41369014113256474818e-02
  +3.46845921891593064745e-03+j1.41659059733242678747e-02
  +3.83252785050500199837e-03+j1.41859601823306549773e-02
  +4.19968868946399981334e-03+j1.41969125562660114515e-02
  +4.56972276640527433345e-03+j1.41986162870591514640e-02
  +4.94240535140449618878e-03+j1.41909294554905876518e-02
</dep>
<dep S[2,2] frequency>
  -8.67418592966511491082e-03+j1.35150886701439695847e-02
  -8.36760490188185462879e-03+j1.33511370516605117065e-02
  -8.06512673963994883297e-03+j1.31783382208016906778e-02
  -7.76697924939557041157e-03+j1.29967691221567378801e-02
  -7.47338893813566385038e-03+j1.28065120772697868534e-02
  -7.18458089344639096174e-03+j1.26076547660334686851e-02
  -6.90077866364124242748e-03+j1.24002902055167854578e-02
  -6.62220413800747829958e-03+j1.21845167262143901088e-02
  -6.34907742722040126238e-03+j1.19604379457054488256e-02
  -6.08161674398221413496e-03+j1.17281627397082116593e-02
  -5.82003828394449945760e-03+j1.14878052105187276888e-02
  -5.56455610696647041957e-03+j1.12394846528270069691e-02
  -5.31538201877289166741e-03+j1.09833255168977905747e-02
  -5.07272545306626000683e-03+j1.07194573691120741826e-02
  -4.83679335415882448446e-03+j1.04480148498648714450e-02
  -4.60779006017789267979e-03+j1.01691376288102278136e-02
  -4.38591718691573942412e-03+j9.88297035745926318040e-03
  -4.17137351237740171273e-03+j9.58966261912003355150e-03
  -3.96435486209831787485e-03+j9.28936887619192554200e-03
  -3.76505399528742970561e-03+j8.98224841480759969570e-03
  -3.57366049186768827695e-03+j8.66846528683118573710e-03
  -3.39036064047429364088e-03+j8.34818824922123510490e-03
  -3.21533732747754374959e-03+j8.02159070076015161266e-03
  -3.04876992709762588418e-03+j7.68885061616895147674e-03
  -2.89083419267359767457e-03+j7.35015047760879513400e-03
  -2.74170214915991049265e-03+j7.00567720359486587750e-03
  -2.60154198690700812213e-03+j6.65562207532799030019e-03
  -2.47051795680567135016e-03+j6.30018066046952526782e-03
  -2.34879026684769315336e-03+j5.93955273437471713976e-03
  -2.23651498018288298619e-03+j5.57394219881062955024e-03
  -2.13384391472797550759e-03+j5.20355699817885708480e-03
  -2.04092454440324075349e-03+j4.82860903327085502074e-03
  -1.95789990205337202656e-03+j4.44931407258494868856e-03
  -1.88490848412840514281e-03+j4.06589166123522659235e-03
  -1.82208415718288982421e-03+j3.67856502748365940536e-03
  -1.76955606625905752238e-03+j3.28756098692759880786e-03
  -1.72744854522257490492e-03+j2.89310984438758030113e-03
  -1.69588102910823296243e-03+j2.49544529352465531760e-03
  -1.67496796854509598373e-03+j2.09480431423183155112e-03
  -1.66481874631570561651e-03+j1.69142706784479674234e-03
  -1.66553759611810792141e-03+j1.28555679021332943182e-03
  -1.67722352358354830082e-03+j8.77439682678780082797e-04
  -1.69997022961553348464e-03+j4.67324801013558732005e-04
  -1.73386603610261279262e-03+j5.54639423650245093345e-05
  -1.77899381406442132214e-03-j3.57888469739532644187e-04
  -1.83543091428785970498e-03-j7.72475502271575791002e-04
  -1.90324910050213361168e-03-j1.18803783141012593572e-03
  -1.98251448515158849861e-03-j1.60431386301882958345e-03
  -2.07328746781275212452e-03-j2.02103985483738672266e-03
  -2.17562267630873849844e-03-j2.43795004031579880255e-03
  -2.28956891056369613024e-03-j2.85477675404189040059e-03
  -2.41516908925161824517e-03-j3.27125055868275962934e-03
  -2.55246019927539251337e-03-j3.68710037338600572082e-03
  -2.70147324812445091546e-03-j4.10205360356257972554e-03
  -2.86223321915021929052e-03-j4.51583627199131018570e-03
  -3.03475902979684700189e-03-j4.92817315116781708151e-03
  -3.21906349282680484536e-03-j5.33878789682673028649e-03
  -3.41515328057303939324e-03-j5.74740318256742807601e-03
  -3.62302889225343122126e-03-j6.15374083550507093576e-03
  -3.84268462437644363339e-03-j6.55752197287462392644e-03
  -4.07410854426734983513e-03-j6.95846713950761669443e-03
  -4.31728246673959356605e-03-j7.35629644610828227480e-03
  -4.57218193393754170073e-03-j7.75072970824594326827e-03
  -4.83877619837199367259e-03-j8.14148658599105415345e-03
  -5.11702820916715671318e-03-j8.52828672410912980162e-03
  -5.40689460153546096188e-03-j8.91084989273322088110e-03
  -5.70832568949843077721e-03-j9.28889612843843137657e-03
  -6.02126546186168565278e-03-j9.66214587562935420251e-03
  -6.34565158145809077306e-03-j1.00303201281661223676e-02
  -6.68141538766374790126e-03-j1.03931405711416569027e-02
  -7.02848190219345324292e-03-j1.07503297227301564121e-02
  -7.38676983818050726660e-03-j1.11016110760224096660e-02
  -7.75619161253709304971e-03-j1.14467092407705001156e-02
  -8.13665336159563774843e-03-j1.17853500849477068474e-02
  -8.52805496002939297795e-03-j1.21172608760596288435e-02
  -8.93029004303952551880e-03-j1.24421704221015002462e-02
  -9.34324603180559064286e-03-j1.27598092121018625439e-02
  -9.76680416218459086786e-03-j1.30699095561547535410e-02
  -1.02008395166449730707e-02-j1.33722057248674038032e-02
  -1.06452210594214936173e-02-j1.36664340881400385441e-02
  -1.10998116748697289030e-02-j1.39523332531984907423e-02
  -1.15644682090022560966e-02-j1.42296442018011882330e-02
  -1.20390415141810713101e-02-j1.44981104265390087910e-02
  -1.25233764969415115043e-02-j1.47574780661537483667e-02
  -1.30173121689233627779e-02-j1.50074960397937468004e-02
  -1.35206817008763097859e-02-j1.52479161801395302761e-02
  -1.40333124797059529548e-02-j1.54784933653115321789e-02
  -1.45550261685348462232e-02-j1.56989856494992793823e-02
  -1.50856387697347622129e-02-j1.59091543922302222636e-02
  -1.56249606908964878277e-02-j1.61087643862129967220e-02
  -1.61727968136963357049e-02-j1.62975839836812554096e-02
  -1.67289465656188969522e-02-j1.64753852211692343455e-02
  -1.72932039944937269993e-02-j1.66419439426588947062e-02
  -1.78653578457966602522e-02-j1.67970399210210716290e-02
  -1.84451916426758844025e-02-j1.69404569776976932083e-02
  -1.90324837686480681509e-02-j1.70719831005568777049e-02
  -1.96270075529206347587e-02-j1.71914105598603046687e-02
  -2.02285313582829355539e-02-j1.72985360222849132716e-02
  -2.08368186715209152693e-02-j1.73931606629424140298e-02
  -2.14516281962933777483e-02-j1.74750902753371822884e-02
  -2.20727139484211236364e-02-j1.75441353792119072996e-02
  -2.26998253535300661965e-02-j1.76001113262291772332e-02
  -2.33327073469899309854e-02-j1.76428384034362367716e-02
  -2.39711004760904330957e-02-j1.76721419344649799399e-02
  -2.46147410043985499783e-02-j1.76878523784234249761e-02
  -2.52633610182292772661e-02-j1.76898054264311190009e-02
  -2.59166885351778536473e-02-j1.76778420957571028027e-02
  -2.65744476146427370533e-02-j1.76518088215191874812e-02
  -2.72363584702829120143e-02-j1.76115575459073470110e-02
  -2.79021375843416727380e-02-j1.75569458048911788972e-02
  -2.85714978237781927484e-02-j1.74878368123814013912e-02
  -2.92441485581364964130e-02-j1.74040995418072927392e-02
  -2.99197957790915819443e-02-j1.73056088050839371184e-02
  -3.05981422216062559638e-02-j1.71922453289355958717e-02
  -3.12788874866344185355e-02-j1.70638958285533777481e-02
  -3.19617281653037169087e-02-j1.69204530785576137686e-02
  -3.26463579645096466098e-02-j1.67618159812426420485e-02
  -3.33324678338680763234e-02-j1.65878896320870439229e-02
  -3.40197460939409487835e-02-j1.63985853825022731556e-02
  -3.47078785656870433818e-02-j1.61938208998084684498e-02
  -3.53965487010644216936e-02-j1.59735202244186830223e-02
  -3.60854377147198437936e-02-j1.57376138242178477411e-02
  -3.67742247167034269628e-02-j1.54860386461249492640e-02
  -3.74625868461430505674e-02-j1.52187381648263356237e-02
  -3.81501994058106724816e-02-j1.49356624286724956607e-02
  -3.88367359975247961046e-02-j1.46367681027308217667e-02
  -3.95218686583201361806e-02-j1.43220185089881109353e-02
  -4.02052679973239415756e-02-j1.39913836636991854856e-02
  -4.08866033332753453511e-02-j1.36448403118774042042e-02
  -4.15655428326318562848e-02-j1.32823719589284759690e-02
  -4.22417536481963645789e-02-j1.29039688994256572518e-02
  -4.29149020582085399811e-02-j1.25096282430273535169e-02
  -4.35846536058382694190e-02-j1.20993539375426409355e-02
  -4.42506732390302928715e-02-j1.16731567891448818897e-02
  -4.49126254506310509940e-02-j1.12310544797419101237e-02
  -4.55701744187520310647e-02-j1.07730715815069662267e-02
  -4.62229841473110261707e-02-j1.02992395685798376892e-02
  -4.68707186066848052741e-02-j9.80959682594180829018e-03
  -4.75130418744439952938e-02-j9.30418865548147955291e-03
  -4.81496182760909052778e-02-j8.78306727925455901773e-03
  -4.87801125257625589615e-02-j8.24629183995066392110e-03
  -4.94041898668482332146e-02-j7.69392839858243360318e-03
  -5.00215162124633128116e-02-j7.12604992940341422369e-03
  -5.06317582857331374702e-02-j6.54273631207388794984e-03
  -5.12345837598482956032e-02-j5.94407432108453107067e-03
  -5.18296613978217537988e-02-j5.33015761245247965405e-03
  -5.24166611919262143138e-02-j4.70108670770823938723e-03
  -5.29952545027450663828e-02-j4.05696897518347671108e-03
  -5.35651141978083292217e-02-j3.39791860862058425763e-03
  -5.41259147897540857097e-02-j2.72405660311500485982e-03
  -5.46773325739855833860e-02-j2.03551072841265043301e-03
  -5.52190457657741537445e-02-j1.33241549957260202453e-03
  -5.57507346367673711773e-02-j6.14912145017749989240e-04
  -5.62720816508604781969e-02+j1.16851428013870287104e-04
  -5.67827715993960910335e-02+j8.62720670597295555271e-04
  -5.72824917356433357951e-02+j1.62253443181259449091e-03
  -5.77709319085268485638e-02+j2.39612500098123661074e-03
  -5.82477846955622019509e-02+j3.18331815243313130670e-03
  -5.87127455349582202948e-02+j3.98393319278223488611e-03
  -5.91655128568534804945e-02+j4.79778301069746365703e-03
  -5.96057882136501390735e-02+j5.62467412914930374457e-03
  -6.00332764094010304379e-02+j6.46440676011571929704e-03
  -6.04476856282245914032e-02+j7.31677486172928326358e-03
  -6.08487275617048753440e-02+j8.18156619784982108712e-03
  -6.12361175352432035579e-02+j9.05856240004505007535e-03
  -6.16095746333260238514e-02+j9.94753903196135026710e-03
  -6.19688218236757182300e-02+j1.08482656560689155051e-02
  -6.23135860802463276142e-02+j1.17605059027646018793e-02
  -6.26435985050347449166e-02+j1.26840175418166251076e-02
  -6.29585944486628218408e-02+j1.36185525561323579613e-02
  -6.32583136297097253786e-02+j1.45638572178343524838e-02
  -6.35425002527468668623e-02+j1.55196721666302234893e-02
  -6.38109031250496533394e-02+j1.64857324904568655621e-02
  -6.40632757719439421829e-02+j1.74617678083832383873e-02
  -6.42993765507592074382e-02+j1.84475023557597213320e-02
  -6.45189687633472702677e-02+j1.94426550715916836298e-02
  -6.47218207671339668119e-02+j2.04469396881256752774e-02
  -6.49077060846672548866e-02+j2.14600648226307526290e-02
  -6.50764035116259687008e-02+j2.24817340713576938049e-02
  -6.52276972232508772676e-02+j2.35116461056594575063e-02
  -6.53613768791630050936e-02+j2.45494947702592815342e-02
  -6.54772377265309957206e-02+j2.55949691836438661396e-02
  -6.55750807015497844121e-02+j2.66477538405707516100e-02
  -6.56547125291919303480e-02+j2.77075287166663741800e-02
  -6.57159458211904745628e-02+j2.87739693751007559464e-02
  -6.57585991722219459499e-02+j2.98467470753208084788e-02
  -6.57824972542367658601e-02+j3.09255288838177003208e-02
  -6.57874709089077275292e-02+j3.20099777869171930877e-02
  -6.57733572381504483229e-02+j3.30997528055648332357e-02
  -6.57399996926746610360e-02+j3.41945091120924027361e-02
  -6.56872481585239753610e-02+j3.52938981489357914145e-02
  -6.56149590415604638816e-02+j3.63975677492908572530e-02
  -6.55229953498564499093e-02+j3.75051622596779196672e-02
  -6.54112267739379305009e-02+j3.86163226643920012848e-02
  -6.52795297648499361909e-02+j3.97306867118154202756e-02
  -6.51277876099848329616e-02+j4.08478890425638813122e-02
  -6.49558905066392050509e-02+j4.19675613194407451378e-02
  -6.47637356332453617558e-02+j4.30893323591698823583e-02
  -6.45512272182387075725e-02+j4.42128282658769689029e-02
  -6.43182766065051869653e-02+j4.53376725662887822277e-02
</dep>
<dep S[2,4] frequency>
  -5.71125891067936486412e-02-j1.68935520866396682305e-01
  -6.00868706477057576421e-02-j1.68136812458004214488e-01
  -6.30474617951526372650e-02-j1.67277998182389198156e-01
  -6.59930396019237919258e-02-j1.66359362121062531736e-01
  -6.89222877990561672013e-02-j1.65381218676108415755e-01
  -7.18338974993077139519e-02-j1.64343912401408748236e-01
  -7.47265678961285539916e-02-j1.63247817817603363411e-01
  -7.75990069576747432123e-02-j1.62093339210959308527e-01
  -8.04499321155852098464e-02-j1.60880910416252603801e-01
  -8.32780709481028141861e-02-j1.59610994583841814265e-01
  -8.60821618571997321245e-02-j1.58284083931086450026e-01
  -8.88609547394091925376e-02-j1.56900699478246780094e-01
  -9.16132116499207838078e-02-j1.55461390769089324859e-01
  -9.43377074597112896814e-02-j1.53966735576321400725e-01
  -9.70332305052739041429e-02-j1.52417339592098161072e-01
  -9.96985832307141495168e-02-j1.50813836103735054994e-01
  -1.02332582821820672336e-01-j1.49156885654875670522e-01
  -1.04934061831822134092e-01-j1.47447175692295262550e-01
  -1.07501868798523067539e-01-j1.45685420198556153659e-01
  -1.10034868852513470494e-01-j1.43872359310728614723e-01
  -1.12531944316135418260e-01-j1.42008758925415201624e-01
  -1.14991995292934356954e-01-j1.40095410290292737843e-01
  -1.17413940247313136611e-01-j1.38133129582401370516e-01
  -1.19796716574072314998e-01-j1.36122757473448569021e-01
  -1.22139281157611578887e-01-j1.34065158682332735696e-01
  -1.24440610920477784385e-01-j1.31961221515171645002e-01
  -1.26699703361036086768e-01-j1.29811857393061169663e-01
  -1.28915577079974141839e-01-j1.27618000367845901843e-01
  -1.31087272295418444390e-01-j1.25380606626140589377e-01
  -1.33213851346389716701e-01-j1.23100653981900703959e-01
  -1.35294399184400448988e-01-j1.20779141357765171239e-01
  -1.37328023852900632518e-01-j1.18417088255512781281e-01
  -1.39313856954424469814e-01-j1.16015534215838045373e-01
  -1.41251054105148238227e-01-j1.13575538267780926094e-01
  -1.43138795376681754457e-01-j1.11098178368090313994e-01
  -1.44976285724895320728e-01-j1.08584550830768733487e-01
  -1.46762755405545425313e-01-j1.06035769747155728115e-01
  -1.48497460376543488625e-01-j1.03452966396785417391e-01
  -1.50179682686649940138e-01-j1.00837288649363504556e-01
  -1.51808730850434503434e-01-j9.81899003581281348829e-02
  -1.53383940209303348823e-01-j9.55119807449347490991e-02
  -1.54904673278448812290e-01-j9.28047237773352018397e-02
  -1.56370320079533386970e-01-j9.00693375380038213640e-02
  -1.57780298458973317066e-01-j8.73070435867781546868e-02
  -1.59134054391650681115e-01-j8.45190763156683511070e-02
  -1.60431062269921875796e-01-j8.17066822971335982029e-02
  -1.61670825177782029325e-01-j7.88711196259420932453e-02
  -1.62852875150045761643e-01-j7.60136572549570121993e-02
  -1.63976773416427135110e-01-j7.31355743251458217946e-02
  -1.65042110630388760839e-01-j7.02381594901762412730e-02
  -1.66048507082658863832e-01-j6.73227102358819606831e-02
  -1.66995612899291712150e-01-j6.43905321949793663094e-02
  -1.67883108224190058522e-01-j6.14429384573158682281e-02
  -1.68710703385973187496e-01-j5.84812488760452775516e-02
  -1.69478139049120235526e-01-j5.55067893699982689570e-02
  -1.70185186349295136665e-01-j5.25208912226495933107e-02
  -1.70831647012778781169e-01-j4.95248903779817450932e-02
  -1.71417353459943577754e-01-j4.65201267335989265828e-02
  -1.71942168892698366012e-01-j4.35079434314461777067e-02
  -1.72405987365860352556e-01-j4.04896861464464352665e-02
  -1.72808733842383543955e-01-j3.74667023734507678712e-02
  -1.73150364232421499766e-01-j3.44403407127942401411e-02
  -1.73430865416174584404e-01-j3.14119501548498630816e-02
  -1.73650255250489132797e-01-j2.83828793639049788144e-02
  -1.73808582559193930406e-01-j2.53544759617255997808e-02
  -1.73905927107150276578e-01-j2.23280858111493188400e-02
  -1.73942399558006638438e-01-j1.93050523000599591472e-02
  -1.73918141415652566240e-01-j1.62867156261212106538e-02
  -1.73833324949379169899e-01-j1.32744120825759627513e-02
  -1.73688153102751985379e-01-j1.02694733455186877624e-02
  -1.73482859386216103914e-01-j7.27322576295663658641e-03
  -1.73217707753454075448e-01-j4.28698964604543042434e-03
  -1.72892992461533168136e-01-j1.31207856281650298014e-03
  -1.72509037914875318354e-01+j1.65020136518853610674e-03
  -1.72066198493095318112e-01+j4.59855216309097702965e-03
  -1.71564858362765415567e-01+j7.53168469922901179237e-03
  -1.71005431273159785865e-01+j1.04483193778025229559e-02
  -1.70388360336047955945e-01+j1.33471868271892654678e-02
  -1.69714117789613871956e-01+j1.62270285836365671384e-02
  -1.68983204746582155176e-01+j1.90865977699243294374e-02
  -1.68196150926635396017e-01+j2.19246597686714103648e-02
  -1.67353514373231260226e-01+j2.47399928899301249641e-02
  -1.66455881154910056985e-01+j2.75313890327052168683e-02
  -1.65503865051216059179e-01+j3.02976543400661074701e-02
  -1.64498107223345735317e-01+j3.30376098474655308102e-02
  -1.63439275869652983486e-01+j3.57500921239597632684e-02
  -1.62328065866146287188e-01+j3.84339539059537840804e-02
  -1.61165198392119679571e-01+j4.10880647231327764124e-02
  -1.59951420541068478620e-01+j4.37113115162412191328e-02
  -1.58687504917047972341e-01+j4.63025992463607233285e-02
  -1.57374249216640199611e-01+j4.88608514953623868093e-02
  -1.56012475796707489328e-01+j5.13850110571599724696e-02
  -1.54603031228102288930e-01+j5.38740405194865282223e-02
  -1.53146785835539478438e-01+j5.63269228358087847841e-02
  -1.51644633223813274370e-01+j5.87426618870778294301e-02
  -1.50097489790569832424e-01+j6.11202830329977755963e-02
  -1.48506294225848545221e-01+j6.34588336524640195258e-02
  -1.46872006998616716489e-01+j6.57573836728635591209e-02
  -1.45195609830508720606e-01+j6.80150260879467533082e-02
  -1.43478105157025637162e-01+j7.02308774639211486068e-02
  -1.41720515576427480431e-01+j7.24040784334770287645e-02
  -1.39923883286570682749e-01+j7.45337941774520118532e-02
  -1.38089269509947321080e-01+j7.66192148938225348065e-02
  -1.36217753907199812247e-01+j7.86595562537237558143e-02
  -1.34310433979369120427e-01+j8.06540598442409828461e-02
  -1.32368424459177680408e-01+j8.26019935976388675059e-02
  -1.30392856691614489328e-01+j8.45026522067980623287e-02
  -1.28384878004131786078e-01+j8.63553575265555428686e-02
  -1.26345651066750080949e-01+j8.81594589606908840551e-02
  -1.24276353242377582409e-01+j8.99143338343048881267e-02
  -1.22178175927669802059e-01+j9.16193877513169219196e-02
  -1.20052323884742073723e-01+j9.32740549368523130802e-02
  -1.17900014564072314061e-01+j9.48777985642534210653e-02
  -1.15722477418925537296e-01+j9.64301110665060773330e-02
  -1.13520953211647582237e-01+j9.79305144318262654757e-02
  -1.11296693312174663215e-01+j9.93785604831960156513e-02
  -1.09050958989117582898e-01+j1.00773831141633851693e-01
  -1.06785020693775073442e-01+j1.02115938672990305691e-01
  -1.04500157337456558992e-01+j1.03404525918061984679e-01
  -1.02197655562478562086e-01+j1.04639266505841002641e-01
  -9.98788090072166984124e-02+j1.05819865049705919002e-01
  -9.75449175656049327632e-02+j1.06946057326377963470e-01
  -9.51972866414575596972e-02+j1.08017610437486324959e-01
  -9.28372263980333234379e-02+j1.09034322953556250813e-01
  -9.04660510032194581376e-02+j1.09996025040294570507e-01
  -8.80850778707603088158e-02+j1.10902578567010703936e-01
  -8.56956268979255642027e-02+j1.11753877197049017456e-01
  -8.32990197000529064564e-02+j1.12549846460097358047e-01
  -8.08965788423681719799e-02+j1.13290443806265905824e-01
  -7.84896270695114167681e-02+j1.13975658641822380490e-01
  -7.60794865332121428292e-02+j1.14605512346482599217e-01
  -7.36674780185250233089e-02+j1.15180058272176671919e-01
  -7.12549201690738098769e-02+j1.15699381723208011286e-01
  -6.88431287117468038161e-02+j1.16163599917732812683e-01
  -6.64334156812754761390e-02+j1.16572861930509558137e-01
  -6.40270886451557025287e-02+j1.16927348616860354857e-01
  -6.16254499293493185341e-02+j1.17227272517814423702e-01
  -5.92297958452280282060e-02+j1.17472877746399029242e-01
  -5.68414159182041855978e-02+j1.17664439855065680596e-01
  -5.44615921185154366890e-02+j1.17802265684240986543e-01
  -5.20915980946126747075e-02+j1.17886693192005370667e-01
  -4.97326984096160273907e-02+j1.17918091264922836325e-01
  -4.73861477813069600917e-02+j1.17896859510031981610e-01
  -4.50531903261037341979e-02+j1.17823428028052262784e-01
  -4.27350588075063042570e-02+j1.17698257167838910009e-01
  -4.04329738894530360538e-02+j1.17521837262156703119e-01
  -3.81481433950750237205e-02+j1.17294688344836167682e-01
  -3.58817615713070275918e-02+j1.17017359849394292359e-01
  -3.36350083598079899194e-02+j1.16690430289221061533e-01
  -3.14090486746873079338e-02+j1.16314506919425422748e-01
  -2.92050316874725990335e-02+j1.15890225380465852756e-01
  -2.70240901197961735924e-02+j1.15418249323692601038e-01
  -2.48673395442728997762e-02+j1.14899270018938959304e-01
  -2.27358776940147049028e-02+j1.14334005944317224079e-01
  -2.06307837812554559220e-02+j1.13723202358381389465e-01
  -1.85531178255398908339e-02+j1.13067630854833983678e-01
  -1.65039199919376627923e-02+j1.12368088899966578342e-01
  -1.44842099397271412142e-02+j1.11625399353030674288e-01
  -1.24949861820155341818e-02+j1.10840409969755887554e-01
  -1.05372254567324755148e-02+j1.10013992889235800998e-01
  -8.61188210944571069794e-03+j1.09147044104422941135e-01
  -6.71988748843795752341e-03+j1.08240482916479030528e-01
  -4.86214935249040108856e-03+j1.07295251373241418147e-01
  -3.03955129179381278171e-03+j1.06312313692080967487e-01
  -1.25295216242195944778e-03+j1.05292655667436924061e-01
  +4.96814465210479450086e-04+j1.04237284063325483241e-01
  +2.20894084348154107200e-03+j1.03147225991131588629e-01
  +3.88264556989575265744e-03+j1.02023528273010338774e-01
  +5.51717409418760879047e-03+j1.00867256791224130241e-01
  +7.11179920981216268094e-03+j9.96794958237721545613e-02
  +8.66582152942563244125e-03+j9.84613473666593602696e-02
  +1.01785699439711427305e-02+j9.72139304431863388034e-02
  +1.16494020649936316780e-02+j9.59383804006295470845e-02
  +1.30777046498139135067e-02+j9.46358481947170288029e-02
  +1.44628940092023303143e-02+j9.33074996622972885341e-02
  +1.58044163971996845519e-02+j9.19545147826191094920e-02
  +1.71017483827420463394e-02+j9.05780869276534422729e-02
  +1.83543972027599977537e-02+j8.91794221018917115940e-02
  +1.95619010964231884731e-02+j8.77597381720731650745e-02
  +2.07238296202229416165e-02+j8.63202640873017845724e-02
  +2.18397839435894441928e-02+j8.48622390900239387257e-02
  +2.29093971247530045487e-02+j8.33869119183463652911e-02
  +2.39323343665650556389e-02+j8.18955400001916411501e-02
  +2.49082932520230879159e-02+j8.03893886397869794624e-02
  +2.58370039592324060584e-02+j7.88697301970013447958e-02
  +2.67182294555687524507e-02+j7.73378432600509285733e-02
  +2.75517656708126404408e-02+j7.57950118121039073671e-02
  +2.83374416490368985500e-02+j7.42425243923207772712e-02
  +2.90751196790478561027e-02+j7.26816732518818231501e-02
  +2.97646954031908633764e-02+j7.11137535055516994964e-02
  +3.04060979043471318883e-02+j6.95400622793499734176e-02
  +3.09992897709644166238e-02+j6.79618978548942320739e-02
  +3.15442671399794455356e-02+j6.63805588109948052633e-02
  +3.20410597174990360858e-02+j6.47973431630867874320e-02
  +3.24897307771357668482e-02+j6.32135475010871111801e-02
  +3.28903771358983257334e-02+j6.16304661262752906392e-02
  +3.32431291075578824734e-02+j6.00493901877976812842e-02
  +3.35481504334276883772e-02+j5.84716068194039151340e-02
  +3.38056381905164904378e-02+j5.68983982770225951708e-02
  +3.40158226770181648657e-02+j5.53310410777945183014e-02
</dep>
<dep S[4,1] frequency>
  -3.90534392624024978558e-04+j1.68352432058176473828e-03
  -2.99901102069793576432e-04+j1.66594500943759854517e-03
  -2.10159662458134915974e-04+j1.64466197027163252287e-03
  -1.21446860339101056492e-04+j1.61970991123510169030e-03
  -3.38980180577888590143e-05+j1.59112836551273187369e-03
  +5.23531727894908233134e-05+j1.55896162180810954334e-03
  +1.37174814406212930429e-04+j1.52325864913222669417e-03
  +2.20436962177217310455e-04+j1.48407301609752850791e-03
  +3.02011780185722916725e-04+j1.44146280487391850733e-03
  +3.81773692683483670263e-04+j1.39549052000827178421e-03
  +4.59599531380607689846e-04+j1.34622299230013203752e-03
  +5.35368678352632354489e-04+j1.29373127792205624975e-03
  +6.08963204463519591769e-04+j1.23809055299784614990e-03
  +6.80268003128439713301e-04+j1.17938000383504063007e-03
  +7.49170919320665124053e-04+j1.11768271304105507036e-03
  +8.15562873670631210965e-04+j1.05308554170409698902e-03
  +8.79337981585792682893e-04+j9.85679007899354503452e-04
  +9.40393667254652010357e-04+j9.15557161694433019328e-04
  +9.98630772476673256310e-04+j8.42817456918942831123e-04
  +1.05395366021153805147e-03+j7.67560619881656885921e-04
  +1.10627031280493420828e-03+j6.89890515292532896519e-04
  +1.15549242480494571139e-03+j6.09914009596618233999e-04
  +1.20153549033547718539e-03+j5.27740831945545940673e-04
  +1.24431888498072532045e-03+j4.43483433048407621468e-04
  +1.28376594214239109215e-03+j3.57256842102696842156e-04
  +1.31980402386292980377e-03+j2.69178522053929725200e-04
  +1.35236458608094939349e-03+j1.79368223388688685649e-04
  +1.38138323834481949182e-03+j8.79478366985174397907e-05
  +1.40679979794544260385e-03-j4.95875578106902414888e-06
  +1.42855833853895025642e-03-j9.92258294283468456065e-05
  +1.44660723322696804782e-03-j1.94725967075811551288e-04
  +1.46089919217030905774e-03-j2.91330209228939096544e-04
  +1.47139129474133448228e-03-j3.88908204449648492451e-04
  +1.47804501628726048246e-03-j4.87328359695567148169e-04
  +1.48082624955845135184e-03-j5.86457990426551833973e-04
  +1.47970532083278177859e-03-j6.86163470274354231337e-04
  +1.47465700086176626504e-03-j7.86310380078154846917e-04
  +1.46566051066564576044e-03-j8.86763656114328280289e-04
  +1.45269952229164570068e-03-j9.87387737332520720734e-04
  +1.43576215461115735961e-03-j1.08804671140957237574e-03
  +1.41484096427384534178e-03-j1.18860445947287229895e-03
  +1.38993293188422947781e-03-j1.28892479931078801636e-03
  +1.36103944355860442816e-03-j1.38887162692744904613e-03
  +1.32816626793252207106e-03-j1.48830905626815522547e-03
  +1.29132352876668715647e-03-j1.58710155699294704068e-03
  +1.25052567326401631309e-03-j1.68511409014569617237e-03
  +1.20579143622340928532e-03-j1.78221224158906128843e-03
  +1.15714380017304524495e-03-j1.87826235308259648082e-03
  +1.10460995160709812835e-03-j1.97313165087812693310e-03
  +1.04822123347809298410e-03-j2.06668837173810959751e-03
  +9.88013094070080977183e-04-j2.15880188624512601991e-03
  +9.24025032420651426524e-04-j2.24934281934011624793e-03
  +8.56300540412448241145e-04-j2.33818316796491516840e-03
  +7.84887041706712473843e-04-j2.42519641575687956714e-03
  +7.09835827654541062781e-04-j2.51025764470159951092e-03
  +6.31201990348530250774e-04-j2.59324364367967234724e-03
  +5.49044352952374192789e-04-j2.67403301386079633034e-03
  +4.63425397479656775435e-04-j2.75250627087045025149e-03
  +3.74411190168788543531e-04-j2.82854594370177386126e-03
  +2.82071304595135630144e-04-j2.90203667032789148356e-03
  +1.86478742695894705861e-04-j2.97286528998442524385e-03
  +8.77098538413084716225e-05-j3.04092093209281776750e-03
  -1.41557478845269479883e-05-j3.10609510182029190453e-03
  -1.19035268057399168384e-04-j3.16828176225381584474e-03
  -2.26842817772639204765e-04-j3.22737741319246941238e-03
  -3.37489500869113390191e-04-j3.28328116655696861104e-03
  -4.50883502352623921627e-04-j3.33589481843077004242e-03
  -5.66930177890827280418e-04-j3.38512291774549630916e-03
  -6.85532144238353013943e-04-j3.43087283163235907263e-03
  -8.06589370451908649340e-04-j3.47305480747328587654e-03
  -9.29999269775751147282e-04-j3.51158203167271530318e-03
  -1.05565679205459755918e-03-j3.54637068521401234433e-03
  -1.18345451656331340784e-03-j3.57733999600886882347e-03
  -1.31328274512144266284e-03-j3.60441228813080738816e-03
  -1.44502959539642011899e-03-j3.62751302794832612350e-03
  -1.57858109425087350663e-03-j3.64657086724991339605e-03
  -1.71382127106867176991e-03-j3.66151768339559573889e-03
  -1.85063225092750582856e-03-j3.67228861658833085485e-03
  -1.98889434753062727124e-03-j3.67882210431295063324e-03
  -2.12848615581463090907e-03-j3.68105991303550265231e-03
  -2.26928464413539421329e-03-j3.67894716723320570201e-03
  -2.41116524595941239539e-03-j3.67243237583012548109e-03
  -2.55400195098282045691e-03-j3.66146745613198099090e-03
  -2.69766739560856061431e-03-j3.64600775533860908817e-03
  -2.84203295271905770347e-03-j3.62601206972809099460e-03
  -2.98696882069224983747e-03-j3.60144266159187834142e-03
  -3.13234411159013514947e-03-j3.57226527401757233682e-03
  -3.27802693849938570070e-03-j3.53844914361415609216e-03
  -3.42388450196968313621e-03-j3.49996701126316540897e-03
  -3.56978317550741414133e-03-j3.45679513099473798010e-03
  -3.71558859011853620524e-03-j3.40891327707771620015e-03
  -3.86116571785521250915e-03-j3.35630474942409315342e-03
  -4.00637895436536939364e-03-j3.29895637738185018573e-03
  -4.15109220042388094019e-03-j3.23685852202910961939e-03
  -4.29516894244615782261e-03-j3.17000507704773629158e-03
  -4.43847233197922769188e-03-j3.09839346825829808907e-03
  -4.58086526418050726805e-03-j3.02202465192267719085e-03
  -4.72221045528731925289e-03-j2.94090311188106509621e-03
  -4.86237051910388268228e-03-j2.85503685561284969996e-03
  -5.00120804251570627574e-03-j2.76443740930090373076e-03
  -5.13858566006526740200e-03-j2.66911981197962000500e-03
  -5.27436612761197909371e-03-j2.56910260883034743951e-03
  -5.40841239511926502592e-03-j2.46440784370890661470e-03
  -5.54058767860077239220e-03-j2.35506105095963785834e-03
  -5.67075553127274409326e-03-j2.24109124658527017471e-03
  -5.79877991396035921690e-03-j2.12253091883239305981e-03
  -5.92452526480364075057e-03-j1.99941601824290757228e-03
  -6.04785656832340992595e-03-j1.87178594722480981516e-03
  -6.16863942390108097036e-03-j1.73968354919133358361e-03
  -6.28674011372953867038e-03-j1.60315509729642979853e-03
  -6.40202567030622241018e-03-j1.46225028282286062531e-03
  -6.51436394351909489608e-03-j1.31702220323152638382e-03
  -6.62362366741087865707e-03-j1.16752734991644110951e-03
  -6.72967452667247445497e-03-j1.01382559567090094199e-03
  -6.83238722294431805038e-03-j8.55980181888593705253e-04
  -6.93163354099767328731e-03-j6.94057705507435118708e-04
  -7.02728641486202385003e-03-j5.28128105692214633304e-04
  -7.11921999397347599059e-03-j3.58264650266088002795e-04
  -7.20730970941884513392e-03-j1.84543921871095639720e-04
  -7.29143234034137360799e-03-j7.04580384952580018876e-06
  -7.37146608058414365416e-03+j1.74146534167932132142e-04
  -7.44729060564325306970e-03+j3.58946651009550699030e-04
  -7.51878713998941489161e-03+j5.47264849053659407918e-04
  -7.58583852484141785144e-03+j7.39008189722147046385e-04
  -7.64832928644210846558e-03+j9.34080509400726788360e-04
  -7.70614570491206726799e-03+j1.13238243584492387361e-03
  -7.75917588373488398279e-03+j1.33381140512379980922e-03
  -7.80730981993240508165e-03+j1.53826167915203232406e-03
  -7.85043947499090497000e-03+j1.74562436388523561925e-03
  -7.88845884658046815618e-03+j1.95578742824061013739e-03
  -7.92126404112429745308e-03+j2.16863572381582880855e-03
  -7.94875334725318391516e-03+j2.38405100548954446138e-03
  -7.97082731019052234678e-03+j2.60191195298137278868e-03
  -7.98738880709952414616e-03+j2.82209419346404061235e-03
  -7.99834312341836037308e-03+j3.04447032531189598625e-03
  -8.00359803021743337892e-03+j3.26890994308710880478e-03
  -8.00306386258403494594e-03+j3.49527966385863170240e-03
  -7.99665359906000412782e-03+j3.72344315495878180888e-03
  -7.98428294212986770784e-03+j3.95326116327873039458e-03
  -7.96587039976409845565e-03+j4.18459154621085571701e-03
  -7.94133736801384479409e-03+j4.41728930435534433707e-03
  -7.91060821463777756601e-03+j4.65120661609254304469e-03
  -7.87361036375397796427e-03+j4.88619287413824543442e-03
  -7.83027438147545010172e-03+j5.12209472420574463136e-03
  -7.78053406251179215797e-03+j5.35875610587501632898e-03
  -7.72432651768518128976e-03+j5.59601829580448628665e-03
  -7.66159226231902419635e-03+j5.83371995337957777172e-03
  -7.59227530544394346723e-03+j6.07169716894599004187e-03
  -7.51632323975790547083e-03+j6.30978351470886517083e-03
  -7.43368733226930627350e-03+j6.54781009844587758018e-03
  -7.34432261555041220741e-03+j6.78560562012455598113e-03
  -7.24818797951080374953e-03+j7.02299643155488567681e-03
  -7.14524626360184961227e-03+j7.25980659917126180947e-03
  -7.03546434935243061859e-03+j7.49585797006910303786e-03
  -6.91881325312630746094e-03+j7.73097024138540145355e-03
  -6.79526821898871966066e-03+j7.96496103313682618507e-03
  -6.66480881155997149923e-03+j8.19764596460994393601e-03
  -6.52741900872430471509e-03+j8.42883873439324166066e-03
  -6.38308729406117901506e-03+j8.65835120415005959904e-03
  -6.23180674885510064998e-03+j8.88599348620609796878e-03
  -6.07357514353081776731e-03+j9.11157403504158497354e-03
  -5.90839502836301710964e-03+j9.33489974274994555037e-03
  -5.73627382329322359211e-03+j9.55577603854332324751e-03
  -5.55722390668625301074e-03+j9.77400699235463771286e-03
  -5.37126270285313237723e-03+j9.98939542259431878524e-03
  -5.17841276815936453481e-03+j1.02017430081121629470e-02
  -4.97870187553213234405e-03+j1.04108504043970775954e-02
  -4.77216309717830473869e-03+j1.06165173640475340999e-02
  -4.55883488531468906990e-03+j1.08185428615403603225e-02
  -4.33876115071581483495e-03+j1.10167252223044853654e-02
  -4.11199133887411860666e-03+j1.12108622561101975434e-02
  -3.87858050356344047360e-03+j1.14007513947701963342e-02
  -3.63858937760209132095e-03+j1.15861898341347926977e-02
  -3.39208444059717513508e-03+j1.17669746803627239817e-02
  -3.13913798345996641892e-03+j1.19429031004339158972e-02
  -2.87982816947442328559e-03+j1.21137724768594357005e-02
  -2.61423909170107812705e-03+j1.22793805665348115808e-02
  -2.34246082649939429965e-03+j1.24395256636784592996e-02
  -2.06458948294784699895e-03+j1.25940067667729485579e-02
  -1.78072724794671802262e-03+j1.27426237494299224307e-02
  -1.49098242677967590675e-03+j1.28851775350805608511e-02
  -1.19546947892875191077e-03+j1.30214702753831887416e-02
  -8.94309048911814952199e-04+j1.31513055322350150278e-02
  -5.87627991946906846898e-04+j1.32744884632502307964e-02
  -2.75559394222173875688e-04+j1.33908260105782273008e-02
  +4.17574124307110161602e-05+j1.35001270928934158366e-02
  +3.64176841661199846012e-04+j1.36022028004143397117e-02
  +6.91547049723822970790e-04+j1.36968665927609117849e-02
  +1.02370993878920721332e-03+j1.37839344994820783841e-02
  +1.36050116663661083138e-03+j1.38632253230471028105e-02
  +1.70175016290138175767e-03+j1.39345608441094545582e-02
  +2.04728015205887445283e-03+j1.39977660288116492748e-02
  +2.39690818330800040070e-03+j1.40526692379255579990e-02
  +2.75044516751645623520e-03+j1.40991024375782952882e-02
  +3.10769592137576447510e-03+j1.41369014113256682985e-02
  +3.46845921891575717511e-03+j1.41659059733242193024e-02
  +3.83252785050502628450e-03+j1.41859601823306757939e-02
  +4.19968868946399634390e-03+j1.41969125562659975737e-02
  +4.56972276640545127524e-03+j1.41986162870592590168e-02
  +4.94240535140432618588e-03+j1.41909294554904905072e-02
</dep>
<dep S[4,3] frequency>
  -3.98032781024206971932e-01+j8.38677033760352741432e-01
  -3.79921479214938684343e-01+j8.46742979287044006398e-01
  -3.61648167123969299652e-01+j8.54419247629561895430e-01
  -3.43221185594104860606e-01+j8.61702633992683986186e-01
  -3.24648937040145524335e-01+j8.68590110833032169602e-01
  -3.05939881718609973937e-01+j8.75078828967759347890e-01
  -2.87102533980434337924e-01+j8.81166118605845483103e-01
  -2.68145458509169543060e-01+j8.86849490301627851885e-01
  -2.49077266545337988601e-01+j8.92126635830829184393e-01
  -2.29906612099162938057e-01+j8.96995428988845766582e-01
  -2.10642188153088216751e-01+j9.01453926311398423543e-01
  -1.91292722855039176721e-01+j9.05500367717726795114e-01
  -1.71866975705048469214e-01+j9.09133177076109522119e-01
  -1.52373733735546801338e-01+j9.12350962692136335797e-01
  -1.32821807687984821955e-01+j9.15152517719595715029e-01
  -1.13220028186135288073e-01+j9.17536820494332605591e-01
  -9.35772419084213574747e-02+j9.19503034791145479332e-01
  -7.39023077603368078181e-02+j9.21050510003930789082e-01
  -5.42040930484040464621e-02+j9.22178781249364476480e-01
  -3.44914696570762513428e-02+j9.22887569394309381643e-01
  -1.47733102302132421335e-02+j9.23176781007230773390e-01
  +4.94151564170604382792e-03+j9.23046508233926199516e-01
  +2.46441452273560603070e-02+j9.22497028597867863020e-01
  +4.43257264514533982913e-02+j9.21528804725473160708e-01
  +6.39774216820998276045e-02+j9.20142483996671867175e-01
  +8.35904115066218589281e-02+j9.18338898121106916861e-01
  +1.03155898495078293675e-01+j9.16119062640384340668e-01
  +1.22665110949726152700e-01+j9.13484176356729626889e-01
  +1.42109306639527172011e-01+j9.10435620688463620453e-01
  +1.61479776517985174067e-01+j9.06974958952799670264e-01
  +1.80767848423668664459e-01+j9.03103935576256122708e-01
  +1.99964890761271302244e-01+j8.98824475233319541978e-01
  +2.19062316163021908455e-01+j8.94138681913671407031e-01
  +2.38051585128357334753e-01+j8.89048837918535728164e-01
  +2.56924209640925105269e-01+j8.83557402786696366448e-01
  +2.75671756762083164372e-01+j8.77667012150530334580e-01
  +2.94285852198982345040e-01+j8.71380476522783498083e-01
  +3.12758183846737036760e-01+j8.64700780014435177456e-01
  +3.31080505303006922269e-01+j8.57631078984364192408e-01
  +3.49244639354211905413e-01+j8.50174700621216028473e-01
  +3.67242481431868716957e-01+j8.42335141458203318088e-01
  +3.85066003038283199977e-01+j8.34116065821250640688e-01
  +4.02707255140061337606e-01+j8.25521304211282669350e-01
  +4.20158371528725260724e-01+j8.16554851621034694098e-01
  +4.37411572146977456477e-01+j8.07220865787204644448e-01
  +4.54459166379659107449e-01+j7.97523665378479407195e-01
  +4.71293556308390926279e-01+j7.87467728120047727458e-01
  +4.87907239928560942932e-01+j7.77057688855385064741e-01
  +5.04292814327860106083e-01+j7.66298337545795793524e-01
  +5.20442978824973923047e-01+j7.55194617208637009043e-01
  +5.36350538067736248848e-01+j7.43751621794621620154e-01
  +5.52008405089266629417e-01+j7.31974594005230683180e-01
  +5.67409604321492899714e-01+j7.19868923050612230519e-01
  +5.82547274564473971381e-01+j7.07440142349107237152e-01
  +5.97414671911085215505e-01+j6.94693927168700819941e-01
  +6.12005172625492699368e-01+j6.81636092211565958188e-01
  +6.26312275974727383776e-01+j6.68272589142236750348e-01
  +6.40329607012238288810e-01+j6.54609504060251867763e-01
  +6.54050919312319622989e-01+j6.40653054918199349466e-01
  +6.67470097654676464138e-01+j6.26409588885725399088e-01
  +6.80581160657711792261e-01+j6.11885579660722767059e-01
  +6.93378263360002966564e-01+j5.97087624728153576470e-01
  +7.05855699748648701686e-01+j5.82022442567704967331e-01
  +7.18007905233676191337e-01+j5.66696869810966674663e-01
  +7.29829459067464436650e-01+j5.51117858349171041432e-01
  +7.41315086708308368380e-01+j5.35292472392325913155e-01
  +7.52459662127140216370e-01+j5.19227885480678219565e-01
  +7.63258210056371733110e-01+j5.02931377449690297787e-01
  +7.73705908180154944276e-01+j4.86410331349081070940e-01
  +7.83798089264906572282e-01+j4.69672230317415562162e-01
  +7.93530243229362719504e-01+j4.52724654412875959775e-01
  +8.02898019153126196734e-01+j4.35575277401564209256e-01
  +8.11897227223026374254e-01+j4.18231863503999712339e-01
  +8.20523840616122268621e-01+j4.00702264101455096768e-01
  +8.28773997318842159387e-01+j3.82994414402568206235e-01
  +8.36644001881072241211e-01+j3.65116330071990513595e-01
  +8.44130327104685274087e-01+j3.47076103821599590837e-01
  +8.51229615665393679613e-01+j3.28881901966023904027e-01
  +8.57938681667405056430e-01+j3.10541960943092165692e-01
  +8.64254512129874918891e-01+j2.92064583800883625919e-01
  +8.70174268404499517970e-01+j2.73458136652312389092e-01
  +8.75695287523512777561e-01+j2.54731045098537611793e-01
  +8.80815083477283766733e-01+j2.35891790622547475875e-01
  +8.85531348420901198715e-01+j2.16948906953963210897e-01
  +8.89841953808914287727e-01+j1.97910976406787453286e-01
  +8.93744951457697389685e-01+j1.78786626190903380484e-01
  +8.97238574534722777010e-01+j1.59584524699012186844e-01
  +9.00321238474085627779e-01+j1.40313377770246966447e-01
  +9.02991541817734888475e-01+j1.20981924931814699420e-01
  +9.05248266981775628892e-01+j1.01598935620120789380e-01
  +9.07090380947316865523e-01+j8.21732053826242231365e-02
  +9.08517035875285094981e-01+j6.27135520622445485905e-02
  +9.09527569644737798882e-01+j4.32288119651492511175e-02
  +9.10121506314179207209e-01+j2.37278360139720374822e-02
  +9.10298556505369171887e-01+j4.21948588764283188252e-03
  +9.10058617709278649954e-01-j1.52873698507747859954e-02
  +9.09401774513695526636e-01-j3.47838596364124993943e-02
  +9.08328298752180018916e-01-j5.42611127937051990200e-02
  +9.06838649573958766048e-01-j7.37102634350372681871e-02
  +9.04933473434472945840e-01-j9.31224543648997149514e-02
  +9.02613604006285097370e-01-j1.12488840988230032192e-01
  +8.99880062010064651901e-01-j1.31800595221431837700e-01
  +8.96734054965451887753e-01-j1.51048909404367354137e-01
  +8.93176976861569937860e-01-j1.70225000211634752700e-01
  +8.89210407747032083314e-01-j1.89320112561911446658e-01
  +8.84836113239326649271e-01-j2.08325523523149619409e-01
  +8.80056043953433397853e-01-j2.27232546212568026212e-01
  +8.74872334849638333409e-01-j2.46032533689438670521e-01
  +8.69287304500502178151e-01-j2.64716882839137190864e-01
  +8.63303454276940551715e-01-j2.83277038246908752228e-01
  +8.56923467453519771553e-01-j3.01704496059470195224e-01
  +8.50150208232943627173e-01-j3.19990807833032908647e-01
  +8.42986720689904656112e-01-j3.38127584365821576284e-01
  +8.35436227634370420780e-01-j3.56106499513716978633e-01
  +8.27502129394511287686e-01-j3.73919293987077738795e-01
  +8.19188002519457558748e-01-j3.91557779127210014991e-01
  +8.10497598402119434624e-01-j4.09013840660763683399e-01
  +8.01434841822309063097e-01-j4.26279442430450739021e-01
  +7.92003829410548920720e-01-j4.43346630100266647645e-01
  +7.82208828032817549136e-01-j4.60207534833679932085e-01
  +7.72054273096655974129e-01-j4.76854376943033952951e-01
  +7.61544766779062465289e-01-j4.93279469508462964367e-01
  +7.50685076176522469993e-01-j5.09475221964853064449e-01
  +7.39480131377816318761e-01-j5.25434143654814445057e-01
  +7.27935023459945207414e-01-j5.41148847346393124802e-01
  +7.16055002407885332616e-01-j5.56612052713588267849e-01
  +7.03845474958578853908e-01-j5.71816589778207151618e-01
  +6.91312002370000566742e-01-j5.86755402311234242063e-01
  +6.78460298115752591386e-01-j6.01421551192263148522e-01
  +6.65296225505945915124e-01-j6.15808217725278828070e-01
  +6.51825795235213556467e-01-j6.29908706909076077096e-01
  +6.38055162858412683313e-01-j6.43716450660877348433e-01
  +6.23990626194918629466e-01-j6.57225010991470681709e-01
  +6.09638622662386331363e-01-j6.70428083130207075335e-01
  +5.95005726540694723781e-01-j6.83319498598426222635e-01
  +5.80098646167148568331e-01-j6.95893228229589100309e-01
  +5.64924221063706100132e-01-j7.08143385134693437166e-01
  +5.49489418997320844262e-01-j7.20064227611313278921e-01
  +5.33801332974311315560e-01-j7.31650161994857106684e-01
  +5.17867178169857056425e-01-j7.42895745450404154653e-01
  +5.01694288793637976909e-01-j7.53795688703710720091e-01
  +4.85290114892694857129e-01-j7.64344858709898988813e-01
  +4.68662219092814080756e-01-j7.74538281258249972083e-01
  +4.51818273279292137445e-01-j7.84371143511835899886e-01
  +4.34766055218645364189e-01-j7.93838796480353492413e-01
  +4.17513445122146720223e-01-j8.02936757424936642380e-01
  +4.00068422152737024344e-01-j8.11660712193397526626e-01
  +3.82439060876501535358e-01-j8.20006517484556551878e-01
  +3.64633527659887546335e-01-j8.27970203040412910944e-01
  +3.46660077014394163442e-01-j8.35547973764612872394e-01
  +3.28527047889773049505e-01-j8.42736211766075715701e-01
  +3.10242859917289059979e-01-j8.49531478326421507496e-01
  +2.91816009604660420163e-01-j8.55930515789871448895e-01
  +2.73255066483912734121e-01-j8.61930249374452062128e-01
  +2.54568669213863951750e-01-j8.67527788903225127726e-01
  +2.35765521638709396601e-01-j8.72720430454364426431e-01
  +2.16854388804364056620e-01-j8.77505657928879356788e-01
  +1.97844092934059190281e-01-j8.81881144534863437023e-01
  +1.78743509365023978130e-01-j8.85844754187107841226e-01
  +1.59561562447831151168e-01-j8.89394542820984956855e-01
  +1.40307221410122834326e-01-j8.92528759619577782836e-01
  +1.20989496186470035788e-01-j8.95245848152951495535e-01
  +1.01617433216258198914e-01-j8.97544447428590075333e-01
  +8.22001112112348275573e-02-j8.99423392852011005516e-01
  +6.27466368946607844226e-02-j9.00881717096619794027e-01
  +4.32661407139458761839e-02-j9.01918650881867400848e-01
  +2.37677725287494534534e-02-j9.02533623658829609049e-01
  +4.26069727620356168002e-03-j9.02726264202403649861e-01
  -1.52459093844262132816e-02-j9.02496401109234680504e-01
  -3.47428654458638644376e-02-j9.01844063200674672665e-01
  -5.42209869436447028379e-02-j9.00769479829979347052e-01
  -7.36710923615688656474e-02-j8.99273081093082904403e-01
  -9.30840070497241933722e-02-j8.97355497942260993405e-01
  -1.12450567652954400155e-01-j8.95017562202087169076e-01
  -1.31761626547622578975e-01-j8.92260306487116960916e-01
  -1.51008056284544389669e-01-j8.89084964020713686139e-01
  -1.70180754035825415604e-01-j8.85492968354631315719e-01
  -1.89270646043495499589e-01-j8.81485952988783516560e-01
  -2.08268692067545613256e-01-j8.77065750890932971373e-01
  -2.27165889831231121443e-01-j8.72234393915863548408e-01
  -2.45953279461295720720e-01-j8.66994112123795845903e-01
  -2.64621947920817057742e-01-j8.61347332997768444507e-01
  -2.83163033432232813524e-01-j8.55296680559829325396e-01
  -3.01567729888423008422e-01-j8.48844974385854489363e-01
  -3.19827291249219325397e-01-j8.41995228518944149876e-01
  -3.37933035921084978792e-01-j8.34750650281370853989e-01
  -3.55876351117540512536e-01-j8.27114638985083749922e-01
  -3.73648697197872803333e-01-j8.19090784540880245679e-01
  -3.91241611981688053312e-01-j8.10682865966383503498e-01
  -4.08646715036890706418e-01-j8.01894849793044817154e-01
  -4.25855711938549263973e-01-j7.92730888372422115573e-01
  -4.42860398496236540300e-01-j7.83195318082104741109e-01
  -4.59652664947367339821e-01-j7.73292657431609686824e-01
  -4.76224500113908988386e-01-j7.63027605068842706970e-01
  -4.92567995520144408239e-01-j7.52405037687505662269e-01
  -5.08675349468879933745e-01-j7.41430007836144322475e-01
  -5.24538871073594425987e-01-j7.30107741629477224876e-01
  -5.40150984244038290250e-01-j7.18443636362746218538e-01
  -5.55504231622859334649e-01-j7.06443258029850196245e-01
  -5.70591278470602758510e-01-j6.94112338746206924966e-01
</dep>
<dep S[4,2] frequency>
  -5.71125891067936625189e-02-j1.68935520866396682305e-01
  -6.00868706477057437643e-02-j1.68136812458004214488e-01
  -6.30474617951526372650e-02-j1.67277998182389170401e-01
  -6.59930396019237641703e-02-j1.66359362121062559492e-01
  -6.89222877990561533235e-02-j1.65381218676108415755e-01
  -7.18338974993077139519e-02-j1.64343912401408748236e-01
  -7.47265678961285262361e-02-j1.63247817817603335655e-01
  -7.75990069576747432123e-02-j1.62093339210959336283e-01
  -8.04499321155852376020e-02-j1.60880910416252603801e-01
  -8.32780709481028280639e-02-j1.59610994583841814265e-01
  -8.60821618571997321245e-02-j1.58284083931086450026e-01
  -8.88609547394091925376e-02-j1.56900699478246835605e-01
  -9.16132116499207699301e-02-j1.55461390769089269348e-01
  -9.43377074597112758036e-02-j1.53966735576321400725e-01
  -9.70332305052739041429e-02-j1.52417339592098161072e-01
  -9.96985832307141356390e-02-j1.50813836103735054994e-01
  -1.02332582821820672336e-01-j1.49156885654875670522e-01
  -1.04934061831822120214e-01-j1.47447175692295262550e-01
  -1.07501868798523109172e-01-j1.45685420198556125904e-01
  -1.10034868852513470494e-01-j1.43872359310728614723e-01
  -1.12531944316135418260e-01-j1.42008758925415173868e-01
  -1.14991995292934343076e-01-j1.40095410290292765598e-01
  -1.17413940247313081100e-01-j1.38133129582401315005e-01
  -1.19796716574072314998e-01-j1.36122757473448541266e-01
  -1.22139281157611606643e-01-j1.34065158682332763451e-01
  -1.24440610920477756629e-01-j1.31961221515171672758e-01
  -1.26699703361036059013e-01-j1.29811857393061141908e-01
  -1.28915577079974114083e-01-j1.27618000367845874088e-01
  -1.31087272295418416634e-01-j1.25380606626140589377e-01
  -1.33213851346389744457e-01-j1.23100653981900676204e-01
  -1.35294399184400421232e-01-j1.20779141357765171239e-01
  -1.37328023852900632518e-01-j1.18417088255512781281e-01
  -1.39313856954424386547e-01-j1.16015534215838073129e-01
  -1.41251054105148265982e-01-j1.13575538267780967727e-01
  -1.43138795376681782212e-01-j1.11098178368090327872e-01
  -1.44976285724895320728e-01-j1.08584550830768733487e-01
  -1.46762755405545425313e-01-j1.06035769747155700360e-01
  -1.48497460376543433114e-01-j1.03452966396785361880e-01
  -1.50179682686649940138e-01-j1.00837288649363490678e-01
  -1.51808730850434558945e-01-j9.81899003581281210051e-02
  -1.53383940209303321067e-01-j9.55119807449347074657e-02
  -1.54904673278448784535e-01-j9.28047237773352018397e-02
  -1.56370320079533386970e-01-j9.00693375380038352418e-02
  -1.57780298458973261555e-01-j8.73070435867781824424e-02
  -1.59134054391650681115e-01-j8.45190763156683649848e-02
  -1.60431062269921875796e-01-j8.17066822971335982029e-02
  -1.61670825177782029325e-01-j7.88711196259420793675e-02
  -1.62852875150045733887e-01-j7.60136572549570121993e-02
  -1.63976773416427107355e-01-j7.31355743251458356724e-02
  -1.65042110630388733084e-01-j7.02381594901761996397e-02
  -1.66048507082658836076e-01-j6.73227102358819606831e-02
  -1.66995612899291739906e-01-j6.43905321949793663094e-02
  -1.67883108224190058522e-01-j6.14429384573158543503e-02
  -1.68710703385973187496e-01-j5.84812488760452914294e-02
  -1.69478139049120235526e-01-j5.55067893699982620181e-02
  -1.70185186349295081154e-01-j5.25208912226495724940e-02
  -1.70831647012778753414e-01-j4.95248903779817867266e-02
  -1.71417353459943577754e-01-j4.65201267335989127050e-02
  -1.71942168892698366012e-01-j4.35079434314461777067e-02
  -1.72405987365860352556e-01-j4.04896861464464352665e-02
  -1.72808733842383488444e-01-j3.74667023734507609323e-02
  -1.73150364232421499766e-01-j3.44403407127942401411e-02
  -1.73430865416174584404e-01-j3.14119501548498630816e-02
  -1.73650255250489160552e-01-j2.83828793639049649367e-02
  -1.73808582559193902650e-01-j2.53544759617255720252e-02
  -1.73905927107150276578e-01-j2.23280858111493188400e-02
  -1.73942399558006638438e-01-j1.93050523000599591472e-02
  -1.73918141415652538484e-01-j1.62867156261212245316e-02
  -1.73833324949379169899e-01-j1.32744120825759627513e-02
  -1.73688153102751985379e-01-j1.02694733455186947013e-02
  -1.73482859386216048403e-01-j7.27322576295665046420e-03
  -1.73217707753454075448e-01-j4.28698964604543736323e-03
  -1.72892992461533195891e-01-j1.31207856281657236908e-03
  -1.72509037914875290598e-01+j1.65020136518852916785e-03
  -1.72066198493095318112e-01+j4.59855216309097009075e-03
  -1.71564858362765443323e-01+j7.53168469922903954794e-03
  -1.71005431273159813621e-01+j1.04483193778025229559e-02
  -1.70388360336047955945e-01+j1.33471868271892654678e-02
  -1.69714117789613899712e-01+j1.62270285836365740773e-02
  -1.68983204746582127420e-01+j1.90865977699243363763e-02
  -1.68196150926635479284e-01+j2.19246597686713687314e-02
  -1.67353514373231260226e-01+j2.47399928899300972085e-02
  -1.66455881154910084740e-01+j2.75313890327052168683e-02
  -1.65503865051216059179e-01+j3.02976543400661074701e-02
  -1.64498107223345763073e-01+j3.30376098474655308102e-02
  -1.63439275869652983486e-01+j3.57500921239597563295e-02
  -1.62328065866146342699e-01+j3.84339539059537632637e-02
  -1.61165198392119679571e-01+j4.10880647231327764124e-02
  -1.59951420541068478620e-01+j4.37113115162412052550e-02
  -1.58687504917047944586e-01+j4.63025992463607580230e-02
  -1.57374249216640199611e-01+j4.88608514953623868093e-02
  -1.56012475796707489328e-01+j5.13850110571600002252e-02
  -1.54603031228102288930e-01+j5.38740405194865421001e-02
  -1.53146785835539506193e-01+j5.63269228358088264175e-02
  -1.51644633223813246614e-01+j5.87426618870778710635e-02
  -1.50097489790569860180e-01+j6.11202830329978172297e-02
  -1.48506294225848489710e-01+j6.34588336524640472813e-02
  -1.46872006998616688733e-01+j6.57573836728635729987e-02
  -1.45195609830508720606e-01+j6.80150260879467533082e-02
  -1.43478105157025609406e-01+j7.02308774639211069735e-02
  -1.41720515576427480431e-01+j7.24040784334770287645e-02
  -1.39923883286570682749e-01+j7.45337941774519840976e-02
  -1.38089269509947321080e-01+j7.66192148938225625621e-02
  -1.36217753907199812247e-01+j7.86595562537237558143e-02
  -1.34310433979369092672e-01+j8.06540598442409550906e-02
  -1.32368424459177680408e-01+j8.26019935976388952614e-02
  -1.30392856691614489328e-01+j8.45026522067980623287e-02
  -1.28384878004131786078e-01+j8.63553575265555428686e-02
  -1.26345651066750053193e-01+j8.81594589606908840551e-02
  -1.24276353242377568531e-01+j8.99143338343048603711e-02
  -1.22178175927669788181e-01+j9.16193877513169496751e-02
  -1.20052323884742073723e-01+j9.32740549368523130802e-02
  -1.17900014564072314061e-01+j9.48777985642534210653e-02
  -1.15722477418925537296e-01+j9.64301110665060773330e-02
  -1.13520953211647596115e-01+j9.79305144318262654757e-02
  -1.11296693312174649337e-01+j9.93785604831959878958e-02
  -1.09050958989117555142e-01+j1.00773831141633851693e-01
  -1.06785020693775073442e-01+j1.02115938672990319569e-01
  -1.04500157337456558992e-01+j1.03404525918061956924e-01
  -1.02197655562478562086e-01+j1.04639266505841002641e-01
  -9.98788090072166845346e-02+j1.05819865049705863491e-01
  -9.75449175656048772520e-02+j1.06946057326377963470e-01
  -9.51972866414575319416e-02+j1.08017610437486324959e-01
  -9.28372263980333234379e-02+j1.09034322953556250813e-01
  -9.04660510032194720154e-02+j1.09996025040294570507e-01
  -8.80850778707603088158e-02+j1.10902578567010703936e-01
  -8.56956268979255780804e-02+j1.11753877197049045211e-01
  -8.32990197000529064564e-02+j1.12549846460097358047e-01
  -8.08965788423681858577e-02+j1.13290443806265878068e-01
  -7.84896270695114306459e-02+j1.13975658641822297223e-01
  -7.60794865332121705848e-02+j1.14605512346482599217e-01
  -7.36674780185250371867e-02+j1.15180058272176671919e-01
  -7.12549201690737821213e-02+j1.15699381723207983530e-01
  -6.88431287117468315717e-02+j1.16163599917732840439e-01
  -6.64334156812755177723e-02+j1.16572861930509558137e-01
  -6.40270886451557025287e-02+j1.16927348616860354857e-01
  -6.16254499293493185341e-02+j1.17227272517814465336e-01
  -5.92297958452280143282e-02+j1.17472877746399001486e-01
  -5.68414159182041855978e-02+j1.17664439855065680596e-01
  -5.44615921185154228112e-02+j1.17802265684241014299e-01
  -5.20915980946126816464e-02+j1.17886693192005356789e-01
  -4.97326984096160412685e-02+j1.17918091264922794692e-01
  -4.73861477813069600917e-02+j1.17896859510031981610e-01
  -4.50531903261037411368e-02+j1.17823428028052262784e-01
  -4.27350588075062903792e-02+j1.17698257167838937765e-01
  -4.04329738894530221760e-02+j1.17521837262156716997e-01
  -3.81481433950750306594e-02+j1.17294688344836167682e-01
  -3.58817615713070414696e-02+j1.17017359849394181337e-01
  -3.36350083598080176750e-02+j1.16690430289221033777e-01
  -3.14090486746873079338e-02+j1.16314506919425422748e-01
  -2.92050316874725920946e-02+j1.15890225380465852756e-01
  -2.70240901197961735924e-02+j1.15418249323692601038e-01
  -2.48673395442729067151e-02+j1.14899270018938959304e-01
  -2.27358776940147049028e-02+j1.14334005944317196324e-01
  -2.06307837812554420442e-02+j1.13723202358381361710e-01
  -1.85531178255398908339e-02+j1.13067630854833969800e-01
  -1.65039199919376558534e-02+j1.12368088899966550587e-01
  -1.44842099397271412142e-02+j1.11625399353030674288e-01
  -1.24949861820155272429e-02+j1.10840409969755887554e-01
  -1.05372254567324893926e-02+j1.10013992889235773243e-01
  -8.61188210944569682015e-03+j1.09147044104422968891e-01
  -6.71988748843795752341e-03+j1.08240482916479030528e-01
  -4.86214935249037333298e-03+j1.07295251373241445902e-01
  -3.03955129179381278171e-03+j1.06312313692080981364e-01
  -1.25295216242195250889e-03+j1.05292655667436951816e-01
  +4.96814465210472511192e-04+j1.04237284063325483241e-01
  +2.20894084348152719421e-03+j1.03147225991131588629e-01
  +3.88264556989575265744e-03+j1.02023528273010338774e-01
  +5.51717409418758797379e-03+j1.00867256791224130241e-01
  +7.11179920981217655873e-03+j9.96794958237721545613e-02
  +8.66582152942566019682e-03+j9.84613473666593880251e-02
  +1.01785699439711704861e-02+j9.72139304431863388034e-02
  +1.16494020649936178002e-02+j9.59383804006295470845e-02
  +1.30777046498139135067e-02+j9.46358481947170288029e-02
  +1.44628940092023303143e-02+j9.33074996622973162896e-02
  +1.58044163971996845519e-02+j9.19545147826191094920e-02
  +1.71017483827420602172e-02+j9.05780869276534561507e-02
  +1.83543972027599769370e-02+j8.91794221018916977162e-02
  +1.95619010964231884731e-02+j8.77597381720731650745e-02
  +2.07238296202229138609e-02+j8.63202640873017706946e-02
  +2.18397839435894441928e-02+j8.48622390900239387257e-02
  +2.29093971247530045487e-02+j8.33869119183463652911e-02
  +2.39323343665650417611e-02+j8.18955400001916272723e-02
  +2.49082932520231017937e-02+j8.03893886397869794624e-02
  +2.58370039592324199362e-02+j7.88697301970013447958e-02
  +2.67182294555687524507e-02+j7.73378432600509285733e-02
  +2.75517656708126404408e-02+j7.57950118121039073671e-02
  +2.83374416490368985500e-02+j7.42425243923207772712e-02
  +2.90751196790478699805e-02+j7.26816732518818231501e-02
  +2.97646954031908772542e-02+j7.11137535055517133742e-02
  +3.04060979043471318883e-02+j6.95400622793499872953e-02
  +3.09992897709644027460e-02+j6.79618978548942320739e-02
  +3.15442671399794594134e-02+j6.63805588109948330189e-02
  +3.20410597174990222080e-02+j6.47973431630867874320e-02
  +3.24897307771357668482e-02+j6.32135475010871111801e-02
  +3.28903771358983326722e-02+j6.16304661262752767614e-02
  +3.32431291075578685956e-02+j6.00493901877976674064e-02
  +3.35481504334276883772e-02+j5.84716068194039151340e-02
  +3.38056381905164904378e-02+j5.68983982770226021097e-02
  +3.40158226770181648657e-02+j5.53310410777945183014e-02
</dep>
<dep S[4,4] frequency>
  -7.43472824182123126491e-03-j1.69802463928275804150e-03
  -7.84452725928622487950e-03-j1.71507977497093594410e-03
  -8.25499019205376549646e-03-j1.71452676702380651941e-03
  -8.66546152147461626325e-03-j1.69638695563419789059e-03
  -9.07528961301074660328e-03-j1.66070565157494520747e-03
  -9.48382760372617344968e-03-j1.60755184237651449486e-03
  -9.89043427243825601369e-03-j1.53701786513562449477e-03
  -1.02944748913697467496e-02-j1.44921904690110264768e-03
  -1.06953220580344662838e-02-j1.34429331356051423585e-03
  -1.10923565060672673493e-02-j1.22240076818239118417e-03
  -1.14849678941893011686e-02-j1.08372323995319097545e-03
  -1.18725555718065377969e-02-j9.28463804657671254450e-04
  -1.22545293206255227758e-02-j7.56846277929892896630e-04
  -1.26303100710087011505e-02-j5.69114682352961365197e-04
  -1.29993305923210168001e-02-j3.65532689633608909308e-04
  -1.33610361563030761306e-02-j1.46383039055605901346e-04
  -1.37148851727405748924e-02+j8.80330665369855047686e-05
  -1.40603497965932112967e-02+j3.37396585944733928830e-04
  -1.43969165059319344213e-02+j6.01371284719175169808e-04
  -1.47240866500040912951e-02+j8.79604398827601996480e-04
  -1.50413769669206533186e-02+j1.17172731554970876999e-03
  -1.53483200703005678162e-02+j1.47735627023797694291e-03
  -1.56444649045635042484e-02+j1.79609305756592285697e-03
  -1.59293771683184301469e-02+j2.12752575587627640319e-03
  -1.62026397056070706193e-02+j2.47122946323244385702e-03
  -1.64638528646807794087e-02+j2.82676704376653292750e-03
  -1.67126348240048128169e-02+j3.19368988290816280262e-03
  -1.69486218855138259798e-02+j3.57153865009469245750e-03
  -1.71714687347126679362e-02+j3.95984406752208917268e-03
  -1.73808486679509384409e-02+j4.35812768356331342590e-03
  -1.75764537864772363296e-02+j4.76590264940615626621e-03
  -1.77579951577035224930e-02+j5.18267449754977044263e-03
  -1.79252029435303904259e-02+j5.60794192073525710196e-03
  -1.80778264960510144654e-02+j6.04119754995321306401e-03
  -1.82156344209530168810e-02+j6.48192873017889442666e-03
  -1.83384146086482333060e-02+j6.92961829243399218825e-03
  -1.84459742337649348909e-02+j7.38374532090756846570e-03
  -1.85381397232476097248e-02+j7.84378591378832173975e-03
  -1.86147566936242583879e-02+j8.30921393655701528980e-03
  -1.86756898577673594031e-02+j8.77950176641893037521e-03
  -1.87208229020133579135e-02+j9.25412102674107520106e-03
  -1.87500583338866752547e-02+j9.73254331016964319145e-03
  -1.87633173014787393851e-02+j1.02142408893933223091e-02
  -1.87605393847953480502e-02+j1.06986874142705849777e-02
  -1.87416823601346538286e-02+j1.11853585943303794614e-02
  -1.87067219381469862505e-02+j1.16737328655290677204e-02
  -1.86556514763926636902e-02+j1.21632920402210444044e-02
  -1.85884816673841657408e-02+j1.26535219394013492833e-02
  -1.85052402028670764933e-02+j1.31439130061974350505e-02
  -1.84059714155211454067e-02+j1.36339608998250656768e-02
  -1.82907358987452091370e-02+j1.41231670689645379124e-02
  -1.81596101059388892462e-02+j1.46110393039735469989e-02
  -1.80126859299296789019e-02+j1.50970922669252695381e-02
  -1.78500702639456075571e-02+j1.55808479989471594662e-02
  -1.76718845450578483647e-02+j1.60618364040818785432e-02
  -1.74782642812527609644e-02+j1.65395957090543020696e-02
  -1.72693585633774925048e-02+j1.70136728984466197023e-02
  -1.70453295629637464892e-02+j1.74836241246377581404e-02
  -1.68063520173074402997e-02+j1.79490150921794537620e-02
  -1.65526127028466779612e-02+j1.84094214160659686019e-02
  -1.62843098982044971745e-02+j1.88644289536583006917e-02
  -1.60016528379657331504e-02+j1.93136341098126551596e-02
  -1.57048611586008100838e-02+j1.97566441151220753558e-02
  -1.53941643376426864909e-02+j2.01930772769255001409e-02
  -1.50698011274698305539e-02+j2.06225632030660604999e-02
  -1.47320189848609249539e-02+j2.10447429981870937077e-02
  -1.43810734976587834000e-02+j2.14592694326510430303e-02
  -1.40172278097505757788e-02+j2.18658070840339474605e-02
  -1.36407520455844172291e-02+j2.22640324512467860374e-02
  -1.32519227355519554623e-02+j2.26536340415242204438e-02
  -1.28510222433373469397e-02+j2.30343124302865506769e-02
  -1.24383381966277732633e-02+j2.34057802943710840937e-02
  -1.20141629221622615875e-02+j2.37677624185781248556e-02
  -1.15787928865697005432e-02+j2.41199956762698890234e-02
  -1.11325281439079680490e-02+j2.44622289840172174591e-02
  -1.06756717912924285752e-02+j2.47942232311206094131e-02
  -1.02085294335338416793e-02+j2.51157511841416380971e-02
  -9.73140865806307667207e-03+j2.54265973673016149048e-02
  -9.24461852108808893047e-03+j2.57265579190928787845e-02
  -8.74846904612776310461e-03+j2.60154404259158034129e-02
  -8.24327073589155301381e-03+j2.62930637333456049265e-02
  -7.72933409848088753824e-03+j2.65592577357046874531e-02
  -7.20696918891215732028e-03+j2.68138631448430857229e-02
  -6.67648516682243370335e-03+j2.70567312387882848157e-02
  -6.13818987130289317466e-03+j2.72877235912991795985e-02
  -5.59238941362358993326e-03+j2.75067117829932289430e-02
  -5.03938778868574105418e-03+j2.77135770951116786054e-02
  -4.47948650597328190681e-03+j2.79082101868837750835e-02
  -3.91298424068153849475e-03+j2.80905107574264331638e-02
  -3.34017650569785884418e-03+j2.82603871931909819692e-02
  -2.76135534505967533692e-03+j2.84177562020662619058e-02
  -2.17680904946930542376e-03+j2.85625424352288492802e-02
  -1.58682189434864590050e-03+j2.86946780976739604374e-02
  -9.91673900954094522664e-04+j2.88141025488117576148e-02
  -3.91640620941255401810e-04+j2.89207618940805835650e-02
  +2.13007055255995392251e-04+j2.90146085687351014404e-02
  +8.22003065888372852488e-04+j2.90956009151757399867e-02
  +1.43508632096637361864e-03+j2.91637027547897720314e-02
  +2.05200082072419520696e-03+j2.92188829556336016058e-02
  +2.67249574932158090457e-03+j2.92611149971187603502e-02
  +3.29632554368814584267e-03+j2.92903765329865922729e-02
  +3.92324993746955702489e-03+j2.93066489536891253143e-02
  +4.55303398008731485813e-03+j2.93099169494845518402e-02
  +5.18544803098195533630e-03+j2.93001680754629290071e-02
  +5.82026772917051959944e-03+j2.92773923196759100485e-02
  +6.45727393828695456213e-03+j2.92415816756276848720e-02
  +7.09625266736083754049e-03+j2.91927297203373042889e-02
  +7.73699496760593685707e-03+j2.91308311991220238168e-02
  +8.37929680558819472980e-03+j2.90558816183803594879e-02
  +9.02295891314958131701e-03+j2.89678768473999002919e-02
  +9.66778661457182164618e-03+j2.88668127305298852225e-02
  +1.03135896314539253493e-02+j2.87526847106286641276e-02
  +1.09601818659053225347e-02+j2.86254874651369478622e-02
  +1.16073811626246532758e-02+j2.84852145556443794860e-02
  +1.22550090505576039779e-02+j2.83318580921427150277e-02
  +1.29028904648435874258e-02+j2.81654084129806629722e-02
  +1.35508534497748057979e-02+j2.79858537814278128530e-02
  +1.41987288436368139233e-02+j2.77931800999391791229e-02
  +1.48463499462230183457e-02+j2.75873706429535028861e-02
  +1.54935521699513072125e-02+j2.73684058091505540145e-02
  +1.61401726755329641416e-02+j2.71362628940573641367e-02
  +1.67860499931239658122e-02+j2.68909158837224160354e-02
  +1.74310236300352708327e-02+j2.66323352703058541247e-02
  +1.80749336660157230994e-02+j2.63604878902821311570e-02
  +1.87176203372143162840e-02+j2.60753367859018272967e-02
  +1.93589236099624972809e-02+j2.57768410906046574471e-02
  +1.99986827454856318231e-02+j2.54649559388695420625e-02
  +2.06367358567808752146e-02+j2.51396324011080168903e-02
  +2.12729194588393948073e-02+j2.48008174440316683795e-02
  +2.19070680134525984373e-02+j2.44484539168977818568e-02
  +2.25390134698744276642e-02+j2.40824805640398181827e-02
  +2.31685848026094050323e-02+j2.37028320639495748701e-02
  +2.37956075476182769834e-02+j2.33094390951682113589e-02
  +2.44199033382488488175e-02+j2.29022284291750845286e-02
  +2.50412894422347639956e-02+j2.24811230504056644430e-02
  +2.56595783010705874583e-02+j2.20460423034709619705e-02
  +2.62745770731233271866e-02+j2.15969020675768653972e-02
  +2.68860871818061841765e-02+j2.11336149580938666148e-02
  +2.74939038701736068737e-02+j2.06560905551642567946e-02
  +2.80978157632914976594e-02+j2.01642356591775796792e-02
  +2.86976044397022796162e-02+j1.96579545728663117321e-02
  +2.92930440133093994426e-02+j1.91371494096948917274e-02
  +2.98839007271009607369e-02+j1.86017204282777730284e-02
  +3.04699325598716368180e-02+j1.80515663922518575235e-02
  +3.10508888474065464225e-02+j1.74865849552727770089e-02
  +3.16265099192600679379e-02+j1.69066730704545246933e-02
  +3.21965267525477147337e-02+j1.63117274237609306831e-02
  +3.27606606438361272482e-02+j1.57016448905979086326e-02
  +3.33186229004741249482e-02+j1.50763230149202377695e-02
  +3.38701145524748711835e-02+j1.44356605100753113136e-02
  +3.44148260861489099782e-02+j1.37795577805244831571e-02
  +3.49524372005692030019e-02+j1.31079174635492373691e-02
  +3.54826165880045701906e-02+j1.24206449900096313477e-02
  +3.60050217393375199260e-02+j1.17176491631379581237e-02
  +3.65192987754834608172e-02+j1.09988427543126904284e-02
  +3.70250823057816022543e-02+j1.02641431147159137294e-02
  +3.75219953142676629354e-02+j9.51347280171595949261e-03
  +3.80096490747103207819e-02+j8.74676021877771742163e-03
  +3.84876430952278136832e-02+j7.96394026766217982827e-03
  +3.89555650932568858780e-02+j7.16495501162207892865e-03
  +3.94129910015659640221e-02+j6.34975434827208390365e-03
  +3.98594850060421460047e-02+j5.51829669077050222192e-03
  +4.02945996157398067528e-02+j4.67054965591084253473e-03
  +4.07178757658405582331e-02+j3.80649075769121103541e-03
  +4.11288429539469271856e-02+j2.92610810489989797700e-03
  +4.15270194101232739681e-02+j2.02940110121951899913e-03
  +4.19119123010668268026e-02+j1.11638114634887708476e-03
  +4.22830179686696228103e-02+j1.87072336578830711318e-04
  +4.26398222031865309356e-02-j7.58487836716809082915e-04
  +4.29818005511831829901e-02-j1.72024779225845442232e-03
  +4.33084186583320984720e-02-j2.69814116930228165003e-03
  +4.36191326470352080946e-02-j3.69208614493320153027e-03
  +4.39133895288793749123e-02-j4.70198475983739372364e-03
  +4.41906276517301105367e-02-j5.72772225414919927688e-03
  +4.44502771812827351949e-02-j6.76916641500148463795e-03
  +4.46917606167917744187e-02-j7.82616693739146551678e-03
  +4.49144933406562807399e-02-j8.89855479996382037200e-03
  +4.51178842013656711263e-02-j9.98614165732419206689e-03
  +4.53013361293857497181e-02-j1.10887192504626405642e-02
  +4.54642467853864987171e-02-j1.22060588368746378296e-02
  +4.56060092401469954759e-02-j1.33379106419213369628e-02
  +4.57260126854905843419e-02-j1.44840033329952169727e-02
  +4.58236431753761136454e-02-j1.56440435179618433925e-02
  +4.58982843963761238948e-02-j1.68177152694078332895e-02
  +4.59493184665805548539e-02-j1.80046796761222926975e-02
  +4.59761267619267985363e-02-j1.92045744232396953244e-02
  +4.59780907689193857335e-02-j2.04170134024369911985e-02
  +4.59545929626038948679e-02-j2.16415863535133409790e-02
  +4.59050177086126470760e-02-j2.28778585386721945716e-02
  +4.58287521880322151757e-02-j2.41253704507460794981e-02
  +4.57251873437724137839e-02-j2.53836375565795191456e-02
  +4.55937188470938239981e-02-j2.66521500767203413373e-02
  +4.54337480828208920003e-02-j2.79303728025188102713e-02
  +4.52446831518175870968e-02-j2.92177449516766753190e-02
  +4.50259398891639378570e-02-j3.05136800632413787704e-02
  +4.47769428964324769926e-02-j3.18175659329383644924e-02
  +4.44971265864755119446e-02-j3.31287645897155938468e-02
  +4.41859362390430165934e-02-j3.44466123142987620809e-02
  +4.38428290654769986512e-02-j3.57704197004396831638e-02
  +4.34672752807986201296e-02-j3.70994717595456990900e-02
</dep>
