<Qucs Dataset 1.0.3>
<indep Gap 1>
  +9.99999999999999912396e-05
</indep>
<indep L 1>
  +4.90000000000000070915e-03
</indep>
<indep W 1>
  +3.80000000000000020921e-04
</indep>
<indep frequency 200>
  +4.00000000000000000000e+09
  +4.02010050251256275177e+09
  +4.04020100502512550354e+09
  +4.06030150753768825531e+09
  +4.08040201005025148392e+09
  +4.10050251256281423569e+09
  +4.12060301507537698746e+09
  +4.14070351758793973923e+09
  +4.16080402010050249100e+09
  +4.18090452261306524277e+09
  +4.20100502512562799454e+09
  +4.22110552763819074631e+09
  +4.24120603015075397491e+09
  +4.26130653266331672668e+09
  +4.28140703517587947845e+09
  +4.30150753768844223022e+09
  +4.32160804020100498199e+09
  +4.34170854271356773376e+09
  +4.36180904522613048553e+09
  +4.38190954773869323730e+09
  +4.40201005025125598907e+09
  +4.42211055276381874084e+09
  +4.44221105527638149261e+09
  +4.46231155778894424438e+09
  +4.48241206030150794983e+09
  +4.50251256281407070160e+09
  +4.52261306532663345337e+09
  +4.54271356783919620514e+09
  +4.56281407035175895691e+09
  +4.58291457286432170868e+09
  +4.60301507537688446045e+09
  +4.62311557788944721222e+09
  +4.64321608040200996399e+09
  +4.66331658291457271576e+09
  +4.68341708542713546753e+09
  +4.70351758793969821930e+09
  +4.72361809045226097107e+09
  +4.74371859296482467651e+09
  +4.76381909547738647461e+09
  +4.78391959798995018005e+09
  +4.80402010050251293182e+09
  +4.82412060301507568359e+09
  +4.84422110552763843536e+09
  +4.86432160804020118713e+09
  +4.88442211055276393890e+09
  +4.90452261306532669067e+09
  +4.92462311557788944244e+09
  +4.94472361809045219421e+09
  +4.96482412060301494598e+09
  +4.98492462311557769775e+09
  +5.00502512562814044952e+09
  +5.02512562814070320129e+09
  +5.04522613065326690674e+09
  +5.06532663316582870483e+09
  +5.08542713567839241028e+09
  +5.10552763819095516205e+09
  +5.12562814070351791382e+09
  +5.14572864321608066559e+09
  +5.16582914572864341736e+09
  +5.18592964824120616913e+09
  +5.20603015075376892090e+09
  +5.22613065326633167267e+09
  +5.24623115577889442444e+09
  +5.26633165829145717621e+09
  +5.28643216080401992798e+09
  +5.30653266331658267975e+09
  +5.32663316582914543152e+09
  +5.34673366834170913696e+09
  +5.36683417085427093506e+09
  +5.38693467336683464050e+09
  +5.40703517587939739227e+09
  +5.42713567839196014404e+09
  +5.44723618090452289581e+09
  +5.46733668341708564758e+09
  +5.48743718592964839935e+09
  +5.50753768844221115112e+09
  +5.52763819095477390289e+09
  +5.54773869346733665466e+09
  +5.56783919597989940643e+09
  +5.58793969849246215820e+09
  +5.60804020100502490997e+09
  +5.62814070351758766174e+09
  +5.64824120603015136719e+09
  +5.66834170854271316528e+09
  +5.68844221105527687073e+09
  +5.70854271356783962250e+09
  +5.72864321608040237427e+09
  +5.74874371859296512604e+09
  +5.76884422110552787781e+09
  +5.78894472361809062958e+09
  +5.80904522613065338135e+09
  +5.82914572864321613312e+09
  +5.84924623115577888489e+09
  +5.86934673366834163666e+09
  +5.88944723618090438843e+09
  +5.90954773869346714020e+09
  +5.92964824120602989197e+09
  +5.94974874371859359741e+09
  +5.96984924623115539551e+09
  +5.98994974874371910095e+09
  +6.01005025125628185272e+09
  +6.03015075376884460449e+09
  +6.05025125628140735626e+09
  +6.07035175879397010803e+09
  +6.09045226130653285980e+09
  +6.11055276381909561157e+09
  +6.13065326633165836334e+09
  +6.15075376884422111511e+09
  +6.17085427135678386688e+09
  +6.19095477386934661865e+09
  +6.21105527638191032410e+09
  +6.23115577889447212219e+09
  +6.25125628140703582764e+09
  +6.27135678391959762573e+09
  +6.29145728643216133118e+09
  +6.31155778894472312927e+09
  +6.33165829145728683472e+09
  +6.35175879396984958649e+09
  +6.37185929648241233826e+09
  +6.39195979899497509003e+09
  +6.41206030150753784180e+09
  +6.43216080402010059357e+09
  +6.45226130653266334534e+09
  +6.47236180904522609711e+09
  +6.49246231155778884888e+09
  +6.51256281407035255432e+09
  +6.53266331658291435242e+09
  +6.55276381909547805786e+09
  +6.57286432160803985596e+09
  +6.59296482412060356140e+09
  +6.61306532663316535950e+09
  +6.63316582914572906494e+09
  +6.65326633165829181671e+09
  +6.67336683417085456848e+09
  +6.69346733668341732025e+09
  +6.71356783919598007202e+09
  +6.73366834170854282379e+09
  +6.75376884422110557556e+09
  +6.77386934673366832733e+09
  +6.79396984924623107910e+09
  +6.81407035175879478455e+09
  +6.83417085427135658264e+09
  +6.85427135678392028809e+09
  +6.87437185929648208618e+09
  +6.89447236180904579163e+09
  +6.91457286432160758972e+09
  +6.93467336683417129517e+09
  +6.95477386934673404694e+09
  +6.97487437185929679871e+09
  +6.99497487437185955048e+09
  +7.01507537688442230225e+09
  +7.03517587939698505402e+09
  +7.05527638190954780579e+09
  +7.07537688442211055756e+09
  +7.09547738693467330933e+09
  +7.11557788944723701477e+09
  +7.13567839195979881287e+09
  +7.15577889447236251831e+09
  +7.17587939698492431641e+09
  +7.19597989949748802185e+09
  +7.21608040201004981995e+09
  +7.23618090452261352539e+09
  +7.25628140703517627716e+09
  +7.27638190954773902893e+09
  +7.29648241206030178070e+09
  +7.31658291457286453247e+09
  +7.33668341708542728424e+09
  +7.35678391959799003601e+09
  +7.37688442211055278778e+09
  +7.39698492462311553955e+09
  +7.41708542713567924500e+09
  +7.43718592964824104309e+09
  +7.45728643216080474854e+09
  +7.47738693467336654663e+09
  +7.49748743718593025208e+09
  +7.51758793969849205017e+09
  +7.53768844221105575562e+09
  +7.55778894472361850739e+09
  +7.57788944723618125916e+09
  +7.59798994974874401093e+09
  +7.61809045226130676270e+09
  +7.63819095477386951447e+09
  +7.65829145728643226624e+09
  +7.67839195979899501801e+09
  +7.69849246231155776978e+09
  +7.71859296482412147522e+09
  +7.73869346733668327332e+09
  +7.75879396984924697876e+09
  +7.77889447236180877686e+09
  +7.79899497487437248230e+09
  +7.81909547738693428040e+09
  +7.83919597989949798584e+09
  +7.85929648241206073761e+09
  +7.87939698492462348938e+09
  +7.89949748743718624115e+09
  +7.91959798994974899292e+09
  +7.93969849246231174469e+09
  +7.95979899497487449646e+09
  +7.97989949748743724823e+09
  +8.00000000000000000000e+09
</indep>
<dep S34_dB frequency>
  -5.45204330024664396426e-01
  -5.47856566891173235589e-01
  -5.50508418768173690694e-01
  -5.53159809897527554590e-01
  -5.55810664014788735621e-01
  -5.58460904403452862432e-01
  -5.61110453949928089656e-01
  -5.63759235198754593554e-01
  -5.66407170408229743153e-01
  -5.69054181606316822339e-01
  -5.71700190646761030600e-01
  -5.74345119265235015682e-01
  -5.76988889135845450795e-01
  -5.79631421927390921844e-01
  -5.82272639359595500785e-01
  -5.84912463259527393156e-01
  -5.87550815617361554821e-01
  -5.90187618642388001078e-01
  -5.92822794818360865321e-01
  -5.95456266958648949839e-01
  -5.98087958260949292821e-01
  -6.00717792361460389827e-01
  -6.03345693388526838064e-01
  -6.05971586015713215012e-01
  -6.08595395514073378429e-01
  -6.11217047803954582896e-01
  -6.13836469505646520339e-01
  -6.16453587989502116429e-01
  -6.19068331425023155035e-01
  -6.21680628829000880842e-01
  -6.24290410112597782266e-01
  -6.26897606127599482662e-01
  -6.29502148711151399141e-01
  -6.32103970729795960892e-01
  -6.34703006121944857121e-01
  -6.37299189939345867018e-01
  -6.39892458387055884650e-01
  -6.42482748862314378968e-01
  -6.45069999991781495297e-01
  -6.47654151667539812465e-01
  -6.50235145081610732554e-01
  -6.52812922759016478480e-01
  -6.55387428589159881653e-01
  -6.57958607855893218286e-01
  -6.60526407265824677673e-01
  -6.63090774975164776173e-01
  -6.65651660614803963867e-01
  -6.68209015313791176993e-01
  -6.70762791721285722701e-01
  -6.73312944026537851805e-01
  -6.75859427977391291620e-01
  -6.78402200896975782207e-01
  -6.80941221698653897931e-01
  -6.83476450899309195819e-01
  -6.86007850630740989573e-01
  -6.88535384649468173990e-01
  -6.91059018344589937044e-01
  -6.93578718744069511182e-01
  -6.96094454519150529492e-01
  -6.98606195986968825373e-01
  -7.01113915111564178773e-01
  -7.03617585503043652118e-01
  -7.06117182414925936840e-01
  -7.08612682739955146438e-01
  -7.11104065004093399693e-01
  -7.13591309358779679606e-01
  -7.16074397571614285063e-01
  -7.18553313015183436896e-01
  -7.21028040654596025227e-01
  -7.23498567032997530468e-01
  -7.25964880255791533692e-01
  -7.28426969973106963607e-01
  -7.30884827360906985660e-01
  -7.33338445100393920839e-01
  -7.35787817356111428779e-01
  -7.38232939752477168582e-01
  -7.40673809348996070590e-01
  -7.43110424614075393279e-01
  -7.45542785397494855992e-01
  -7.47970892901525852281e-01
  -7.50394749651026038428e-01
  -7.52814359462005699974e-01
  -7.55229727409296058838e-01
  -7.57640859792923615501e-01
  -7.60047764103476630737e-01
  -7.62450448986542017593e-01
  -7.64848924205914659780e-01
  -7.67243200606139708064e-01
  -7.69633290073976183976e-01
  -7.72019205499194338671e-01
  -7.74400960734417664888e-01
  -7.76778570554366165624e-01
  -7.79152050614448699051e-01
  -7.81521417408512109049e-01
  -7.83886688226367311927e-01
  -7.86247881110443191943e-01
  -7.88605014812282290038e-01
  -7.90958108748406218957e-01
  -7.93307182955942380431e-01
  -7.95652258047950255992e-01
  -7.97993355168478801787e-01
  -8.00330495947434883419e-01
  -8.02663702455286065529e-01
  -8.04992997157839340616e-01
  -8.07318402870772722224e-01
  -8.09639942714370342003e-01
  -8.11957640068258768018e-01
  -8.14271518526305526642e-01
  -8.16581601851701810446e-01
  -8.18887913932331845679e-01
  -8.21190478736350870648e-01
  -8.23489320268097069189e-01
  -8.25784462524640328063e-01
  -8.28075929452388836971e-01
  -8.30363744904525913348e-01
  -8.32647932598760132095e-01
  -8.34928516075816307129e-01
  -8.37205518658497460649e-01
  -8.39478963411414258466e-01
  -8.41748873101381578365e-01
  -8.44015270158748442952e-01
  -8.46278176639424728478e-01
  -8.48537614187601318960e-01
  -8.50793603999697722884e-01
  -8.53046166788960391614e-01
  -8.55295322750990072436e-01
  -8.57541091530551691235e-01
  -8.59783492189074349810e-01
  -8.62022543173391664340e-01
  -8.64258262285526712709e-01
  -8.66490666653528585073e-01
  -8.68719772703564707683e-01
  -8.70945596133063770772e-01
  -8.73168151885112653332e-01
  -8.75387454124031183511e-01
  -8.77603516212158929477e-01
  -8.79816350687937509534e-01
  -8.82025969245240570871e-01
  -8.84232382713924347506e-01
  -8.86435601041724030580e-01
  -8.88635633277504499716e-01
  -8.90832487555683005809e-01
  -8.93026171082062614204e-01
  -8.95216690121060643115e-01
  -8.97404049984087515135e-01
  -8.99588255019449611893e-01
  -9.01769308603405317371e-01
  -9.03947213132733629060e-01
  -9.06121970018553435366e-01
  -9.08293579681423768335e-01
  -9.10462041547864142643e-01
  -9.12627354048144434628e-01
  -9.14789514615337084891e-01
  -9.16948519685799712242e-01
  -9.19104364700837894731e-01
  -9.21257044109650369279e-01
  -9.23406551373574413510e-01
  -9.25552878971562575927e-01
  -9.27696018406829692182e-01
  -9.29835960214882129016e-01
  -9.31972693972451970978e-01
  -9.34106208307874830155e-01
  -9.36236490912425667332e-01
  -9.38363528552898396029e-01
  -9.40487307085173918075e-01
  -9.42607811468916256814e-01
  -9.44725025783349492414e-01
  -9.46838933243874913970e-01
  -9.48949516219947275530e-01
  -9.51056756253644386412e-01
  -9.53160634079306179345e-01
  -9.55261129643967921155e-01
  -9.57358222128760649738e-01
  -9.59451889971095983611e-01
  -9.61542110887479983816e-01
  -9.63628861897455779584e-01
  -9.65712119347762909527e-01
  -9.67791858937631199744e-01
  -9.69868055744444457211e-01
  -9.71940684250187092452e-01
  -9.74009718368266108612e-01
  -9.76075131471024759477e-01
  -9.78136896417750811850e-01
  -9.80194985582992894813e-01
  -9.82249370885484918148e-01
  -9.84300023817340385968e-01
  -9.86346915473594654244e-01
  -9.88390016582060160211e-01
  -9.90429297533508390394e-01
  -9.92464728411918684081e-01
  -9.94496279025170792920e-01
  -9.96523918935576902278e-01
  -9.98547617490878169910e-01
  -1.00056734385491430395e+00
  -1.00258306703874389143e+00
  -1.00459475593142411043e+00
  -1.00660237933096641250e+00
  -1.00860590597520172196e+00
  -1.01060530457236796842e+00
  -1.01260054383184483484e+00
</dep>
<dep S24_dB frequency>
  -1.73608472404256559685e+01
  -1.73277297614667844528e+01
  -1.72948817256982749768e+01
  -1.72623009323815317373e+01
  -1.72299852103059407682e+01
  -1.71979324172245640057e+01
  -1.71661404393066234775e+01
  -1.71346071906059904677e+01
  -1.71033306125454593882e+01
  -1.70723086734161704214e+01
  -1.70415393678915627618e+01
  -1.70110207165558158238e+01
  -1.69807507654458724744e+01
  -1.69507275856070336317e+01
  -1.69209492726611152591e+01
  -1.68914139463877290837e+01
  -1.68621197503170066057e+01
  -1.68330648513346048389e+01
  -1.68042474392977823072e+01
  -1.67756657266625701652e+01
  -1.67473179481215339592e+01
  -1.67192023602519022063e+01
  -1.66913172411734969103e+01
  -1.66636608902163594337e+01
  -1.66362316275977626390e+01
  -1.66090277941080479707e+01
  -1.65820477508052022131e+01
  -1.65552898787177262818e+01
  -1.65287525785558919722e+01
  -1.65024342704303208507e+01
  -1.64763333935785425410e+01
  -1.64504484060986051475e+01
  -1.64247777846896809706e+01
  -1.63993200243995680410e+01
  -1.63740736383784728503e+01
  -1.63490371576394295516e+01
  -1.63242091308243146841e+01
  -1.62995881239761395420e+01
  -1.62751727203165152957e+01
  -1.62509615200289303516e+01
  -1.62269531400467315052e+01
  -1.62031462138466828549e+01
  -1.61795393912467204700e+01
  -1.61561313382087483603e+01
  -1.61329207366456444106e+01
  -1.61099062842325970735e+01
  -1.60870866942224743923e+01
  -1.60644606952651152199e+01
  -1.60420270312305284222e+01
  -1.60197844610353357098e+01
  -1.59977317584731100197e+01
  -1.59758677120476555444e+01
  -1.59541911248096806020e+01
  -1.59327008141964459043e+01
  -1.59113956118743224977e+01
  -1.58902743635841030567e+01
  -1.58693359289890096875e+01
  -1.58485791815253627135e+01
  -1.58280030082553864190e+01
  -1.58076063097228107779e+01
  -1.57873879998102406574e+01
  -1.57673470055990954108e+01
  -1.57474822672311667304e+01
  -1.57277927377725834646e+01
  -1.57082773830792739034e+01
  -1.56889351816645117310e+01
  -1.56697651245680233956e+01
  -1.56507662152266942002e+01
  -1.56319374693471662141e+01
  -1.56132779147795002217e+01
  -1.55947865913927365966e+01
  -1.55764625509515131085e+01
  -1.55583048569942850037e+01
  -1.55403125847125789250e+01
  -1.55224848208318721987e+01
  -1.55048206634931560188e+01
  -1.54873192221361737353e+01
  -1.54699796173834887014e+01
  -1.54528009809256943186e+01
  -1.54357824554076685786e+01
  -1.54189231943159672511e+01
  -1.54022223618670501821e+01
  -1.53856791328966302501e+01
  -1.53692926927498483280e+01
  -1.53530622371724305708e+01
  -1.53369869722029132930e+01
  -1.53210661140654540446e+01
  -1.53052988890637831076e+01
  -1.52896845334759863277e+01
  -1.52742222934500908593e+01
  -1.52589114249005604051e+01
  -1.52437511934055720531e+01
  -1.52287408741054015593e+01
  -1.52138797516012260758e+01
  -1.51991671198551863142e+01
  -1.51846022820911112916e+01
  -1.51701845506961507937e+01
  -1.51559132471231450268e+01
  -1.51417877017941133744e+01
  -1.51278072540043435623e+01
  -1.51139712518275644015e+01
  -1.51002790520218859172e+01
  -1.50867300199366809466e+01
  -1.50733235294204028776e+01
  -1.50600589627292613670e+01
  -1.50469357104368874900e+01
  -1.50339531713448959493e+01
  -1.50211107523944686903e+01
  -1.50084078685787520868e+01
  -1.49958439428565437623e+01
  -1.49834184060665780436e+01
  -1.49711306968431383524e+01
  -1.49589802615326021851e+01
  -1.49469665541109346663e+01
  -1.49350890361023491693e+01
  -1.49233471764990177633e+01
  -1.49117404516817906313e+01
  -1.49002683453421376214e+01
  -1.48889303484050650184e+01
  -1.48777259589532597772e+01
  -1.48666546821523066768e+01
  -1.48557160301771578048e+01
  -1.48449095221395506172e+01
  -1.48342346840168932687e+01
  -1.48236910485821269390e+01
  -1.48132781553347552261e+01
  -1.48029955504333479155e+01
  -1.47928427866289524673e+01
  -1.47828194231998804042e+01
  -1.47729250258877726765e+01
  -1.47631591668347805779e+01
  -1.47535214245220807072e+01
  -1.47440113837096280491e+01
  -1.47346286353771542821e+01
  -1.47253727766664717080e+01
  -1.47162434108249300380e+01
  -1.47072401471502480774e+01
  -1.46983626009366652454e+01
  -1.46896103934221233800e+01
  -1.46809831517369637766e+01
  -1.46724805088538072795e+01
  -1.46641021035386476257e+01
  -1.46558475803031935669e+01
  -1.46477165893586445122e+01
  -1.46397087865704058629e+01
  -1.46318238334143977397e+01
  -1.46240613969341879397e+01
  -1.46164211496997857864e+01
  -1.46089027697673401462e+01
  -1.46015059406400933284e+01
  -1.45942303512306139623e+01
  -1.45870756958241223344e+01
  -1.45800416740429952256e+01
  -1.45731279908124538025e+01
  -1.45663343563273102177e+01
  -1.45596604860198759468e+01
  -1.45531061005289643617e+01
  -1.45466709256699004982e+01
  -1.45403546924056712442e+01
  -1.45341571368190543012e+01
  -1.45280780000858218415e+01
  -1.45221170284487719471e+01
  -1.45162739731929129050e+01
  -1.45105485906215179170e+01
  -1.45049406420330200262e+01
  -1.44994498936989195670e+01
  -1.44940761168424820937e+01
  -1.44888190876182392230e+01
  -1.44836785870924185105e+01
  -1.44786544012240874224e+01
  -1.44737463208469190334e+01
  -1.44689541416519524830e+01
  -1.44642776641708366014e+01
  -1.44597166937598249348e+01
  -1.44552710405843232166e+01
  -1.44509405196042663988e+01
  -1.44467249505596484482e+01
  -1.44426241579571001949e+01
  -1.44386379710565666556e+01
  -1.44347662238587322037e+01
  -1.44310087550927477196e+01
  -1.44273654082043929492e+01
  -1.44238360313447131489e+01
  -1.44204204773589061972e+01
  -1.44171186037756182685e+01
  -1.44139302727964686568e+01
  -1.44108553512858588164e+01
  -1.44078937107610549617e+01
  -1.44050452273824092231e+01
  -1.44023097819437584377e+01
  -1.43996872598630467621e+01
  -1.43971775511729482844e+01
  -1.43947805505116743774e+01
  -1.43924961571137295380e+01
  -1.43903242748008270979e+01
  -1.43882648119726415104e+01
  -1.43863176815977293899e+01
  -1.43844828012042036391e+01
  -1.43827600928704750771e+01
  -1.43811494832158146551e+01
</dep>
<dep S23_dB frequency>
  -2.88487475953387502159e+01
  -2.88097496004262367819e+01
  -2.87710666754008741464e+01
  -2.87326957227045873822e+01
  -2.86946336538252708692e+01
  -2.86568773889322514492e+01
  -2.86194238565336505076e+01
  -2.85822699931496870818e+01
  -2.85454127430058122172e+01
  -2.85088490577452375874e+01
  -2.84725758961553125914e+01
  -2.84365902239161663090e+01
  -2.84008890133619971152e+01
  -2.83654692432629005339e+01
  -2.83303278986191742206e+01
  -2.82954619704763175037e+01
  -2.82608684557514422409e+01
  -2.82265443570788647776e+01
  -2.81924866826683206966e+01
  -2.81586924461809182674e+01
  -2.81251586666174624440e+01
  -2.80918823682230254235e+01
  -2.80588605804055788440e+01
  -2.80260903376681014265e+01
  -2.79935686795562830298e+01
  -2.79612926506179171326e+01
  -2.79292593003784048733e+01
  -2.78974656833260539202e+01
  -2.78659088589156453963e+01
  -2.78345858915795254518e+01
  -2.78034938507560056564e+01
  -2.77726298109275013815e+01
  -2.77419908516730515657e+01
  -2.77115740577325695426e+01
  -2.76813765190816312156e+01
  -2.76513953310219484649e+01
  -2.76216275942797615528e+01
  -2.75920704151187159425e+01
  -2.75627209054623811824e+01
  -2.75335761830301422037e+01
  -2.75046333714811979121e+01
  -2.74758896005739607915e+01
  -2.74473420063314144102e+01
  -2.74189877312215060101e+01
  -2.73908239243453586198e+01
  -2.73628477416367985597e+01
  -2.73350563460724345077e+01
  -2.73074469078908457220e+01
  -2.72800166048231673699e+01
  -2.72527626223307919417e+01
  -2.72256821538564466323e+01
  -2.71987724010800704377e+01
  -2.71720305741880316930e+01
  -2.71454538921484846981e+01
  -2.71190395829966419683e+01
  -2.70927848841286902370e+01
  -2.70666870426034193997e+01
  -2.70407433154530068009e+01
  -2.70149509700003811474e+01
  -2.69893072841860401923e+01
  -2.69638095469002934124e+01
  -2.69384550583250401701e+01
  -2.69132411302805643061e+01
  -2.68881650865805035266e+01
  -2.68632242633924320785e+01
  -2.68384160096054387168e+01
  -2.68137376872033357245e+01
  -2.67891866716431614748e+01
  -2.67647603522404686771e+01
  -2.67404561325579628317e+01
  -2.67162714308013988784e+01
  -2.66922036802166502412e+01
  -2.66682503294956063655e+01
  -2.66444088431808658868e+01
  -2.66206767020791978950e+01
  -2.65970514036737384345e+01
  -2.65735304625428589986e+01
  -2.65501114107791345020e+01
  -2.65267917984124004249e+01
  -2.65035691938333037854e+01
  -2.64804411842191491644e+01
  -2.64574053759613363468e+01
  -2.64344593950928619108e+01
  -2.64116008877174621716e+01
  -2.63888275204369051608e+01
  -2.63661369807798209308e+01
  -2.63435269776296685507e+01
  -2.63209952416506069994e+01
  -2.62985395257124743296e+01
  -2.62761576053143670606e+01
  -2.62538472790054484562e+01
  -2.62316063688024847522e+01
  -2.62094327206060597746e+01
  -2.61873242046114285131e+01
  -2.61652787157159565368e+01
  -2.61432941739237563183e+01
  -2.61213685247429303615e+01
  -2.60994997395798513651e+01
  -2.60776858161266780201e+01
  -2.60559247787437762156e+01
  -2.60342146788344450670e+01
  -2.60125535952144204543e+01
  -2.59909396344728413908e+01
  -2.59693709313263454419e+01
  -2.59478456489647726357e+01
  -2.59263619793888189236e+01
  -2.59049181437382749493e+01
  -2.58835123926117987025e+01
  -2.58621430063765842533e+01
  -2.58408082954682072341e+01
  -2.58195066006800786340e+01
  -2.57982362934427769119e+01
  -2.57769957760914927292e+01
  -2.57557834821225171140e+01
  -2.57345978764383644943e+01
  -2.57134374555801450413e+01
  -2.56923007479482023996e+01
  -2.56711863140099936231e+01
  -2.56500927464948702550e+01
  -2.56290186705757179197e+01
  -2.56079627440374366643e+01
  -2.55869236574308729359e+01
  -2.55659001342142033764e+01
  -2.55448909308785054861e+01
  -2.55238948370605314153e+01
  -2.55029106756396153344e+01
  -2.54819373028204800846e+01
  -2.54609736082013107250e+01
  -2.54400185148258692891e+01
  -2.54190709792216367191e+01
  -2.53981299914215696845e+01
  -2.53771945749710958751e+01
  -2.53562637869194098528e+01
  -2.53353367177949841960e+01
  -2.53144124915659816111e+01
  -2.52934902655845945674e+01
  -2.52725692305158560202e+01
  -2.52516486102508572742e+01
  -2.52307276618040603466e+01
  -2.52098056751959092026e+01
  -2.51888819733183524363e+01
  -2.51679559117863718143e+01
  -2.51470268787733672866e+01
  -2.51260942948313434897e+01
  -2.51051576126961890623e+01
  -2.50842163170773559955e+01
  -2.50632699244340244604e+01
  -2.50423179827341435555e+01
  -2.50213600712020181049e+01
  -2.50003958000489703295e+01
  -2.49794248101914178051e+01
  -2.49584467729542396341e+01
  -2.49374613897614203495e+01
  -2.49164683918123799344e+01
  -2.48954675397458693453e+01
  -2.48744586232906215173e+01
  -2.48534414609039657762e+01
  -2.48324158993977874843e+01
  -2.48113818135527282038e+01
  -2.47903391057213262627e+01
  -2.47692877054186197938e+01
  -2.47482275689039710187e+01
  -2.47271586787501362892e+01
  -2.47060810434037847472e+01
  -2.46849946967356537186e+01
  -2.46638996975814137613e+01
  -2.46427961292734885035e+01
  -2.46216840991642094139e+01
  -2.46005637381412256559e+01
  -2.45794352001344620362e+01
  -2.45582986616164546945e+01
  -2.45371543210948352964e+01
  -2.45160023985993049678e+01
  -2.44948431351615738549e+01
  -2.44736767922900995131e+01
  -2.44525036514394571441e+01
  -2.44313240134750664367e+01
  -2.44101381981329588200e+01
  -2.43889465434758818674e+01
  -2.43677494053463234991e+01
  -2.43465471568149425252e+01
  -2.43253401876283206207e+01
  -2.43041289036524048583e+01
  -2.42829137263151793036e+01
  -2.42616950920477094655e+01
  -2.42404734517239219826e+01
  -2.42192492700997092925e+01
  -2.41980230252517145573e+01
  -2.41767952080165144935e+01
  -2.41555663214298519392e+01
  -2.41343368801671047663e+01
  -2.41131074099849413983e+01
  -2.40918784471642553058e+01
  -2.40706505379554585033e+01
  -2.40494242380262264192e+01
  -2.40282001119112855747e+01
  -2.40069787324657184513e+01
  -2.39857606803217002778e+01
  -2.39645465433482911521e+01
  -2.39433369161160953809e+01
</dep>
<dep S41_dB frequency>
  -2.88487475953387431105e+01
  -2.88097496004262332292e+01
  -2.87710666754008741464e+01
  -2.87326957227045767240e+01
  -2.86946336538252779746e+01
  -2.86568773889322514492e+01
  -2.86194238565336505076e+01
  -2.85822699931496906345e+01
  -2.85454127430058122172e+01
  -2.85088490577452269292e+01
  -2.84725758961553125914e+01
  -2.84365902239161698617e+01
  -2.84008890133619829044e+01
  -2.83654692432629040866e+01
  -2.83303278986191742206e+01
  -2.82954619704763352672e+01
  -2.82608684557514244773e+01
  -2.82265443570788647776e+01
  -2.81924866826683313548e+01
  -2.81586924461809147147e+01
  -2.81251586666174588913e+01
  -2.80918823682230112126e+01
  -2.80588605804056001602e+01
  -2.80260903376681227428e+01
  -2.79935686795562972407e+01
  -2.79612926506179064745e+01
  -2.79292593003783977679e+01
  -2.78974656833260539202e+01
  -2.78659088589156276328e+01
  -2.78345858915795432154e+01
  -2.78034938507560092091e+01
  -2.77726298109274978287e+01
  -2.77419908516730799874e+01
  -2.77115740577326086225e+01
  -2.76813765190815921358e+01
  -2.76513953310219449122e+01
  -2.76216275942797970799e+01
  -2.75920704151186839681e+01
  -2.75627209054623243389e+01
  -2.75335761830301528619e+01
  -2.75046333714812334392e+01
  -2.74758896005739288171e+01
  -2.74473420063313895412e+01
  -2.74189877312215024574e+01
  -2.73908239243453586198e+01
  -2.73628477416367879016e+01
  -2.73350563460724060860e+01
  -2.73074469078908705910e+01
  -2.72800166048231389482e+01
  -2.72527626223308203635e+01
  -2.72256821538564430796e+01
  -2.71987724010801059649e+01
  -2.71720305741880210348e+01
  -2.71454538921484278546e+01
  -2.71190395829967023644e+01
  -2.70927848841287115533e+01
  -2.70666870426034051889e+01
  -2.70407433154530849606e+01
  -2.70149509700004060164e+01
  -2.69893072841859762434e+01
  -2.69638095469002365689e+01
  -2.69384550583250046429e+01
  -2.69132411302805287789e+01
  -2.68881650865805035266e+01
  -2.68632242633924178676e+01
  -2.68384160096054174005e+01
  -2.68137376872033286190e+01
  -2.67891866716431081841e+01
  -2.67647603522404722298e+01
  -2.67404561325580125697e+01
  -2.67162714308013988784e+01
  -2.66922036802166857683e+01
  -2.66682503294956916307e+01
  -2.66444088431808303596e+01
  -2.66206767020791978950e+01
  -2.65970514036737384345e+01
  -2.65735304625427630754e+01
  -2.65501114107791345020e+01
  -2.65267917984123968722e+01
  -2.65035691938332576001e+01
  -2.64804411842190710047e+01
  -2.64574053759612439762e+01
  -2.64344593950929187542e+01
  -2.64116008877175509895e+01
  -2.63888275204368163429e+01
  -2.63661369807798209308e+01
  -2.63435269776297573685e+01
  -2.63209952416505679196e+01
  -2.62985395257124743296e+01
  -2.62761576053143670606e+01
  -2.62538472790054413508e+01
  -2.62316063688024811995e+01
  -2.62094327206061059599e+01
  -2.61873242046114285131e+01
  -2.61652787157160133802e+01
  -2.61432941739236994749e+01
  -2.61213685247429268088e+01
  -2.60994997395798336015e+01
  -2.60776858161267170999e+01
  -2.60559247787437797683e+01
  -2.60342146788344486197e+01
  -2.60125535952144133489e+01
  -2.59909396344728378381e+01
  -2.59693709313263454419e+01
  -2.59478456489647797412e+01
  -2.59263619793888189236e+01
  -2.59049181437382785020e+01
  -2.58835123926118626514e+01
  -2.58621430063765842533e+01
  -2.58408082954681432852e+01
  -2.58195066006800715286e+01
  -2.57982362934428337553e+01
  -2.57769957760915033873e+01
  -2.57557834821225100086e+01
  -2.57345978764383644943e+01
  -2.57134374555800775397e+01
  -2.56923007479481988469e+01
  -2.56711863140099865177e+01
  -2.56500927464947992007e+01
  -2.56290186705757676577e+01
  -2.56079627440373656100e+01
  -2.55869236574308800414e+01
  -2.55659001342141394275e+01
  -2.55448909308784308791e+01
  -2.55238948370605385207e+01
  -2.55029106756395584910e+01
  -2.54819373028204800846e+01
  -2.54609736082013107250e+01
  -2.54400185148258088930e+01
  -2.54190709792215550067e+01
  -2.53981299914215021829e+01
  -2.53771945749711669293e+01
  -2.53562637869194027473e+01
  -2.53353367177949948541e+01
  -2.53144124915659851638e+01
  -2.52934902655845839092e+01
  -2.52725692305157849660e+01
  -2.52516486102507045075e+01
  -2.52307276618040567939e+01
  -2.52098056751959092026e+01
  -2.51888819733182742766e+01
  -2.51679559117863576034e+01
  -2.51470268787733708393e+01
  -2.51260942948314145440e+01
  -2.51051576126961180080e+01
  -2.50842163170775087622e+01
  -2.50632699244339498534e+01
  -2.50423179827341471082e+01
  -2.50213600712019434980e+01
  -2.50003958000489667768e+01
  -2.49794248101913431981e+01
  -2.49584467729542396341e+01
  -2.49374613897614239022e+01
  -2.49164683918123799344e+01
  -2.48954675397458693453e+01
  -2.48744586232906144119e+01
  -2.48534414609039586708e+01
  -2.48324158993977839316e+01
  -2.48113818135528063635e+01
  -2.47903391057212445503e+01
  -2.47692877054186908481e+01
  -2.47482275689039710187e+01
  -2.47271586787500616822e+01
  -2.47060810434037811945e+01
  -2.46849946967356572713e+01
  -2.46638996975814137613e+01
  -2.46427961292734920562e+01
  -2.46216840991642129666e+01
  -2.46005637381411474962e+01
  -2.45794352001345437486e+01
  -2.45582986616164546945e+01
  -2.45371543210949170088e+01
  -2.45160023985993831275e+01
  -2.44948431351615738549e+01
  -2.44736767922900178007e+01
  -2.44525036514394571441e+01
  -2.44313240134750628840e+01
  -2.44101381981328735549e+01
  -2.43889465434758818674e+01
  -2.43677494053462417867e+01
  -2.43465471568150171322e+01
  -2.43253401876284023331e+01
  -2.43041289036524119638e+01
  -2.42829137263151793036e+01
  -2.42616950920477059128e+01
  -2.42404734517239290881e+01
  -2.42192492700997021871e+01
  -2.41980230252517145573e+01
  -2.41767952080165144935e+01
  -2.41555663214298519392e+01
  -2.41343368801671900314e+01
  -2.41131074099849413983e+01
  -2.40918784471641735934e+01
  -2.40706505379554585033e+01
  -2.40494242380262299719e+01
  -2.40282001119112038623e+01
  -2.40069787324657148986e+01
  -2.39857606803217038305e+01
  -2.39645465433483693118e+01
  -2.39433369161160172212e+01
</dep>
<dep S31_dB frequency>
  -1.73608472404256524158e+01
  -1.73277297614667880055e+01
  -1.72948817256982820822e+01
  -1.72623009323815317373e+01
  -1.72299852103059478736e+01
  -1.71979324172245604530e+01
  -1.71661404393066270302e+01
  -1.71346071906059940204e+01
  -1.71033306125454629409e+01
  -1.70723086734161739741e+01
  -1.70415393678915663145e+01
  -1.70110207165558193765e+01
  -1.69807507654458724744e+01
  -1.69507275856070336317e+01
  -1.69209492726611152591e+01
  -1.68914139463877326364e+01
  -1.68621197503170066057e+01
  -1.68330648513346012862e+01
  -1.68042474392977823072e+01
  -1.67756657266625666125e+01
  -1.67473179481215375120e+01
  -1.67192023602519022063e+01
  -1.66913172411734969103e+01
  -1.66636608902163594337e+01
  -1.66362316275977590863e+01
  -1.66090277941080444180e+01
  -1.65820477508052022131e+01
  -1.65552898787177298345e+01
  -1.65287525785558884195e+01
  -1.65024342704303208507e+01
  -1.64763333935785425410e+01
  -1.64504484060986015947e+01
  -1.64247777846896809706e+01
  -1.63993200243995644882e+01
  -1.63740736383784764030e+01
  -1.63490371576394259989e+01
  -1.63242091308243146841e+01
  -1.62995881239761395420e+01
  -1.62751727203165259539e+01
  -1.62509615200289339043e+01
  -1.62269531400467279525e+01
  -1.62031462138466899603e+01
  -1.61795393912467204700e+01
  -1.61561313382087483603e+01
  -1.61329207366456444106e+01
  -1.61099062842325935208e+01
  -1.60870866942224743923e+01
  -1.60644606952651116671e+01
  -1.60420270312305319749e+01
  -1.60197844610353392625e+01
  -1.59977317584731100197e+01
  -1.59758677120476555444e+01
  -1.59541911248096734965e+01
  -1.59327008141964494570e+01
  -1.59113956118743171686e+01
  -1.58902743635841030567e+01
  -1.58693359289890096875e+01
  -1.58485791815253502790e+01
  -1.58280030082553864190e+01
  -1.58076063097228143306e+01
  -1.57873879998102459865e+01
  -1.57673470055990954108e+01
  -1.57474822672311720595e+01
  -1.57277927377725834646e+01
  -1.57082773830792792324e+01
  -1.56889351816645117310e+01
  -1.56697651245680233956e+01
  -1.56507662152267013056e+01
  -1.56319374693471679905e+01
  -1.56132779147794931163e+01
  -1.55947865913927401493e+01
  -1.55764625509515131085e+01
  -1.55583048569942761219e+01
  -1.55403125847125807013e+01
  -1.55224848208318668696e+01
  -1.55048206634931524661e+01
  -1.54873192221361826171e+01
  -1.54699796173834869251e+01
  -1.54528009809256907658e+01
  -1.54357824554076792367e+01
  -1.54189231943159761329e+01
  -1.54022223618670590639e+01
  -1.53856791328966266974e+01
  -1.53692926927498376699e+01
  -1.53530622371724394526e+01
  -1.53369869722029079639e+01
  -1.53210661140654451629e+01
  -1.53052988890637937658e+01
  -1.52896845334759916568e+01
  -1.52742222934500908593e+01
  -1.52589114249005586288e+01
  -1.52437511934055720531e+01
  -1.52287408741053980066e+01
  -1.52138797516012242994e+01
  -1.51991671198551809852e+01
  -1.51846022820911148443e+01
  -1.51701845506961490173e+01
  -1.51559132471231450268e+01
  -1.51417877017941098217e+01
  -1.51278072540043435623e+01
  -1.51139712518275644015e+01
  -1.51002790520218894699e+01
  -1.50867300199366809466e+01
  -1.50733235294204028776e+01
  -1.50600589627292613670e+01
  -1.50469357104368874900e+01
  -1.50339531713448959493e+01
  -1.50211107523944615849e+01
  -1.50084078685787520868e+01
  -1.49958439428565508678e+01
  -1.49834184060665780436e+01
  -1.49711306968431365760e+01
  -1.49589802615326039614e+01
  -1.49469665541109328899e+01
  -1.49350890361023491693e+01
  -1.49233471764990213160e+01
  -1.49117404516817906313e+01
  -1.49002683453421376214e+01
  -1.48889303484050685711e+01
  -1.48777259589532562245e+01
  -1.48666546821523137822e+01
  -1.48557160301771578048e+01
  -1.48449095221395559463e+01
  -1.48342346840169021505e+01
  -1.48236910485821233863e+01
  -1.48132781553347587788e+01
  -1.48029955504333479155e+01
  -1.47928427866289506909e+01
  -1.47828194231998821806e+01
  -1.47729250258877833346e+01
  -1.47631591668347859070e+01
  -1.47535214245220736018e+01
  -1.47440113837096316018e+01
  -1.47346286353771525057e+01
  -1.47253727766664699317e+01
  -1.47162434108249264852e+01
  -1.47072401471502587356e+01
  -1.46983626009366812326e+01
  -1.46896103934221233800e+01
  -1.46809831517369673293e+01
  -1.46724805088538108322e+01
  -1.46641021035386494020e+01
  -1.46558475803031935669e+01
  -1.46477165893586320777e+01
  -1.46397087865704129683e+01
  -1.46318238334143817525e+01
  -1.46240613969341914924e+01
  -1.46164211496997857864e+01
  -1.46089027697673490280e+01
  -1.46015059406400915520e+01
  -1.45942303512306210678e+01
  -1.45870756958241223344e+01
  -1.45800416740429952256e+01
  -1.45731279908124538025e+01
  -1.45663343563273066650e+01
  -1.45596604860198794995e+01
  -1.45531061005289643617e+01
  -1.45466709256699040509e+01
  -1.45403546924056588097e+01
  -1.45341571368190614066e+01
  -1.45280780000858182888e+01
  -1.45221170284487719471e+01
  -1.45162739731929217868e+01
  -1.45105485906215196934e+01
  -1.45049406420330218026e+01
  -1.44994498936989160143e+01
  -1.44940761168424803174e+01
  -1.44888190876182409994e+01
  -1.44836785870924327213e+01
  -1.44786544012240785406e+01
  -1.44737463208469172571e+01
  -1.44689541416519418249e+01
  -1.44642776641708330487e+01
  -1.44597166937598267111e+01
  -1.44552710405843338748e+01
  -1.44509405196042663988e+01
  -1.44467249505596520009e+01
  -1.44426241579571126294e+01
  -1.44386379710565631029e+01
  -1.44347662238587393091e+01
  -1.44310087550927406141e+01
  -1.44273654082043876201e+01
  -1.44238360313447131489e+01
  -1.44204204773589079736e+01
  -1.44171186037756164922e+01
  -1.44139302727964668804e+01
  -1.44108553512858588164e+01
  -1.44078937107610567381e+01
  -1.44050452273824074467e+01
  -1.44023097819437584377e+01
  -1.43996872598630414331e+01
  -1.43971775511729500607e+01
  -1.43947805505116832592e+01
  -1.43924961571137295380e+01
  -1.43903242748008288743e+01
  -1.43882648119726486158e+01
  -1.43863176815977311662e+01
  -1.43844828012042071919e+01
  -1.43827600928704626426e+01
  -1.43811494832158253132e+01
</dep>
<dep S21_dB frequency>
  -3.63903490363385262452e-01
  -3.65768225900230836700e-01
  -3.67632591045262968610e-01
  -3.69496548735981589218e-01
  -3.71360062012946023913e-01
  -3.73223094025340873525e-01
  -3.75085608036367423868e-01
  -3.76947567428488894414e-01
  -3.78808935708503657924e-01
  -3.80669676512477961339e-01
  -3.82529753610480194315e-01
  -3.84389130911182541617e-01
  -3.86247772466300431926e-01
  -3.88105642474884882098e-01
  -3.89962705287343558425e-01
  -3.91818925409475660171e-01
  -3.93674267506179453857e-01
  -3.95528696405094248867e-01
  -3.97382177100036759754e-01
  -3.99234674754281759768e-01
  -4.01086154703666375454e-01
  -4.02936582459579972770e-01
  -4.04785923711710682316e-01
  -4.06634144330725644245e-01
  -4.08481210370699399093e-01
  -4.10327088071481882459e-01
  -4.12171743860786032876e-01
  -4.14015144356266517889e-01
  -4.15857256367295646804e-01
  -4.17698046896724572985e-01
  -4.19537483142399525438e-01
  -4.21375532498572069606e-01
  -4.23212162557133675378e-01
  -4.25047341108759968442e-01
  -4.26881036143873460187e-01
  -4.28713215853476992123e-01
  -4.30543848629837078157e-01
  -4.32372903067094138674e-01
  -4.34200347961664290253e-01
  -4.36026152312579462489e-01
  -4.37850285321642052061e-01
  -4.39672716393566642701e-01
  -4.41493415135844280428e-01
  -4.43312351358671252743e-01
  -4.45129495074605530114e-01
  -4.46944816498288433060e-01
  -4.48758286045846332968e-01
  -4.50569874334423858819e-01
  -4.52379552181477406769e-01
  -4.54187290603987214865e-01
  -4.55993060817659112693e-01
  -4.57796834235945415692e-01
  -4.59598582469060989997e-01
  -4.61398277322895011832e-01
  -4.63195890797839848751e-01
  -4.64991395087544945319e-01
  -4.66784762577664769090e-01
  -4.68575965844449715547e-01
  -4.70364977653397686730e-01
  -4.72151770957707550558e-01
  -4.73936318896835739878e-01
  -4.75718594794890592414e-01
  -4.77498572159045509000e-01
  -4.79276224677881224068e-01
  -4.81051526219731517831e-01
  -4.82824450830942109025e-01
  -4.84594972734182560803e-01
  -4.86363066326631676706e-01
  -4.88128706178233229274e-01
  -4.89891867029887295715e-01
  -4.91652523791646867135e-01
  -4.93410651540872713383e-01
  -4.95166225520450087316e-01
  -4.96919221136904343261e-01
  -4.98669613958614976745e-01
  -5.00417379713944732167e-01
  -5.02162494289453698038e-01
  -5.03904933728059223341e-01
  -5.05644674227245571885e-01
  -5.07381692137227280348e-01
  -5.09115963959261175198e-01
  -5.10847466343809841760e-01
  -5.12576176088841539702e-01
  -5.14302070138130451582e-01
  -5.16025125579530175024e-01
  -5.17745319643382773123e-01
  -5.19462629700839118030e-01
  -5.21177033262270494873e-01
  -5.22888507975752703238e-01
  -5.24597031625496756924e-01
  -5.26302582130383944659e-01
  -5.28005137542531421957e-01
  -5.29704676045884115254e-01
  -5.31401175954817284186e-01
  -5.33094615712896069404e-01
  -5.34784973891517911859e-01
  -5.36472229188760141305e-01
  -5.38156360428147850783e-01
  -5.39837346557566544192e-01
  -5.41515166648144918859e-01
  -5.43189799893268099318e-01
  -5.44861225607548238514e-01
  -5.46529423225932564634e-01
  -5.48194372302816312903e-01
  -5.49856052511228377000e-01
  -5.51514443642046936489e-01
  -5.53169525603293354976e-01
  -5.54821278419457941666e-01
  -5.56469682230900986042e-01
  -5.58114717293293094436e-01
  -5.59756363977125248610e-01
  -5.61394602767202433036e-01
  -5.63029414262352201348e-01
  -5.64660779174974036820e-01
  -5.66288678330831407592e-01
  -5.67913092668764329929e-01
  -5.69534003240544151048e-01
  -5.71151391210711123492e-01
  -5.72765237856516229442e-01
  -5.74375524567878992244e-01
  -5.75982232847431330214e-01
  -5.77585344310569182014e-01
  -5.79184840685577739805e-01
  -5.80780703813816301384e-01
  -5.82372915649946976124e-01
  -5.83961458262150956422e-01
  -5.85546313832514764286e-01
  -5.87127464657333342224e-01
  -5.88704893147560692768e-01
  -5.90278581829236759226e-01
  -5.91848513343980031642e-01
  -5.93414670449532333230e-01
  -5.94977036020364780100e-01
  -5.96535593048242773762e-01
  -5.98090324642960302626e-01
  -5.99641214032986313853e-01
  -6.01188244566244089917e-01
  -6.02731399710865312080e-01
  -6.04270663056034496030e-01
  -6.05806018312816885185e-01
  -6.07337449315085264878e-01
  -6.08864940020398481835e-01
  -6.10388474511011525081e-01
  -6.11908036994857740254e-01
  -6.13423611806528490398e-01
  -6.14935183408422569862e-01
  -6.16442736391743295599e-01
  -6.17946255477685002511e-01
  -6.19445725518561918221e-01
  -6.20941131498998544203e-01
  -6.22432458537124255749e-01
  -6.23919691885832405909e-01
  -6.25402816934006011707e-01
  -6.26881819207887103218e-01
  -6.28356684372317508824e-01
  -6.29827398232129076483e-01
  -6.31293946733509914182e-01
  -6.32756315965377180710e-01
  -6.34214492160834364398e-01
  -6.35668461698608466826e-01
  -6.37118211104482745633e-01
  -6.38563727052845919729e-01
  -6.40004996368162437648e-01
  -6.41442006026535560537e-01
  -6.42874743157265227111e-01
  -6.44303195044435117467e-01
  -6.45727349128507821518e-01
  -6.47147193007955978672e-01
  -6.48562714440928056447e-01
  -6.49973901346900584386e-01
  -6.51380741808374463808e-01
  -6.52783224072594925325e-01
  -6.54181336553272374523e-01
  -6.55575067832374736021e-01
  -6.56964406661835198520e-01
  -6.58349341965442924618e-01
  -6.59729862840566116944e-01
  -6.61105958560041950811e-01
  -6.62477618574017212971e-01
  -6.63844832511866211888e-01
  -6.65207590184024977198e-01
  -6.66565881583938590893e-01
  -6.67919696890049263693e-01
  -6.69269026467643524114e-01
  -6.70613860870950206916e-01
  -6.71954190845054921688e-01
  -6.73290007327966288919e-01
  -6.74621301452628219231e-01
  -6.75948064548981375488e-01
  -6.77270288146046284261e-01
  -6.78587963974021768365e-01
  -6.79901083966371055922e-01
  -6.81209640262015359014e-01
  -6.82513625207402885309e-01
  -6.83813031358753264932e-01
  -6.85107851484208829618e-01
  -6.86398078566045510840e-01
  -6.87683705802897504711e-01
  -6.88964726611990818661e-01
  -6.90241134631424335666e-01
</dep>
<dep S11_dB frequency>
  -4.39269818882684788264e+01
  -4.39379624800485757419e+01
  -4.39471047997603392332e+01
  -4.39543379398072886488e+01
  -4.39595934304329318820e+01
  -4.39628055776350450401e+01
  -4.39639117988233962819e+01
  -4.39628529528744564914e+01
  -4.39595736611190872623e+01
  -4.39540226157352904579e+01
  -4.39461528720056122665e+01
  -4.39359221209721226842e+01
  -4.39232929391307251876e+01
  -4.39082330120197568135e+01
  -4.38907153287971709688e+01
  -4.38707183452447821992e+01
  -4.38482261129965991131e+01
  -4.38232283732348264493e+01
  -4.37957206135562771010e+01
  -4.37657040872187863556e+01
  -4.37331857944914617065e+01
  -4.36981784263627588416e+01
  -4.36607002713774363656e+01
  -4.36207750868741683803e+01
  -4.35784319363717145279e+01
  -4.35337049952750447801e+01
  -4.34866333274644603080e+01
  -4.34372606356437955810e+01
  -4.33856349886023906492e+01
  -4.33318085287208560885e+01
  -4.32758371632025387044e+01
  -4.32177802425563442057e+01
  -4.31577002298660232782e+01
  -4.30956623643120479983e+01
  -4.30317343222946746550e+01
  -4.29659858793465900817e+01
  -4.28984885758007123968e+01
  -4.28293153889534607970e+01
  -4.27585404141816951551e+01
  -4.26862385571934197515e+01
  -4.26124852392885955510e+01
  -4.25373561172167455879e+01
  -4.24609268189043902453e+01
  -4.23832726960515699943e+01
  -4.23044685943095473135e+01
  -4.22245886414977178447e+01
  -4.21437060540759347305e+01
  -4.20618929618712940055e+01
  -4.19792202508644152203e+01
  -4.18957574236696785874e+01
  -4.18115724771989079045e+01
  -4.17267317968721727084e+01
  -4.16413000666452575160e+01
  -4.15553401940381093027e+01
  -4.14689132492949497077e+01
  -4.13820784177639211521e+01
  -4.12948929645613560524e+01
  -4.12074122105744180544e+01
  -4.11196895188577471458e+01
  -4.10317762905003320384e+01
  -4.09437219690498892533e+01
  -4.08555740526230266596e+01
  -4.07673781128597028101e+01
  -4.06791778199226072843e+01
  -4.05910149727844213885e+01
  -4.05029295340968644723e+01
  -4.04149596689754275758e+01
  -4.03271417870885500179e+01
  -4.02395105874839629223e+01
  -4.01520991056316560730e+01
  -4.00649387622115966678e+01
  -3.99780594132134794449e+01
  -3.98914894009636640249e+01
  -3.98052556057278863477e+01
  -3.97193834975844026758e+01
  -3.96338971882865536145e+01
  -3.95488194828777892553e+01
  -3.94641719308461418336e+01
  -3.93799748766333692629e+01
  -3.92962475093440062324e+01
  -3.92130079115191705341e+01
  -3.91302731068624680688e+01
  -3.90480591068267912647e+01
  -3.89663809559860681020e+01
  -3.88852527761323329969e+01
  -3.88046878090540303674e+01
  -3.87246984579610682431e+01
  -3.86452963275366130347e+01
  -3.85664922626046902110e+01
  -3.84882963854055617503e+01
  -3.84107181314898937785e+01
  -3.83337662842370150429e+01
  -3.82574490080153282179e+01
  -3.81817738800062471682e+01
  -3.81067479207149233389e+01
  -3.80323776231970995809e+01
  -3.79586689810319981575e+01
  -3.78856275150740628987e+01
  -3.78132582990188481631e+01
  -3.77415659838177717234e+01
  -3.76705548209790066494e+01
  -3.76002286847917233104e+01
  -3.75305910935104733994e+01
  -3.74616452295387318827e+01
  -3.73933939586471524308e+01
  -3.73258398482653177552e+01
  -3.72589851848824267222e+01
  -3.71928319905930138134e+01
  -3.71273820388238959822e+01
  -3.70626368692755150391e+01
  -3.69985978021119308323e+01
  -3.69352659514319583423e+01
  -3.68726422380534657464e+01
  -3.68107274016409817818e+01
  -3.67495220122062846713e+01
  -3.66890264810108419624e+01
  -3.66292410708987077328e+01
  -3.65701659060825861047e+01
  -3.65118009814151776027e+01
  -3.64541461711626766373e+01
  -3.63972012373100284321e+01
  -3.63409658374177411133e+01
  -3.62854395320510860756e+01
  -3.62306217918046442605e+01
  -3.61765120039398553331e+01
  -3.61231094786554152165e+01
  -3.60704134550079515975e+01
  -3.60184231065002862238e+01
  -3.59671375463543725459e+01
  -3.59165558324823592784e+01
  -3.58666769721728613263e+01
  -3.58174999265052562691e+01
  -3.57690236145054711869e+01
  -3.57212469170564332899e+01
  -3.56741686805746098798e+01
  -3.56277877204647168696e+01
  -3.55821028243623374010e+01
  -3.55371127551775174425e+01
  -3.54928162539447882295e+01
  -3.54492120424923768951e+01
  -3.54062988259391318024e+01
  -3.53640752950242927000e+01
  -3.53225401282825259841e+01
  -3.52816919940680193690e+01
  -3.52415295524352103484e+01
  -3.52020514568862239457e+01
  -3.51632563559844015799e+01
  -3.51251428948480182157e+01
  -3.50877097165217861630e+01
  -3.50509554632385516015e+01
  -3.50148787775694927404e+01
  -3.49794783034728951066e+01
  -3.49447526872413902765e+01
  -3.49107005783560140344e+01
  -3.48773206302458191885e+01
  -3.48446115009620100977e+01
  -3.48125718537647017570e+01
  -3.47812003576288617523e+01
  -3.47504956876714601322e+01
  -3.47204565255016390779e+01
  -3.46910815594957000485e+01
  -3.46623694850019603564e+01
  -3.46343190044746123135e+01
  -3.46069288275393631693e+01
  -3.45801976709924190345e+01
  -3.45541242587354702209e+01
  -3.45287073216456832370e+01
  -3.45039455973836552971e+01
  -3.44798378301394663481e+01
  -3.44563827703184273332e+01
  -3.44335791741663683752e+01
  -3.44114258033352058419e+01
  -3.43899214243892572540e+01
  -3.43690648082535545882e+01
  -3.43488547296023725153e+01
  -3.43292899661889236995e+01
  -3.43103692981172514465e+01
  -3.42920915070532643654e+01
  -3.42744553753781318051e+01
  -3.42574596852795068003e+01
  -3.42411032177836887058e+01
  -3.42253847517252580701e+01
  -3.42103030626549298177e+01
  -3.41958569216834291637e+01
  -3.41820450942616247403e+01
  -3.41688663388934372733e+01
  -3.41563194057836199136e+01
  -3.41444030354150100948e+01
  -3.41331159570566384787e+01
  -3.41224568871992062213e+01
  -3.41124245279171063316e+01
  -3.41030175651547793336e+01
  -3.40942346669339286791e+01
  -3.40860744814825977755e+01
  -3.40785356352791239942e+01
  -3.40716167310141102575e+01
  -3.40653163454616176864e+01
  -3.40596330272629188585e+01
  -3.40545652946151093943e+01
  -3.40501116328639668041e+01
</dep>
<dep S[3,3] frequency>
  -1.37702520736933762407e-02-j6.89351962751381421024e-03
  -1.41361570037329877664e-02-j6.83010494796482126034e-03
  -1.45022250176343632522e-02-j6.75287345329799587601e-03
  -1.48679500765753480618e-02-j6.66178133504358518935e-03
  -1.52328240363133714241e-02-j6.55680329781892744234e-03
  -1.55963373277315624221e-02-j6.43793263535675543141e-03
  -1.59579796396282190540e-02-j6.30518128135812601365e-03
  -1.63172406028111449672e-02-j6.15857983511502483920e-03
  -1.66736104745431878982e-02-j5.99817756187137618440e-03
  -1.70265808224738003640e-02-j5.82404236803291640301e-03
  -1.73756452069874604838e-02-j5.63626075112824871660e-03
  -1.77202998612112395949e-02-j5.43493772478866390974e-03
  -1.80600443675887345485e-02-j5.22019671872617219144e-03
  -1.83943823302077646975e-02-j4.99217945395399008424e-03
  -1.87228220419901163207e-02-j4.75104579345476257801e-03
  -1.90448771456939863755e-02-j4.49697356842550764744e-03
  -1.93600672880687961486e-02-j4.23015838050706458051e-03
  -1.96679187660212632938e-02-j3.95081338014164826222e-03
  -1.99679651642069681816e-02-j3.65916902153008184728e-03
  -2.02597479829176550792e-02-j3.35547279440242748882e-03
  -2.05428172556388552450e-02-j3.03998893311067421019e-03
  -2.08167321553700164494e-02-j2.71299810340084289473e-03
  -2.10810615888697532039e-02-j2.37479706730377854162e-03
  -2.13353847781590812149e-02-j2.02569832668349041060e-03
  -2.15792918283452019035e-02-j1.66602974585984033029e-03
  -2.18123842811935933494e-02-j1.29613415391961230017e-03
  -2.20342756536015434154e-02-j9.16368927223593782161e-04
  -2.22445919603573398493e-02-j5.27105552720303488501e-04
  -2.24429722204037666866e-02-j1.28729172649156425878e-04
  -2.26290689460597431448e-02+j2.78361888702977067211e-04
  -2.28025486145178903075e-02+j6.93756615559489031586e-04
  -2.29630921209792726589e-02+j1.11703180784105196577e-03
  -2.31103952129050327358e-02+j1.54775260429193019240e-03
  -2.32441689048325690614e-02+j1.98547302080242030198e-03
  -2.33641398731864458060e-02+j2.42973650322403020296e-03
  -2.34700508305554708666e-02+j2.88007649391456427290e-03
  -2.35616608791725870575e-02+j3.33601701120976243398e-03
  -2.36387458428691590862e-02+j3.79707324108776583804e-03
  -2.37010985772604897137e-02+j4.26275214019611325966e-03
  -2.37485292578329260094e-02+j4.73255304941230976745e-03
  -2.37808656454745401265e-02+j5.20596831715587800293e-03
  -2.37979533291297618014e-02+j5.68248393157106887474e-03
  -2.37996559453696049369e-02+j6.16158016076625431046e-03
  -2.37858553746172554644e-02+j6.64273220023155024083e-03
  -2.37564519137359320133e-02+j7.12541082658562849317e-03
  -2.37113644248408139692e-02+j7.60908305677957322311e-03
  -2.36505304601760113492e-02+j8.09321281187978802674e-03
  -2.35739063629146552992e-02+j8.57726158456039930456e-03
  -2.34814673438246725168e-02+j9.06068910941396597758e-03
  -2.33732075336551443911e-02+j9.54295403520670146302e-03
  -2.32491400113431848085e-02+j1.00235145981946594668e-02
  -2.31092968079145734406e-02+j1.05018292956123252685e-02
  -2.29537288862127347722e-02+j1.09773575584689621343e-02
  -2.27825060964515213602e-02+j1.14495604227506358325e-02
  -2.25957171077355578603e-02+j1.19179011981902123474e-02
  -2.23934693157302432132e-02+j1.23818461337156498353e-02
  -2.21758887264392398619e-02+j1.28408650787079428590e-02
  -2.19431198165456753379e-02+j1.32944321392409574301e-02
  -2.16953253704263923640e-02+j1.37420263284650980701e-02
  -2.14326862939628777494e-02+j1.41831322102433966814e-02
  -2.11554014056799140342e-02+j1.46172405353001810119e-02
  -2.08636872053562343055e-02+j1.50438488690092086325e-02
  -2.05577776204975276597e-02+j1.54624622100545568160e-02
  -2.02379237310058544830e-02+j1.58725935991567250472e-02
  -1.99043934725475941960e-02+j1.62737647171375572619e-02
  -1.95574713188879298342e-02+j1.66655064715095224681e-02
  -1.91974579437943146387e-02+j1.70473595709216656224e-02
  -1.88246698628993444635e-02+j1.74188750867009592427e-02
  -1.84394390560088175524e-02+j1.77796150007827717665e-02
  -1.80421125704967703907e-02+j1.81291527394174534216e-02
  -1.76330521061588071929e-02+j1.84670736918899347501e-02
  -1.72126335822863699154e-02+j1.87929757137232644748e-02
  -1.67812466873921602162e-02+j1.91064696136647726998e-02
  -1.63392944123609377971e-02+j1.94071796239444344101e-02
  -1.58871925674318389965e-02+j1.96947438531090007752e-02
  -1.54253692840185530066e-02+j1.99688147210912193830e-02
  -1.49542645016305826566e-02+j2.02290593757551429022e-02
  -1.44743294409072058987e-02+j2.04751600906058692231e-02
  -1.39860260633385222878e-02+j2.07068146431374049132e-02
  -1.34898265183736685430e-02+j2.09237366733275066688e-02
  -1.29862125787377335334e-02+j2.11256560219594477501e-02
  -1.24756750646212478950e-02+j2.13123190482923142997e-02
  -1.19587132575817815805e-02+j2.14834889267925821521e-02
  -1.14358343048729903246e-02+j2.16389459225584460111e-02
  -1.09075526150392843050e-02+j2.17784876451530343133e-02
  -1.03743892454758283861e-02+j2.19019292805217764830e-02
  -9.83687128292708504174e-03+j2.20091038008819323002e-02
  -9.29553121754850969483e-03+j2.20998621522153701480e-02
  -8.75090631142745253856e-03+j2.21740734192509211797e-02
  -8.20353796245514368946e-03+j2.22316249678427488301e-02
  -7.65397106421771868112e-03+j2.22724225644912905697e-02
  -7.10275336289842643134e-03+j2.22963904730535296406e-02
  -6.55043481186611681322e-03+j2.23034715284340413766e-02
  -5.99756692492564927321e-03+j2.22936271873847464964e-02
  -5.44470212894033848972e-03+j2.22668375562687266556e-02
  -4.89239311671730778275e-03+j2.22231013958939238595e-02
  -4.34119220096420774246e-03+j2.21624361034581177088e-02
  -3.79165067016076166168e-03+j2.20848776717175003526e-02
  -3.24431814709362845162e-03+j2.19904806254175681779e-02
  -2.69974195094473384121e-03+j2.18793179352293025441e-02
  -2.15846646368511845687e-03+j2.17514809093091766867e-02
  -1.62103250159330910390e-03+j2.16070790627077152779e-02
  -1.08797669265825631968e-03+j2.14462399648454316026e-02
  -5.59830860674855913806e-04+j2.12691090653475758931e-02
  -3.71214167612116813233e-05+j2.10758494984890978885e-02
  +4.79631240926080629206e-04+j2.08666418665889412398e-02
  +9.89913318549488253917e-04+j2.06416840027031922578e-02
  +1.49321820830528723123e-03+j2.04011907129510138004e-02
  +1.98904705975726150274e-03+j2.01453934989437588587e-02
  +2.47690934015391828193e-03+j1.98745402606026397296e-02
  +2.95632338297674521904e-03+j1.95888949799902997717e-02
  +3.42681692413493443894e-03+j1.92887373864422256853e-02
  +3.88792762511092071520e-03+j1.89743626036434250015e-02
  +4.33920358248171371407e-03+j1.86460807790238408677e-02
  +4.78020382317840848013e-03+j1.83042166961296694228e-02
  +5.21049878492636266147e-03+j1.79491093704703709444e-02
  +5.62967078131352584303e-03+j1.75811116293621387541e-02
  +6.03731445092980760492e-03+j1.72005896764999485771e-02
  +6.43303719009212342239e-03+j1.68079226417148404338e-02
  +6.81645956865192803598e-03+j1.64035021166455997899e-02
  +7.18721572841223444589e-03+j1.59877316769923213946e-02
  +7.54495376375152217163e-03+j1.55610263918573368813e-02
  +7.88933608399857919102e-03+j1.51238123210630411031e-02
  +8.22003975719739002348e-03+j1.46765260009531807450e-02
  +8.53675683489237696611e-03+j1.42196139194840816267e-02
  +8.83919465760122681497e-03+j1.37535319813065631811e-02
  +9.12707614066581192358e-03+j1.32787449634809325005e-02
  +9.40014004020141118179e-03+j1.27957259626904403665e-02
  +9.65814119889334826707e-03+j1.23049558345741053694e-02
  +9.90085077141822887670e-03+j1.18069226259809798019e-02
  +1.01280564292813447108e-02+j1.13021210009155975013e-02
  +1.03395625449246852945e-02+j1.07910516608926941584e-02
  +1.05351903549392948017e-02+j1.02742207605006977134e-02
  +1.07147781022891123992e-02+j9.75213931888750662491e-03
  +1.08781811574614230287e-02+j9.22532262801817153075e-03
  +1.10252721184746198951e-02+j8.69428965840032472179e-03
  +1.11559408897398733979e-02+j8.15956246308653827815e-03
  +1.12700947397628235130e-02+j7.62166558069799372072e-03
  +1.13676583377182362916e-02+j7.08112543824848065382e-03
  +1.14485737689664669736e-02+j6.53846975454979838921e-03
  +1.15128005295860556811e-02+j5.99422694490151126978e-03
  +1.15603155000367635585e-02+j5.44892552783728806309e-03
  +1.15911128981171594049e-02+j4.90309353476754347656e-03
  +1.16052042113501726467e-02+j4.35725792305865274739e-03
  +1.16026181090256308437e-02+j3.81194399350260216403e-03
  +1.15834003340878032018e-02+j3.26767481267681682636e-03
  +1.15476135751625356290e-02+j2.72497064113629266363e-03
  +1.14953373189376380215e-02+j2.18434836789538257967e-03
  +1.14266676832503293049e-02+j1.64632095208983508447e-03
  +1.13417172311656745676e-02+j1.11139687235591120423e-03
  +1.12406147664173075573e-02+j5.80079584665361969176e-04
  +1.11235051105529041821e-02+j5.28669891867797336893e-05
  +1.09905488622077975036e-02-j4.69749093117630134309e-04
  +1.08419221388952671803e-02-j9.87283433615027822272e-04
  +1.06778163017589612649e-02-j1.49925789822035696736e-03
  +1.04984376637435247726e-02-j2.00520193814025197293e-03
  +1.03040071816538035543e-02-j2.50465306859187905250e-03
  +1.00947601325981281550e-02-j2.99715733495310113904e-03
  +9.87094577533065634101e-03-j3.48226976582979505515e-03
  +9.63282699702040084988e-03-j3.95955481254156062276e-03
  +9.38067994598082259550e-03-j4.42858677457339065114e-03
  +9.11479365095468896385e-03-j4.88895021048343578207e-03
  +8.83546962748096506579e-03-j5.34024033392414571725e-03
  +8.54302147197897113196e-03-j5.78206339428493677757e-03
  +8.23777444412696416287e-03-j6.21403704162074108780e-03
  +7.92006503815372020494e-03-j6.63579067550386283297e-03
  +7.59024054367683428945e-03-j7.04696577743898523727e-03
  +7.24865859671430280697e-03-j7.44721622655484388753e-03
  +6.89568672151032787537e-03-j7.83620859828280599824e-03
  +6.53170186385033414711e-03-j8.21362244573909175416e-03
  +6.15708991649630520138e-03-j8.57915056360229397181e-03
  +5.77224523742446253560e-03-j8.93249923426374901891e-03
  +5.37757016153667197905e-03-j9.27338845605999752275e-03
  +4.97347450651706036312e-03-j9.60155215343259059446e-03
  +4.56037507350866809508e-03-j9.91673836888971524384e-03
  +4.13869514329508452616e-03-j1.02187094366511192073e-02
  +3.70886396868049103212e-03-j1.05072421378835066663e-02
  +3.27131626372059031160e-03-j1.07821278375029600688e-02
  +2.82649169051478466042e-03-j1.10431726024808364583e-02
  +2.37483434422587538076e-03-j1.12901973016593208665e-02
  +1.91679223700194720920e-03-j1.15230376871028241531e-02
  +1.45281678148702635307e-03-j1.17415444570124517798e-02
  +9.83362274565666638279e-04-j1.19455833002983496244e-02
  +5.08885382031942258563e-04-j1.21350349228759660236e-02
  +2.98446248210610005913e-05-j1.23097950558224405321e-02
  -4.53300132542087345217e-04-j1.24697744455317411499e-02
  -9.40088190632996315715e-04-j1.26148988260310988135e-02
  -1.43005852033135233414e-03-j1.27451088736506377291e-02
  -1.92275026390401472358e-03-j1.28603601442526648685e-02
  -2.41770323136825939989e-03-j1.29606229932604111871e-02
  -2.91445839152890736473e-03-j1.30458824787392946992e-02
  -3.41255835709776585152e-03-j1.31161382478015807462e-02
  -3.91154786333308690516e-03-j1.31714044066436278962e-02
  -4.41097423962149778887e-03-j1.32117093745205242683e-02
  -4.91038787346349120400e-03-j1.32370957219977436470e-02
  -5.40934266633961904208e-03-j1.32476199938442919940e-02
  -5.90739648092290792203e-03-j1.32433525169268016125e-02
  -6.40411157915113035677e-03-j1.32243771935036825288e-02
  -6.89905505067710082823e-03-j1.31907912803281446995e-02
  -7.39179923122008225578e-03-j1.31427051539754879278e-02
</dep>
<dep S[3,1] frequency>
  +1.01965924752537833581e-02-j1.35121539683859370751e-01
  +8.15469878669720579789e-03-j1.35778704160589430705e-01
  +6.09503968521967788574e-03-j1.36402639195174701925e-01
  +4.01819392820813945516e-03-j1.36992949191554608257e-01
  +1.92474837703379025346e-03-j1.37549249264092093847e-01
  -1.84702213407940646177e-04-j1.38071165395859035696e-01
  -2.30955540815371007657e-03-j1.38558334592466608770e-01
  -4.44920130844837259654e-03-j1.39010405031397971110e-01
  -6.60302277080640227097e-03-j1.39427036206785648353e-01
  -8.77039562870317659926e-03-j1.39807899069594454566e-01
  -1.09506889167973690130e-02-j1.40152676163168760093e-01
  -1.31432650976277196064e-02-j1.40461061754094229670e-01
  -1.53474802905865202740e-02-j1.40732761958350799381e-01
  -1.75626845031599948532e-02-j1.40967494862708042636e-01
  -1.97882218642384498375e-02-j1.41164990641349574751e-01
  -2.20234308594704983331e-02-j1.41324991667672761331e-01
  -2.42676445684951863635e-02-j1.41447252621265701089e-01
  -2.65201909039644093125e-02-j1.41531540590015131320e-01
  -2.87803928522585711347e-02-j1.41577635167337623212e-01
  -3.10475687157795686433e-02-j1.41585328544510224980e-01
  -3.33210323567057833949e-02-j1.41554425598088118310e-01
  -3.56000934421170089905e-02-j1.41484743972394078071e-01
  -3.78840576903905212891e-02-j1.41376114157067744870e-01
  -4.01722271187291563033e-02-j1.41228379559674155352e-01
  -4.24639002917623006872e-02-j1.41041396573352295629e-01
  -4.47583725710763505323e-02-j1.40815034639515335169e-01
  -4.70549363656033933778e-02-j1.40549176305589190727e-01
  -4.93528813827386475532e-02-j1.40243717277801049903e-01
  -5.16514948801101089759e-02-j1.39898566469006280233e-01
  -5.39500619178712725876e-02-j1.39513646041582117796e-01
  -5.62478656114624442353e-02-j1.39088891445365681054e-01
  -5.85441873846720070573e-02-j1.38624251450679192299e-01
  -6.08383072229837090772e-02-j1.38119688176422505954e-01
  -6.31295039270459157343e-02-j1.37575177113267360651e-01
  -6.54170553661890530339e-02-j1.36990707141967343885e-01
  -6.77002387319227266760e-02-j1.36366280546780238581e-01
  -6.99783307912710955678e-02-j1.35701913024053544277e-01
  -7.22506081398972821450e-02-j1.34997633685962820094e-01
  -7.45163474548942300624e-02-j1.34253485059450866634e-01
  -7.67748257471785877648e-02-j1.33469523080367441503e-01
  -7.90253206133733482330e-02-j1.32645817082859329705e-01
  -8.12671104871148797244e-02-j1.31782449784010297078e-01
  -8.34994748896759481083e-02-j1.30879517263791905757e-01
  -8.57216946798431828070e-02-j1.29937128940317114800e-01
  -8.79330523029437927107e-02-j1.28955407540460614824e-01
  -9.01328320389479520358e-02-j1.27934489065860190760e-01
  -9.23203202495741226397e-02-j1.26874522754331281460e-01
  -9.44948056242972123098e-02-j1.25775671036743336151e-01
  -9.66555794252022815183e-02-j1.24638109489370679794e-01
  -9.88019357305839895922e-02-j1.23462026781787553853e-01
  -1.00933171677240945963e-01-j1.22247624620302294818e-01
  -1.03048587701360508384e-01-j1.20995117687014430707e-01
  -1.05147487777954337651e-01-j1.19704733574490865267e-01
  -1.07229179658728079882e-01-j1.18376712716144388837e-01
  -1.09292975108364956438e-01-j1.17011308312314238345e-01
  -1.11338190139107215404e-01-j1.15608786252122883176e-01
  -1.13364145243592964740e-01-j1.14169425031138666027e-01
  -1.15370165625872850290e-01-j1.12693515664881671601e-01
  -1.17355581430535219067e-01-j1.11181361598236619348e-01
  -1.19319727969887587338e-01-j1.09633278610789294816e-01
  -1.21261945949106261788e-01-j1.08049594718169106322e-01
  -1.23181581689317656836e-01-j1.06430650069403179292e-01
  -1.25077987348530678124e-01-j1.04776796840364783137e-01
  -1.26950521140362898587e-01-j1.03088399123339391483e-01
  -1.28798547550501768511e-01-j1.01365832812771811122e-01
  -1.30621437550841684727e-01-j9.96094854872332374773e-02
  -1.32418568811240311422e-01-j9.78197562876566839574e-02
  -1.34189325908826623257e-01-j9.59970557919116451728e-02
  -1.35933100534821521554e-01-j9.41418058857276529583e-02
  -1.37649291698799941530e-01-j9.22544396300625096918e-02
  -1.39337305930347710170e-01-j9.03354011249314359233e-02
  -1.40996557478057754631e-01-j8.83851453697765826467e-02
  -1.42626468505818615462e-01-j8.64041381203939640177e-02
  -1.44226469286327985131e-01-j8.43928557425207420684e-02
  -1.45795998391802211769e-01-j8.23517850620790331506e-02
  -1.47334502881812046127e-01-j8.02814232121828452726e-02
  -1.48841438488212074454e-01-j7.81822774769137113227e-02
  -1.50316269797098139849e-01-j7.60548651319682134098e-02
  -1.51758470427766078981e-01-j7.38997132821810620573e-02
  -1.53167523208607020413e-01-j7.17173586960278552915e-02
  -1.54542920349901635735e-01-j6.95083476371302910746e-02
  -1.55884163613470183574e-01-j6.72732356928314456646e-02
  -1.57190764479129607700e-01-j6.50125875999006813677e-02
  -1.58462244307922023312e-01-j6.27269770674104970576e-02
  -1.59698134502058858297e-01-j6.04169865968752564656e-02
  -1.60897976661552866151e-01-j5.80832072996706472168e-02
  -1.62061322737490992596e-01-j5.57262387118157426213e-02
  -1.63187735181907711546e-01-j5.33466886061761194626e-02
  -1.64276787094221971008e-01-j5.09451728021390326528e-02
  -1.65328062364195033096e-01-j4.85223149728261013425e-02
  -1.66341155811381313789e-01-j4.60787464498944518421e-02
  -1.67315673321021263220e-01-j4.36151060260183687234e-02
  -1.68251231976352999542e-01-j4.11320397550587607549e-02
  -1.69147460187303644297e-01-j3.86302007500362379333e-02
  -1.70003997815521057380e-01-j3.61102489789426189803e-02
  -1.70820496295721019342e-01-j3.35728510584452979892e-02
  -1.71596618753311586092e-01-j3.10186800455765909756e-02
  -1.72332040118263279949e-01-j2.84484152274597362764e-02
  -1.73026447235198860275e-01-j2.58627419091090084147e-02
  -1.73679538969668229020e-01-j2.32623511994116544122e-02
  -1.74291026310579910685e-01-j2.06479397953372688368e-02
  -1.74860632468763932401e-01-j1.80202097644301846568e-02
  -1.75388092971637460371e-01-j1.53798683256674978415e-02
  -1.75873155753944215851e-01-j1.27276276287515751479e-02
  -1.76315581244549823836e-01-j1.00642045318733806131e-02
  -1.76715142449259843271e-01-j7.39032037806734883045e-03
  -1.77071625029645185467e-01-j4.70670077017184065871e-03
  -1.77384827377846887586e-01-j2.01407534450084553870e-03
  -1.77654560687344864611e-01+j6.86822456717664899320e-04
  -1.77880649019663134025e-01+j3.39525561407416111293e-03
  -1.78062929367002603653e-01+j6.11048376079160494856e-03
  -1.78201251710772029524e-01+j8.83176341357190183845e-03
  -1.78295479076009621977e-01+j1.15583482043827324992e-02
  -1.78345487581677258904e-01+j1.42894891131373196619e-02
  -1.78351166486808598854e-01+j1.70244347011737975905e-02
  -1.78312418232503683280e-01+j1.97624313454737542128e-02
  -1.78229158479755928068e-01+j2.25027234735425789303e-02
  -1.78101316143096322087e-01+j2.52445537988904983306e-02
  -1.77928833420054249848e-01+j2.79871635570198770693e-02
  -1.77711665816417951902e-01+j3.07297927418671915079e-02
  -1.77449782167290182056e-01+j3.34716803426147527234e-02
  -1.77143164653937673636e-01+j3.62120645807932697857e-02
  -1.76791808816420759065e-01+j3.89501831476282214806e-02
  -1.76395723562009359986e-01+j4.16852734415115028233e-02
  -1.75954931169376271871e-01+j4.44165728055687311637e-02
  -1.75469467288572211761e-01+j4.71433187652169974347e-02
  -1.74939380936777244546e-01+j4.98647492656590848870e-02
  -1.74364734489838885123e-01+j5.25801029092176699931e-02
  -1.73745603669593212670e-01+j5.52886191924584768920e-02
  -1.73082077526973854287e-01+j5.79895387430170924925e-02
  -1.72374258420924103552e-01+j6.06821035560419497212e-02
  -1.71622261993106622890e-01+j6.33655572302027902953e-02
  -1.70826217138427022268e-01+j6.60391452031786618804e-02
  -1.69986265971386107942e-01+j6.87021149865421482117e-02
  -1.69102563788256804456e-01+j7.13537163999853341068e-02
  -1.68175279025120277820e-01+j7.39932018047941841843e-02
  -1.67204593211755930815e-01+j7.66198263365112514078e-02
  -1.66190700921413442304e-01+j7.92328481367028103488e-02
  -1.65133809716480978169e-01+j8.18315285837684647241e-02
  -1.64034140090064201045e-01+j8.44151325227066595680e-02
  -1.62891925403504223002e-01+j8.69829284937746333162e-02
  -1.61707411819845520151e-01+j8.95341889599693546709e-02
  -1.60480858233290502035e-01+j9.20681905332443317747e-02
  -1.59212536194645731813e-01+j9.45842141994136381689e-02
  -1.57902729832808036425e-01+j9.70815455416477735007e-02
  -1.56551735772296585214e-01+j9.95594749625144104233e-02
  -1.55159863046870766246e-01+j1.02017297904474654735e-01
  -1.53727433009267888675e-01+j1.04454315068770134389e-01
  -1.52254779237066734110e-01+j1.06869832632650957338e-01
  -1.50742247434749371271e-01+j1.09263162464841384613e-01
  -1.49190195331954184033e-01+j1.11633622339206234342e-01
  -1.47598992577978260776e-01+j1.13980536146545227694e-01
  -1.45969020632562063167e-01+j1.16303234104429456530e-01
  -1.44300672652985795263e-01+j1.18601052965043182730e-01
  -1.42594353377523352933e-01+j1.20873336220945939989e-01
  -1.40850479005287798628e-01+j1.23119434308702008218e-01
  -1.39069477072515712557e-01+j1.25338704810306206250e-01
  -1.37251786325319619086e-01+j1.27530512652357597148e-01
  -1.35397856588967496760e-01+j1.29694230302902058227e-01
  -1.33508148633720596932e-01+j1.31829237965894519036e-01
  -1.31583134037281362927e-01+j1.33934923773224023869e-01
  -1.29623295043888253630e-01+j1.36010683974237461813e-01
  -1.27629124420122863626e-01+j1.38055923122700846539e-01
  -1.25601125307453403979e-01+j1.40070054261153903452e-01
  -1.23539811071579228030e-01+j1.42052499102594237401e-01
  -1.21445705148621477254e-01+j1.44002688209437818001e-01
  -1.19319340888218036745e-01+j1.45920061169696246850e-01
  -1.17161261393553414734e-01+j1.47804066770339553871e-01
  -1.14972019358399027422e-01+j1.49654163167765891229e-01
  -1.12752176901205244941e-01+j1.51469818055346705510e-01
  -1.10502305396299654872e-01+j1.53250508827991405170e-01
  -1.08222985302249607997e-01+j1.54995722743685671041e-01
  -1.05914805987438742640e-01+j1.56704957081952506170e-01
  -1.03578365552920173553e-01+j1.58377719299196667579e-01
  -1.01214270652599441780e-01+j1.60013527180881132139e-01
  -9.88231363108004329243e-02+j1.61611908990494906879e-01
  -9.64055857372836388919e-02+j1.63172403615272160193e-01
  -9.39622501397582854388e-02+j1.64694560708615850286e-01
  -9.14937685339665129902e-02+j1.66177940829190073924e-01
  -8.90007875513827706460e-02+j1.67622115576635116740e-01
  -8.64839612445976735344e-02+j1.69026667723880807959e-01
  -8.39439508904400583100e-02+j1.70391191346004639007e-01
  -8.13814247909123850144e-02+j1.71715291945607251289e-01
  -7.87970580719777324852e-02+j1.72998586574673457461e-01
  -7.61915324802803078930e-02+j1.74240703952876718752e-01
  -7.35655361778543570583e-02+j1.75441284582299600325e-01
  -7.09197635348810112577e-02+j1.76599980858539729045e-01
  -6.82549149205597810441e-02+j1.77716457178165809783e-01
  -6.55716964921578132630e-02+j1.78790390042498664736e-01
  -6.28708199822969743265e-02+j1.79821468157687291978e-01
  -6.01530024845484054263e-02+j1.80809392531050966424e-01
  -5.74189662373923506711e-02+j1.81753876563663652188e-01
  -5.46694384066062355476e-02+j1.82654646139156662255e-01
  -5.19051508661609178885e-02+j1.83511439708709034324e-01
  -4.91268399776658912237e-02+j1.84324008372207803763e-01
  -4.63352463684467419380e-02+j1.85092115955558633722e-01
  -4.35311147083133551106e-02+j1.85815539084115549651e-01
  -4.07151934850871963234e-02+j1.86494067252218953534e-01
  -3.78882347789429377305e-02+j1.87127502888821101168e-01
  -3.50509940356463975397e-02+j1.87715661419173868163e-01
</dep>
<dep S[3,2] frequency>
  -2.54956416125740612313e-03+j3.60144742893266228689e-02
  -1.97756330265843032618e-03+j3.62131179159882118923e-02
  -1.40002118130405726198e-03+j3.64020386195496384318e-02
  -8.17122014538629402175e-04+j3.65811112762612772320e-02
  -2.29052618433964617212e-04+j3.67502148223958005624e-02
  +3.63997698127344906059e-04+j3.69092323063637123282e-02
  +9.61837240396472802073e-04+j3.70580509376193731330e-02
  +1.56427203560987292119e-03+j3.71965621323627135264e-02
  +2.17110594165341799777e-03+j3.73246615560035924219e-02
  +2.78214075642774314595e-03+j3.74422491623779343795e-02
  +3.39717632779672120552e-03+j3.75492292297318550065e-02
  +4.01601066404028497758e-03+j3.76455103934304341484e-02
  +4.63844004466546031701e-03+j3.77310056754349282260e-02
  +5.26425913150732963097e-03+j3.78056325105135121456e-02
  +5.89326107998647784336e-03+j3.78693127692303482812e-02
  +6.52523765043438921246e-03+j3.79219727776848453127e-02
  +7.15997931937907301086e-03+j3.79635433340565209281e-02
  +7.79727539067748449952e-03+j3.79939597219404526229e-02
  +8.43691410641594224940e-03+j3.80131617205192937070e-02
  +9.07868275745016273248e-03+j3.80210936115784811640e-02
  +9.72236779350870577998e-03+j3.80177041834128745523e-02
  +1.03677549327476116459e-02+j3.80029467316410352051e-02
  +1.10146292706698144259e-02+j3.79767790569697019643e-02
  +1.16627753883092270121e-02+j3.79391634599504853909e-02
  +1.23119774595865875272e-02+j3.78900667327598458800e-02
  +1.29620193577498835080e-02+j3.78294601480640910185e-02
  +1.36126847608104752790e-02+j3.77573194449948648654e-02
  +1.42637572558895441011e-02+j3.76736248123156272638e-02
  +1.49150204423818891208e-02+j3.75783608687929385206e-02
  +1.55662580338679253089e-02+j3.74715166408765634753e-02
  +1.62172539586911100551e-02+j3.73530855376988518701e-02
  +1.68677924591117342490e-02+j3.72230653234959449338e-02
  +1.75176581889834419303e-02+j3.70814580874827201540e-02
  +1.81666363098639573048e-02+j3.69282702112656083249e-02
  +1.88145125854998970794e-02+j3.67635123338640873447e-02
  +1.94610734746106378568e-02+j3.65871993143865939513e-02
  +2.01061062219265902773e-02+j3.63993501924637988254e-02
  +2.07493989473959694614e-02+j3.61999881464901696049e-02
  +2.13907407335207910837e-02+j3.59891404497653388805e-02
  +2.20299217107631541135e-02+j3.57668384245930018328e-02
  +2.26667331409719334523e-02+j3.55331173944435779744e-02
  +2.33009674987710857508e-02+j3.52880166342246850975e-02
  +2.39324185508788742083e-02+j3.50315793187847973611e-02
  +2.45608814333096205085e-02+j3.47638524696829501193e-02
  +2.51861527264156323525e-02+j3.44848869003509181375e-02
  +2.58080305277391605645e-02+j3.41947371597066257509e-02
  +2.64263145226372973828e-02+j3.38934614743112150315e-02
  +2.70408060526563381876e-02+j3.35811216891574171317e-02
  +2.76513081816220605835e-02+j3.32577832071669562963e-02
  +2.82576257594304956766e-02+j3.29235149275026103832e-02
  +2.88595654835112208625e-02+j3.25783891827478022662e-02
  +2.94569359579570956564e-02+j3.22224816750859774372e-02
  +3.00495477502979897733e-02+j3.18558714115174876347e-02
  +3.06372134459110267990e-02+j3.14786406382451949826e-02
  +3.12197477000654560753e-02+j3.10908747742844257522e-02
  +3.17969672875938746959e-02+j3.06926623443943558112e-02
  +3.23686911501843699313e-02+j3.02840949114277988019e-02
  +3.29347404413076819130e-02+j2.98652670081608062613e-02
  +3.34949385687798376066e-02+j2.94362760687089386469e-02
  +3.40491112349599264753e-02+j2.89972223596015286906e-02
  +3.45970864746114534216e-02+j2.85482089106070049955e-02
  +3.51386946904269914516e-02+j2.80893414453748484216e-02
  +3.56737686862440631086e-02+j2.76207283119964154550e-02
  +3.62021436979624647301e-02+j2.71424804135495904844e-02
  +3.67236574221974573784e-02+j2.66547111387108841274e-02
  +3.72381500426819320171e-02+j2.61575362925146916171e-02
  +3.77454642544590504571e-02+j2.56510740273277054735e-02
  +3.82454452858865395770e-02+j2.51354447741265821237e-02
  +3.87379409184870418525e-02+j2.46107711741352132295e-02
  +3.92228015046906866581e-02+j2.40771780109056560137e-02
  +3.96998799834871046732e-02+j2.35347921429048985431e-02
  +4.01690318940583976359e-02+j2.29837424366831043210e-02
  +4.06301153873981427123e-02+j2.24241597006698129002e-02
  +4.10829912360030982676e-02+j2.18561766196911852478e-02
  +4.15275228416385686070e-02+j2.12799276902417046353e-02
  +4.19635762412771465280e-02+j2.06955491565844196256e-02
  +4.23910201112126031053e-02+j2.01031789477332384353e-02
  +4.28097257694379784709e-02+j1.95029566153769491621e-02
  +4.32195671763236435869e-02+j1.88950232727803646426e-02
  +4.36204209336578177525e-02+j1.82795215347404602091e-02
  +4.40121662821061215842e-02+j1.76565954586189316489e-02
  +4.43946850971447815049e-02+j1.70263904865118262388e-02
  +4.47678618835362848727e-02+j1.63890533885922042023e-02
  +4.51315837683986531559e-02+j1.57447322076653024869e-02
  +4.54857404929441960784e-02+j1.50935762049847991412e-02
  +4.58302244029354724497e-02+j1.44357358073514008973e-02
  +4.61649304379331271164e-02+j1.37713625555258966510e-02
  +4.64897561194019051656e-02+j1.31006090540005202399e-02
  +4.68046015377353158415e-02+j1.24236289221460113885e-02
  +4.71093693382665795744e-02+j1.17405767467515121522e-02
  +4.74039647063362323820e-02+j1.10516080359936031546e-02
  +4.76882953514852839239e-02+j1.03568791748458090968e-02
  +4.79622714908293570901e-02+j9.65654738194270632901e-03
  +4.82258058317017804240e-02+j8.95077066791415132396e-03
  +4.84788135536197845044e-02+j8.23970779520500143378e-03
  +4.87212122896377997083e-02+j7.52351823937743788284e-03
  +4.89529221071776446395e-02+j6.80236215191312373896e-03
  +4.91738654883777659421e-02+j6.07640032451021300242e-03
  +4.93839673100474052525e-02+j5.34579415487508070870e-03
  +4.95831548232810517818e-02+j4.61070561401050009465e-03
  +4.97713576328124504555e-02+j3.87129721499243802108e-03
  +4.99485076761581534011e-02+j3.12773198322598968910e-03
  +5.01145392026319386192e-02+j2.38017342817144683317e-03
  +5.02693887522834559345e-02+j1.62878551653027753288e-03
  +5.04129951348310303971e-02+j8.73732646866713300038e-04
  +5.05452994086468890278e-02+j1.15179625659746643490e-04
  +5.06662448598628398222e-02-j6.46708355247103397132e-04
  +5.07757769816482712466e-02-j1.41176573981243716135e-03
  +5.08738434537282374626e-02-j2.17982662761052794348e-03
  +5.09603941221947603912e-02-j2.95072479231509986891e-03
  +5.10353809796700655377e-02-j3.72429369888527869031e-03
  +5.10987581458726344841e-02-j4.50036651948489650754e-03
  +5.11504818486484963413e-02-j5.27877614816737745357e-03
  +5.11905104055118131967e-02-j6.05935521436403150969e-03
  +5.12188042057459200218e-02-j6.84193609521081651248e-03
  +5.12353256931194558921e-02-j7.62635092675814901114e-03
  +5.12400393492570549459e-02-j8.41243161409335228618e-03
  +5.12329116777119966675e-02-j9.20000984043860790818e-03
  +5.12139111887871673057e-02-j9.98891707524383019867e-03
  +5.11830083851407199869e-02-j1.07789845813424742943e-02
  +5.11401757482147847900e-02-j1.15700434212095883829e-02
  +5.10853877255334071217e-02-j1.23619244623622247248e-02
  +5.10186207188856113981e-02-j1.31544583819719253931e-02
  +5.09398530734500656902e-02-j1.39474756707216127755e-02
  +5.08490650678682029606e-02-j1.47408066359702577541e-02
  +5.07462389053119841686e-02-j1.55342814042800508867e-02
  +5.06313587055619920840e-02-j1.63277299233505930609e-02
  +5.05044104981186431358e-02-j1.71209819634288544499e-02
  +5.03653822163777215026e-02-j1.79138671182393939552e-02
  +5.02142636928725877299e-02-j1.87062148055008731218e-02
  +5.00510466556157440632e-02-j1.94978542670798359049e-02
  +4.98757247255417895948e-02-j2.02886145688430941103e-02
  +4.96882934150668295614e-02-j2.10783246002702248645e-02
  +4.94887501277785357701e-02-j2.18668130738730107088e-02
  +4.92770941592509809093e-02-j2.26539085244989307766e-02
  +4.90533266990016494913e-02-j2.34394393085595592607e-02
  +4.88174508335826456973e-02-j2.42232336032576142659e-02
  +4.85694715508111704572e-02-j2.50051194058594460079e-02
  +4.83093957451321345808e-02-j2.57849245330832900491e-02
  +4.80372322241046645352e-02-j2.65624766206520625256e-02
  +4.77529917160175870761e-02-j2.73376031230754303059e-02
  +4.74566868786051518359e-02-j2.81101313137138292264e-02
  +4.71483323088616804175e-02-j2.88798882851891321188e-02
  +4.68279445539397862208e-02-j2.96467009501880859879e-02
  +4.64955421231071502897e-02-j3.04103960427256417298e-02
  +4.61511455007542342743e-02-j3.11708001199129738912e-02
  +4.57947771604111375510e-02-j3.19277395642929909259e-02
  +4.54264615797820500709e-02-j3.26810405867904163468e-02
  +4.50462252567262119718e-02-j3.34305292303324549930e-02
  +4.46540967262034349528e-02-j3.41760313741879678817e-02
  +4.42501065781184532710e-02-j3.49173727390786892144e-02
  +4.38342874760511633236e-02-j3.56543788931094757233e-02
  +4.34066741768292310710e-02-j3.63868752585592356019e-02
  +4.29673035509113496189e-02-j3.71146871195906849494e-02
  +4.25162146035406099398e-02-j3.78376396309103787963e-02
  +4.20534484966291755015e-02-j3.85555578274309057596e-02
  +4.15790485713317739536e-02-j3.92682666349680395412e-02
  +4.10930603712644365588e-02-j3.99755908820228073042e-02
  +4.05955316663256932097e-02-j4.06773553126763137699e-02
  +4.00865124770699160495e-02-j4.13733846006350547420e-02
  +3.95660550995943494090e-02-j4.20635033644684852572e-02
  +3.90342141308699375202e-02-j4.27475361840583961692e-02
  +3.84910464944972080525e-02-j4.34253076183006847533e-02
  +3.79366114668036463753e-02-j4.40966422240818695100e-02
  +3.73709707032492954859e-02-j4.47613645765587431224e-02
  +3.67941882650819618306e-02-j4.54192992907626186261e-02
  +3.62063306461859607532e-02-j4.60702710445527671701e-02
  +3.56074668000692234893e-02-j4.67141046029384068849e-02
  +3.49976681669317557510e-02-j4.73506248437826071651e-02
  +3.43770087007608388108e-02-j4.79796567849102434389e-02
  +3.37455648963919732641e-02-j4.86010256126246167896e-02
  +3.31034158164807551517e-02-j4.92145567116535898045e-02
  +3.24506431183217147751e-02-j4.98200756965219634931e-02
  +3.17873310804620071157e-02-j5.04174084443672759770e-02
  +3.11135666290437706838e-02-j5.10063811291960947369e-02
  +3.04294393638205803998e-02-j5.15868202575833836865e-02
  +2.97350415837841011713e-02-j5.21585527058155210001e-02
  +2.90304683123452332560e-02-j5.27214057584758435948e-02
  +2.83158173220094018518e-02-j5.32752071484623654363e-02
  +2.75911891584809630673e-02-j5.38197850984314524192e-02
  +2.68566871641478834010e-02-j5.43549683636664129893e-02
  +2.61124175008739765891e-02-j5.48805862763398349946e-02
  +2.53584891720585389741e-02-j5.53964687911767325601e-02
  +2.45950140438854700231e-02-j5.59024465324879510364e-02
  +2.38221068657186070550e-02-j5.63983508425572183098e-02
  +2.30398852895801614649e-02-j5.68840138313653972957e-02
  +2.22484698886594237099e-02-j5.73592684276244199615e-02
  +2.14479841747937209628e-02-j5.78239484310981849413e-02
  +2.06385546148683610146e-02-j5.82778885661798876083e-02
  +1.98203106460834374558e-02-j5.87209245367010038152e-02
  +1.89933846900355342291e-02-j5.91528930819349985093e-02
  +1.81579121655578122618e-02-j5.95736320337670599567e-02
  +1.73140315002758803098e-02-j5.99829803749935275281e-02
  +1.64618841408284977135e-02-j6.03807782987106217432e-02
  +1.56016145617004550056e-02-j6.07668672687556032930e-02
  +1.47333702726297668256e-02-j6.11410900811631338736e-02
  +1.38573018245393524139e-02-j6.15032909265882249406e-02
  +1.29735628139524845209e-02-j6.18533154536528573253e-02
  +1.20823098858467651434e-02-j6.21910108331772890078e-02
  +1.11837027349139059990e-02-j6.25162258232358908350e-02
</dep>
<dep S[3,4] frequency>
  -7.08753581383110953240e-01+j6.16190444595346664691e-01
  -6.96481225288336003310e-01+j6.29601238311565114536e-01
  -6.83955746139091824709e-01+j6.42767667171646350788e-01
  -6.71182014228611123485e-01+j6.55684971956956519357e-01
  -6.58164988742822143486e-01+j6.68348490866757627415e-01
  -6.44909715792308380067e-01+j6.80753661156474620952e-01
  -6.31421326414675854188e-01+j6.92896020735494277965e-01
  -6.17705034548965081775e-01+j7.04771209723347502596e-01
  -6.03766134982283375621e-01+j7.16374971964496398691e-01
  -5.89610001270093664338e-01+j7.27703156500795311779e-01
  -5.75242083630953082718e-01+j7.38751719001356610406e-01
  -5.60667906816149641536e-01+j7.49516723149811325833e-01
  -5.45893067956032096433e-01+j7.59994341987833887941e-01
  -5.30923234382980613333e-01+j7.70180859215433444298e-01
  -5.15764141432893508110e-01+j7.80072670446919747000e-01
  -5.00421590225156642795e-01+j7.89666284422907538421e-01
  -4.84901445422779964201e-01+j7.98958324177623802065e-01
  -4.69209632973260237776e-01+j8.07945528161399084688e-01
  -4.53352137831124768486e-01+j8.16624751318178021542e-01
  -4.37335001663045563891e-01+j8.24992966117770842871e-01
  -4.21164320536628278280e-01+j8.33047263542564309091e-01
  -4.04846242593601191029e-01+j8.40784854028627348654e-01
  -3.88386965708211684412e-01+j8.48203068361077616721e-01
  -3.71792735132197627035e-01+j8.55299358523338493221e-01
  -3.55069841126621432714e-01+j8.62071298500482252614e-01
  -3.38224616582011416988e-01+j8.68516585036243515816e-01
  -3.21263434627296229351e-01+j8.74633038343872293296e-01
  -3.04192706228749942809e-01+j8.80418602770533520463e-01
  -2.87018877779514458570e-01+j8.85871347415374099654e-01
  -2.69748428680983365346e-01+j8.90989466701052168496e-01
  -2.52387868916315427636e-01+j8.95771280898914890045e-01
  -2.34943736617827164670e-01+j9.00215236607500246535e-01
  -2.17422595628106979371e-01+j9.04319907184756743845e-01
  -1.99831033056522638924e-01+j9.08083993133650291263e-01
  -1.82175656831739446462e-01+j9.11506322441372862642e-01
  -1.64463093250689418312e-01+j9.14585850872214556340e-01
  -1.46699984525570675808e-01+j9.17321662214040878247e-01
  -1.28892986329008640833e-01+j9.19712968478555881191e-01
  -1.11048765338732410846e-01+j9.21759110055384134341e-01
  -9.31739967821808984239e-02+j9.23459555820094091239e-01
  -7.52753619822229130820e-02+j9.24813903196239683879e-01
  -5.73595459044212371835e-02+j9.25821878171583678707e-01
  -3.94332347070613584150e-02+j9.26483335268612262503e-01
  -2.15031132942858152490e-02+j9.26798257469482300586e-01
  -3.57586287352239674125e-03+j9.26766756095569244067e-01
  +1.43418414822129129671e-02+j9.26389070641764234004e-01
  +3.22433332664343111351e-02+j9.25665568565720242589e-01
  +5.01219569646895735104e-02+j9.24596745032212452564e-01
  +6.79710704730277365249e-02+j9.23183222612792508954e-01
  +8.57840475082684017494e-02+j9.21425750941003096628e-01
  +1.03554280009809318575e-01+j9.19325206323284072063e-01
  +1.21275180531688966945e-01+j9.16882591305864691478e-01
  +1.38940184624745277642e-01+j9.14099034197813686831e-01
  +1.56542753207465717979e-01+j9.10975788550549614442e-01
  +1.74076374925535737326e-01+j9.07514232593994996101e-01
  +1.91534568498723467567e-01+j9.03715868629682783641e-01
  +2.08910885054758993506e-01+j8.99582322381067500672e-01
  +2.26198910449411261236e-01+j8.95115342301282757020e-01
  +2.43392267571907655599e-01+j8.90316798838696188412e-01
  +2.60484618635349773896e-01+j8.85188683660458552893e-01
  +2.77469667450891965821e-01+j8.79733108834459875958e-01
  +2.94341161685572116902e-01+j8.73952305969876164227e-01
  +3.11092895102667965634e-01+j8.67848625316736010937e-01
  +3.27718709784122097517e-01+j8.61424534824736798377e-01
  +3.44212498334236449704e-01+j8.54682619161715062539e-01
  +3.60568206064069696204e-01+j8.47625578692064785002e-01
  +3.76779833155843846271e-01+j8.40256228415438233270e-01
  +3.92841436806495525325e-01+j8.32577496866208077719e-01
  +4.08747133350126745643e-01+j8.24592424973814686062e-01
  +4.24491100358232398282e-01+j8.16304164884659400059e-01
  +4.40067578717416751921e-01+j8.07715978745681129070e-01
  +4.55470874683651605341e-01+j7.98831237450208786477e-01
  +4.70695361912810417149e-01+j7.89653419346245111221e-01
  +4.85735483466293638255e-01+j7.80186108907932607259e-01
  +5.00585753791741971952e-01+j7.70432995370219808606e-01
  +5.15240760677587950056e-01+j7.60397871327550323173e-01
  +5.29695167181391535216e-01+j7.50084631296634385400e-01
  +5.43943713530784855870e-01+j7.39497270244114157656e-01
  +5.57981218996931427334e-01+j7.28639882079228584644e-01
  +5.71802583739443592847e-01+j7.17516658112249072765e-01
  +5.85402790622385649222e-01+j7.06131885478964771430e-01
  +5.98776907000752145471e-01+j6.94489945531770458409e-01
  +6.11920086476690716637e-01+j6.82595312197877723825e-01
  +6.24827570625098416279e-01+j6.70452550305027594746e-01
  +6.37494690687636977877e-01+j6.58066313875506292419e-01
  +6.49916869234991145809e-01+j6.45441344388627880058e-01
  +6.62089621796526861530e-01+j6.32582469012504811090e-01
  +6.74008558456835271677e-01+j6.19494598805532814545e-01
  +6.85669385418645194186e-01+j6.06182726888169987056e-01
  +6.97067906531461445319e-01+j5.92651926585612165432e-01
  +7.08200024785521131676e-01+j5.78907349541837201734e-01
  +7.19061743770223027461e-01+j5.64954223805913757772e-01
  +7.29649169096911354160e-01+j5.50797851890701739563e-01
  +7.39958509785110907231e-01+j5.36443608805045490939e-01
  +7.49986079611841160997e-01+j5.21896940059820457769e-01
  +7.59728298423598014111e-01+j5.07163359648447387151e-01
  +7.69181693410255107324e-01+j4.92248448002736538331e-01
  +7.78342900340518117908e-01+j4.77157849924665922181e-01
  +7.87208664758573317677e-01+j4.61897272494493638106e-01
  +7.95775843141191985275e-01+j4.46472482956307481494e-01
  +8.04041404014966265557e-01+j4.30889306581516584593e-01
  +8.12002429033244932377e-01+j4.15153624510935959080e-01
  +8.19656114012258463219e-01+j3.99271371576300104778e-01
  +8.26999769925957362027e-01+j3.83248534101997884171e-01
  +8.34030823859332914871e-01+j3.67091147687473140504e-01
  +8.40746819919518717512e-01+j3.50805294971549219696e-01
  +8.47145420104548074747e-01+j3.34397103378949844821e-01
  +8.53224405129207719156e-01+j3.17872742850133449544e-01
  +8.58981675207675654526e-01+j3.01238423555130252485e-01
  +8.64415250792614608955e-01+j2.84500393592082623240e-01
  +8.69523273270303209692e-01+j2.67664936671540731883e-01
  +8.74304005611566070755e-01+j2.50738369787075365824e-01
  +8.78755832978071582673e-01+j2.33727040873309310776e-01
  +8.82877263283858737530e-01+j2.16637326451926681692e-01
  +8.86666927711653229949e-01+j1.99475629266773563097e-01
  +8.90123581183812628836e-01+j1.82248375908779652876e-01
  +8.93246102787599971506e-01+j1.64962014431611514453e-01
  +8.96033496154592712379e-01+j1.47623011958865651971e-01
  +8.98484889793973673378e-01+j1.30237852283857785674e-01
  +9.00599537379552672611e-01+j1.12813033462723963374e-01
  +9.02376817990294455285e-01+j9.53550654018475996043e-02
  +9.03816236304226028331e-01+j7.78704674405458485698e-02
  +9.04917422745612376467e-01+j6.03657659297172910495e-02
  +9.05680133585185509482e-01+j4.28474918077704353125e-02
  +9.06104250993435722528e-01+j2.53221781743320807634e-02
  +9.06189783046829955282e-01+j7.79635786300557267342e-03
  +9.05936863686878646185e-01-j9.72343898615220074422e-03
  +9.05345752632068068166e-01-j2.72306873532029980467e-02
  +9.04416835242593086797e-01-j4.47188697632852835695e-02
  +9.03150622337904773751e-01-j6.21814787088999024189e-02
  +9.01547749967112066471e-01-j7.96120190684113521185e-02
  +8.99608979132250685673e-01-j9.70040105200976193744e-02
  +8.97335195464509571828e-01-j1.14350989950652473515e-01
  +8.94727408853494887708e-01-j1.31646513857098773626e-01
  +8.91786753029627288214e-01-j1.48884160741381194049e-01
  +8.88514485099826112346e-01-j1.66057533496449138966e-01
  +8.84911985036601844712e-01-j1.83160261783071626196e-01
  +8.80980755120755354426e-01-j2.00186004396293720786e-01
  +8.76722419337862879374e-01-j2.17128451620706680592e-01
  +8.72138722728773796433e-01-j2.33981327573472591697e-01
  +8.67231530694339669552e-01-j2.50738392534257559241e-01
  +8.62002828254646469297e-01-j2.67393445261149498293e-01
  +8.56454719263061714507e-01-j2.83940325291439532585e-01
  +8.50589425575300928095e-01-j3.00372915226686687529e-01
  +8.44409286173980810908e-01-j3.16685143000756064158e-01
  +8.37916756248843985766e-01-j3.32870984130293534609e-01
  +8.31114406233156910453e-01-j3.48924463946436669293e-01
  +8.24004920796600037747e-01-j3.64839659806969196509e-01
  +8.16591097795003273419e-01-j3.80610703288212781636e-01
  +8.08875847177510043373e-01-j3.96231782355393524764e-01
  +8.00862189851451966582e-01-j4.11697143510974028491e-01
  +7.92553256505452496938e-01-j4.27001093919982477320e-01
  +7.83952286391326635950e-01-j4.42138003511337474016e-01
  +7.75062626065138982057e-01-j4.57102307054574885647e-01
  +7.65887728088052277542e-01-j4.71888506210988656342e-01
  +7.56431149687455728348e-01-j4.86491171558448287637e-01
  +7.46696551378958406353e-01-j5.00904944589042333547e-01
  +7.36687695549764764991e-01-j5.15124539678866177894e-01
  +7.26408445004118497046e-01-j5.29144746029041490587e-01
  +7.15862761471352970766e-01-j5.42960429577288961056e-01
  +7.05054704077200278256e-01-j5.56566534879346153097e-01
  +6.93988427778964633852e-01-j5.69958086959455378917e-01
  +6.82668181765315629228e-01-j5.83130193129161145116e-01
  +6.71098307821241246707e-01-j5.96078044773843074289e-01
  +6.59283238658927350784e-01-j6.08796919106232570229e-01
  +6.47227496215245334810e-01-j6.21282180886249091323e-01
  +6.34935689916629297791e-01-j6.33529284106446044511e-01
  +6.22412514911881098456e-01-j6.45533773642666064418e-01
  +6.09662750273856968164e-01-j6.57291286868998070325e-01
  +5.96691257170669953069e-01-j6.68797555236646523724e-01
  +5.83502977007181899971e-01-j6.80048405816062184748e-01
  +5.70102929537589342424e-01-j6.91039762801782808666e-01
  +5.56496210949850467209e-01-j7.01767648979445879398e-01
  +5.42687991922766621578e-01-j7.12228187154455905095e-01
  +5.28683515656543145944e-01-j7.22417601541800791232e-01
  +5.14488095877562279234e-01-j7.32332219116524352209e-01
  +5.00107114818312714632e-01-j7.41968470924407430545e-01
  +4.85546021173141717497e-01-j7.51322893352406651069e-01
  +4.70810328030840441471e-01-j7.60392129358390067573e-01
  +4.55905610784760995102e-01-j7.69172929659804327507e-01
  +4.40837505021381970138e-01-j7.77662153880879669643e-01
  +4.25611704388136058430e-01-j7.85856771657983177448e-01
  +4.10233958441458712585e-01-j7.93753863702731043972e-01
  +3.94710070475732754947e-01-j8.01350622822651015298e-01
  +3.79045895334179705483e-01-j8.08644354898935602272e-01
  +3.63247337202482589724e-01-j8.15632479821077782667e-01
  +3.47320347385998651202e-01-j8.22312532378103866471e-01
  +3.31270922071483009397e-01-j8.28682163106124858309e-01
  +3.15105100074177524316e-01-j8.34739139091972837114e-01
  +2.98828960571141610814e-01-j8.40481344732731061598e-01
  +2.82448620821727003349e-01-j8.45906782450898675485e-01
  +2.65970233876068995471e-01-j8.51013573365079767363e-01
  +2.49399986272400647769e-01-j8.55799957915978404266e-01
  +2.32744095724282007431e-01-j8.60264296447570853132e-01
  +2.16008808798363233228e-01-j8.64405069743324427911e-01
  +1.99200398583734505920e-01-j8.68220879517374366507e-01
  +1.82325162353711101026e-01-j8.71710448860522735259e-01
  +1.65389419220926342513e-01-j8.74872622641009400901e-01
  +1.48399507786536516418e-01-j8.77706367860027647509e-01
  +1.31361783784565672173e-01-j8.80210773961862313897e-01
</dep>
<dep S[1,3] frequency>
  +1.01965924752537833581e-02-j1.35121539683859370751e-01
  +8.15469878669720579789e-03-j1.35778704160589375194e-01
  +6.09503968521966400795e-03-j1.36402639195174701925e-01
  +4.01819392820813945516e-03-j1.36992949191554608257e-01
  +1.92474837703379047030e-03-j1.37549249264092093847e-01
  -1.84702213407940619072e-04-j1.38071165395859035696e-01
  -2.30955540815368188731e-03-j1.38558334592466636526e-01
  -4.44920130844840035211e-03-j1.39010405031397998865e-01
  -6.60302277080640227097e-03-j1.39427036206785648353e-01
  -8.77039562870317659926e-03-j1.39807899069594454566e-01
  -1.09506889167973690130e-02-j1.40152676163168760093e-01
  -1.31432650976277196064e-02-j1.40461061754094229670e-01
  -1.53474802905865202740e-02-j1.40732761958350743869e-01
  -1.75626845031600087310e-02-j1.40967494862708014880e-01
  -1.97882218642384463680e-02-j1.41164990641349574751e-01
  -2.20234308594704844553e-02-j1.41324991667672761331e-01
  -2.42676445684951863635e-02-j1.41447252621265701089e-01
  -2.65201909039644231902e-02-j1.41531540590015075809e-01
  -2.87803928522585780736e-02-j1.41577635167337595457e-01
  -3.10475687157795686433e-02-j1.41585328544510224980e-01
  -3.33210323567058111505e-02-j1.41554425598088146065e-01
  -3.56000934421170228683e-02-j1.41484743972394078071e-01
  -3.78840576903905143502e-02-j1.41376114157067717114e-01
  -4.01722271187291354866e-02-j1.41228379559674183108e-01
  -4.24639002917623006872e-02-j1.41041396573352295629e-01
  -4.47583725710763505323e-02-j1.40815034639515335169e-01
  -4.70549363656033795000e-02-j1.40549176305589190727e-01
  -4.93528813827386475532e-02-j1.40243717277801049903e-01
  -5.16514948801101020370e-02-j1.39898566469006224722e-01
  -5.39500619178713003432e-02-j1.39513646041582117796e-01
  -5.62478656114624303575e-02-j1.39088891445365653299e-01
  -5.85441873846720070573e-02-j1.38624251450679192299e-01
  -6.08383072229837021383e-02-j1.38119688176422505954e-01
  -6.31295039270459157343e-02-j1.37575177113267360651e-01
  -6.54170553661890530339e-02-j1.36990707141967343885e-01
  -6.77002387319227266760e-02-j1.36366280546780238581e-01
  -6.99783307912710955678e-02-j1.35701913024053544277e-01
  -7.22506081398972960228e-02-j1.34997633685962820094e-01
  -7.45163474548942300624e-02-j1.34253485059450866634e-01
  -7.67748257471785877648e-02-j1.33469523080367469259e-01
  -7.90253206133733343552e-02-j1.32645817082859301950e-01
  -8.12671104871148797244e-02-j1.31782449784010297078e-01
  -8.34994748896759342305e-02-j1.30879517263791905757e-01
  -8.57216946798431828070e-02-j1.29937128940317114800e-01
  -8.79330523029437649551e-02-j1.28955407540460614824e-01
  -9.01328320389479520358e-02-j1.27934489065860190760e-01
  -9.23203202495741087619e-02-j1.26874522754331309216e-01
  -9.44948056242972261876e-02-j1.25775671036743336151e-01
  -9.66555794252022815183e-02-j1.24638109489370679794e-01
  -9.88019357305840451033e-02-j1.23462026781787553853e-01
  -1.00933171677240945963e-01-j1.22247624620302294818e-01
  -1.03048587701360494506e-01-j1.20995117687014416830e-01
  -1.05147487777954337651e-01-j1.19704733574490865267e-01
  -1.07229179658728066005e-01-j1.18376712716144388837e-01
  -1.09292975108364914805e-01-j1.17011308312314238345e-01
  -1.11338190139107215404e-01-j1.15608786252122883176e-01
  -1.13364145243592923107e-01-j1.14169425031138666027e-01
  -1.15370165625872850290e-01-j1.12693515664881643845e-01
  -1.17355581430535205190e-01-j1.11181361598236605470e-01
  -1.19319727969887587338e-01-j1.09633278610789280938e-01
  -1.21261945949106234033e-01-j1.08049594718169078567e-01
  -1.23181581689317656836e-01-j1.06430650069403165414e-01
  -1.25077987348530678124e-01-j1.04776796840364783137e-01
  -1.26950521140362898587e-01-j1.03088399123339391483e-01
  -1.28798547550501740755e-01-j1.01365832812771825000e-01
  -1.30621437550841656972e-01-j9.96094854872332513551e-02
  -1.32418568811240311422e-01-j9.78197562876566839574e-02
  -1.34189325908826623257e-01-j9.59970557919116451728e-02
  -1.35933100534821521554e-01-j9.41418058857276529583e-02
  -1.37649291698799913775e-01-j9.22544396300625096918e-02
  -1.39337305930347710170e-01-j9.03354011249314359233e-02
  -1.40996557478057754631e-01-j8.83851453697765965245e-02
  -1.42626468505818615462e-01-j8.64041381203939640177e-02
  -1.44226469286327985131e-01-j8.43928557425207281906e-02
  -1.45795998391802239524e-01-j8.23517850620790470284e-02
  -1.47334502881812046127e-01-j8.02814232121828452726e-02
  -1.48841438488212129965e-01-j7.81822774769137390782e-02
  -1.50316269797098139849e-01-j7.60548651319682134098e-02
  -1.51758470427766078981e-01-j7.38997132821810481795e-02
  -1.53167523208607020413e-01-j7.17173586960278136582e-02
  -1.54542920349901663490e-01-j6.95083476371303327079e-02
  -1.55884163613470183574e-01-j6.72732356928314456646e-02
  -1.57190764479129690967e-01-j6.50125875999006813677e-02
  -1.58462244307922023312e-01-j6.27269770674104554242e-02
  -1.59698134502058886053e-01-j6.04169865968752564656e-02
  -1.60897976661552866151e-01-j5.80832072996706472168e-02
  -1.62061322737490992596e-01-j5.57262387118157495602e-02
  -1.63187735181907739301e-01-j5.33466886061761610960e-02
  -1.64276787094221971008e-01-j5.09451728021390257140e-02
  -1.65328062364195060852e-01-j4.85223149728260805258e-02
  -1.66341155811381313789e-01-j4.60787464498944518421e-02
  -1.67315673321021263220e-01-j4.36151060260183687234e-02
  -1.68251231976353027298e-01-j4.11320397550587538160e-02
  -1.69147460187303644297e-01-j3.86302007500362379333e-02
  -1.70003997815521085135e-01-j3.61102489789426051026e-02
  -1.70820496295721019342e-01-j3.35728510584452632948e-02
  -1.71596618753311586092e-01-j3.10186800455765909756e-02
  -1.72332040118263252193e-01-j2.84484152274597085208e-02
  -1.73026447235198860275e-01-j2.58627419091090084147e-02
  -1.73679538969668201265e-01-j2.32623511994116752288e-02
  -1.74291026310579910685e-01-j2.06479397953372688368e-02
  -1.74860632468763932401e-01-j1.80202097644301846568e-02
  -1.75388092971637460371e-01-j1.53798683256674978415e-02
  -1.75873155753944271362e-01-j1.27276276287516029034e-02
  -1.76315581244549823836e-01-j1.00642045318733806131e-02
  -1.76715142449259843271e-01-j7.39032037806733495267e-03
  -1.77071625029645157712e-01-j4.70670077017184846496e-03
  -1.77384827377846887586e-01-j2.01407534450080390534e-03
  -1.77654560687344864611e-01+j6.86822456717664790900e-04
  -1.77880649019663106269e-01+j3.39525561407414680146e-03
  -1.78062929367002603653e-01+j6.11048376079160494856e-03
  -1.78201251710772029524e-01+j8.83176341357190183845e-03
  -1.78295479076009621977e-01+j1.15583482043827324992e-02
  -1.78345487581677258904e-01+j1.42894891131373196619e-02
  -1.78351166486808571099e-01+j1.70244347011737490183e-02
  -1.78312418232503683280e-01+j1.97624313454737264573e-02
  -1.78229158479755872557e-01+j2.25027234735425928080e-02
  -1.78101316143096322087e-01+j2.52445537988905260862e-02
  -1.77928833420054277603e-01+j2.79871635570198562526e-02
  -1.77711665816417951902e-01+j3.07297927418671915079e-02
  -1.77449782167290209811e-01+j3.34716803426147249678e-02
  -1.77143164653937673636e-01+j3.62120645807932697857e-02
  -1.76791808816420759065e-01+j3.89501831476282214806e-02
  -1.76395723562009359986e-01+j4.16852734415114750677e-02
  -1.75954931169376271871e-01+j4.44165728055687311637e-02
  -1.75469467288572211761e-01+j4.71433187652169974347e-02
  -1.74939380936777244546e-01+j4.98647492656590710092e-02
  -1.74364734489838912879e-01+j5.25801029092176422375e-02
  -1.73745603669593212670e-01+j5.52886191924584768920e-02
  -1.73082077526973826531e-01+j5.79895387430170716758e-02
  -1.72374258420924075796e-01+j6.06821035560419219657e-02
  -1.71622261993106622890e-01+j6.33655572302027902953e-02
  -1.70826217138426994513e-01+j6.60391452031786480026e-02
  -1.69986265971386080187e-01+j6.87021149865421204561e-02
  -1.69102563788256804456e-01+j7.13537163999853341068e-02
  -1.68175279025120277820e-01+j7.39932018047941841843e-02
  -1.67204593211755986326e-01+j7.66198263365112930412e-02
  -1.66190700921413442304e-01+j7.92328481367028103488e-02
  -1.65133809716480978169e-01+j8.18315285837684647241e-02
  -1.64034140090064201045e-01+j8.44151325227066595680e-02
  -1.62891925403504223002e-01+j8.69829284937746333162e-02
  -1.61707411819845520151e-01+j8.95341889599693407931e-02
  -1.60480858233290502035e-01+j9.20681905332443317747e-02
  -1.59212536194645704057e-01+j9.45842141994136520466e-02
  -1.57902729832808036425e-01+j9.70815455416477735007e-02
  -1.56551735772296585214e-01+j9.95594749625144104233e-02
  -1.55159863046870766246e-01+j1.02017297904474654735e-01
  -1.53727433009267860919e-01+j1.04454315068770106634e-01
  -1.52254779237066734110e-01+j1.06869832632650957338e-01
  -1.50742247434749399027e-01+j1.09263162464841412369e-01
  -1.49190195331954156277e-01+j1.11633622339206234342e-01
  -1.47598992577978260776e-01+j1.13980536146545227694e-01
  -1.45969020632562063167e-01+j1.16303234104429456530e-01
  -1.44300672652985795263e-01+j1.18601052965043127219e-01
  -1.42594353377523352933e-01+j1.20873336220945939989e-01
  -1.40850479005287798628e-01+j1.23119434308701980463e-01
  -1.39069477072515712557e-01+j1.25338704810306206250e-01
  -1.37251786325319619086e-01+j1.27530512652357597148e-01
  -1.35397856588967496760e-01+j1.29694230302902058227e-01
  -1.33508148633720596932e-01+j1.31829237965894519036e-01
  -1.31583134037281362927e-01+j1.33934923773224023869e-01
  -1.29623295043888281386e-01+j1.36010683974237489569e-01
  -1.27629124420122863626e-01+j1.38055923122700846539e-01
  -1.25601125307453403979e-01+j1.40070054261153903452e-01
  -1.23539811071579228030e-01+j1.42052499102594237401e-01
  -1.21445705148621477254e-01+j1.44002688209437818001e-01
  -1.19319340888218036745e-01+j1.45920061169696246850e-01
  -1.17161261393553414734e-01+j1.47804066770339553871e-01
  -1.14972019358399013544e-01+j1.49654163167765863474e-01
  -1.12752176901205244941e-01+j1.51469818055346705510e-01
  -1.10502305396299654872e-01+j1.53250508827991405170e-01
  -1.08222985302249621875e-01+j1.54995722743685698797e-01
  -1.05914805987438742640e-01+j1.56704957081952506170e-01
  -1.03578365552920173553e-01+j1.58377719299196639824e-01
  -1.01214270652599441780e-01+j1.60013527180881132139e-01
  -9.88231363108004329243e-02+j1.61611908990494906879e-01
  -9.64055857372836388919e-02+j1.63172403615272160193e-01
  -9.39622501397582715610e-02+j1.64694560708615850286e-01
  -9.14937685339665129902e-02+j1.66177940829190073924e-01
  -8.90007875513827706460e-02+j1.67622115576635088985e-01
  -8.64839612445976735344e-02+j1.69026667723880807959e-01
  -8.39439508904400583100e-02+j1.70391191346004639007e-01
  -8.13814247909123711366e-02+j1.71715291945607223534e-01
  -7.87970580719777324852e-02+j1.72998586574673457461e-01
  -7.61915324802803078930e-02+j1.74240703952876718752e-01
  -7.35655361778543570583e-02+j1.75441284582299600325e-01
  -7.09197635348810112577e-02+j1.76599980858539729045e-01
  -6.82549149205597810441e-02+j1.77716457178165809783e-01
  -6.55716964921578271408e-02+j1.78790390042498692491e-01
  -6.28708199822969882042e-02+j1.79821468157687319733e-01
  -6.01530024845484262430e-02+j1.80809392531050994180e-01
  -5.74189662373923506711e-02+j1.81753876563663652188e-01
  -5.46694384066062424865e-02+j1.82654646139156690010e-01
  -5.19051508661609178885e-02+j1.83511439708709034324e-01
  -4.91268399776658912237e-02+j1.84324008372207803763e-01
  -4.63352463684467419380e-02+j1.85092115955558633722e-01
  -4.35311147083133551106e-02+j1.85815539084115549651e-01
  -4.07151934850871963234e-02+j1.86494067252218953534e-01
  -3.78882347789429307916e-02+j1.87127502888821101168e-01
  -3.50509940356463975397e-02+j1.87715661419173868163e-01
</dep>
<dep S[1,1] frequency>
  -6.01442675393308763543e-03-j2.07662842105259823691e-03
  -5.99536332422887386501e-03-j2.10691709101134931614e-03
  -5.97707765120257788344e-03-j2.13848124704201555252e-03
  -5.95960843478267419254e-03-j2.17130502853614707967e-03
  -5.94299408880031784785e-03-j2.20537160823726201275e-03
  -5.92727271953756053302e-03-j2.24066319700616045987e-03
  -5.91248210434854905293e-03-j2.27716104899926361643e-03
  -5.89865967035934669893e-03-j2.31484546726402158276e-03
  -5.88584247325329209394e-03-j2.35369580974628721595e-03
  -5.87406717614569542918e-03-j2.39369049571049518840e-03
  -5.86337002855746771551e-03-j2.43480701257312893981e-03
  -5.85378684548865362708e-03-j2.47702192314569859602e-03
  -5.84535298660410033988e-03-j2.52031087328891470478e-03
  -5.83810333552997086370e-03-j2.56464859997615783269e-03
  -5.83207227927551655200e-03-j2.61000893976588103224e-03
  -5.82729368777802625434e-03-j2.65636483768059376148e-03
  -5.82380089358355487739e-03-j2.70368835649528434575e-03
  -5.82162667166658768375e-03-j2.75195068642847566129e-03
  -5.82080321939479165827e-03-j2.80112215524288806281e-03
  -5.82136213664706612253e-03-j2.85117223874575484444e-03
  -5.82333440608963359697e-03-j2.90206957169669406763e-03
  -5.82675037361786440915e-03-j2.95378195911548879424e-03
  -5.83163972896960820791e-03-j3.00627638799208247306e-03
  -5.83803148651769292232e-03-j3.05951903939757213768e-03
  -5.84595396624669992602e-03-j3.11347530099329245293e-03
  -5.85543477492328837131e-03-j3.16810977993960173407e-03
  -5.86650078746435866411e-03-j3.22338631619975427359e-03
  -5.87917812851356750420e-03-j3.27926799624174208567e-03
  -5.89349215422765772970e-03-j3.33571716713194302978e-03
  -5.90946743428789455360e-03-j3.39269545102325025682e-03
  -5.92712773413542077378e-03-j3.45016376003404135961e-03
  -5.94649599744464033013e-03-j3.50808231151636916445e-03
  -5.96759432883800511327e-03-j3.56641064371219064857e-03
  -5.99044397685153176547e-03-j3.62510763179579561036e-03
  -6.01506531716014796601e-03-j3.68413150429981479245e-03
  -6.04147783606567064657e-03-j3.74343985992250851552e-03
  -6.06970011426179959640e-03-j3.80298968471668059899e-03
  -6.09974981087924115336e-03-j3.86273736965293433207e-03
  -6.13164364782152297717e-03-j3.92263872855871855577e-03
  -6.16539739439724617659e-03-j3.98264901642995418352e-03
  -6.20102585226167332677e-03-j4.04272294811068404197e-03
  -6.23854284066843647188e-03-j4.10281471733852515227e-03
  -6.27796118204858397821e-03-j4.16287801615248219400e-03
  -6.31929268791749359363e-03-j4.22286605466105219309e-03
  -6.36254814512306893226e-03-j4.28273158116528138845e-03
  -6.40773730244282527929e-03-j4.34242690263210700391e-03
  -6.45486885753567950913e-03-j4.40190390551851214868e-03
  -6.50395044426226292406e-03-j4.46111407693503166094e-03
  -6.55498862037630445482e-03-j4.52000852615270891366e-03
  -6.60798885560243305648e-03-j4.57853800643951910909e-03
  -6.66295552010185126307e-03-j4.63665293723044061314e-03
  -6.71989187334235283516e-03-j4.69430342661853339942e-03
  -6.77880005337452764408e-03-j4.75143929416610693445e-03
  -6.83968106652776096366e-03-j4.80801009402855722419e-03
  -6.90253477753246039161e-03-j4.86396513838585793643e-03
  -6.96735990007824133180e-03-j4.91925352117468430574e-03
  -7.03415398781622770719e-03-j4.97382414211450414598e-03
  -7.10291342581414672508e-03-j5.02762573102209960052e-03
  -7.17363342247495129611e-03-j5.08060687240768395212e-03
  -7.24630800192303196200e-03-j5.13271603034325032272e-03
  -7.32092999687277128790e-03-j5.18390157359745456372e-03
  -7.39749104198199770172e-03-j5.23411180103080554693e-03
  -7.47598156770374125402e-03-j5.28329496723780375061e-03
  -7.55639079464075647669e-03-j5.33139930843353100631e-03
  -7.63870672841441070156e-03-j5.37837306857359351286e-03
  -7.72291615505314287676e-03-j5.42416452569680421214e-03
  -7.80900463691112586839e-03-j5.46872201848523989409e-03
  -7.89695650912415093858e-03-j5.51199397302829657841e-03
  -7.98675487660885016772e-03-j5.55392892978458403708e-03
  -8.07838161161717957515e-03-j5.59447557072797162225e-03
  -8.17181735184796705085e-03-j5.63358274667123855306e-03
  -8.26704149912934477262e-03-j5.67119950475303800930e-03
  -8.36403221867256137234e-03-j5.70727511608118930064e-03
  -8.46276643891157552557e-03-j5.74175910351703948364e-03
  -8.56321985192634409223e-03-j5.77460126959294418880e-03
  -8.66536691446718326803e-03-j5.80575172454774260378e-03
  -8.76918084957573583382e-03-j5.83516091447409176313e-03
  -8.87463364881675362272e-03-j5.86277964955676713504e-03
  -8.98169607512327647370e-03-j5.88855913239801076475e-03
  -9.09033766626084031859e-03-j5.91245098641138364798e-03
  -9.20052673891760992853e-03-j5.93440728427268703732e-03
  -9.31223039342388668460e-03-j5.95438057641772908873e-03
  -9.42541451910770301803e-03-j5.97232391956811943523e-03
  -9.54004380028953928583e-03-j5.98819090527528963275e-03
  -9.65608172292230920730e-03-j6.00193568846677655282e-03
  -9.77349058187808490683e-03-j6.01351301598197860582e-03
  -9.89223148888835820958e-03-j6.02287825508248352013e-03
  -1.00122643811392086216e-02-j6.02998742192168216136e-03
  -1.01335480305239349769e-02-j6.03479720995753633056e-03
  -1.02560400535591077914e-02-j6.03726501830013310285e-03
  -1.03796969219619571873e-02-j6.03734897996898150357e-03
  -1.05044739738955669045e-02-j6.03500799005068574998e-03
  -1.06303254258794735443e-02-j6.03020173374342258188e-03
  -1.07572043853704172461e-02-j6.02289071426505111251e-03
  -1.08850628640123989893e-02-j6.01303628061584244380e-03
  -1.10138517915558276777e-02-j6.00060065517776276833e-03
  -1.11435210304482914395e-02-j5.98554696113192188922e-03
  -1.12740193910950796397e-02-j5.96783924968081157247e-03
  -1.14052946477882551773e-02-j5.94744252705775664630e-03
  -1.15372935553047055446e-02-j5.92432278130718310838e-03
  -1.16699618661709816902e-02-j5.89844700881868994058e-03
  -1.18032443485924145449e-02-j5.86978324059930257894e-03
  -1.19370848050455273526e-02-j5.83830056826707601697e-03
  -1.20714260915293809806e-02-j5.80396916974701502362e-03
  -1.22062101374740220733e-02-j5.76676033465668268913e-03
  -1.23413779663010605980e-02-j5.72664648936079424130e-03
  -1.24768697166336151039e-02-j5.68360122167936923643e-03
  -1.26126246641498854922e-02-j5.63759930523461284119e-03
  -1.27485812440760529207e-02-j5.58861672341464787300e-03
  -1.28846770743123052033e-02-j5.53663069294339782456e-03
  -1.30208489791873160968e-02-j5.48161968703477636700e-03
  -1.31570330138332594605e-02-j5.42356345811832729620e-03
  -1.32931644891755885995e-02-j5.36244306011523716449e-03
  -1.34291779975293651406e-02-j5.29824087025332346457e-03
  -1.35650074387955749816e-02-j5.23094061040043755567e-03
  -1.37005860472482875884e-02-j5.16052736790182514648e-03
  -1.38358464189026562213e-02-j5.08698761590260350313e-03
  -1.39707205394593095282e-02-j5.01030923314631053411e-03
  -1.41051398128078358390e-02-j4.93048152322079786397e-03
  -1.42390350900874502332e-02-j4.84749523325132044421e-03
  -1.43723366992887444105e-02-j4.76134257201009034044e-03
  -1.45049744753863382729e-02-j4.67201722743767859647e-03
  -1.46368777909941152199e-02-j4.57951438355605651431e-03
  -1.47679755875266965903e-02-j4.48383073675827012461e-03
  -1.48981964068579803007e-02-j4.38496451146196206811e-03
  -1.50274684234627357859e-02-j4.28291547510872665228e-03
  -1.51557194770278996082e-02-j4.17768495250008323194e-03
  -1.52828771055206636548e-02-j4.06927583945036926150e-03
  -1.54088685786975612690e-02-j3.95769261574479593035e-03
  -1.55336209320425539665e-02-j3.84294135739289555165e-03
  -1.56570610011170299747e-02-j3.72502974815725352437e-03
  -1.57791154563071238381e-02-j3.60396709034959674897e-03
  -1.58997108379529336619e-02-j3.47976431487997256431e-03
  -1.60187735918424882520e-02-j3.35243399054766877745e-03
  -1.61362301050553963444e-02-j3.22199033255989421634e-03
  -1.62520067421378089367e-02-j3.08844921026933888833e-03
  -1.63660298815933129279e-02-j2.95182815411858734053e-03
  -1.64782259526678916128e-02-j2.81214636177776590789e-03
  -1.65885214724177040835e-02-j2.66942470347116423551e-03
  -1.66968430830356506789e-02-j2.52368572647771903170e-03
  -1.68031175894186660114e-02-j2.37495365879570154502e-03
  -1.69072719969614697344e-02-j2.22325441196972919261e-03
  -1.70092335495506744025e-02-j2.06861558305926037174e-03
  -1.71089297677447203794e-02-j1.91106645575262628668e-03
  -1.72062884871196641878e-02-j1.75063800061286164826e-03
  -1.73012378967540500496e-02-j1.58736287444577201661e-03
  -1.73937065778449195808e-02-j1.42127541879113051919e-03
  -1.74836235424191514809e-02-j1.25241165752301968767e-03
  -1.75709182721341290734e-02-j1.08080929355955086650e-03
  -1.76555207571327983651e-02-j9.06507704671209485654e-04
  -1.77373615349445297451e-02-j7.29547938389223842373e-04
  -1.78163717293995244040e-02-j5.49972706004854647484e-04
  -1.78924830895436787204e-02-j3.67826375659577960078e-04
  -1.79656280285236703842e-02-j1.83154964518561605728e-04
  -1.80357396624297727783e-02+j3.99386996788621161027e-06
  -1.81027518490639444115e-02+j1.93570839726319354670e-04
  -1.81665992266206166583e-02+j3.85525036636536963530e-04
  -1.82272172522511925752e-02+j5.79803944031730220804e-04
  -1.82845422404910758207e-02+j7.76353449119051761650e-04
  -1.83385114015281770750e-02+j9.75117856320448315316e-04
  -1.83890628792920049484e-02+j1.17603990152994166210e-03
  -1.84361357893339725122e-02+j1.37906076729477035034e-03
  -1.84796702564829010140e-02+j1.58412009890736694799e-03
  -1.85196074522505776949e-02+j1.79115602141280113105e-03
  -1.85558896319649099804e-02+j2.00010515752611830326e-03
  -1.85884601716055607168e-02+j2.21090264645581015615e-03
  -1.86172636043241482295e-02+j2.42348216362866381024e-03
  -1.86422456566225983043e-02+j2.63777594131204412564e-03
  -1.86633532841689424309e-02+j2.85371479012647144557e-03
  -1.86805347072264600616e-02+j3.07122812144359092629e-03
  -1.86937394456753377958e-02+j3.29024397066386567814e-03
  -1.87029183536048110303e-02+j3.51068902136134411429e-03
  -1.87080236534529868730e-02+j3.73248863029466797225e-03
  -1.87090089696699719835e-02+j3.95556685327159290866e-03
  -1.87058293618877422015e-02+j4.17984647185761729743e-03
  -1.86984413575720410938e-02+j4.40524902092030972572e-03
  -1.86868029841323023132e-02+j4.63169481700083634362e-03
  -1.86708738004757839046e-02+j4.85910298749613837194e-03
  -1.86506149279749532111e-02+j5.08739150064787051808e-03
  -1.86259890808383142546e-02+j5.31647719631937742957e-03
  -1.85969605958543650337e-02+j5.54627581755253156598e-03
  -1.85634954614951955265e-02+j5.77670204288978795387e-03
  -1.85255613463561029375e-02+j6.00766951944754160758e-03
  -1.84831276269142898150e-02+j6.23909089672686472533e-03
  -1.84361654145836426077e-02+j6.47087786114856292757e-03
  -1.83846475820533782064e-02+j6.70294117129325000420e-03
  -1.83285487888814532798e-02+j6.93519069383663998296e-03
  -1.82678455063360889454e-02+j7.16753544015786940580e-03
  -1.82025160414590395086e-02+j7.39988360360832077289e-03
  -1.81325405603375497399e-02+j7.63214259742182009327e-03
  -1.80579011105658077119e-02+j7.86421909324914319983e-03
  -1.79785816428791288268e-02+j8.09601906029926154940e-03
  -1.78945680319493281851e-02+j8.32744780506603984871e-03
  -1.78058480963156247345e-02+j8.55841001162619546827e-03
  -1.77124116174492036990e-02+j8.78880978248400973607e-03
  -1.76142503579209720732e-02+j9.01855067994691492195e-03
  -1.75113580786755082541e-02+j9.24753576800764649779e-03
  -1.74037305553793077151e-02+j9.47566765471808195032e-03
  -1.72913655938455763927e-02+j9.70284853502681107762e-03
  -1.71742630445139710105e-02+j9.92898023406438116900e-03
</dep>
<dep S[1,2] frequency>
  -6.02216074783487820277e-01-j7.46296477085248266548e-01
  -6.10455958502662321408e-01-j7.39304660088395571016e-01
  -6.18614479636116265659e-01-j7.32222272522981332266e-01
  -6.26690651013127264513e-01-j7.25050265373081481712e-01
  -6.34683496665127466763e-01-j7.17789600204596478505e-01
  -6.42592051934864572083e-01-j7.10441249031636634648e-01
  -6.50415363583939143410e-01-j7.03006194181909793706e-01
  -6.58152489898721104744e-01-j6.95485428161121577162e-01
  -6.65802500794642648785e-01-j6.87879953516408293446e-01
  -6.73364477918856563221e-01-j6.80190782698821272412e-01
  -6.80837514751261752011e-01-j6.72418937924885828927e-01
  -6.88220716703888069077e-01-j6.64565451037245624732e-01
  -6.95513201218630805478e-01-j6.56631363364420406192e-01
  -7.02714097863340048100e-01-j6.48617725579685222570e-01
  -7.09822548426262356358e-01-j6.40525597559106651957e-01
  -7.16837707008811109155e-01-j6.32356048238728374322e-01
  -7.23758740116690391098e-01-j6.24110155470952276957e-01
  -7.30584826749342997054e-01-j6.15789005880113649027e-01
  -7.37315158487738209203e-01-j6.07393694717274890138e-01
  -7.43948939580481805045e-01-j5.98925325714260714527e-01
  -7.50485387028257067143e-01-j5.90385010936942178361e-01
  -7.56923730666580030224e-01-j5.81773870637795398331e-01
  -7.63263213246881289109e-01-j5.73093033107752725108e-01
  -7.69503090515898491297e-01-j5.64343634527351256658e-01
  -7.75642631293382844859e-01-j5.55526818817221657021e-01
  -7.81681117548113202353e-01-j5.46643737487902958705e-01
  -7.87617844472227379704e-01-j5.37695549489027091461e-01
  -7.93452120553840734019e-01-j5.28683421057875135851e-01
  -7.99183267647985862148e-01-j5.19608525567328727313e-01
  -8.04810621045834784226e-01-j5.10472043373230710550e-01
  -8.10333529542229702436e-01-j5.01275161661173918048e-01
  -8.15751355501503461198e-01-j4.92019074292733227249e-01
  -8.21063474921595259914e-01-j4.82704981651162157164e-01
  -8.26269277496451848286e-01-j4.73334090486562053535e-01
  -8.31368166676720421471e-01-j4.63907613760550119331e-01
  -8.36359559728726775774e-01-j4.54426770490436726657e-01
  -8.41242887791739279990e-01-j4.44892785592932105132e-01
  -8.46017595933505672789e-01-j4.35306889727398838019e-01
  -8.50683143204082670152e-01-j4.25670319138663044711e-01
  -8.55239002687934402047e-01-j4.15984315499402901306e-01
  -8.59684661554311557730e-01-j4.06250125752140145430e-01
  -8.64019621105898916191e-01-j3.96469001950827903968e-01
  -8.68243396825746582834e-01-j3.86642201102084914766e-01
  -8.72355518422459508265e-01-j3.76770985006055880717e-01
  -8.76355529873668492868e-01-j3.66856620096949692655e-01
  -8.80242989467756142830e-01-j3.56900377283239977899e-01
  -8.84017469843868308743e-01-j3.46903531787574326284e-01
  -8.87678558030169262416e-01-j3.36867362986384200063e-01
  -8.91225855480376361051e-01-j3.26793154249225226149e-01
  -8.94658978108553326614e-01-j3.16682192777869020439e-01
  -8.97977556322162584479e-01-j3.06535769445143102541e-01
  -9.01181235053384099842e-01-j2.96355178633560478740e-01
  -9.04269673788687722293e-01-j2.86141718073739115269e-01
  -9.07242546596668475445e-01-j2.75896688682633006717e-01
  -9.10099542154140239703e-01-j2.65621394401591826018e-01
  -9.12840363770487717154e-01-j2.55317142034269362050e-01
  -9.15464729410271016441e-01-j2.44985241084386573540e-01
  -9.17972371714094514950e-01-j2.34627003593384758640e-01
  -9.20363038017722123740e-01-j2.24243743977964427039e-01
  -9.22636490369462602956e-01-j2.13836778867547261385e-01
  -9.24792505545795950894e-01-j2.03407426941660474107e-01
  -9.26830875065267068003e-01-j1.92957008767276921857e-01
  -9.28751405200630819614e-01-j1.82486846636112837183e-01
  -9.30553916989256379999e-01-j1.71998264401913902866e-01
  -9.32238246241784973556e-01-j1.61492587317736857599e-01
  -9.33804243549050450035e-01-j1.50971141873253444921e-01
  -9.35251774287251591566e-01-j1.40435255632081312793e-01
  -9.36580718621392804835e-01-j1.29886257069176003220e-01
  -9.37790971506976323013e-01-j1.19325475408285572310e-01
  -9.38882442689961793647e-01-j1.08754240459491655080e-01
  -9.39855056704984814786e-01-j9.81738824568663265291e-02
  -9.40708752871845410581e-01-j8.75857318962356690140e-02
  -9.41443485290254011844e-01-j7.69911193730942466917e-02
  -9.42059222832856368868e-01-j6.63913754206748030207e-02
  -9.42555949136517301490e-01-j5.57878303481923534801e-02
  -9.42933662591887156168e-01-j4.51818140792809852524e-02
  -9.43192376331233317543e-01-j3.45746559906436670695e-02
  -9.43332118214556092362e-01-j2.39676847509326870767e-02
  -9.43352930813980972147e-01-j1.33622281598706187794e-02
  -9.43254871396439709130e-01-j2.75961298764124552535e-03
  -9.43038011904623774129e-01+j7.83883518543807694678e-03
  -9.42702438936245612489e-01+j1.84317921289433861443e-02
  -9.42248253721580164566e-01+j2.90179351220591214000e-02
  -9.41675572099306634755e-01+j3.95959431129403946481e-02
  -9.40984524490656393247e-01+j5.01644968777464686505e-02
  -9.40175255871854909095e-01+j6.07222791792739538530e-02
  -9.39247925744885692190e-01+j7.12679749252277533467e-02
  -9.38202708106562810464e-01+j8.18002713260618241620e-02
  -9.37039791415917644457e-01+j9.23178580524072894820e-02
  -9.35759378559920085294e-01+j1.02819427392054615900e-01
  -9.34361686817521519544e-01+j1.13303674406473972591e-01
  -9.32846947822034477937e-01+j1.23769297086855231682e-01
  -9.31215407521852944761e-01+j1.34214996509656375734e-01
  -9.29467326139524985251e-01+j1.44639476991633486591e-01
  -9.27602978129163591170e-01+j1.55041446244341130090e-01
  -9.25622652132235823608e-01+j1.65419615528081792588e-01
  -9.23526650931699388813e-01+j1.75772699805293447506e-01
  -9.21315291404525948948e-01+j1.86099417893347690578e-01
  -9.18988904472594292372e-01+j1.96398492616744718697e-01
  -9.16547835051976234055e-01+j2.06668650958702404541e-01
  -9.13992442000611693409e-01+j2.16908624212091560857e-01
  -9.11323098064392267403e-01+j2.27117148129733603668e-01
  -9.08540189821647747870e-01+j2.37292963074018981029e-01
  -9.05644117626054345749e-01+j2.47434814165841870937e-01
  -9.02635295547967286822e-01+j2.57541451432832302348e-01
  -8.99514151314190879560e-01+j2.67611629956864605084e-01
  -8.96281126246188275530e-01+j2.77644110020832168839e-01
  -8.92936675196747020600e-01+j2.87637657254667444828e-01
  -8.89481266485103838626e-01+j2.97591042780588344030e-01
  -8.85915381830540415997e-01+j3.07503043357565786220e-01
  -8.82239516284458957784e-01+j3.17372441524982784600e-01
  -8.78454178160956389299e-01+j3.27198025745474241344e-01
  -8.74559888965877774147e-01+j3.36978590546939904549e-01
  -8.70557183324407568570e-01+j3.46712936663697901540e-01
  -8.66446608907156301527e-01+j3.56399871176779070581e-01
  -8.62228726354795638187e-01+j3.66038207653336555847e-01
  -8.57904109201225062442e-01+j3.75626766285158231184e-01
  -8.53473343795295935621e-01+j3.85164374026272515739e-01
  -8.48937029221097150256e-01+j3.94649864729619270776e-01
  -8.44295777216816367705e-01+j4.04082079282786055252e-01
  -8.39550212092184833246e-01+j4.13459865742782983755e-01
  -8.34700970644524975484e-01+j4.22782079469847249520e-01
  -8.29748702073403676671e-01+j4.32047583260263712290e-01
  -8.24694067893904758648e-01+j4.41255247478185952392e-01
  -8.19537741848538670020e-01+j4.50403950186436807801e-01
  -8.14280409817799588623e-01+j4.59492577276291391808e-01
  -8.08922769729369828262e-01+j4.68520022596209007038e-01
  -8.03465531466008298089e-01+j4.77485188079514344395e-01
  -7.97909416772109802984e-01+j4.86386983871006373104e-01
  -7.92255159158965827082e-01+j4.95224328452491757702e-01
  -7.86503503808735682234e-01+j5.03996148767213658637e-01
  -7.80655207477132906391e-01+j5.12701380343181023491e-01
  -7.74711038394849449418e-01+j5.21338967415367671165e-01
  -7.68671776167731191087e-01+j5.29907863046789273653e-01
  -7.62538211675705790427e-01+j5.38407029248421431511e-01
  -7.56311146970493730635e-01+j5.46835437097973331433e-01
  -7.49991395172103336719e-01+j5.55192066857477684039e-01
  -7.43579780364130082937e-01+j5.63475908089709043303e-01
  -7.37077137487869293864e-01+j5.71685959773400753647e-01
  -7.30484312235260335733e-01+j5.79821230417264632528e-01
  -7.23802160940673400269e-01+j5.87880738172784411688e-01
  -7.17031550471560308324e-01+j5.95863510945788377171e-01
  -7.10173358117963449132e-01+j6.03768586506783888623e-01
  -7.03228471480926708992e-01+j6.11595012600034459993e-01
  -6.96197788359801394975e-01+j6.19341847051389171597e-01
  -6.89082216638462252689e-01+j6.27008157874826443923e-01
  -6.81882674170463887187e-01+j6.34593023377733822521e-01
  -6.74600088663135033507e-01+j6.42095532264880031192e-01
  -6.67235397560630882907e-01+j6.49514783741102164072e-01
  -6.59789547925967889697e-01+j6.56849887612668270620e-01
  -6.52263496322038616171e-01+j6.64099964387333541183e-01
  -6.44658208691637479859e-01+j6.71264145373055676203e-01
  -6.36974660236504286459e-01+j6.78341572775381873583e-01
  -6.29213835295396206604e-01+j6.85331399793477569204e-01
  -6.21376727221221281106e-01+j6.92232790714810364285e-01
  -6.13464338257222907558e-01+j6.99044921008464270606e-01
  -6.05477679412258606995e-01+j7.05766977417075280776e-01
  -5.97417770335158970774e-01+j7.12398158047401697246e-01
  -5.89285639188211973760e-01+j7.18937672459483589904e-01
  -5.81082322519762106694e-01+j7.25384741754422468496e-01
  -5.72808865135962186343e-01+j7.31738598660749417490e-01
  -5.64466319971667740418e-01+j7.37998487619380361124e-01
  -5.56055747960524038298e-01+j7.44163664867151020132e-01
  -5.47578217904222452894e-01+j7.50233398518928562559e-01
  -5.39034806340974670391e-01+j7.56206968648284294510e-01
  -5.30426597413196532216e-01+j7.62083667366731831727e-01
  -5.21754682734440478065e-01+j7.67862798901509990834e-01
  -5.13020161255569262515e-01+j7.73543679671918837926e-01
  -5.04224139130196924441e-01+j7.79125638364192130148e-01
  -4.95367729579419935337e-01+j7.84608016004904484930e-01
  -4.86452052755845909537e-01+j7.89990166032905172244e-01
  -4.77478235606934031665e-01+j7.95271454369774422055e-01
  -4.68447411737665575515e-01+j8.00451259488800581643e-01
  -4.59360721272570438067e-01+j8.05528972482456473436e-01
  -4.50219310717107912279e-01+j8.10503997128399489291e-01
  -4.41024332818429898317e-01+j8.15375749953951234339e-01
  -4.31776946425541319208e-01+j8.20143660299094801047e-01
  -4.22478316348871618668e-01+j8.24807170377945708672e-01
  -4.13129613219266889068e-01+j8.29365735338721488112e-01
  -4.03732013346438323165e-01+j8.33818823322180269209e-01
  -3.94286698576859329091e-01+j8.38165915518555681984e-01
  -3.84794856151146724699e-01+j8.42406506222950546281e-01
  -3.75257678560922569577e-01+j8.46540102889203893710e-01
  -3.65676363405205928636e-01+j8.50566226182233875441e-01
  -3.56052113246301649152e-01+j8.54484410028828800243e-01
  -3.46386135465250544208e-01+j8.58294201666912504045e-01
  -3.36679642116828437004e-01+j8.61995161693254741131e-01
  -3.26933849784119323623e-01+j8.65586864109643028264e-01
  -3.17149979432678863489e-01+j8.69068896367501730893e-01
  -3.07329256264299133239e-01+j8.72440859410960833920e-01
  -2.97472909570404453472e-01+j8.75702367718366847527e-01
  -2.87582172585070461324e-01+j8.78853049342247061304e-01
  -2.77658282337713058219e-01+j8.81892545947698058839e-01
  -2.67702479505437074270e-01+j8.84820512849235352171e-01
  -2.57716008265071516714e-01+j8.87636619046061059457e-01
  -2.47700116144914800342e-01+j8.90340547255778935742e-01
  -2.37656053876189238272e-01+j8.92931993946541768814e-01
  -2.27585075244236823000e-01+j8.95410669367630362991e-01
  -2.17488436939462570496e-01+j8.97776297578467552540e-01
  -2.07367398408042441504e-01+j9.00028616476059695195e-01
</dep>
<dep S[1,4] frequency>
  -2.54956416125740438841e-03+j3.60144742893266367467e-02
  -1.97756330265784702541e-03+j3.62131179159882674035e-02
  -1.40002118130405726198e-03+j3.64020386195496314929e-02
  -8.17122014539223653386e-04+j3.65811112762613049876e-02
  -2.29052618434565211005e-04+j3.67502148223957728068e-02
  +3.63997698127341490822e-04+j3.69092323063637053893e-02
  +9.61837240397078112146e-04+j3.70580509376193592552e-02
  +1.56427203560987227067e-03+j3.71965621323626927097e-02
  +2.17110594165403122252e-03+j3.73246615560035646664e-02
  +2.78214075642774791644e-03+j3.74422491623779829517e-02
  +3.39717632779733963444e-03+j3.75492292297317925565e-02
  +4.01601066404090687595e-03+j3.76455103934303370039e-02
  +4.63844004466547072535e-03+j3.77310056754349906760e-02
  +5.26425913150795586615e-03+j3.78056325105134080622e-02
  +5.89326107998648044545e-03+j3.78693127692303552201e-02
  +6.52523765043469278907e-03+j3.79219727776847273515e-02
  +7.15997931937844937778e-03+j3.79635433340567152172e-02
  +7.79727539067748710161e-03+j3.79939597219404595618e-02
  +8.43691410641592490216e-03+j3.80131617205192520736e-02
  +9.07868275744984874753e-03+j3.80210936115785713696e-02
  +9.72236779350870924943e-03+j3.80177041834128884301e-02
  +1.03677549327473098040e-02+j3.80029467316411878608e-02
  +1.10146292706704302528e-02+j3.79767790569694174696e-02
  +1.16627753883098463084e-02+j3.79391634599501939573e-02
  +1.23119774595868945732e-02+j3.78900667327596932243e-02
  +1.29620193577498956511e-02+j3.78294601480641257130e-02
  +1.36126847608104943610e-02+j3.77573194449948787432e-02
  +1.42637572558895388969e-02+j3.76736248123156133860e-02
  +1.49150204423815994220e-02+j3.75783608687931258707e-02
  +1.55662580338682167425e-02+j3.74715166408763553085e-02
  +1.62172539586914361831e-02+j3.73530855376986992145e-02
  +1.68677924591117377184e-02+j3.72230653234959588116e-02
  +1.75176581889840109196e-02+j3.70814580874822899426e-02
  +1.81666363098645054774e-02+j3.69282702112651295412e-02
  +1.88145125854993558456e-02+j3.67635123338645591895e-02
  +1.94610734746106378568e-02+j3.65871993143866078291e-02
  +2.01061062219271488583e-02+j3.63993501924632992250e-02
  +2.07493989473954143499e-02+j3.61999881464906692052e-02
  +2.13907407335203296472e-02+j3.59891404497659356254e-02
  +2.20299217107631228885e-02+j3.57668384245929671383e-02
  +2.26667331409724712166e-02+j3.55331173944430506184e-02
  +2.33009674987708741145e-02+j3.52880166342250042866e-02
  +2.39324185508786278775e-02+j3.50315793187850957335e-02
  +2.45608814333096343863e-02+j3.47638524696829570582e-02
  +2.51861527264156323525e-02+j3.44848869003509181375e-02
  +2.58080305277391987284e-02+j3.41947371597066535065e-02
  +2.64263145226370857466e-02+j3.38934614743115342206e-02
  +2.70408060526565671711e-02+j3.35811216891570910037e-02
  +2.76513081816218697639e-02+j3.32577832071673032410e-02
  +2.82576257594307003740e-02+j3.29235149275022703774e-02
  +2.88595654835112382097e-02+j3.25783891827478230829e-02
  +2.94569359579572517815e-02+j3.22224816750856027370e-02
  +3.00495477502980452844e-02+j3.18558714115175084514e-02
  +3.06372134459106833237e-02+j3.14786406382459166275e-02
  +3.12197477000657613866e-02+j3.10908747742836728822e-02
  +3.17969672875937567347e-02+j3.06926623443942933611e-02
  +3.23686911501841687033e-02+j3.02840949114281561549e-02
  +3.29347404413078900798e-02+j2.98652670081600048191e-02
  +3.34949385687800110789e-02+j2.94362760687085743549e-02
  +3.40491112349596697362e-02+j2.89972223596023266634e-02
  +3.45970864746111897436e-02+j2.85482089106077890905e-02
  +3.51386946904269081848e-02+j2.80893414453752612858e-02
  +3.56737686862439659641e-02+j2.76207283119968317886e-02
  +3.62021436979624577912e-02+j2.71424804135495904844e-02
  +3.67236574221975406451e-02+j2.66547111387109014746e-02
  +3.72381500426820222227e-02+j2.61575362925146985560e-02
  +3.77454642544590712738e-02+j2.56510740273277158818e-02
  +3.82454452858865950882e-02+j2.51354447741270262129e-02
  +3.87379409184870557303e-02+j2.46107711741352028212e-02
  +3.92228015046906589025e-02+j2.40771780109052258023e-02
  +3.96998799834870769176e-02+j2.35347921429049054820e-02
  +4.01690318940584184526e-02+j2.29837424366826775790e-02
  +4.06301153873981218956e-02+j2.24241597006689351301e-02
  +4.10829912360030843899e-02+j2.18561766196916119898e-02
  +4.15275228416385616681e-02+j2.12799276902417046353e-02
  +4.19635762412771326502e-02+j2.06955491565844161561e-02
  +4.23910201112127418832e-02+j2.01031789477341266137e-02
  +4.28097257694379715320e-02+j1.95029566153769526315e-02
  +4.32195671763236782814e-02+j1.88950232727803542343e-02
  +4.36204209336578732636e-02+j1.82795215347409112372e-02
  +4.40121662821062187287e-02+j1.76565954586198441134e-02
  +4.43946850971449757939e-02+j1.70263904865127317645e-02
  +4.47678618835361183392e-02+j1.63890533885917635826e-02
  +4.51315837683984380502e-02+j1.57447322076644351252e-02
  +4.54857404929444181230e-02+j1.50935762049856977279e-02
  +4.58302244029354863275e-02+j1.44357358073514095709e-02
  +4.61649304379328703773e-02+j1.37713625555249980642e-02
  +4.64897561194020300657e-02+j1.31006090540009764722e-02
  +4.68046015377353297193e-02+j1.24236289221460096538e-02
  +4.71093693382665656966e-02+j1.17405767467514965396e-02
  +4.74039647063362462598e-02+j1.10516080359936205019e-02
  +4.76882953514853255572e-02+j1.03568791748457969537e-02
  +4.79622714908291836178e-02+j9.65654738194228132175e-03
  +4.82258058317017943017e-02+j8.95077066791415132396e-03
  +4.84788135536195624598e-02+j8.23970779520458510015e-03
  +4.87212122896380217529e-02+j7.52351823937787503316e-03
  +4.89529221071776862728e-02+j6.80236215191311246325e-03
  +4.91738654883778561477e-02+j6.07640032451016269543e-03
  +4.93839673100472109635e-02+j5.34579415487463315004e-03
  +4.95831548232810309651e-02+j4.61070561401051310507e-03
  +4.97713576328124296388e-02+j3.87129721499243932212e-03
  +4.99485076761581811566e-02+j3.12773198322598752069e-03
  +5.01145392026319663747e-02+j2.38017342817143642483e-03
  +5.02693887522834698123e-02+j1.62878551653026495613e-03
  +5.04129951348310026416e-02+j8.73732646866709722171e-04
  +5.05452994086469098445e-02+j1.15179625659733416224e-04
  +5.06662448598628051277e-02-j6.46708355247110769706e-04
  +5.07757769816478896074e-02-j1.41176573981275678416e-03
  +5.08738434537282444015e-02-j2.17982662761053965286e-03
  +5.09603941221951350915e-02-j2.95072479231477374090e-03
  +5.10353809796700932933e-02-j3.72429369888531728791e-03
  +5.10987581458722597838e-02-j4.50036651948520442096e-03
  +5.11504818486484616469e-02-j5.27877614816735750425e-03
  +5.11905104055118340134e-02-j6.05935521436403671386e-03
  +5.12188042057459269607e-02-j6.84193609521080697150e-03
  +5.12353256931198930424e-02-j7.62635092675786885330e-03
  +5.12400393492570618847e-02-j8.41243161409337136813e-03
  +5.12329116777120174842e-02-j9.20000984043864954154e-03
  +5.12139111887876322116e-02-j9.98891707524358386794e-03
  +5.11830083851403105921e-02-j1.07789845813427934834e-02
  +5.11401757482152774514e-02-j1.15700434212094114411e-02
  +5.10853877255333793661e-02-j1.23619244623621987039e-02
  +5.10186207188860763040e-02-j1.31544583819717102874e-02
  +5.09398530734505722295e-02-j1.39474756707214878754e-02
  +5.08490650678681821439e-02-j1.47408066359702594889e-02
  +5.07462389053124421356e-02-j1.55342814042798409851e-02
  +5.06313587055620059618e-02-j1.63277299233505687748e-02
  +5.05044104981186431358e-02-j1.71209819634288613888e-02
  +5.03653822163781864085e-02-j1.79138671182391684411e-02
  +5.02142636928731428414e-02-j1.87062148055008280190e-02
  +5.00510466556162575413e-02-j1.94978542670796936576e-02
  +4.98757247255412691778e-02-j2.02886145688431912548e-02
  +4.96882934150668503781e-02-j2.10783246002702873145e-02
  +4.94887501277785149534e-02-j2.18668130738729066254e-02
  +4.92770941592509739704e-02-j2.26539085244989238377e-02
  +4.90533266990016703080e-02-j2.34394393085596286497e-02
  +4.88174508335831869310e-02-j2.42232336032575275298e-02
  +4.85694715508122668024e-02-j2.50051194058593835579e-02
  +4.83093957451321484586e-02-j2.57849245330833247436e-02
  +4.80372322241046645352e-02-j2.65624766206520659950e-02
  +4.77529917160181352487e-02-j2.73376031230754511225e-02
  +4.74566868786051587747e-02-j2.81101313137139853515e-02
  +4.71483323088616734786e-02-j2.88798882851891147716e-02
  +4.68279445539392449871e-02-j2.96467009501880963962e-02
  +4.64955421231076845845e-02-j3.04103960427256451993e-02
  +4.61511455007531656847e-02-j3.11708001199128385827e-02
  +4.57947771604117065403e-02-j3.19277395642930186814e-02
  +4.54264615797820500709e-02-j3.26810405867904094079e-02
  +4.50462252567267462666e-02-j3.34305292303325590764e-02
  +4.46540967262034349528e-02-j3.41760313741879817595e-02
  +4.42501065781189806270e-02-j3.49173727390787932978e-02
  +4.38342874760511633236e-02-j3.56543788931094549066e-02
  +4.34066741768292380099e-02-j3.63868752585591939686e-02
  +4.29673035509113634967e-02-j3.71146871195906918883e-02
  +4.25162146035405821842e-02-j3.78376396309104273685e-02
  +4.20534484966291546848e-02-j3.85555578274309265763e-02
  +4.15790485713317670147e-02-j3.92682666349680881135e-02
  +4.10930603712644157421e-02-j3.99755908820228628153e-02
  +4.05955316663251866705e-02-j4.06773553126760847864e-02
  +4.00865124770704225887e-02-j4.13733846006352837255e-02
  +3.95660550995938498087e-02-j4.20635033644682840293e-02
  +3.90342141308699652757e-02-j4.27475361840583614748e-02
  +3.84910464944977284696e-02-j4.34253076183008929201e-02
  +3.79366114668036394364e-02-j4.40966422240819042044e-02
  +3.73709707032493232415e-02-j4.47613645765586806724e-02
  +3.67941882650819965250e-02-j4.54192992907625769927e-02
  +3.62063306461859954477e-02-j4.60702710445527047201e-02
  +3.56074668000691957337e-02-j4.67141046029384068849e-02
  +3.49976681669322414736e-02-j4.73506248437829124764e-02
  +3.43770087007604016605e-02-j4.79796567849098964942e-02
  +3.37455648963919732641e-02-j4.86010256126246098507e-02
  +3.31034158164803665736e-02-j4.92145567116532151042e-02
  +3.24506431183212637470e-02-j4.98200756965216304262e-02
  +3.17873310804619377268e-02-j5.04174084443673245493e-02
  +3.11135666290441766091e-02-j5.10063811291964902539e-02
  +3.04294393638205283581e-02-j5.15868202575834183810e-02
  +2.97350415837840734157e-02-j5.21585527058155626334e-02
  +2.90304683123456079563e-02-j5.27214057584762876840e-02
  +2.83158173220094122602e-02-j5.32752071484623515585e-02
  +2.75911891584812787870e-02-j5.38197850984319242640e-02
  +2.68566871641475087007e-02-j5.43549683636659758390e-02
  +2.61124175008736227055e-02-j5.48805862763393839665e-02
  +2.53584891720585979547e-02-j5.53964687911766909267e-02
  +2.45950140438854492064e-02-j5.59024465324879718531e-02
  +2.38221068657185584827e-02-j5.63983508425572668821e-02
  +2.30398852895801892204e-02-j5.68840138313653695401e-02
  +2.22484698886593786071e-02-j5.73592684276244754726e-02
  +2.14479841747937209628e-02-j5.78239484310981988191e-02
  +2.06385546148683367285e-02-j5.82778885661798945472e-02
  +1.98203106460835311309e-02-j5.87209245367009483041e-02
  +1.89933846900352774900e-02-j5.91528930819344780923e-02
  +1.81579121655578469563e-02-j5.95736320337670599567e-02
  +1.73140315002760815377e-02-j5.99829803749940757007e-02
  +1.64618841408284907746e-02-j6.03807782987106425598e-02
  +1.56016145617004654139e-02-j6.07668672687555824763e-02
  +1.47333702726299680535e-02-j6.11410900811636889851e-02
  +1.38573018245393714959e-02-j6.15032909265882388183e-02
  +1.29735628139525140112e-02-j6.18533154536528365086e-02
  +1.20823098858464927918e-02-j6.21910108331767685907e-02
  +1.11837027349141384519e-02-j6.25162258232364459465e-02
</dep>
<dep S[2,3] frequency>
  -2.54956416125740612313e-03+j3.60144742893266228689e-02
  -1.97756330265843032618e-03+j3.62131179159882118923e-02
  -1.40002118130405769567e-03+j3.64020386195496384318e-02
  -8.17122014538633088462e-04+j3.65811112762612702931e-02
  -2.29052618433964400371e-04+j3.67502148223958005624e-02
  +3.63997698127344906059e-04+j3.69092323063637123282e-02
  +9.61837240396465646339e-04+j3.70580509376193800719e-02
  +1.56427203560987682432e-03+j3.71965621323627204653e-02
  +2.17110594165341799777e-03+j3.73246615560035924219e-02
  +2.78214075642774661540e-03+j3.74422491623779413183e-02
  +3.39717632779672077184e-03+j3.75492292297318550065e-02
  +4.01601066404028497758e-03+j3.76455103934304341484e-02
  +4.63844004466546031701e-03+j3.77310056754349143482e-02
  +5.26425913150732963097e-03+j3.78056325105135121456e-02
  +5.89326107998648131281e-03+j3.78693127692303552201e-02
  +6.52523765043438487565e-03+j3.79219727776848453127e-02
  +7.15997931937907301086e-03+j3.79635433340565209281e-02
  +7.79727539067748276480e-03+j3.79939597219404456840e-02
  +8.43691410641595092301e-03+j3.80131617205192867681e-02
  +9.07868275745016620193e-03+j3.80210936115784742251e-02
  +9.72236779350870751470e-03+j3.80177041834128814912e-02
  +1.03677549327476064417e-02+j3.80029467316410352051e-02
  +1.10146292706698144259e-02+j3.79767790569696950254e-02
  +1.16627753883092287468e-02+j3.79391634599504923298e-02
  +1.23119774595865962008e-02+j3.78900667327598528189e-02
  +1.29620193577498800386e-02+j3.78294601480640840796e-02
  +1.36126847608104735443e-02+j3.77573194449948648654e-02
  +1.42637572558895441011e-02+j3.76736248123156272638e-02
  +1.49150204423818856514e-02+j3.75783608687929315817e-02
  +1.55662580338679287784e-02+j3.74715166408765634753e-02
  +1.62172539586911100551e-02+j3.73530855376988518701e-02
  +1.68677924591117342490e-02+j3.72230653234959449338e-02
  +1.75176581889834349914e-02+j3.70814580874827201540e-02
  +1.81666363098639538354e-02+j3.69282702112656083249e-02
  +1.88145125854999005488e-02+j3.67635123338640804058e-02
  +1.94610734746106378568e-02+j3.65871993143865939513e-02
  +2.01061062219265902773e-02+j3.63993501924637988254e-02
  +2.07493989473959764003e-02+j3.61999881464901696049e-02
  +2.13907407335207910837e-02+j3.59891404497653388805e-02
  +2.20299217107631575829e-02+j3.57668384245930018328e-02
  +2.26667331409719369217e-02+j3.55331173944435779744e-02
  +2.33009674987710892202e-02+j3.52880166342246850975e-02
  +2.39324185508788672694e-02+j3.50315793187847973611e-02
  +2.45608814333096170390e-02+j3.47638524696829570582e-02
  +2.51861527264156254136e-02+j3.44848869003509111986e-02
  +2.58080305277391605645e-02+j3.41947371597066257509e-02
  +2.64263145226372973828e-02+j3.38934614743112150315e-02
  +2.70408060526563381876e-02+j3.35811216891574171317e-02
  +2.76513081816220536446e-02+j3.32577832071669562963e-02
  +2.82576257594305060850e-02+j3.29235149275026103832e-02
  +2.88595654835112208625e-02+j3.25783891827478022662e-02
  +2.94569359579570956564e-02+j3.22224816750859704984e-02
  +3.00495477502979967122e-02+j3.18558714115174876347e-02
  +3.06372134459110198601e-02+j3.14786406382451949826e-02
  +3.12197477000654560753e-02+j3.10908747742844257522e-02
  +3.17969672875938746959e-02+j3.06926623443943523417e-02
  +3.23686911501843629924e-02+j3.02840949114277988019e-02
  +3.29347404413076888519e-02+j2.98652670081608062613e-02
  +3.34949385687798306677e-02+j2.94362760687089386469e-02
  +3.40491112349599264753e-02+j2.89972223596015217517e-02
  +3.45970864746114464827e-02+j2.85482089106070015261e-02
  +3.51386946904269914516e-02+j2.80893414453748449522e-02
  +3.56737686862440631086e-02+j2.76207283119964154550e-02
  +3.62021436979624647301e-02+j2.71424804135495904844e-02
  +3.67236574221974573784e-02+j2.66547111387108875968e-02
  +3.72381500426819250782e-02+j2.61575362925146881476e-02
  +3.77454642544590504571e-02+j2.56510740273277054735e-02
  +3.82454452858865326381e-02+j2.51354447741265855931e-02
  +3.87379409184870418525e-02+j2.46107711741352166990e-02
  +3.92228015046906797192e-02+j2.40771780109056594832e-02
  +3.96998799834870907954e-02+j2.35347921429048985431e-02
  +4.01690318940583976359e-02+j2.29837424366831077904e-02
  +4.06301153873981496512e-02+j2.24241597006698198391e-02
  +4.10829912360030913288e-02+j2.18561766196911817783e-02
  +4.15275228416385755459e-02+j2.12799276902417115742e-02
  +4.19635762412771534668e-02+j2.06955491565844196256e-02
  +4.23910201112126169831e-02+j2.01031789477332384353e-02
  +4.28097257694379784709e-02+j1.95029566153769526315e-02
  +4.32195671763236435869e-02+j1.88950232727803611732e-02
  +4.36204209336578177525e-02+j1.82795215347404567396e-02
  +4.40121662821061146453e-02+j1.76565954586189385878e-02
  +4.43946850971447815049e-02+j1.70263904865118262388e-02
  +4.47678618835362987505e-02+j1.63890533885922042023e-02
  +4.51315837683986531559e-02+j1.57447322076652955480e-02
  +4.54857404929442030173e-02+j1.50935762049847974064e-02
  +4.58302244029354724497e-02+j1.44357358073514008973e-02
  +4.61649304379331271164e-02+j1.37713625555259001204e-02
  +4.64897561194019190434e-02+j1.31006090540005323830e-02
  +4.68046015377353019637e-02+j1.24236289221460113885e-02
  +4.71093693382665726355e-02+j1.17405767467514965396e-02
  +4.74039647063362393209e-02+j1.10516080359936066241e-02
  +4.76882953514852839239e-02+j1.03568791748458090968e-02
  +4.79622714908293570901e-02+j9.65654738194270632901e-03
  +4.82258058317017804240e-02+j8.95077066791415132396e-03
  +4.84788135536197914432e-02+j8.23970779520499796433e-03
  +4.87212122896378066472e-02+j7.52351823937743267867e-03
  +4.89529221071776446395e-02+j6.80236215191312460632e-03
  +4.91738654883777659421e-02+j6.07640032451020606352e-03
  +4.93839673100474052525e-02+j5.34579415487508070870e-03
  +4.95831548232810517818e-02+j4.61070561401050443145e-03
  +4.97713576328124504555e-02+j3.87129721499243845476e-03
  +4.99485076761581534011e-02+j3.12773198322599359222e-03
  +5.01145392026319386192e-02+j2.38017342817144726685e-03
  +5.02693887522834698123e-02+j1.62878551653028143600e-03
  +5.04129951348310234582e-02+j8.73732646866713733719e-04
  +5.05452994086468959667e-02+j1.15179625659742740362e-04
  +5.06662448598628328833e-02-j6.46708355247106866578e-04
  +5.07757769816482712466e-02-j1.41176573981244063080e-03
  +5.08738434537282374626e-02-j2.17982662761052794348e-03
  +5.09603941221947603912e-02-j2.95072479231509986891e-03
  +5.10353809796700655377e-02-j3.72429369888527869031e-03
  +5.10987581458726344841e-02-j4.50036651948489650754e-03
  +5.11504818486484963413e-02-j5.27877614816737658621e-03
  +5.11905104055118131967e-02-j6.05935521436403237705e-03
  +5.12188042057459130829e-02-j6.84193609521080957359e-03
  +5.12353256931194489532e-02-j7.62635092675814120489e-03
  +5.12400393492570341292e-02-j8.41243161409335228618e-03
  +5.12329116777119966675e-02-j9.20000984043861137762e-03
  +5.12139111887871742446e-02-j9.98891707524382672923e-03
  +5.11830083851407199869e-02-j1.07789845813424760290e-02
  +5.11401757482147986678e-02-j1.15700434212095849135e-02
  +5.10853877255334071217e-02-j1.23619244623622316637e-02
  +5.10186207188856113981e-02-j1.31544583819719253931e-02
  +5.09398530734500587513e-02-j1.39474756707216145102e-02
  +5.08490650678682029606e-02-j1.47408066359702612236e-02
  +5.07462389053119841686e-02-j1.55342814042800508867e-02
  +5.06313587055620059618e-02-j1.63277299233505895915e-02
  +5.05044104981186431358e-02-j1.71209819634288509804e-02
  +5.03653822163777215026e-02-j1.79138671182393939552e-02
  +5.02142636928725807910e-02-j1.87062148055008661829e-02
  +5.00510466556157371243e-02-j1.94978542670798289660e-02
  +4.98757247255417895948e-02-j2.02886145688430941103e-02
  +4.96882934150668156836e-02-j2.10783246002702213950e-02
  +4.94887501277785357701e-02-j2.18668130738729968310e-02
  +4.92770941592509809093e-02-j2.26539085244989307766e-02
  +4.90533266990016494913e-02-j2.34394393085595592607e-02
  +4.88174508335826526362e-02-j2.42232336032576281437e-02
  +4.85694715508111704572e-02-j2.50051194058594460079e-02
  +4.83093957451321345808e-02-j2.57849245330832900491e-02
  +4.80372322241046645352e-02-j2.65624766206520625256e-02
  +4.77529917160175870761e-02-j2.73376031230754233670e-02
  +4.74566868786051587747e-02-j2.81101313137138257570e-02
  +4.71483323088616873564e-02-j2.88798882851891321188e-02
  +4.68279445539397862208e-02-j2.96467009501880859879e-02
  +4.64955421231071502897e-02-j3.04103960427256417298e-02
  +4.61511455007542342743e-02-j3.11708001199129877690e-02
  +4.57947771604111375510e-02-j3.19277395642929909259e-02
  +4.54264615797820500709e-02-j3.26810405867904024690e-02
  +4.50462252567262050329e-02-j3.34305292303324480541e-02
  +4.46540967262034280139e-02-j3.41760313741879748206e-02
  +4.42501065781184532710e-02-j3.49173727390786892144e-02
  +4.38342874760511702625e-02-j3.56543788931094757233e-02
  +4.34066741768292310710e-02-j3.63868752585592356019e-02
  +4.29673035509113496189e-02-j3.71146871195906710716e-02
  +4.25162146035406099398e-02-j3.78376396309103787963e-02
  +4.20534484966291685626e-02-j3.85555578274308918818e-02
  +4.15790485713317670147e-02-j3.92682666349680395412e-02
  +4.10930603712644365588e-02-j3.99755908820228073042e-02
  +4.05955316663256932097e-02-j4.06773553126763137699e-02
  +4.00865124770699229884e-02-j4.13733846006350478031e-02
  +3.95660550995943494090e-02-j4.20635033644684852572e-02
  +3.90342141308699444591e-02-j4.27475361840584100470e-02
  +3.84910464944972080525e-02-j4.34253076183006847533e-02
  +3.79366114668036463753e-02-j4.40966422240818764489e-02
  +3.73709707032493024248e-02-j4.47613645765587500613e-02
  +3.67941882650819618306e-02-j4.54192992907626186261e-02
  +3.62063306461859607532e-02-j4.60702710445527671701e-02
  +3.56074668000692165504e-02-j4.67141046029384068849e-02
  +3.49976681669317557510e-02-j4.73506248437826002262e-02
  +3.43770087007608388108e-02-j4.79796567849102434389e-02
  +3.37455648963919732641e-02-j4.86010256126246167896e-02
  +3.31034158164807620905e-02-j4.92145567116535967433e-02
  +3.24506431183217217140e-02-j4.98200756965219565542e-02
  +3.17873310804620071157e-02-j5.04174084443672759770e-02
  +3.11135666290437706838e-02-j5.10063811291960947369e-02
  +3.04294393638205803998e-02-j5.15868202575833836865e-02
  +2.97350415837841011713e-02-j5.21585527058155210001e-02
  +2.90304683123452263172e-02-j5.27214057584758366559e-02
  +2.83158173220094018518e-02-j5.32752071484623654363e-02
  +2.75911891584809630673e-02-j5.38197850984314454803e-02
  +2.68566871641478834010e-02-j5.43549683636664129893e-02
  +2.61124175008739765891e-02-j5.48805862763398349946e-02
  +2.53584891720585389741e-02-j5.53964687911767256212e-02
  +2.45950140438854700231e-02-j5.59024465324879510364e-02
  +2.38221068657186070550e-02-j5.63983508425572183098e-02
  +2.30398852895801614649e-02-j5.68840138313653972957e-02
  +2.22484698886594237099e-02-j5.73592684276244199615e-02
  +2.14479841747937209628e-02-j5.78239484310981849413e-02
  +2.06385546148683610146e-02-j5.82778885661798945472e-02
  +1.98203106460834409253e-02-j5.87209245367010176930e-02
  +1.89933846900355342291e-02-j5.91528930819350054482e-02
  +1.81579121655578122618e-02-j5.95736320337670599567e-02
  +1.73140315002758803098e-02-j5.99829803749935414059e-02
  +1.64618841408284977135e-02-j6.03807782987106217432e-02
  +1.56016145617004550056e-02-j6.07668672687556032930e-02
  +1.47333702726297668256e-02-j6.11410900811631338736e-02
  +1.38573018245393524139e-02-j6.15032909265882249406e-02
  +1.29735628139524845209e-02-j6.18533154536528573253e-02
  +1.20823098858467634087e-02-j6.21910108331772890078e-02
  +1.11837027349139025295e-02-j6.25162258232358908350e-02
</dep>
<dep S[2,1] frequency>
  -6.02216074783487820277e-01-j7.46296477085248266548e-01
  -6.10455958502662321408e-01-j7.39304660088395571016e-01
  -6.18614479636116265659e-01-j7.32222272522981332266e-01
  -6.26690651013127264513e-01-j7.25050265373081481712e-01
  -6.34683496665127466763e-01-j7.17789600204596478505e-01
  -6.42592051934864572083e-01-j7.10441249031636634648e-01
  -6.50415363583939143410e-01-j7.03006194181909793706e-01
  -6.58152489898721104744e-01-j6.95485428161121577162e-01
  -6.65802500794642648785e-01-j6.87879953516408293446e-01
  -6.73364477918856563221e-01-j6.80190782698821272412e-01
  -6.80837514751261752011e-01-j6.72418937924885828927e-01
  -6.88220716703888069077e-01-j6.64565451037245624732e-01
  -6.95513201218630805478e-01-j6.56631363364420406192e-01
  -7.02714097863340048100e-01-j6.48617725579685222570e-01
  -7.09822548426262356358e-01-j6.40525597559106651957e-01
  -7.16837707008811109155e-01-j6.32356048238728374322e-01
  -7.23758740116690391098e-01-j6.24110155470952276957e-01
  -7.30584826749342997054e-01-j6.15789005880113649027e-01
  -7.37315158487738209203e-01-j6.07393694717274890138e-01
  -7.43948939580481805045e-01-j5.98925325714260714527e-01
  -7.50485387028257067143e-01-j5.90385010936942178361e-01
  -7.56923730666580030224e-01-j5.81773870637795398331e-01
  -7.63263213246881289109e-01-j5.73093033107752725108e-01
  -7.69503090515898491297e-01-j5.64343634527351256658e-01
  -7.75642631293382844859e-01-j5.55526818817221657021e-01
  -7.81681117548113202353e-01-j5.46643737487902958705e-01
  -7.87617844472227379704e-01-j5.37695549489027091461e-01
  -7.93452120553840734019e-01-j5.28683421057875135851e-01
  -7.99183267647985862148e-01-j5.19608525567328727313e-01
  -8.04810621045834784226e-01-j5.10472043373230710550e-01
  -8.10333529542229702436e-01-j5.01275161661173918048e-01
  -8.15751355501503461198e-01-j4.92019074292733227249e-01
  -8.21063474921595259914e-01-j4.82704981651162157164e-01
  -8.26269277496451848286e-01-j4.73334090486562053535e-01
  -8.31368166676720421471e-01-j4.63907613760550119331e-01
  -8.36359559728726775774e-01-j4.54426770490436726657e-01
  -8.41242887791739279990e-01-j4.44892785592932105132e-01
  -8.46017595933505672789e-01-j4.35306889727398838019e-01
  -8.50683143204082670152e-01-j4.25670319138663044711e-01
  -8.55239002687934402047e-01-j4.15984315499402901306e-01
  -8.59684661554311557730e-01-j4.06250125752140145430e-01
  -8.64019621105898916191e-01-j3.96469001950827903968e-01
  -8.68243396825746582834e-01-j3.86642201102084914766e-01
  -8.72355518422459508265e-01-j3.76770985006055880717e-01
  -8.76355529873668492868e-01-j3.66856620096949692655e-01
  -8.80242989467756142830e-01-j3.56900377283239977899e-01
  -8.84017469843868308743e-01-j3.46903531787574326284e-01
  -8.87678558030169262416e-01-j3.36867362986384200063e-01
  -8.91225855480376361051e-01-j3.26793154249225226149e-01
  -8.94658978108553326614e-01-j3.16682192777869020439e-01
  -8.97977556322162584479e-01-j3.06535769445143102541e-01
  -9.01181235053384099842e-01-j2.96355178633560478740e-01
  -9.04269673788687722293e-01-j2.86141718073739115269e-01
  -9.07242546596668475445e-01-j2.75896688682633006717e-01
  -9.10099542154140239703e-01-j2.65621394401591826018e-01
  -9.12840363770487717154e-01-j2.55317142034269362050e-01
  -9.15464729410271016441e-01-j2.44985241084386573540e-01
  -9.17972371714094514950e-01-j2.34627003593384758640e-01
  -9.20363038017722123740e-01-j2.24243743977964427039e-01
  -9.22636490369462602956e-01-j2.13836778867547261385e-01
  -9.24792505545795950894e-01-j2.03407426941660474107e-01
  -9.26830875065267068003e-01-j1.92957008767276921857e-01
  -9.28751405200630819614e-01-j1.82486846636112837183e-01
  -9.30553916989256379999e-01-j1.71998264401913902866e-01
  -9.32238246241784973556e-01-j1.61492587317736857599e-01
  -9.33804243549050450035e-01-j1.50971141873253444921e-01
  -9.35251774287251591566e-01-j1.40435255632081312793e-01
  -9.36580718621392804835e-01-j1.29886257069176003220e-01
  -9.37790971506976323013e-01-j1.19325475408285572310e-01
  -9.38882442689961793647e-01-j1.08754240459491655080e-01
  -9.39855056704984814786e-01-j9.81738824568663265291e-02
  -9.40708752871845410581e-01-j8.75857318962356690140e-02
  -9.41443485290254011844e-01-j7.69911193730942466917e-02
  -9.42059222832856368868e-01-j6.63913754206748030207e-02
  -9.42555949136517301490e-01-j5.57878303481923534801e-02
  -9.42933662591887156168e-01-j4.51818140792809852524e-02
  -9.43192376331233317543e-01-j3.45746559906436670695e-02
  -9.43332118214556092362e-01-j2.39676847509326870767e-02
  -9.43352930813980972147e-01-j1.33622281598706187794e-02
  -9.43254871396439709130e-01-j2.75961298764124552535e-03
  -9.43038011904623774129e-01+j7.83883518543807694678e-03
  -9.42702438936245612489e-01+j1.84317921289433861443e-02
  -9.42248253721580164566e-01+j2.90179351220591214000e-02
  -9.41675572099306634755e-01+j3.95959431129403946481e-02
  -9.40984524490656393247e-01+j5.01644968777464686505e-02
  -9.40175255871854909095e-01+j6.07222791792739538530e-02
  -9.39247925744885692190e-01+j7.12679749252277533467e-02
  -9.38202708106562810464e-01+j8.18002713260618241620e-02
  -9.37039791415917644457e-01+j9.23178580524072894820e-02
  -9.35759378559920085294e-01+j1.02819427392054615900e-01
  -9.34361686817521519544e-01+j1.13303674406473972591e-01
  -9.32846947822034477937e-01+j1.23769297086855231682e-01
  -9.31215407521852944761e-01+j1.34214996509656375734e-01
  -9.29467326139524985251e-01+j1.44639476991633486591e-01
  -9.27602978129163591170e-01+j1.55041446244341130090e-01
  -9.25622652132235823608e-01+j1.65419615528081792588e-01
  -9.23526650931699388813e-01+j1.75772699805293447506e-01
  -9.21315291404525948948e-01+j1.86099417893347690578e-01
  -9.18988904472594292372e-01+j1.96398492616744718697e-01
  -9.16547835051976234055e-01+j2.06668650958702404541e-01
  -9.13992442000611693409e-01+j2.16908624212091560857e-01
  -9.11323098064392267403e-01+j2.27117148129733603668e-01
  -9.08540189821647747870e-01+j2.37292963074018981029e-01
  -9.05644117626054345749e-01+j2.47434814165841870937e-01
  -9.02635295547967286822e-01+j2.57541451432832302348e-01
  -8.99514151314190879560e-01+j2.67611629956864605084e-01
  -8.96281126246188275530e-01+j2.77644110020832168839e-01
  -8.92936675196747020600e-01+j2.87637657254667444828e-01
  -8.89481266485103838626e-01+j2.97591042780588344030e-01
  -8.85915381830540415997e-01+j3.07503043357565786220e-01
  -8.82239516284458957784e-01+j3.17372441524982784600e-01
  -8.78454178160956389299e-01+j3.27198025745474241344e-01
  -8.74559888965877774147e-01+j3.36978590546939904549e-01
  -8.70557183324407568570e-01+j3.46712936663697901540e-01
  -8.66446608907156301527e-01+j3.56399871176779070581e-01
  -8.62228726354795638187e-01+j3.66038207653336555847e-01
  -8.57904109201225062442e-01+j3.75626766285158231184e-01
  -8.53473343795295935621e-01+j3.85164374026272515739e-01
  -8.48937029221097150256e-01+j3.94649864729619270776e-01
  -8.44295777216816367705e-01+j4.04082079282786055252e-01
  -8.39550212092184833246e-01+j4.13459865742782983755e-01
  -8.34700970644524975484e-01+j4.22782079469847249520e-01
  -8.29748702073403676671e-01+j4.32047583260263712290e-01
  -8.24694067893904758648e-01+j4.41255247478185952392e-01
  -8.19537741848538670020e-01+j4.50403950186436807801e-01
  -8.14280409817799588623e-01+j4.59492577276291391808e-01
  -8.08922769729369828262e-01+j4.68520022596209007038e-01
  -8.03465531466008298089e-01+j4.77485188079514344395e-01
  -7.97909416772109802984e-01+j4.86386983871006373104e-01
  -7.92255159158965827082e-01+j4.95224328452491757702e-01
  -7.86503503808735682234e-01+j5.03996148767213658637e-01
  -7.80655207477132906391e-01+j5.12701380343181023491e-01
  -7.74711038394849449418e-01+j5.21338967415367671165e-01
  -7.68671776167731191087e-01+j5.29907863046789273653e-01
  -7.62538211675705790427e-01+j5.38407029248421431511e-01
  -7.56311146970493730635e-01+j5.46835437097973331433e-01
  -7.49991395172103336719e-01+j5.55192066857477684039e-01
  -7.43579780364130082937e-01+j5.63475908089709043303e-01
  -7.37077137487869293864e-01+j5.71685959773400753647e-01
  -7.30484312235260335733e-01+j5.79821230417264632528e-01
  -7.23802160940673400269e-01+j5.87880738172784411688e-01
  -7.17031550471560308324e-01+j5.95863510945788377171e-01
  -7.10173358117963449132e-01+j6.03768586506783888623e-01
  -7.03228471480926708992e-01+j6.11595012600034459993e-01
  -6.96197788359801394975e-01+j6.19341847051389171597e-01
  -6.89082216638462252689e-01+j6.27008157874826443923e-01
  -6.81882674170463887187e-01+j6.34593023377733822521e-01
  -6.74600088663135033507e-01+j6.42095532264880031192e-01
  -6.67235397560630882907e-01+j6.49514783741102164072e-01
  -6.59789547925967889697e-01+j6.56849887612668270620e-01
  -6.52263496322038616171e-01+j6.64099964387333541183e-01
  -6.44658208691637479859e-01+j6.71264145373055676203e-01
  -6.36974660236504286459e-01+j6.78341572775381873583e-01
  -6.29213835295396206604e-01+j6.85331399793477569204e-01
  -6.21376727221221281106e-01+j6.92232790714810364285e-01
  -6.13464338257222907558e-01+j6.99044921008464270606e-01
  -6.05477679412258606995e-01+j7.05766977417075280776e-01
  -5.97417770335158970774e-01+j7.12398158047401697246e-01
  -5.89285639188211973760e-01+j7.18937672459483589904e-01
  -5.81082322519762106694e-01+j7.25384741754422468496e-01
  -5.72808865135962186343e-01+j7.31738598660749417490e-01
  -5.64466319971667740418e-01+j7.37998487619380361124e-01
  -5.56055747960524038298e-01+j7.44163664867151020132e-01
  -5.47578217904222452894e-01+j7.50233398518928562559e-01
  -5.39034806340974670391e-01+j7.56206968648284294510e-01
  -5.30426597413196532216e-01+j7.62083667366731831727e-01
  -5.21754682734440478065e-01+j7.67862798901509990834e-01
  -5.13020161255569262515e-01+j7.73543679671918837926e-01
  -5.04224139130196924441e-01+j7.79125638364192130148e-01
  -4.95367729579419935337e-01+j7.84608016004904484930e-01
  -4.86452052755845909537e-01+j7.89990166032905172244e-01
  -4.77478235606934031665e-01+j7.95271454369774422055e-01
  -4.68447411737665575515e-01+j8.00451259488800581643e-01
  -4.59360721272570438067e-01+j8.05528972482456473436e-01
  -4.50219310717107912279e-01+j8.10503997128399489291e-01
  -4.41024332818429898317e-01+j8.15375749953951234339e-01
  -4.31776946425541319208e-01+j8.20143660299094801047e-01
  -4.22478316348871618668e-01+j8.24807170377945708672e-01
  -4.13129613219266889068e-01+j8.29365735338721488112e-01
  -4.03732013346438323165e-01+j8.33818823322180269209e-01
  -3.94286698576859329091e-01+j8.38165915518555681984e-01
  -3.84794856151146724699e-01+j8.42406506222950546281e-01
  -3.75257678560922569577e-01+j8.46540102889203893710e-01
  -3.65676363405205928636e-01+j8.50566226182233875441e-01
  -3.56052113246301649152e-01+j8.54484410028828800243e-01
  -3.46386135465250544208e-01+j8.58294201666912504045e-01
  -3.36679642116828437004e-01+j8.61995161693254741131e-01
  -3.26933849784119323623e-01+j8.65586864109643028264e-01
  -3.17149979432678863489e-01+j8.69068896367501730893e-01
  -3.07329256264299133239e-01+j8.72440859410960833920e-01
  -2.97472909570404453472e-01+j8.75702367718366847527e-01
  -2.87582172585070461324e-01+j8.78853049342247061304e-01
  -2.77658282337713058219e-01+j8.81892545947698058839e-01
  -2.67702479505437074270e-01+j8.84820512849235352171e-01
  -2.57716008265071516714e-01+j8.87636619046061059457e-01
  -2.47700116144914800342e-01+j8.90340547255778935742e-01
  -2.37656053876189238272e-01+j8.92931993946541768814e-01
  -2.27585075244236823000e-01+j8.95410669367630362991e-01
  -2.17488436939462570496e-01+j8.97776297578467552540e-01
  -2.07367398408042441504e-01+j9.00028616476059695195e-01
</dep>
<dep S[2,2] frequency>
  -6.01442675393308850279e-03-j2.07662842105259606851e-03
  -5.99536332422881488441e-03-j2.10691709101140049049e-03
  -5.97707765120257788344e-03-j2.13848124704201468516e-03
  -5.95960843478273143842e-03-j2.17130502853608809907e-03
  -5.94299408880037596109e-03-j2.20537160823720823632e-03
  -5.92727271953756053302e-03-j2.24066319700615872515e-03
  -5.91248210434848833761e-03-j2.27716104899932346439e-03
  -5.89865967035935190310e-03-j2.31484546726402505221e-03
  -5.88584247325322790917e-03-j2.35369580974634446183e-03
  -5.87406717614568849029e-03-j2.39369049571049085159e-03
  -5.86337002855740873491e-03-j2.43480701257319355826e-03
  -5.85378684548860071801e-03-j2.47702192314576625023e-03
  -5.84535298660409600308e-03-j2.52031087328891080165e-03
  -5.83810333552991361783e-03-j2.56464859997622808899e-03
  -5.83207227927551568464e-03-j2.61000893976587886383e-03
  -5.82729368777800717238e-03-j2.65636483768063235908e-03
  -5.82380089358360518437e-03-j2.70368835649520411479e-03
  -5.82162667166658508167e-03-j2.75195068642847479393e-03
  -5.82080321939479772980e-03-j2.80112215524289109858e-03
  -5.82136213664708867394e-03-j2.85117223874571494580e-03
  -5.82333440608962752544e-03-j2.90206957169669406763e-03
  -5.82675037361788175638e-03-j2.95378195911544325775e-03
  -5.83163972896956397246e-03-j3.00627638799217094395e-03
  -5.83803148651764608479e-03-j3.05951903939766321067e-03
  -5.84595396624668344615e-03-j3.11347530099333929046e-03
  -5.85543477492328490186e-03-j3.16810977993959956567e-03
  -5.86650078746435432731e-03-j3.22338631619975470727e-03
  -5.87917812851356663684e-03-j3.27926799624174251935e-03
  -5.89349215422767507694e-03-j3.33571716713189532488e-03
  -5.90946743428787980845e-03-j3.39269545102330013012e-03
  -5.92712773413539562029e-03-j3.45016376003408863082e-03
  -5.94649599744463859541e-03-j3.50808231151636699605e-03
  -5.96759432883797562297e-03-j3.56641064371229386462e-03
  -5.99044397685151008143e-03-j3.62510763179590359689e-03
  -6.01506531716017398687e-03-j3.68413150429970680591e-03
  -6.04147783606566891185e-03-j3.74343985992250678080e-03
  -6.06970011426177444291e-03-j3.80298968471678901920e-03
  -6.09974981087926370477e-03-j3.86273736965282547817e-03
  -6.13164364782152991606e-03-j3.92263872855860319666e-03
  -6.16539739439724791131e-03-j3.98264901642995678560e-03
  -6.20102585226165251009e-03-j4.04272294811079940108e-03
  -6.23854284066843647188e-03-j4.10281471733846617167e-03
  -6.27796118204858831502e-03-j4.16287801615242321340e-03
  -6.31929268791749272627e-03-j4.22286605466105219309e-03
  -6.36254814512306979962e-03-j4.28273158116528399053e-03
  -6.40773730244281487095e-03-j4.34242690263210613655e-03
  -6.45486885753567690704e-03-j4.40190390551845316808e-03
  -6.50395044426225338308e-03-j4.46111407693509150890e-03
  -6.55498862037629751592e-03-j4.52000852615264646361e-03
  -6.60798885560244086274e-03-j4.57853800643957808969e-03
  -6.66295552010184866099e-03-j4.63665293723044234786e-03
  -6.71989187334236324350e-03-j4.69430342661859498210e-03
  -6.77880005337451550101e-03-j4.75143929416610953653e-03
  -6.83968106652774882059e-03-j4.80801009402843145674e-03
  -6.90253477753248120830e-03-j4.86396513838598630597e-03
  -6.96735990007825781167e-03-j4.91925352117468083629e-03
  -7.03415398781621990093e-03-j4.97382414211443649177e-03
  -7.10291342581418228691e-03-j5.02762573102222883742e-03
  -7.17363342247495910237e-03-j5.08060687240775160634e-03
  -7.24630800192299900225e-03-j5.13271603034311935110e-03
  -7.32092999687274179760e-03-j5.18390157359732445946e-03
  -7.39749104198197341559e-03-j5.23411180103074136216e-03
  -7.47598156770372303942e-03-j5.28329496723773696376e-03
  -7.55639079464075387460e-03-j5.33139930843353100631e-03
  -7.63870672841439855849e-03-j5.37837306857359611495e-03
  -7.72291615505312639689e-03-j5.42416452569680854895e-03
  -7.80900463691112239895e-03-j5.46872201848524162882e-03
  -7.89695650912410583577e-03-j5.51199397302823933253e-03
  -7.98675487660885363717e-03-j5.55392892978458663916e-03
  -8.07838161161722641268e-03-j5.59447557072803407230e-03
  -8.17181735184797225502e-03-j5.63358274667123681834e-03
  -8.26704149912937426292e-03-j5.67119950475310392879e-03
  -8.36403221867263076128e-03-j5.70727511608131853754e-03
  -8.46276643891154603527e-03-j5.74175910351697616624e-03
  -8.56321985192634062278e-03-j5.77460126959294418880e-03
  -8.66536691446718673748e-03-j5.80575172454774433850e-03
  -8.76918084957564909765e-03-j5.83516091447396859776e-03
  -8.87463364881675709217e-03-j5.86277964955676453296e-03
  -8.98169607512326606535e-03-j5.88855913239801683629e-03
  -9.09033766626080041995e-03-j5.91245098641131946321e-03
  -9.20052673891752839652e-03-j5.93440728427255780042e-03
  -9.31223039342378954009e-03-j5.95438057641761112754e-03
  -9.42541451910775505973e-03-j5.97232391956817754847e-03
  -9.54004380028963816507e-03-j5.98819090527541019603e-03
  -9.65608172292221379751e-03-j6.00193568846665165273e-03
  -9.77349058187808490683e-03-j6.01351301598197947318e-03
  -9.89223148888846402771e-03-j6.02287825508260668550e-03
  -1.00122643811391583146e-02-j6.02998742192161624187e-03
  -1.01335480305239349769e-02-j6.03479720995754153473e-03
  -1.02560400535591060567e-02-j6.03726501830013570493e-03
  -1.03796969219619571873e-02-j6.03734897996897456468e-03
  -1.05044739738955686392e-02-j6.03500799005068921943e-03
  -1.06303254258795290554e-02-j6.03020173374348242984e-03
  -1.07572043853704137767e-02-j6.02289071426505024515e-03
  -1.08850628640124649088e-02-j6.01303628061589188342e-03
  -1.10138517915557669624e-02-j6.00060065517770552246e-03
  -1.11435210304482914395e-02-j5.98554696113193143020e-03
  -1.12740193910950727008e-02-j5.96783924968082111345e-03
  -1.14052946477883158927e-02-j5.94744252705781996371e-03
  -1.15372935553047090140e-02-j5.92432278130717703685e-03
  -1.16699618661709816902e-02-j5.89844700881868820586e-03
  -1.18032443485924110754e-02-j5.86978324059930604839e-03
  -1.19370848050455238831e-02-j5.83830056826708122114e-03
  -1.20714260915293792459e-02-j5.80396916974702109515e-03
  -1.22062101374740238080e-02-j5.76676033465668008704e-03
  -1.23413779663010571286e-02-j5.72664648936079684338e-03
  -1.24768697166336203080e-02-j5.68360122167936923643e-03
  -1.26126246641499687590e-02-j5.63759930523464406621e-03
  -1.27485812440760511860e-02-j5.58861672341465567926e-03
  -1.28846770743122202019e-02-j5.53663069294336313009e-03
  -1.30208489791873126273e-02-j5.48161968703478157117e-03
  -1.31570330138333444620e-02-j5.42356345811835505177e-03
  -1.32931644891755903343e-02-j5.36244306011522935823e-03
  -1.34291779975293651406e-02-j5.29824087025332606665e-03
  -1.35650074387955732469e-02-j5.23094061040043668831e-03
  -1.37005860472481991175e-02-j5.16052736790179739090e-03
  -1.38358464189026544866e-02-j5.08698761590260870730e-03
  -1.39707205394593095282e-02-j5.01030923314632094245e-03
  -1.41051398128077491029e-02-j4.93048152322078311882e-03
  -1.42390350900875421736e-02-j4.84749523325134733243e-03
  -1.43723366992886542048e-02-j4.76134257201008426891e-03
  -1.45049744753863434771e-02-j4.67201722743767425966e-03
  -1.46368777909940215448e-02-j4.57951438355604350389e-03
  -1.47679755875265994458e-02-j4.48383073675827359406e-03
  -1.48981964068579820354e-02-j4.38496451146196120074e-03
  -1.50274684234626421109e-02-j4.28291547510871190713e-03
  -1.51557194770278996082e-02-j4.17768495250007889513e-03
  -1.52828771055206653895e-02-j4.06927583945037012886e-03
  -1.54088685786974641245e-02-j3.95769261574478291993e-03
  -1.55336209320424585567e-02-j3.84294135739290986312e-03
  -1.56570610011169362996e-02-j3.72502974815724832020e-03
  -1.57791154563072209827e-02-j3.60396709034959718265e-03
  -1.58997108379529336619e-02-j3.47976431487998600842e-03
  -1.60187735918424882520e-02-j3.35243399054764882813e-03
  -1.61362301050553963444e-02-j3.22199033255989942051e-03
  -1.62520067421378124062e-02-j3.08844921026934929667e-03
  -1.63660298815932192529e-02-j2.95182815411859254470e-03
  -1.64782259526676973238e-02-j2.81214636177779062770e-03
  -1.65885214724177006140e-02-j2.66942470347117204177e-03
  -1.66968430830356506789e-02-j2.52368572647771989906e-03
  -1.68031175894185723363e-02-j2.37495365879572843323e-03
  -1.69072719969614766733e-02-j2.22325441196975781555e-03
  -1.70092335495506778720e-02-j2.06861558305925516757e-03
  -1.71089297677448209933e-02-j1.91106645575261024049e-03
  -1.72062884871195635739e-02-j1.75063800061288376599e-03
  -1.73012378967542443386e-02-j1.58736287444571195181e-03
  -1.73937065778448189668e-02-j1.42127541879115307059e-03
  -1.74836235424191514809e-02-j1.25241165752301795294e-03
  -1.75709182721340353983e-02-j1.08080929355958534413e-03
  -1.76555207571328018346e-02-j9.06507704671211220378e-04
  -1.77373615349444326006e-02-j7.29547938389260271566e-04
  -1.78163717293995174651e-02-j5.49972706004849985414e-04
  -1.78924830895436752509e-02-j3.67826375659573731689e-04
  -1.79656280285236738536e-02-j1.83154964518564397549e-04
  -1.80357396624297831866e-02+j3.99386996787521881668e-06
  -1.81027518490639513504e-02+j1.93570839726315776803e-04
  -1.81665992266206201278e-02+j3.85525036636523844684e-04
  -1.82272172522511995141e-02+j5.79803944031721980867e-04
  -1.82845422404911625569e-02+j7.76353449119107814902e-04
  -1.83385114015280868693e-02+j9.75117856320393129425e-04
  -1.83890628792920916845e-02+j1.17603990152999305328e-03
  -1.84361357893339690428e-02+j1.37906076729477967448e-03
  -1.84796702564828038695e-02+j1.58412009890731880941e-03
  -1.85196074522505776949e-02+j1.79115602141280199841e-03
  -1.85558896319649065110e-02+j2.00010515752612871160e-03
  -1.85884601716055503084e-02+j2.21090264645581839609e-03
  -1.86172636043241378212e-02+j2.42348216362867421858e-03
  -1.86422456566226017738e-02+j2.63777594131204325828e-03
  -1.86633532841688556947e-02+j2.85371479012640552608e-03
  -1.86805347072265363895e-02+j3.07122812144366378467e-03
  -1.86937394456753412653e-02+j3.29024397066386481078e-03
  -1.87029183536048838887e-02+j3.51068902136142000844e-03
  -1.87080236534530701398e-02+j3.73248863029473822855e-03
  -1.87090089696699823918e-02+j3.95556685327157903087e-03
  -1.87058293618876624043e-02+j4.17984647185754183696e-03
  -1.86984413575720445633e-02+j4.40524902092030365419e-03
  -1.86868029841323092521e-02+j4.63169481700082767001e-03
  -1.86708738004757110462e-02+j4.85910298749605683993e-03
  -1.86506149279749497416e-02+j5.08739150064787398753e-03
  -1.86259890808382622129e-02+j5.31647719631927855033e-03
  -1.85969605958544344226e-02+j5.54627581755261223062e-03
  -1.85634954614952579766e-02+j5.77670204288987382268e-03
  -1.85255613463560959986e-02+j6.00766951944754507703e-03
  -1.84831276269142932844e-02+j6.23909089672686472533e-03
  -1.84361654145836495466e-02+j6.47087786114854644770e-03
  -1.83846475820533782064e-02+j6.70294117129325434101e-03
  -1.83285487888814636881e-02+j6.93519069383663217671e-03
  -1.82678455063360854760e-02+j7.16753544015787114052e-03
  -1.82025160414590464475e-02+j7.39988360360831817081e-03
  -1.81325405603375289232e-02+j7.63214259742183397106e-03
  -1.80579011105658562841e-02+j7.86421909324924207907e-03
  -1.79785816428791218879e-02+j8.09601906029926328412e-03
  -1.78945680319492934907e-02+j8.32744780506594096947e-03
  -1.78058480963156316734e-02+j8.55841001162619199882e-03
  -1.77124116174492036990e-02+j8.78880978248401320552e-03
  -1.76142503579209304398e-02+j9.01855067994681604271e-03
  -1.75113580786754978458e-02+j9.24753576800764823251e-03
  -1.74037305553793042456e-02+j9.47566765471808368504e-03
  -1.72913655938456319039e-02+j9.70284853502690128324e-03
  -1.71742630445139224382e-02+j9.92898023406428749393e-03
</dep>
<dep S[2,4] frequency>
  +1.01965924752537989706e-02-j1.35121539683859315240e-01
  +8.15469878669704099916e-03-j1.35778704160589458461e-01
  +6.09503968521967094685e-03-j1.36402639195174729680e-01
  +4.01819392820829731500e-03-j1.36992949191554608257e-01
  +1.92474837703396242476e-03-j1.37549249264092149359e-01
  -1.84702213407937935671e-04-j1.38071165395858980185e-01
  -2.30955540815387574266e-03-j1.38558334592466664281e-01
  -4.44920130844836565764e-03-j1.39010405031397998865e-01
  -6.60302277080657140651e-03-j1.39427036206785676109e-01
  -8.77039562870318180343e-03-j1.39807899069594537833e-01
  -1.09506889167975442201e-02-j1.40152676163168787848e-01
  -1.31432650976278878746e-02-j1.40461061754094229670e-01
  -1.53474802905865202740e-02-j1.40732761958350743869e-01
  -1.75626845031601717950e-02-j1.40967494862708014880e-01
  -1.97882218642384602458e-02-j1.41164990641349574751e-01
  -2.20234308594705815998e-02-j1.41324991667672816842e-01
  -2.42676445684950094217e-02-j1.41447252621265756600e-01
  -2.65201909039644093125e-02-j1.41531540590015103565e-01
  -2.87803928522585295013e-02-j1.41577635167337595457e-01
  -3.10475687157794853765e-02-j1.41585328544510224980e-01
  -3.33210323567057972727e-02-j1.41554425598088146065e-01
  -3.56000934421169326627e-02-j1.41484743972394050315e-01
  -3.78840576903906947615e-02-j1.41376114157067661603e-01
  -4.01722271187293158978e-02-j1.41228379559674099841e-01
  -4.24639002917623770150e-02-j1.41041396573352267874e-01
  -4.47583725710763505323e-02-j1.40815034639515307413e-01
  -4.70549363656033933778e-02-j1.40549176305589190727e-01
  -4.93528813827386614310e-02-j1.40243717277801105414e-01
  -5.16514948801100257092e-02-j1.39898566469006280233e-01
  -5.39500619178713489155e-02-j1.39513646041582090040e-01
  -5.62478656114625483187e-02-j1.39088891445365597788e-01
  -5.85441873846719723629e-02-j1.38624251450679136788e-01
  -6.08383072229838894884e-02-j1.38119688176422422687e-01
  -6.31295039270460545122e-02-j1.37575177113267194118e-01
  -6.54170553661889003783e-02-j1.36990707141967482663e-01
  -6.77002387319226989204e-02-j1.36366280546780238581e-01
  -6.99783307912712759791e-02-j1.35701913024053461010e-01
  -7.22506081398970739782e-02-j1.34997633685962958872e-01
  -7.45163474548941051623e-02-j1.34253485059451144190e-01
  -7.67748257471785877648e-02-j1.33469523080367469259e-01
  -7.90253206133734870109e-02-j1.32645817082859163172e-01
  -8.12671104871148936022e-02-j1.31782449784010463611e-01
  -8.34994748896758925971e-02-j1.30879517263791989024e-01
  -8.57216946798431966847e-02-j1.29937128940317114800e-01
  -8.79330523029437927107e-02-j1.28955407540460614824e-01
  -9.01328320389479242802e-02-j1.27934489065860135248e-01
  -9.23203202495740116174e-02-j1.26874522754331364727e-01
  -9.44948056242972678209e-02-j1.25775671036743252884e-01
  -9.66555794252022398849e-02-j1.24638109489370790817e-01
  -9.88019357305841144923e-02-j1.23462026781787498342e-01
  -1.00933171677240959840e-01-j1.22247624620302308696e-01
  -1.03048587701360577773e-01-j1.20995117687014347441e-01
  -1.05147487777954296018e-01-j1.19704733574490795878e-01
  -1.07229179658727996616e-01-j1.18376712716144610882e-01
  -1.09292975108365053583e-01-j1.17011308312314030178e-01
  -1.11338190139107173771e-01-j1.15608786252122910931e-01
  -1.13364145243592895351e-01-j1.14169425031138763171e-01
  -1.15370165625872822535e-01-j1.12693515664881407923e-01
  -1.17355581430535274579e-01-j1.11181361598236522203e-01
  -1.19319727969887504071e-01-j1.09633278610789516860e-01
  -1.21261945949106178522e-01-j1.08049594718169258978e-01
  -1.23181581689317587447e-01-j1.06430650069403262559e-01
  -1.25077987348530650369e-01-j1.04776796840364921914e-01
  -1.26950521140362898587e-01-j1.03088399123339391483e-01
  -1.28798547550501851777e-01-j1.01365832812771838878e-01
  -1.30621437550841684727e-01-j9.96094854872331958440e-02
  -1.32418568811240311422e-01-j9.78197562876567117129e-02
  -1.34189325908826678768e-01-j9.59970557919117561951e-02
  -1.35933100534821549310e-01-j9.41418058857276945917e-02
  -1.37649291698799886019e-01-j9.22544396300623986695e-02
  -1.39337305930347737926e-01-j9.03354011249314359233e-02
  -1.40996557478057782387e-01-j8.83851453697765271356e-02
  -1.42626468505818559951e-01-j8.64041381203936864619e-02
  -1.44226469286328012887e-01-j8.43928557425208530907e-02
  -1.45795998391802128502e-01-j8.23517850620790192728e-02
  -1.47334502881812046127e-01-j8.02814232121828313948e-02
  -1.48841438488212129965e-01-j7.81822774769140027562e-02
  -1.50316269797098112093e-01-j7.60548651319681995320e-02
  -1.51758470427766051225e-01-j7.38997132821810204240e-02
  -1.53167523208607131435e-01-j7.17173586960279663138e-02
  -1.54542920349901663490e-01-j6.95083476371306102637e-02
  -1.55884163613470239085e-01-j6.72732356928317093425e-02
  -1.57190764479129579945e-01-j6.50125875999005564676e-02
  -1.58462244307921940045e-01-j6.27269770674102333796e-02
  -1.59698134502058969320e-01-j6.04169865968755062657e-02
  -1.60897976661552810640e-01-j5.80832072996706125223e-02
  -1.62061322737490909329e-01-j5.57262387118154997601e-02
  -1.63187735181907850324e-01-j5.33466886061763276294e-02
  -1.64276787094222082031e-01-j5.09451728021390534695e-02
  -1.65328062364195060852e-01-j4.85223149728261152203e-02
  -1.66341155811381258278e-01-j4.60787464498944726587e-02
  -1.67315673321021263220e-01-j4.36151060260183756623e-02
  -1.68251231976352944031e-01-j4.11320397550586289159e-02
  -1.69147460187303588786e-01-j3.86302007500362309944e-02
  -1.70003997815520974113e-01-j3.61102489789424871414e-02
  -1.70820496295721074853e-01-j3.35728510584454367671e-02
  -1.71596618753311558336e-01-j3.10186800455765875062e-02
  -1.72332040118263252193e-01-j2.84484152274597293375e-02
  -1.73026447235198777008e-01-j2.58627419091088175951e-02
  -1.73679538969668229020e-01-j2.32623511994116648205e-02
  -1.74291026310579910685e-01-j2.06479397953372653673e-02
  -1.74860632468763987912e-01-j1.80202097644302158819e-02
  -1.75388092971637488127e-01-j1.53798683256674787595e-02
  -1.75873155753944188096e-01-j1.27276276287516046382e-02
  -1.76315581244549851592e-01-j1.00642045318734066339e-02
  -1.76715142449259871027e-01-j7.39032037806734189156e-03
  -1.77071625029645185467e-01-j4.70670077017187014901e-03
  -1.77384827377846748808e-01-j2.01407534450075056259e-03
  -1.77654560687344864611e-01+j6.86822456717704364279e-04
  -1.77880649019663272803e-01+j3.39525561407407784620e-03
  -1.78062929367002603653e-01+j6.11048376079162142843e-03
  -1.78201251710771946257e-01+j8.83176341357199377879e-03
  -1.78295479076009649733e-01+j1.15583482043827342339e-02
  -1.78345487581677203393e-01+j1.42894891131373196619e-02
  -1.78351166486808598854e-01+j1.70244347011738010600e-02
  -1.78312418232503766546e-01+j1.97624313454736570683e-02
  -1.78229158479755928068e-01+j2.25027234735426101553e-02
  -1.78101316143096294331e-01+j2.52445537988905226168e-02
  -1.77928833420054360870e-01+j2.79871635570197972720e-02
  -1.77711665816417840880e-01+j3.07297927418673094691e-02
  -1.77449782167290348589e-01+j3.34716803426147319067e-02
  -1.77143164653937673636e-01+j3.62120645807932836635e-02
  -1.76791808816420870087e-01+j3.89501831476281729083e-02
  -1.76395723562009609786e-01+j4.16852734415114611899e-02
  -1.75954931169376244116e-01+j4.44165728055687172859e-02
  -1.75469467288572322783e-01+j4.71433187652169488624e-02
  -1.74939380936777244546e-01+j4.98647492656590918259e-02
  -1.74364734489838857368e-01+j5.25801029092176977486e-02
  -1.73745603669593323692e-01+j5.52886191924583450530e-02
  -1.73082077526974076331e-01+j5.79895387430171202481e-02
  -1.72374258420924242330e-01+j6.06821035560418733934e-02
  -1.71622261993106456357e-01+j6.33655572302028319287e-02
  -1.70826217138427105535e-01+j6.60391452031787173915e-02
  -1.69986265971386024676e-01+j6.87021149865421204561e-02
  -1.69102563788256748945e-01+j7.13537163999853341068e-02
  -1.68175279025120250065e-01+j7.39932018047941564287e-02
  -1.67204593211756152860e-01+j7.66198263365112375300e-02
  -1.66190700921413830882e-01+j7.92328481367027825932e-02
  -1.65133809716480950414e-01+j8.18315285837684647241e-02
  -1.64034140090064284312e-01+j8.44151325227066456902e-02
  -1.62891925403504361780e-01+j8.69829284937746055606e-02
  -1.61707411819845547907e-01+j8.95341889599694240598e-02
  -1.60480858233290529791e-01+j9.20681905332443595302e-02
  -1.59212536194645482013e-01+j9.45842141994136104133e-02
  -1.57902729832808202959e-01+j9.70815455416477873785e-02
  -1.56551735772296252147e-01+j9.95594749625142994010e-02
  -1.55159863046870877268e-01+j1.02017297904474613102e-01
  -1.53727433009267833164e-01+j1.04454315068770162145e-01
  -1.52254779237066928399e-01+j1.06869832632651026727e-01
  -1.50742247434749371271e-01+j1.09263162464841329102e-01
  -1.49190195331954378322e-01+j1.11633622339206275975e-01
  -1.47598992577978233021e-01+j1.13980536146545227694e-01
  -1.45969020632562063167e-01+j1.16303234104429456530e-01
  -1.44300672652985795263e-01+j1.18601052965043154974e-01
  -1.42594353377523297421e-01+j1.20873336220945912234e-01
  -1.40850479005287826384e-01+j1.23119434308702008218e-01
  -1.39069477072515712557e-01+j1.25338704810306234005e-01
  -1.37251786325319674598e-01+j1.27530512652357652659e-01
  -1.35397856588967302471e-01+j1.29694230302901947205e-01
  -1.33508148633720735710e-01+j1.31829237965894630058e-01
  -1.31583134037281196393e-01+j1.33934923773224023869e-01
  -1.29623295043888309142e-01+j1.36010683974237434057e-01
  -1.27629124420123057915e-01+j1.38055923122700874295e-01
  -1.25601125307453403979e-01+j1.40070054261153958963e-01
  -1.23539811071579283541e-01+j1.42052499102594237401e-01
  -1.21445705148621449498e-01+j1.44002688209437734734e-01
  -1.19319340888218036745e-01+j1.45920061169696191339e-01
  -1.17161261393553428611e-01+j1.47804066770339609382e-01
  -1.14972019358399193956e-01+j1.49654163167766085518e-01
  -1.12752176901205092285e-01+j1.51469818055346538976e-01
  -1.10502305396299668749e-01+j1.53250508827991321903e-01
  -1.08222985302249496975e-01+j1.54995722743685476752e-01
  -1.05914805987438631618e-01+j1.56704957081952478415e-01
  -1.03578365552920159676e-01+j1.58377719299196695335e-01
  -1.01214270652599608313e-01+j1.60013527180881298673e-01
  -9.88231363108004329243e-02+j1.61611908990494962390e-01
  -9.64055857372836527697e-02+j1.63172403615272243460e-01
  -9.39622501397584103389e-02+j1.64694560708616072331e-01
  -9.14937685339665268680e-02+j1.66177940829190018412e-01
  -8.90007875513828677905e-02+j1.67622115576635227763e-01
  -8.64839612445975763899e-02+j1.69026667723880669181e-01
  -8.39439508904399472877e-02+j1.70391191346004500229e-01
  -8.13814247909123850144e-02+j1.71715291945607223534e-01
  -7.87970580719777186074e-02+j1.72998586574673485217e-01
  -7.61915324802802801374e-02+j1.74240703952876690996e-01
  -7.35655361778543431805e-02+j1.75441284582299544814e-01
  -7.09197635348809973799e-02+j1.76599980858539756801e-01
  -6.82549149205597810441e-02+j1.77716457178165865294e-01
  -6.55716964921577993852e-02+j1.78790390042498636980e-01
  -6.28708199822970020820e-02+j1.79821468157687319733e-01
  -6.01530024845483499152e-02+j1.80809392531050827646e-01
  -5.74189662373923714878e-02+j1.81753876563663707699e-01
  -5.46694384066062771810e-02+j1.82654646139156828788e-01
  -5.19051508661609109496e-02+j1.83511439708709034324e-01
  -4.91268399776658842848e-02+j1.84324008372207831519e-01
  -4.63352463684468182659e-02+j1.85092115955558800255e-01
  -4.35311147083133828661e-02+j1.85815539084115577406e-01
  -4.07151934850872171401e-02+j1.86494067252219009045e-01
  -3.78882347789428336471e-02+j1.87127502888820851368e-01
  -3.50509940356464738676e-02+j1.87715661419174090208e-01
</dep>
<dep S[4,3] frequency>
  -7.08753581383110953240e-01+j6.16190444595346664691e-01
  -6.96481225288335892287e-01+j6.29601238311564892491e-01
  -6.83955746139091713687e-01+j6.42767667171646128743e-01
  -6.71182014228610901441e-01+j6.55684971956956408334e-01
  -6.58164988742822143486e-01+j6.68348490866757627415e-01
  -6.44909715792308380067e-01+j6.80753661156474620952e-01
  -6.31421326414676187255e-01+j6.92896020735493833875e-01
  -6.17705034548965303820e-01+j7.04771209723347835663e-01
  -6.03766134982283375621e-01+j7.16374971964496398691e-01
  -5.89610001270093664338e-01+j7.27703156500795311779e-01
  -5.75242083630953082718e-01+j7.38751719001356610406e-01
  -5.60667906816149641536e-01+j7.49516723149811325833e-01
  -5.45893067956031652344e-01+j7.59994341987833554874e-01
  -5.30923234382980613333e-01+j7.70180859215433333276e-01
  -5.15764141432893508110e-01+j7.80072670446919747000e-01
  -5.00421590225156642795e-01+j7.89666284422907427398e-01
  -4.84901445422780019712e-01+j7.98958324177623691043e-01
  -4.69209632973259904709e-01+j8.07945528161398862643e-01
  -4.53352137831124379908e-01+j8.16624751318177910520e-01
  -4.37335001663045452869e-01+j8.24992966117770731849e-01
  -4.21164320536628333791e-01+j8.33047263542564309091e-01
  -4.04846242593601468585e-01+j8.40784854028627459677e-01
  -3.88386965708211573389e-01+j8.48203068361077283654e-01
  -3.71792735132197960102e-01+j8.55299358523338604243e-01
  -3.55069841126621432714e-01+j8.62071298500482474658e-01
  -3.38224616582011361476e-01+j8.68516585036243293771e-01
  -3.21263434627296340373e-01+j8.74633038343871849207e-01
  -3.04192706228749942809e-01+j8.80418602770533520463e-01
  -2.87018877779514458570e-01+j8.85871347415373766587e-01
  -2.69748428680982810235e-01+j8.90989466701052168496e-01
  -2.52387868916315427636e-01+j8.95771280898914668001e-01
  -2.34943736617827164670e-01+j9.00215236607500246535e-01
  -2.17422595628107284682e-01+j9.04319907184756632823e-01
  -1.99831033056522777702e-01+j9.08083993133650624330e-01
  -1.82175656831739557484e-01+j9.11506322441372640597e-01
  -1.64463093250689418312e-01+j9.14585850872214556340e-01
  -1.46699984525570675808e-01+j9.17321662214040878247e-01
  -1.28892986329008363278e-01+j9.19712968478555881191e-01
  -1.11048765338732355334e-01+j9.21759110055384245364e-01
  -9.31739967821808706683e-02+j9.23459555820094313283e-01
  -7.52753619822226355263e-02+j9.24813903196239350812e-01
  -5.73595459044211261612e-02+j9.25821878171583567685e-01
  -3.94332347070614139262e-02+j9.26483335268612262503e-01
  -2.15031132942860372936e-02+j9.26798257469482300586e-01
  -3.57586287352261878586e-03+j9.26766756095568911000e-01
  +1.43418414822129129671e-02+j9.26389070641764234004e-01
  +3.22433332664342001128e-02+j9.25665568565720242589e-01
  +5.01219569646896290216e-02+j9.24596745032212563586e-01
  +6.79710704730276532581e-02+j9.23183222612792397932e-01
  +8.57840475082686793051e-02+j9.21425750941003207650e-01
  +1.03554280009809318575e-01+j9.19325206323284072063e-01
  +1.21275180531689188990e-01+j9.16882591305864580455e-01
  +1.38940184624745333153e-01+j9.14099034197813797853e-01
  +1.56542753207465662468e-01+j9.10975788550549725464e-01
  +1.74076374925535487526e-01+j9.07514232593994774057e-01
  +1.91534568498723578589e-01+j9.03715868629682783641e-01
  +2.08910885054758799217e-01+j8.99582322381067611694e-01
  +2.26198910449411483281e-01+j8.95115342301282645998e-01
  +2.43392267571907544577e-01+j8.90316798838696188412e-01
  +2.60484618635349884919e-01+j8.85188683660458441871e-01
  +2.77469667450891799287e-01+j8.79733108834459542891e-01
  +2.94341161685572227924e-01+j8.73952305969876164227e-01
  +3.11092895102667965634e-01+j8.67848625316736010937e-01
  +3.27718709784122097517e-01+j8.61424534824736798377e-01
  +3.44212498334236394193e-01+j8.54682619161715173561e-01
  +3.60568206064069529670e-01+j8.47625578692064785002e-01
  +3.76779833155843846271e-01+j8.40256228415438233270e-01
  +3.92841436806495469813e-01+j8.32577496866208077719e-01
  +4.08747133350126634621e-01+j8.24592424973814686062e-01
  +4.24491100358232176237e-01+j8.16304164884659289037e-01
  +4.40067578717416640899e-01+j8.07715978745681018047e-01
  +4.55470874683651605341e-01+j7.98831237450209008522e-01
  +4.70695361912810417149e-01+j7.89653419346245444288e-01
  +4.85735483466293638255e-01+j7.80186108907932385215e-01
  +5.00585753791742193997e-01+j7.70432995370220252696e-01
  +5.15240760677587950056e-01+j7.60397871327550323173e-01
  +5.29695167181391757261e-01+j7.50084631296634718467e-01
  +5.43943713530784855870e-01+j7.39497270244114157656e-01
  +5.57981218996931649379e-01+j7.28639882079228473621e-01
  +5.71802583739443592847e-01+j7.17516658112248961743e-01
  +5.85402790622385427177e-01+j7.06131885478964882452e-01
  +5.98776907000752145471e-01+j6.94489945531770458409e-01
  +6.11920086476691160726e-01+j6.82595312197877723825e-01
  +6.24827570625098305257e-01+j6.70452550305027261679e-01
  +6.37494690687637421966e-01+j6.58066313875506514464e-01
  +6.49916869234991145809e-01+j6.45441344388627880058e-01
  +6.62089621796526972552e-01+j6.32582469012505033135e-01
  +6.74008558456835382700e-01+j6.19494598805533036590e-01
  +6.85669385418645083163e-01+j6.06182726888169765012e-01
  +6.97067906531461556341e-01+j5.92651926585612054410e-01
  +7.08200024785521131676e-01+j5.78907349541837201734e-01
  +7.19061743770223027461e-01+j5.64954223805913757772e-01
  +7.29649169096911354160e-01+j5.50797851890701628541e-01
  +7.39958509785110907231e-01+j5.36443608805045490939e-01
  +7.49986079611841716108e-01+j5.21896940059820457769e-01
  +7.59728298423598569222e-01+j5.07163359648447387151e-01
  +7.69181693410255107324e-01+j4.92248448002736538331e-01
  +7.78342900340518117908e-01+j4.77157849924665755648e-01
  +7.87208664758573317677e-01+j4.61897272494493638106e-01
  +7.95775843141191763230e-01+j4.46472482956307481494e-01
  +8.04041404014966265557e-01+j4.30889306581516584593e-01
  +8.12002429033244932377e-01+j4.15153624510935959080e-01
  +8.19656114012258463219e-01+j3.99271371576300104778e-01
  +8.26999769925957362027e-01+j3.83248534101997884171e-01
  +8.34030823859332581804e-01+j3.67091147687472918459e-01
  +8.40746819919518828534e-01+j3.50805294971549164185e-01
  +8.47145420104547852702e-01+j3.34397103378949844821e-01
  +8.53224405129207719156e-01+j3.17872742850133394032e-01
  +8.58981675207675654526e-01+j3.01238423555130252485e-01
  +8.64415250792614386910e-01+j2.84500393592082734262e-01
  +8.69523273270303209692e-01+j2.67664936671540731883e-01
  +8.74304005611566070755e-01+j2.50738369787075365824e-01
  +8.78755832978071582673e-01+j2.33727040873309310776e-01
  +8.82877263283858737530e-01+j2.16637326451926681692e-01
  +8.86666927711652896882e-01+j1.99475629266773951676e-01
  +8.90123581183812406792e-01+j1.82248375908779819410e-01
  +8.93246102787599638440e-01+j1.64962014431611458942e-01
  +8.96033496154592601357e-01+j1.47623011958865374416e-01
  +8.98484889793973673378e-01+j1.30237852283857896696e-01
  +9.00599537379552672611e-01+j1.12813033462723963374e-01
  +9.02376817990294455285e-01+j9.53550654018476551155e-02
  +9.03816236304225917308e-01+j7.78704674405455710140e-02
  +9.04917422745612376467e-01+j6.03657659297172910495e-02
  +9.05680133585185287437e-01+j4.28474918077705463348e-02
  +9.06104250993435722528e-01+j2.53221781743320807634e-02
  +9.06189783046829955282e-01+j7.79635786300557267342e-03
  +9.05936863686878868229e-01-j9.72343898615197869961e-03
  +9.05345752632068179189e-01-j2.72306873532028315132e-02
  +9.04416835242593086797e-01-j4.47188697632852835695e-02
  +9.03150622337904551706e-01-j6.21814787088998469078e-02
  +9.01547749967111955449e-01-j7.96120190684110745627e-02
  +8.99608979132250796695e-01-j9.70040105200975638633e-02
  +8.97335195464509349783e-01-j1.14350989950652473515e-01
  +8.94727408853494887708e-01-j1.31646513857098551581e-01
  +8.91786753029627288214e-01-j1.48884160741381194049e-01
  +8.88514485099826112346e-01-j1.66057533496449138966e-01
  +8.84911985036602177779e-01-j1.83160261783071903752e-01
  +8.80980755120755021359e-01-j2.00186004396293887320e-01
  +8.76722419337862879374e-01-j2.17128451620706680592e-01
  +8.72138722728773796433e-01-j2.33981327573472591697e-01
  +8.67231530694339669552e-01-j2.50738392534257559241e-01
  +8.62002828254646469297e-01-j2.67393445261149442782e-01
  +8.56454719263061714507e-01-j2.83940325291439532585e-01
  +8.50589425575300928095e-01-j3.00372915226686687529e-01
  +8.44409286173980810908e-01-j3.16685143000756064158e-01
  +8.37916756248843985766e-01-j3.32870984130293812164e-01
  +8.31114406233156910453e-01-j3.48924463946436669293e-01
  +8.24004920796599815702e-01-j3.64839659806968863442e-01
  +8.16591097795003051374e-01-j3.80610703288212781636e-01
  +8.08875847177510154395e-01-j3.96231782355393580275e-01
  +8.00862189851451855560e-01-j4.11697143510974028491e-01
  +7.92553256505452607961e-01-j4.27001093919982477320e-01
  +7.83952286391326635950e-01-j4.42138003511337474016e-01
  +7.75062626065138760012e-01-j4.57102307054574663603e-01
  +7.65887728088052277542e-01-j4.71888506210988656342e-01
  +7.56431149687455617325e-01-j4.86491171558448010082e-01
  +7.46696551378958295331e-01-j5.00904944589042444569e-01
  +7.36687695549764764991e-01-j5.15124539678866177894e-01
  +7.26408445004118497046e-01-j5.29144746029041490587e-01
  +7.15862761471352970766e-01-j5.42960429577288850034e-01
  +7.05054704077200278256e-01-j5.56566534879346153097e-01
  +6.93988427778964744874e-01-j5.69958086959455489939e-01
  +6.82668181765315629228e-01-j5.83130193129161145116e-01
  +6.71098307821241357729e-01-j5.96078044773843185311e-01
  +6.59283238658927461806e-01-j6.08796919106232792274e-01
  +6.47227496215245334810e-01-j6.21282180886249091323e-01
  +6.34935689916629297791e-01-j6.33529284106446044511e-01
  +6.22412514911881098456e-01-j6.45533773642666064418e-01
  +6.09662750273856857142e-01-j6.57291286868997959303e-01
  +5.96691257170669953069e-01-j6.68797555236646634746e-01
  +5.83502977007181899971e-01-j6.80048405816062184748e-01
  +5.70102929537589453446e-01-j6.91039762801783030710e-01
  +5.56496210949850467209e-01-j7.01767648979445879398e-01
  +5.42687991922766732600e-01-j7.12228187154455905095e-01
  +5.28683515656543145944e-01-j7.22417601541800791232e-01
  +5.14488095877562279234e-01-j7.32332219116524352209e-01
  +5.00107114818312714632e-01-j7.41968470924407430545e-01
  +4.85546021173141717497e-01-j7.51322893352406540046e-01
  +4.70810328030840441471e-01-j7.60392129358390067573e-01
  +4.55905610784760939591e-01-j7.69172929659803994440e-01
  +4.40837505021381970138e-01-j7.77662153880879669643e-01
  +4.25611704388136058430e-01-j7.85856771657983177448e-01
  +4.10233958441458601563e-01-j7.93753863702730932950e-01
  +3.94710070475732754947e-01-j8.01350622822651015298e-01
  +3.79045895334179705483e-01-j8.08644354898935602272e-01
  +3.63247337202482589724e-01-j8.15632479821077782667e-01
  +3.47320347385998651202e-01-j8.22312532378103866471e-01
  +3.31270922071483009397e-01-j8.28682163106124858309e-01
  +3.15105100074177579828e-01-j8.34739139091973059159e-01
  +2.98828960571141666325e-01-j8.40481344732731283642e-01
  +2.82448620821727058861e-01-j8.45906782450898786507e-01
  +2.65970233876068995471e-01-j8.51013573365079767363e-01
  +2.49399986272400675524e-01-j8.55799957915978626311e-01
  +2.32744095724282007431e-01-j8.60264296447570853132e-01
  +2.16008808798363233228e-01-j8.64405069743324427911e-01
  +1.99200398583734478164e-01-j8.68220879517374477530e-01
  +1.82325162353711101026e-01-j8.71710448860522735259e-01
  +1.65389419220926342513e-01-j8.74872622641009400901e-01
  +1.48399507786536488663e-01-j8.77706367860027647509e-01
  +1.31361783784565672173e-01-j8.80210773961862202874e-01
</dep>
<dep S[4,1] frequency>
  -2.54956416125740438841e-03+j3.60144742893266367467e-02
  -1.97756330265784702541e-03+j3.62131179159882604646e-02
  -1.40002118130405617778e-03+j3.64020386195496245541e-02
  -8.17122014539224303907e-04+j3.65811112762613049876e-02
  -2.29052618434565319425e-04+j3.67502148223957728068e-02
  +3.63997698127341545032e-04+j3.69092323063637053893e-02
  +9.61837240397070522731e-04+j3.70580509376193592552e-02
  +1.56427203560987465591e-03+j3.71965621323626996486e-02
  +2.17110594165403165620e-03+j3.73246615560035646664e-02
  +2.78214075642774791644e-03+j3.74422491623779829517e-02
  +3.39717632779733963444e-03+j3.75492292297317925565e-02
  +4.01601066404091034540e-03+j3.76455103934303370039e-02
  +4.63844004466547246007e-03+j3.77310056754349767982e-02
  +5.26425913150795499879e-03+j3.78056325105134080622e-02
  +5.89326107998648044545e-03+j3.78693127692303552201e-02
  +6.52523765043468931962e-03+j3.79219727776847204126e-02
  +7.15997931937844590833e-03+j3.79635433340567152172e-02
  +7.79727539067748710161e-03+j3.79939597219404526229e-02
  +8.43691410641593010633e-03+j3.80131617205192451348e-02
  +9.07868275744984874753e-03+j3.80210936115785713696e-02
  +9.72236779350871271888e-03+j3.80177041834128953690e-02
  +1.03677549327473080693e-02+j3.80029467316411947997e-02
  +1.10146292706704285180e-02+j3.79767790569694105307e-02
  +1.16627753883098463084e-02+j3.79391634599501939573e-02
  +1.23119774595868997774e-02+j3.78900667327596932243e-02
  +1.29620193577498921816e-02+j3.78294601480641257130e-02
  +1.36126847608104891568e-02+j3.77573194449948856821e-02
  +1.42637572558895388969e-02+j3.76736248123156133860e-02
  +1.49150204423815976873e-02+j3.75783608687931258707e-02
  +1.55662580338682271508e-02+j3.74715166408763553085e-02
  +1.62172539586914257748e-02+j3.73530855376986922756e-02
  +1.68677924591117377184e-02+j3.72230653234959588116e-02
  +1.75176581889840005113e-02+j3.70814580874822899426e-02
  +1.81666363098645089469e-02+j3.69282702112651364801e-02
  +1.88145125854993558456e-02+j3.67635123338645591895e-02
  +1.94610734746106274484e-02+j3.65871993143866078291e-02
  +2.01061062219271488583e-02+j3.63993501924632992250e-02
  +2.07493989473954212888e-02+j3.61999881464906622663e-02
  +2.13907407335203331167e-02+j3.59891404497659356254e-02
  +2.20299217107631298274e-02+j3.57668384245929740772e-02
  +2.26667331409724642777e-02+j3.55331173944430367406e-02
  +2.33009674987708706451e-02+j3.52880166342250042866e-02
  +2.39324185508786278775e-02+j3.50315793187850957335e-02
  +2.45608814333096274474e-02+j3.47638524696829570582e-02
  +2.51861527264156254136e-02+j3.44848869003509111986e-02
  +2.58080305277391987284e-02+j3.41947371597066535065e-02
  +2.64263145226370822771e-02+j3.38934614743115411595e-02
  +2.70408060526565706405e-02+j3.35811216891570910037e-02
  +2.76513081816218628251e-02+j3.32577832071673032410e-02
  +2.82576257594307073129e-02+j3.29235149275022703774e-02
  +2.88595654835112382097e-02+j3.25783891827478230829e-02
  +2.94569359579572517815e-02+j3.22224816750856027370e-02
  +3.00495477502980452844e-02+j3.18558714115175084514e-02
  +3.06372134459106833237e-02+j3.14786406382459235664e-02
  +3.12197477000657509782e-02+j3.10908747742836694128e-02
  +3.17969672875937567347e-02+j3.06926623443942933611e-02
  +3.23686911501841548255e-02+j3.02840949114281561549e-02
  +3.29347404413078900798e-02+j2.98652670081600048191e-02
  +3.34949385687800041400e-02+j2.94362760687085743549e-02
  +3.40491112349596697362e-02+j2.89972223596023162551e-02
  +3.45970864746111828048e-02+j2.85482089106077856211e-02
  +3.51386946904269081848e-02+j2.80893414453752612858e-02
  +3.56737686862439659641e-02+j2.76207283119968317886e-02
  +3.62021436979624577912e-02+j2.71424804135495904844e-02
  +3.67236574221975337062e-02+j2.66547111387109014746e-02
  +3.72381500426820222227e-02+j2.61575362925147020254e-02
  +3.77454642544590712738e-02+j2.56510740273277158818e-02
  +3.82454452858865950882e-02+j2.51354447741270296823e-02
  +3.87379409184870487914e-02+j2.46107711741352028212e-02
  +3.92228015046906519636e-02+j2.40771780109052258023e-02
  +3.96998799834870769176e-02+j2.35347921429049020126e-02
  +4.01690318940584184526e-02+j2.29837424366826775790e-02
  +4.06301153873981218956e-02+j2.24241597006689420690e-02
  +4.10829912360030774510e-02+j2.18561766196916154592e-02
  +4.15275228416385755459e-02+j2.12799276902417115742e-02
  +4.19635762412771326502e-02+j2.06955491565844161561e-02
  +4.23910201112127488221e-02+j2.01031789477341231442e-02
  +4.28097257694379715320e-02+j1.95029566153769526315e-02
  +4.32195671763236782814e-02+j1.88950232727803542343e-02
  +4.36204209336578663248e-02+j1.82795215347409112372e-02
  +4.40121662821062256676e-02+j1.76565954586198510523e-02
  +4.43946850971449757939e-02+j1.70263904865127317645e-02
  +4.47678618835361252781e-02+j1.63890533885917566437e-02
  +4.51315837683984311113e-02+j1.57447322076644316557e-02
  +4.54857404929444250619e-02+j1.50935762049856942585e-02
  +4.58302244029354863275e-02+j1.44357358073514095709e-02
  +4.61649304379328703773e-02+j1.37713625555250050031e-02
  +4.64897561194020370046e-02+j1.31006090540009764722e-02
  +4.68046015377353158415e-02+j1.24236289221460096538e-02
  +4.71093693382665656966e-02+j1.17405767467514896008e-02
  +4.74039647063362462598e-02+j1.10516080359936205019e-02
  +4.76882953514853255572e-02+j1.03568791748457969537e-02
  +4.79622714908291766789e-02+j9.65654738194227785231e-03
  +4.82258058317018012406e-02+j8.95077066791414785452e-03
  +4.84788135536195693986e-02+j8.23970779520457816125e-03
  +4.87212122896380356307e-02+j7.52351823937786462482e-03
  +4.89529221071776862728e-02+j6.80236215191311246325e-03
  +4.91738654883778561477e-02+j6.07640032451015922599e-03
  +4.93839673100472109635e-02+j5.34579415487463315004e-03
  +4.95831548232810170873e-02+j4.61070561401051310507e-03
  +4.97713576328124296388e-02+j3.87129721499243932212e-03
  +4.99485076761581811566e-02+j3.12773198322598752069e-03
  +5.01145392026319663747e-02+j2.38017342817143642483e-03
  +5.02693887522834698123e-02+j1.62878551653027189502e-03
  +5.04129951348309957027e-02+j8.73732646866709722171e-04
  +5.05452994086469167834e-02+j1.15179625659729946777e-04
  +5.06662448598628051277e-02-j6.46708355247107300259e-04
  +5.07757769816478896074e-02-j1.41176573981275678416e-03
  +5.08738434537282444015e-02-j2.17982662761053965286e-03
  +5.09603941221951281526e-02-j2.95072479231476680200e-03
  +5.10353809796700932933e-02-j3.72429369888531728791e-03
  +5.10987581458722597838e-02-j4.50036651948520442096e-03
  +5.11504818486484616469e-02-j5.27877614816735750425e-03
  +5.11905104055118340134e-02-j6.05935521436403671386e-03
  +5.12188042057459200218e-02-j6.84193609521079656316e-03
  +5.12353256931198861035e-02-j7.62635092675786191441e-03
  +5.12400393492570549459e-02-j8.41243161409337136813e-03
  +5.12329116777120174842e-02-j9.20000984043865301099e-03
  +5.12139111887876322116e-02-j9.98891707524358386794e-03
  +5.11830083851403105921e-02-j1.07789845813427934834e-02
  +5.11401757482152774514e-02-j1.15700434212094114411e-02
  +5.10853877255333724272e-02-j1.23619244623622021734e-02
  +5.10186207188860763040e-02-j1.31544583819717102874e-02
  +5.09398530734505722295e-02-j1.39474756707214809365e-02
  +5.08490650678681821439e-02-j1.47408066359702594889e-02
  +5.07462389053124421356e-02-j1.55342814042798409851e-02
  +5.06313587055620129007e-02-j1.63277299233505653053e-02
  +5.05044104981186500747e-02-j1.71209819634288579193e-02
  +5.03653822163781864085e-02-j1.79138671182391684411e-02
  +5.02142636928731428414e-02-j1.87062148055008280190e-02
  +5.00510466556162506024e-02-j1.94978542670796867187e-02
  +4.98757247255412691778e-02-j2.02886145688431877854e-02
  +4.96882934150668365003e-02-j2.10783246002702838451e-02
  +4.94887501277785149534e-02-j2.18668130738728962170e-02
  +4.92770941592509739704e-02-j2.26539085244989238377e-02
  +4.90533266990016703080e-02-j2.34394393085596286497e-02
  +4.88174508335831938699e-02-j2.42232336032575275298e-02
  +4.85694715508122668024e-02-j2.50051194058593870273e-02
  +4.83093957451321484586e-02-j2.57849245330833247436e-02
  +4.80372322241046645352e-02-j2.65624766206520659950e-02
  +4.77529917160181421876e-02-j2.73376031230754511225e-02
  +4.74566868786051587747e-02-j2.81101313137139818821e-02
  +4.71483323088616734786e-02-j2.88798882851891147716e-02
  +4.68279445539392380482e-02-j2.96467009501880998656e-02
  +4.64955421231076776456e-02-j3.04103960427256451993e-02
  +4.61511455007531656847e-02-j3.11708001199128489911e-02
  +4.57947771604117065403e-02-j3.19277395642930256203e-02
  +4.54264615797820431320e-02-j3.26810405867903955301e-02
  +4.50462252567267393277e-02-j3.34305292303325521375e-02
  +4.46540967262034418916e-02-j3.41760313741879956373e-02
  +4.42501065781189806270e-02-j3.49173727390787932978e-02
  +4.38342874760511702625e-02-j3.56543788931094618455e-02
  +4.34066741768292380099e-02-j3.63868752585591939686e-02
  +4.29673035509113496189e-02-j3.71146871195906849494e-02
  +4.25162146035405821842e-02-j3.78376396309104273685e-02
  +4.20534484966291546848e-02-j3.85555578274309196374e-02
  +4.15790485713317531369e-02-j3.92682666349680950524e-02
  +4.10930603712644157421e-02-j3.99755908820228628153e-02
  +4.05955316663251866705e-02-j4.06773553126760847864e-02
  +4.00865124770704225887e-02-j4.13733846006352837255e-02
  +3.95660550995938498087e-02-j4.20635033644682840293e-02
  +3.90342141308699652757e-02-j4.27475361840583684137e-02
  +3.84910464944977284696e-02-j4.34253076183008929201e-02
  +3.79366114668036394364e-02-j4.40966422240819042044e-02
  +3.73709707032493301804e-02-j4.47613645765586945502e-02
  +3.67941882650820034639e-02-j4.54192992907625769927e-02
  +3.62063306461860023866e-02-j4.60702710445526977812e-02
  +3.56074668000691957337e-02-j4.67141046029384068849e-02
  +3.49976681669322414736e-02-j4.73506248437829124764e-02
  +3.43770087007604016605e-02-j4.79796567849098964942e-02
  +3.37455648963919802030e-02-j4.86010256126246098507e-02
  +3.31034158164803665736e-02-j4.92145567116532220431e-02
  +3.24506431183212637470e-02-j4.98200756965216304262e-02
  +3.17873310804619446657e-02-j5.04174084443673245493e-02
  +3.11135666290441766091e-02-j5.10063811291964902539e-02
  +3.04294393638205283581e-02-j5.15868202575834183810e-02
  +2.97350415837840734157e-02-j5.21585527058155626334e-02
  +2.90304683123456079563e-02-j5.27214057584762807451e-02
  +2.83158173220094122602e-02-j5.32752071484623515585e-02
  +2.75911891584812822564e-02-j5.38197850984319173251e-02
  +2.68566871641475052312e-02-j5.43549683636659827779e-02
  +2.61124175008736227055e-02-j5.48805862763393839665e-02
  +2.53584891720585944852e-02-j5.53964687911766839878e-02
  +2.45950140438854492064e-02-j5.59024465324879718531e-02
  +2.38221068657185584827e-02-j5.63983508425572668821e-02
  +2.30398852895801892204e-02-j5.68840138313653695401e-02
  +2.22484698886593786071e-02-j5.73592684276244754726e-02
  +2.14479841747937209628e-02-j5.78239484310981988191e-02
  +2.06385546148683401979e-02-j5.82778885661799014861e-02
  +1.98203106460835311309e-02-j5.87209245367009552430e-02
  +1.89933846900352774900e-02-j5.91528930819344850311e-02
  +1.81579121655578469563e-02-j5.95736320337670599567e-02
  +1.73140315002760815377e-02-j5.99829803749940826396e-02
  +1.64618841408284907746e-02-j6.03807782987106425598e-02
  +1.56016145617004654139e-02-j6.07668672687555824763e-02
  +1.47333702726299663188e-02-j6.11410900811636889851e-02
  +1.38573018245393714959e-02-j6.15032909265882388183e-02
  +1.29735628139525140112e-02-j6.18533154536528365086e-02
  +1.20823098858464910571e-02-j6.21910108331767685907e-02
  +1.11837027349141367172e-02-j6.25162258232364320687e-02
</dep>
<dep S[4,2] frequency>
  +1.01965924752537989706e-02-j1.35121539683859315240e-01
  +8.15469878669703926444e-03-j1.35778704160589430705e-01
  +6.09503968521966661004e-03-j1.36402639195174729680e-01
  +4.01819392820829991708e-03-j1.36992949191554608257e-01
  +1.92474837703396285844e-03-j1.37549249264092149359e-01
  -1.84702213407937935671e-04-j1.38071165395858980185e-01
  -2.30955540815384711972e-03-j1.38558334592466636526e-01
  -4.44920130844837519862e-03-j1.39010405031397998865e-01
  -6.60302277080657140651e-03-j1.39427036206785676109e-01
  -8.77039562870318180343e-03-j1.39807899069594537833e-01
  -1.09506889167975442201e-02-j1.40152676163168787848e-01
  -1.31432650976278878746e-02-j1.40461061754094229670e-01
  -1.53474802905865272129e-02-j1.40732761958350716114e-01
  -1.75626845031601717950e-02-j1.40967494862708014880e-01
  -1.97882218642384602458e-02-j1.41164990641349574751e-01
  -2.20234308594705711914e-02-j1.41324991667672789086e-01
  -2.42676445684949955439e-02-j1.41447252621265728845e-01
  -2.65201909039644127819e-02-j1.41531540590015075809e-01
  -2.87803928522585503180e-02-j1.41577635167337595457e-01
  -3.10475687157794853765e-02-j1.41585328544510224980e-01
  -3.33210323567058111505e-02-j1.41554425598088173821e-01
  -3.56000934421169187849e-02-j1.41484743972394078071e-01
  -3.78840576903906878226e-02-j1.41376114157067661603e-01
  -4.01722271187293158978e-02-j1.41228379559674099841e-01
  -4.24639002917623908928e-02-j1.41041396573352295629e-01
  -4.47583725710763366545e-02-j1.40815034639515279657e-01
  -4.70549363656033725611e-02-j1.40549176305589162972e-01
  -4.93528813827386614310e-02-j1.40243717277801105414e-01
  -5.16514948801100118314e-02-j1.39898566469006280233e-01
  -5.39500619178713905488e-02-j1.39513646041582062285e-01
  -5.62478656114625275020e-02-j1.39088891445365542276e-01
  -5.85441873846719723629e-02-j1.38624251450679136788e-01
  -6.08383072229838617329e-02-j1.38119688176422422687e-01
  -6.31295039270460545122e-02-j1.37575177113267221873e-01
  -6.54170553661888865005e-02-j1.36990707141967482663e-01
  -6.77002387319226989204e-02-j1.36366280546780238581e-01
  -6.99783307912712759791e-02-j1.35701913024053461010e-01
  -7.22506081398971017338e-02-j1.34997633685962958872e-01
  -7.45163474548941051623e-02-j1.34253485059451144190e-01
  -7.67748257471786016426e-02-j1.33469523080367469259e-01
  -7.90253206133734870109e-02-j1.32645817082859135416e-01
  -8.12671104871148658466e-02-j1.31782449784010435856e-01
  -8.34994748896758925971e-02-j1.30879517263791989024e-01
  -8.57216946798431689292e-02-j1.29937128940317142556e-01
  -8.79330523029437510774e-02-j1.28955407540460587068e-01
  -9.01328320389479242802e-02-j1.27934489065860135248e-01
  -9.23203202495739977396e-02-j1.26874522754331364727e-01
  -9.44948056242972816987e-02-j1.25775671036743252884e-01
  -9.66555794252022121293e-02-j1.24638109489370763061e-01
  -9.88019357305841422479e-02-j1.23462026781787484464e-01
  -1.00933171677240959840e-01-j1.22247624620302308696e-01
  -1.03048587701360577773e-01-j1.20995117687014319685e-01
  -1.05147487777954309895e-01-j1.19704733574490795878e-01
  -1.07229179658727996616e-01-j1.18376712716144610882e-01
  -1.09292975108365025827e-01-j1.17011308312314016300e-01
  -1.11338190139107173771e-01-j1.15608786252122910931e-01
  -1.13364145243592881473e-01-j1.14169425031138763171e-01
  -1.15370165625872836412e-01-j1.12693515664881407923e-01
  -1.17355581430535274579e-01-j1.11181361598236522203e-01
  -1.19319727969887504071e-01-j1.09633278610789516860e-01
  -1.21261945949106150766e-01-j1.08049594718169245100e-01
  -1.23181581689317587447e-01-j1.06430650069403262559e-01
  -1.25077987348530650369e-01-j1.04776796840364921914e-01
  -1.26950521140362898587e-01-j1.03088399123339391483e-01
  -1.28798547550501851777e-01-j1.01365832812771838878e-01
  -1.30621437550841656972e-01-j9.96094854872331958440e-02
  -1.32418568811240311422e-01-j9.78197562876567117129e-02
  -1.34189325908826678768e-01-j9.59970557919117561951e-02
  -1.35933100534821549310e-01-j9.41418058857276945917e-02
  -1.37649291698799858263e-01-j9.22544396300623709140e-02
  -1.39337305930347710170e-01-j9.03354011249314359233e-02
  -1.40996557478057782387e-01-j8.83851453697765271356e-02
  -1.42626468505818559951e-01-j8.64041381203937142175e-02
  -1.44226469286328012887e-01-j8.43928557425208530907e-02
  -1.45795998391802156258e-01-j8.23517850620790192728e-02
  -1.47334502881812046127e-01-j8.02814232121828313948e-02
  -1.48841438488212185476e-01-j7.81822774769140027562e-02
  -1.50316269797098112093e-01-j7.60548651319681995320e-02
  -1.51758470427766051225e-01-j7.38997132821810065462e-02
  -1.53167523208607131435e-01-j7.17173586960279940694e-02
  -1.54542920349901691246e-01-j6.95083476371306241415e-02
  -1.55884163613470239085e-01-j6.72732356928317093425e-02
  -1.57190764479129635456e-01-j6.50125875999005703454e-02
  -1.58462244307921912290e-01-j6.27269770674102195018e-02
  -1.59698134502058997075e-01-j6.04169865968755062657e-02
  -1.60897976661552810640e-01-j5.80832072996706125223e-02
  -1.62061322737490937085e-01-j5.57262387118155136378e-02
  -1.63187735181907905835e-01-j5.33466886061763276294e-02
  -1.64276787094222054275e-01-j5.09451728021390465306e-02
  -1.65328062364195060852e-01-j4.85223149728260944036e-02
  -1.66341155811381258278e-01-j4.60787464498944726587e-02
  -1.67315673321021263220e-01-j4.36151060260183756623e-02
  -1.68251231976352944031e-01-j4.11320397550586150381e-02
  -1.69147460187303588786e-01-j3.86302007500362309944e-02
  -1.70003997815521001868e-01-j3.61102489789424593858e-02
  -1.70820496295721102609e-01-j3.35728510584454090115e-02
  -1.71596618753311558336e-01-j3.10186800455765875062e-02
  -1.72332040118263252193e-01-j2.84484152274597154597e-02
  -1.73026447235198777008e-01-j2.58627419091088175951e-02
  -1.73679538969668229020e-01-j2.32623511994116648205e-02
  -1.74291026310579910685e-01-j2.06479397953372653673e-02
  -1.74860632468763987912e-01-j1.80202097644302158819e-02
  -1.75388092971637488127e-01-j1.53798683256674787595e-02
  -1.75873155753944215851e-01-j1.27276276287516323937e-02
  -1.76315581244549796081e-01-j1.00642045318734066339e-02
  -1.76715142449259898783e-01-j7.39032037806732801377e-03
  -1.77071625029645185467e-01-j4.70670077017188402679e-03
  -1.77384827377846748808e-01-j2.01407534450075056259e-03
  -1.77654560687344864611e-01+j6.86822456717704364279e-04
  -1.77880649019663245047e-01+j3.39525561407406396841e-03
  -1.78062929367002603653e-01+j6.11048376079162142843e-03
  -1.78201251710771946257e-01+j8.83176341357199377879e-03
  -1.78295479076009649733e-01+j1.15583482043827342339e-02
  -1.78345487581677203393e-01+j1.42894891131373196619e-02
  -1.78351166486808598854e-01+j1.70244347011737594266e-02
  -1.78312418232503766546e-01+j1.97624313454736431905e-02
  -1.78229158479755928068e-01+j2.25027234735426101553e-02
  -1.78101316143096294331e-01+j2.52445537988905503723e-02
  -1.77928833420054360870e-01+j2.79871635570197972720e-02
  -1.77711665816417840880e-01+j3.07297927418673094691e-02
  -1.77449782167290348589e-01+j3.34716803426147319067e-02
  -1.77143164653937673636e-01+j3.62120645807932975413e-02
  -1.76791808816420870087e-01+j3.89501831476281729083e-02
  -1.76395723562009609786e-01+j4.16852734415114473121e-02
  -1.75954931169376244116e-01+j4.44165728055687172859e-02
  -1.75469467288572322783e-01+j4.71433187652169488624e-02
  -1.74939380936777272302e-01+j4.98647492656590779481e-02
  -1.74364734489838885123e-01+j5.25801029092176838708e-02
  -1.73745603669593323692e-01+j5.52886191924583450530e-02
  -1.73082077526974076331e-01+j5.79895387430171063703e-02
  -1.72374258420924214574e-01+j6.06821035560418595156e-02
  -1.71622261993106484113e-01+j6.33655572302028180509e-02
  -1.70826217138427050024e-01+j6.60391452031787173915e-02
  -1.69986265971386024676e-01+j6.87021149865420927005e-02
  -1.69102563788256748945e-01+j7.13537163999853341068e-02
  -1.68175279025120250065e-01+j7.39932018047941564287e-02
  -1.67204593211756152860e-01+j7.66198263365112652856e-02
  -1.66190700921413830882e-01+j7.92328481367027825932e-02
  -1.65133809716480950414e-01+j8.18315285837684647241e-02
  -1.64034140090064284312e-01+j8.44151325227066456902e-02
  -1.62891925403504361780e-01+j8.69829284937746055606e-02
  -1.61707411819845547907e-01+j8.95341889599694240598e-02
  -1.60480858233290529791e-01+j9.20681905332443595302e-02
  -1.59212536194645482013e-01+j9.45842141994136242911e-02
  -1.57902729832808175203e-01+j9.70815455416477873785e-02
  -1.56551735772296252147e-01+j9.95594749625143410343e-02
  -1.55159863046870877268e-01+j1.02017297904474613102e-01
  -1.53727433009267805408e-01+j1.04454315068770134389e-01
  -1.52254779237066900643e-01+j1.06869832632650998971e-01
  -1.50742247434749426782e-01+j1.09263162464841356858e-01
  -1.49190195331954350566e-01+j1.11633622339206275975e-01
  -1.47598992577978233021e-01+j1.13980536146545255449e-01
  -1.45969020632562063167e-01+j1.16303234104429456530e-01
  -1.44300672652985739752e-01+j1.18601052965043127219e-01
  -1.42594353377523297421e-01+j1.20873336220945912234e-01
  -1.40850479005287798628e-01+j1.23119434308701966585e-01
  -1.39069477072515684801e-01+j1.25338704810306234005e-01
  -1.37251786325319674598e-01+j1.27530512652357652659e-01
  -1.35397856588967302471e-01+j1.29694230302901947205e-01
  -1.33508148633720735710e-01+j1.31829237965894630058e-01
  -1.31583134037281196393e-01+j1.33934923773224023869e-01
  -1.29623295043888309142e-01+j1.36010683974237461813e-01
  -1.27629124420123057915e-01+j1.38055923122700874295e-01
  -1.25601125307453403979e-01+j1.40070054261153958963e-01
  -1.23539811071579297419e-01+j1.42052499102594237401e-01
  -1.21445705148621449498e-01+j1.44002688209437734734e-01
  -1.19319340888218064500e-01+j1.45920061169696191339e-01
  -1.17161261393553428611e-01+j1.47804066770339609382e-01
  -1.14972019358399207833e-01+j1.49654163167766085518e-01
  -1.12752176901205078408e-01+j1.51469818055346538976e-01
  -1.10502305396299668749e-01+j1.53250508827991321903e-01
  -1.08222985302249496975e-01+j1.54995722743685504508e-01
  -1.05914805987438617740e-01+j1.56704957081952478415e-01
  -1.03578365552920173553e-01+j1.58377719299196695335e-01
  -1.01214270652599608313e-01+j1.60013527180881298673e-01
  -9.88231363108004329243e-02+j1.61611908990494962390e-01
  -9.64055857372836527697e-02+j1.63172403615272243460e-01
  -9.39622501397583964611e-02+j1.64694560708616072331e-01
  -9.14937685339665268680e-02+j1.66177940829190018412e-01
  -8.90007875513828677905e-02+j1.67622115576635200007e-01
  -8.64839612445975763899e-02+j1.69026667723880669181e-01
  -8.39439508904399472877e-02+j1.70391191346004500229e-01
  -8.13814247909123711366e-02+j1.71715291945607195778e-01
  -7.87970580719777186074e-02+j1.72998586574673485217e-01
  -7.61915324802802801374e-02+j1.74240703952876690996e-01
  -7.35655361778543431805e-02+j1.75441284582299544814e-01
  -7.09197635348809973799e-02+j1.76599980858539756801e-01
  -6.82549149205597810441e-02+j1.77716457178165865294e-01
  -6.55716964921578132630e-02+j1.78790390042498636980e-01
  -6.28708199822970020820e-02+j1.79821468157687319733e-01
  -6.01530024845483499152e-02+j1.80809392531050827646e-01
  -5.74189662373923714878e-02+j1.81753876563663707699e-01
  -5.46694384066062841199e-02+j1.82654646139156828788e-01
  -5.19051508661609109496e-02+j1.83511439708709034324e-01
  -4.91268399776658842848e-02+j1.84324008372207831519e-01
  -4.63352463684468182659e-02+j1.85092115955558800255e-01
  -4.35311147083133828661e-02+j1.85815539084115577406e-01
  -4.07151934850872171401e-02+j1.86494067252219009045e-01
  -3.78882347789428267082e-02+j1.87127502888820851368e-01
  -3.50509940356464669287e-02+j1.87715661419174090208e-01
</dep>
<dep S[4,4] frequency>
  -1.37702520736931767475e-02-j6.89351962751398594786e-03
  -1.41361570037384625537e-02-j6.83010494797106713222e-03
  -1.45022250176344638661e-02-j6.75287345329790740511e-03
  -1.48679500765692210185e-02-j6.66178133503787101022e-03
  -1.52328240363075878561e-02-j6.55680329781284376711e-03
  -1.55963373277316508930e-02-j6.43793263535666869524e-03
  -1.59579796396343599751e-02-j6.30518128136393300048e-03
  -1.63172406028115057897e-02-j6.15857983511462845488e-03
  -1.66736104745493184109e-02-j5.99817756187728812201e-03
  -1.70265808224733632137e-02-j5.82404236803343161588e-03
  -1.73756452069940212080e-02-j5.63626075113374085113e-03
  -1.77202998612180050164e-02-j5.43493772479394007119e-03
  -1.80600443675883355621e-02-j5.22019671872671342516e-03
  -1.83943823302146029774e-02-j4.99217945395925063318e-03
  -1.87228220419899740734e-02-j4.75104579345498462262e-03
  -1.90448771456979693006e-02-j4.49697356842733691334e-03
  -1.93600672880613229598e-02-j4.23015838050262021897e-03
  -1.96679187660211904354e-02-j3.95081338014176275397e-03
  -1.99679651642073151263e-02-j3.65916902152949204130e-03
  -2.02597479829138352181e-02-j3.35547279440027990116e-03
  -2.05428172556387199366e-02-j3.03998893311091186731e-03
  -2.08167321553658531130e-02-j2.71299810339932154224e-03
  -2.10810615888777780347e-02-j2.37479706730739370535e-03
  -2.13353847781671199235e-02-j2.02569832668708649237e-03
  -2.15792918283492299314e-02-j1.66602974586162189130e-03
  -2.18123842811933713048e-02-j1.29613415392012230887e-03
  -2.20342756536013872903e-02-j9.16368927223977156049e-04
  -2.22445919603573363799e-02-j5.27105552720305223224e-04
  -2.24429722203994888585e-02-j1.28729172647935180551e-04
  -2.26290689460640070951e-02+j2.78361888701688167669e-04
  -2.28025486145219703771e-02+j6.93756615557631142743e-04
  -2.29630921209792726589e-02+j1.11703180784105370049e-03
  -2.31103952129137271698e-02+j1.54775260428985372840e-03
  -2.32441689048413675789e-02+j1.98547302080076711051e-03
  -2.33641398731776334108e-02+j2.42973650322564176107e-03
  -2.34700508305554847444e-02+j2.88007649391455733401e-03
  -2.35616608791814168000e-02+j3.33601701120820205021e-03
  -2.36387458428603328131e-02+j3.79707324108929759887e-03
  -2.37010985772514379266e-02+j4.26275214019624509865e-03
  -2.37485292578329815205e-02+j4.73255304941273043789e-03
  -2.37808656454834427274e-02+j5.20596831715470446250e-03
  -2.37979533291252445815e-02+j5.68248393157095091355e-03
  -2.37996559453651120031e-02+j6.16158016076632543412e-03
  -2.37858553746172450560e-02+j6.64273220023139845253e-03
  -2.37564519137359389522e-02+j7.12541082658577074049e-03
  -2.37113644248408000914e-02+j7.60908305677901290742e-03
  -2.36505304601715114765e-02+j8.09321281187951740987e-03
  -2.35739063629191378246e-02+j8.57726158456032991562e-03
  -2.34814673438202073386e-02+j9.06068910941353403143e-03
  -2.33732075336596026305e-02+j9.54295403520721320645e-03
  -2.32491400113431986862e-02+j1.00235145981945224236e-02
  -2.31092968079189969854e-02+j1.05018292956131475274e-02
  -2.29537288862128111000e-02+j1.09773575584682682449e-02
  -2.27825060964426812093e-02+j1.14495604227492237676e-02
  -2.25957171077443078056e-02+j1.19179011981920685015e-02
  -2.23934693157300628019e-02+j1.23818461337167531194e-02
  -2.21758887264347781532e-02+j1.28408650787075317296e-02
  -2.19431198165541407885e-02+j1.32944321392439741142e-02
  -2.16953253704307881533e-02+j1.37420263284658058373e-02
  -2.14326862939542561737e-02+j1.41831322102412976660e-02
  -2.11554014056713340919e-02+j1.46172405352979067894e-02
  -2.08636872053520536219e-02+j1.50438488690077323828e-02
  -2.05577776204933851401e-02+j1.54624622100530094426e-02
  -2.02379237310058510135e-02+j1.58725935991567250472e-02
  -1.99043934725478127712e-02+j1.62737647171369154142e-02
  -1.95574713188882698400e-02+j1.66655064715086238814e-02
  -1.91974579437944603555e-02+j1.70473595709212874527e-02
  -1.88246698628958125665e-02+j1.74188750866980379683e-02
  -1.84394390560088869413e-02+j1.77796150007826468664e-02
  -1.80421125705003959627e-02+j1.81291527394199999956e-02
  -1.76330521061586371900e-02+j1.84670736918903025114e-02
  -1.72126335822901863071e-02+j1.87929757137253253263e-02
  -1.67812466873996368744e-02+j1.91064696136691442030e-02
  -1.63392944123571526305e-02+j1.94071796239423666197e-02
  -1.58871925674317696076e-02+j1.96947438531091152669e-02
  -1.54253692840184836177e-02+j1.99688147210913304053e-02
  -1.49542645016238241740e-02+j2.02290593757498346483e-02
  -1.44743294409071382445e-02+j2.04751600906059837148e-02
  -1.39860260633388258644e-02+j2.07068146431369642935e-02
  -1.34898265183702077696e-02+j2.09237366733250745865e-02
  -1.29862125787307755576e-02+j2.11256560219546876689e-02
  -1.24756750646148051320e-02+j2.13123190482869331874e-02
  -1.19587132575846612215e-02+j2.14834889267956768988e-02
  -1.14358343048792908403e-02+j2.16389459225639277373e-02
  -1.09075526150329612379e-02+j2.17784876451476462622e-02
  -1.03743892454758283861e-02+j2.19019292805217799525e-02
  -9.83687128293316698224e-03+j2.20091038008875007626e-02
  -9.29553121754545658151e-03+j2.20998621522126466321e-02
  -8.75090631142754100946e-03+j2.21740734192508309741e-02
  -8.20353796245523736452e-03+j2.22316249678426655634e-02
  -7.65397106421761806716e-03+j2.22724225644913738364e-02
  -7.10275336289860770994e-03+j2.22963904730533665766e-02
  -6.55043481186884987005e-03+j2.23034715284369765287e-02
  -5.99756692492564667113e-03+j2.22936271873847464964e-02
  -5.44470212894274368381e-03+j2.22668375562718873217e-02
  -4.89239311671478029064e-03+j2.22231013958908915629e-02
  -4.34119220096440376622e-03+j2.21624361034579754615e-02
  -3.79165067016136144232e-03+j2.20848776717170666717e-02
  -3.24431814709634329386e-03+j2.19904806254204027161e-02
  -2.69974195094453434801e-03+j2.18793179352294447915e-02
  -2.15846646368502304708e-03+j2.17514809093092356673e-02
  -1.62103250159341188627e-03+j2.16070790627076424195e-02
  -1.08797669265836257149e-03+j2.14462399648453691525e-02
  -5.59830860674959129852e-04+j2.12691090653475203820e-02
  -3.71214167612160181320e-05+j2.10758494984890909496e-02
  +4.79631240925978280520e-04+j2.08666418665888891981e-02
  +9.89913318549486519193e-04+j2.06416840027031887883e-02
  +1.49321820830400874003e-03+j2.04011907129544797779e-02
  +1.98904705975705940746e-03+j2.01453934989436651837e-02
  +2.47690934015525835582e-03+j1.98745402605992708966e-02
  +2.95632338297643557090e-03+j1.95888949799901679327e-02
  +3.42681692413385370621e-03+j1.92887373864456430905e-02
  +3.88792762511113148410e-03+j1.89743626036434978599e-02
  +4.33920358248161656955e-03+j1.86460807790238027037e-02
  +4.78020382317850996146e-03+j1.83042166961296971783e-02
  +5.21049878492728033019e-03+j1.79491093704670368059e-02
  +5.62967078131332288038e-03+j1.75811116293620797735e-02
  +6.03731445092949882414e-03+j1.72005896764998653103e-02
  +6.43303719009274271867e-03+j1.68079226417115132342e-02
  +6.81645956865087332410e-03+j1.64035021166487882116e-02
  +7.18721572841242266338e-03+j1.59877316769889595005e-02
  +7.54495376375172513428e-03+j1.55610263918573785147e-02
  +7.88933608399903195385e-03+j1.51238123210598041091e-02
  +8.22003975719719053028e-03+j1.46765260009498830357e-02
  +8.53675683489237523138e-03+j1.42196139194840850961e-02
  +8.83919465760160845413e-03+j1.37535319813034129233e-02
  +9.12707614066601141678e-03+j1.32787449634809533172e-02
  +9.40014004020130883310e-03+j1.27957259626904351624e-02
  +9.65814119889383225492e-03+j1.23049558345710609297e-02
  +9.90085077141770499021e-03+j1.18069226259779024024e-02
  +1.01280564292814349164e-02+j1.13021210009125808171e-02
  +1.03395625449247356015e-02+j1.07910516608956796175e-02
  +1.05351903549390259196e-02+j1.02742207605006977134e-02
  +1.07147781022896536329e-02+j9.75213931888749968602e-03
  +1.08781811574614178245e-02+j9.22532262801816806130e-03
  +1.10252721184742694810e-02+j8.69428965840034553847e-03
  +1.11559408897397484978e-02+j8.15956246308372108722e-03
  +1.12700947397621591139e-02+j7.62166558069246428964e-03
  +1.13676583377180662887e-02+j7.08112543824850233787e-03
  +1.14485737689664652389e-02+j6.53846975454979752185e-03
  +1.15128005295853392403e-02+j5.99422694489891091929e-03
  +1.15603155000360280358e-02+j5.44892552783741122846e-03
  +1.15911128981172444063e-02+j4.90309353476752786405e-03
  +1.16052042113505959192e-02+j4.35725792306119238256e-03
  +1.16026181090250982836e-02+j3.81194399350011196848e-03
  +1.15834003340893141459e-02+j3.26767481268160336211e-03
  +1.15476135751620898051e-02+j2.72497064113385884659e-03
  +1.14953373189376414909e-02+j2.18434836789537911023e-03
  +1.14266676832495226585e-02+j1.64632095208757083665e-03
  +1.13417172311656780370e-02+j1.11139687235591293896e-03
  +1.12406147664165286665e-02+j5.80079584663167543979e-04
  +1.11235051105530360210e-02+j5.28669891867372329641e-05
  +1.09905488622079328120e-02-j4.69749093117682176013e-04
  +1.08419221388952064650e-02-j9.87283433615007005590e-04
  +1.06778163017587704453e-02-j1.49925789822027543535e-03
  +1.04984376637433929336e-02-j2.00520193814019732914e-03
  +1.03040071816536179389e-02-j2.50465306859180836252e-03
  +1.00947601325979512132e-02-j2.99715733495302481121e-03
  +9.87094577533162952088e-03-j3.48226976582801956567e-03
  +9.63282699701942420056e-03-j3.95955481254328146845e-03
  +9.38067994598169863085e-03-j4.42858677457167240754e-03
  +9.11479365095484508896e-03-j4.88895021048351904880e-03
  +8.83546962748022433887e-03-j5.34024033392586396085e-03
  +8.54302147197892255970e-03-j5.78206339428490555254e-03
  +8.23777444412711161437e-03-j6.21403704162082869134e-03
  +7.92006503815390928980e-03-j6.63579067550396951847e-03
  +7.59024054367701556806e-03-j7.04696577743909799429e-03
  +7.24865859671425510208e-03-j7.44721622655481266251e-03
  +6.89568672150946831989e-03-j7.83620859828420071591e-03
  +6.53170186385135676660e-03-j8.21362244573786530466e-03
  +6.15708991649630693610e-03-j8.57915056360229397181e-03
  +5.77224523742549903288e-03-j8.93249923426264226534e-03
  +5.37757016153750551368e-03-j9.27338845605879362466e-03
  +4.97347450651688255396e-03-j9.60155215343244834714e-03
  +4.56037507350778165138e-03-j9.91673836889078036405e-03
  +4.13869514329495355454e-03-j1.02187094366510133892e-02
  +3.70886396868039475497e-03-j1.05072421378834320732e-02
  +3.27131626371971948042e-03-j1.07821278375038898806e-02
  +2.82649169051481718648e-03-j1.10431726024808607445e-02
  +2.37483434422496465094e-03-j1.12901973016600962879e-02
  +1.91679223700270333179e-03-j1.15230376871019550566e-02
  +1.45281678148779223349e-03-j1.17415444570116572764e-02
  +9.83362274565768336443e-04-j1.19455833002984328911e-02
  +5.08885382031896396811e-04-j1.21350349228759243903e-02
  +2.98446248209665665821e-05-j1.23097950558223537959e-02
  -4.53300132542043543449e-04-j1.24697744455317741097e-02
  -9.40088190633060934165e-04-j1.26148988260310363635e-02
  -1.43005852033135146678e-03-j1.27451088736506411986e-02
  -1.92275026390405050225e-03-j1.28603601442526353782e-02
  -2.41770323136815054599e-03-j1.29606229932605135358e-02
  -2.91445839152838954977e-03-j1.30458824787387604044e-02
  -3.41255835709773202441e-03-j1.31161382478016154407e-02
  -3.91154786333357696454e-03-j1.31714044066440945369e-02
  -4.41097423962151166665e-03-j1.32117093745205190641e-02
  -4.91038787346347559148e-03-j1.32370957219977540553e-02
  -5.40934266633997726248e-03-j1.32476199938447360832e-02
  -5.90739648092289664633e-03-j1.32433525169268102861e-02
  -6.40411157915110433592e-03-j1.32243771935036998760e-02
  -6.89905505067692822324e-03-j1.31907912803276954061e-02
  -7.39179923122024445242e-03-j1.31427051539759042614e-02
</dep>
