<Qucs Dataset 1.0.3>
<indep L2 1>
  +2.76500000000000009659e-03
</indep>
<indep L4 1>
  +5.00000000000000010408e-04
</indep>
<indep L3 1>
  +1.70499999999999991840e-03
</indep>
<indep L1 1>
  +2.12999999999999994893e-03
</indep>
<indep Lq 1>
  +7.10000000000000040801e-03
</indep>
<indep Lsmd 1>
  +8.49999999999999952642e-04
</indep>
<indep W_70 1>
  +1.94999999999999996470e-04
</indep>
<indep W_50 1>
  +3.80000000000000020921e-04
</indep>
<indep frequency 200>
  +4.00000000000000000000e+09
  +4.02010050251256275177e+09
  +4.04020100502512550354e+09
  +4.06030150753768825531e+09
  +4.08040201005025148392e+09
  +4.10050251256281423569e+09
  +4.12060301507537698746e+09
  +4.14070351758793973923e+09
  +4.16080402010050249100e+09
  +4.18090452261306524277e+09
  +4.20100502512562799454e+09
  +4.22110552763819074631e+09
  +4.24120603015075397491e+09
  +4.26130653266331672668e+09
  +4.28140703517587947845e+09
  +4.30150753768844223022e+09
  +4.32160804020100498199e+09
  +4.34170854271356773376e+09
  +4.36180904522613048553e+09
  +4.38190954773869323730e+09
  +4.40201005025125598907e+09
  +4.42211055276381874084e+09
  +4.44221105527638149261e+09
  +4.46231155778894424438e+09
  +4.48241206030150794983e+09
  +4.50251256281407070160e+09
  +4.52261306532663345337e+09
  +4.54271356783919620514e+09
  +4.56281407035175895691e+09
  +4.58291457286432170868e+09
  +4.60301507537688446045e+09
  +4.62311557788944721222e+09
  +4.64321608040200996399e+09
  +4.66331658291457271576e+09
  +4.68341708542713546753e+09
  +4.70351758793969821930e+09
  +4.72361809045226097107e+09
  +4.74371859296482467651e+09
  +4.76381909547738647461e+09
  +4.78391959798995018005e+09
  +4.80402010050251293182e+09
  +4.82412060301507568359e+09
  +4.84422110552763843536e+09
  +4.86432160804020118713e+09
  +4.88442211055276393890e+09
  +4.90452261306532669067e+09
  +4.92462311557788944244e+09
  +4.94472361809045219421e+09
  +4.96482412060301494598e+09
  +4.98492462311557769775e+09
  +5.00502512562814044952e+09
  +5.02512562814070320129e+09
  +5.04522613065326690674e+09
  +5.06532663316582870483e+09
  +5.08542713567839241028e+09
  +5.10552763819095516205e+09
  +5.12562814070351791382e+09
  +5.14572864321608066559e+09
  +5.16582914572864341736e+09
  +5.18592964824120616913e+09
  +5.20603015075376892090e+09
  +5.22613065326633167267e+09
  +5.24623115577889442444e+09
  +5.26633165829145717621e+09
  +5.28643216080401992798e+09
  +5.30653266331658267975e+09
  +5.32663316582914543152e+09
  +5.34673366834170913696e+09
  +5.36683417085427093506e+09
  +5.38693467336683464050e+09
  +5.40703517587939739227e+09
  +5.42713567839196014404e+09
  +5.44723618090452289581e+09
  +5.46733668341708564758e+09
  +5.48743718592964839935e+09
  +5.50753768844221115112e+09
  +5.52763819095477390289e+09
  +5.54773869346733665466e+09
  +5.56783919597989940643e+09
  +5.58793969849246215820e+09
  +5.60804020100502490997e+09
  +5.62814070351758766174e+09
  +5.64824120603015136719e+09
  +5.66834170854271316528e+09
  +5.68844221105527687073e+09
  +5.70854271356783962250e+09
  +5.72864321608040237427e+09
  +5.74874371859296512604e+09
  +5.76884422110552787781e+09
  +5.78894472361809062958e+09
  +5.80904522613065338135e+09
  +5.82914572864321613312e+09
  +5.84924623115577888489e+09
  +5.86934673366834163666e+09
  +5.88944723618090438843e+09
  +5.90954773869346714020e+09
  +5.92964824120602989197e+09
  +5.94974874371859359741e+09
  +5.96984924623115539551e+09
  +5.98994974874371910095e+09
  +6.01005025125628185272e+09
  +6.03015075376884460449e+09
  +6.05025125628140735626e+09
  +6.07035175879397010803e+09
  +6.09045226130653285980e+09
  +6.11055276381909561157e+09
  +6.13065326633165836334e+09
  +6.15075376884422111511e+09
  +6.17085427135678386688e+09
  +6.19095477386934661865e+09
  +6.21105527638191032410e+09
  +6.23115577889447212219e+09
  +6.25125628140703582764e+09
  +6.27135678391959762573e+09
  +6.29145728643216133118e+09
  +6.31155778894472312927e+09
  +6.33165829145728683472e+09
  +6.35175879396984958649e+09
  +6.37185929648241233826e+09
  +6.39195979899497509003e+09
  +6.41206030150753784180e+09
  +6.43216080402010059357e+09
  +6.45226130653266334534e+09
  +6.47236180904522609711e+09
  +6.49246231155778884888e+09
  +6.51256281407035255432e+09
  +6.53266331658291435242e+09
  +6.55276381909547805786e+09
  +6.57286432160803985596e+09
  +6.59296482412060356140e+09
  +6.61306532663316535950e+09
  +6.63316582914572906494e+09
  +6.65326633165829181671e+09
  +6.67336683417085456848e+09
  +6.69346733668341732025e+09
  +6.71356783919598007202e+09
  +6.73366834170854282379e+09
  +6.75376884422110557556e+09
  +6.77386934673366832733e+09
  +6.79396984924623107910e+09
  +6.81407035175879478455e+09
  +6.83417085427135658264e+09
  +6.85427135678392028809e+09
  +6.87437185929648208618e+09
  +6.89447236180904579163e+09
  +6.91457286432160758972e+09
  +6.93467336683417129517e+09
  +6.95477386934673404694e+09
  +6.97487437185929679871e+09
  +6.99497487437185955048e+09
  +7.01507537688442230225e+09
  +7.03517587939698505402e+09
  +7.05527638190954780579e+09
  +7.07537688442211055756e+09
  +7.09547738693467330933e+09
  +7.11557788944723701477e+09
  +7.13567839195979881287e+09
  +7.15577889447236251831e+09
  +7.17587939698492431641e+09
  +7.19597989949748802185e+09
  +7.21608040201004981995e+09
  +7.23618090452261352539e+09
  +7.25628140703517627716e+09
  +7.27638190954773902893e+09
  +7.29648241206030178070e+09
  +7.31658291457286453247e+09
  +7.33668341708542728424e+09
  +7.35678391959799003601e+09
  +7.37688442211055278778e+09
  +7.39698492462311553955e+09
  +7.41708542713567924500e+09
  +7.43718592964824104309e+09
  +7.45728643216080474854e+09
  +7.47738693467336654663e+09
  +7.49748743718593025208e+09
  +7.51758793969849205017e+09
  +7.53768844221105575562e+09
  +7.55778894472361850739e+09
  +7.57788944723618125916e+09
  +7.59798994974874401093e+09
  +7.61809045226130676270e+09
  +7.63819095477386951447e+09
  +7.65829145728643226624e+09
  +7.67839195979899501801e+09
  +7.69849246231155776978e+09
  +7.71859296482412147522e+09
  +7.73869346733668327332e+09
  +7.75879396984924697876e+09
  +7.77889447236180877686e+09
  +7.79899497487437248230e+09
  +7.81909547738693428040e+09
  +7.83919597989949798584e+09
  +7.85929648241206073761e+09
  +7.87939698492462348938e+09
  +7.89949748743718624115e+09
  +7.91959798994974899292e+09
  +7.93969849246231174469e+09
  +7.95979899497487449646e+09
  +7.97989949748743724823e+09
  +8.00000000000000000000e+09
</indep>
<dep S23_dB frequency>
  -1.50504480499557971029e+01
  -1.51480486884834100181e+01
  -1.52467091429888146337e+01
  -1.53464555264114324018e+01
  -1.54473147767519449758e+01
  -1.55493146955263110698e+01
  -1.56524839884187461081e+01
  -1.57568523082799227808e+01
  -1.58624503006375441316e+01
  -1.59693096518997563749e+01
  -1.60774631404269570112e+01
  -1.61869446906922220819e+01
  -1.62977894307571027355e+01
  -1.64100337532804054774e+01
  -1.65237153803598069146e+01
  -1.66388734324560800815e+01
  -1.67555485017387049140e+01
  -1.68737827301778970934e+01
  -1.69936198927499901856e+01
  -1.71151054861712914601e+01
  -1.72382868235847972471e+01
  -1.73632131356849725989e+01
  -1.74899356788121735917e+01
  -1.76185078505788155212e+01
  -1.77489853136630379993e+01
  -1.78814261284590578782e+01
  -1.80158908953411689424e+01
  -1.81524429073703608140e+01
  -1.82911483143642037419e+01
  -1.84320762993338327362e+01
  -1.85752992684018316538e+01
  -1.87208930554196975038e+01
  -1.88689371426549072908e+01
  -1.90195148990171745140e+01
  -1.91727138375131147541e+01
  -1.93286258937328057073e+01
  -1.94873477274289044203e+01
  -1.96489810494201329050e+01
  -1.98136329763466783049e+01
  -1.99814164160642633306e+01
  -2.01524504867489966387e+01
  -2.03268609732075766772e+01
  -2.05047808241983560151e+01
  -2.06863506950597226819e+01
  -2.08717195404251825153e+01
  -2.10610452623183554977e+01
  -2.12544954195690749543e+01
  -2.14522480051251243083e+01
  -2.16544922986079448890e+01
  -2.18614298022138378030e+01
  -2.20732752689998577011e+01
  -2.22902578334686154449e+01
  -2.25126222553747226129e+01
  -2.27406302886484184000e+01
  -2.29745621883144792719e+01
  -2.32147183691372234193e+01
  -2.34614212304072609072e+01
  -2.37150171615192064678e+01
  -2.39758787427247810342e+01
  -2.42444071540398553566e+01
  -2.45210348024424789060e+01
  -2.48062281721882236241e+01
  -2.51004908942351399048e+01
  -2.54043670164319479454e+01
  -2.57184444337292781313e+01
  -2.60433584031535048098e+01
  -2.63797950155245111148e+01
  -2.67284944161485462644e+01
  -2.70902534461197959104e+01
  -2.74659271943002067928e+01
  -2.78564286762847430623e+01
  -2.82627254442033795101e+01
  -2.86858313086044880436e+01
  -2.91267904141345610469e+01
  -2.95866494932714907407e+01
  -3.00664119902319235678e+01
  -3.05669645617112415437e+01
  -3.10889617651018603794e+01
  -3.16326479930522843631e+01
  -3.21975864454865572384e+01
  -3.27822533227400043643e+01
  -3.33834437140643913722e+01
  -3.39954313598345763126e+01
  -3.46088465498600399428e+01
  -3.52093240839583074830e+01
  -3.57761888022475886828e+01
  -3.62818409193251838474e+01
  -3.66929856246884540383e+01
  -3.69749553181940058266e+01
  -3.70992681996453939064e+01
  -3.70520310025690164935e+01
  -3.68387238664240967978e+01
  -3.64822603199694341924e+01
  -3.60156244115420847152e+01
  -3.54734692412874892398e+01
  -3.48862437481000569051e+01
  -3.42777110209406501440e+01
  -3.36649060690913231042e+01
  -3.30592498560251044637e+01
  -3.24679368460640347394e+01
  -3.18951750387646555396e+01
  -3.13431504725999765526e+01
  -3.08127242402212573325e+01
  -3.03039150190173032229e+01
  -2.98162242438693354529e+01
  -2.93488512153119103232e+01
  -2.89008332954648317070e+01
  -2.84711359369742531555e+01
  -2.80587094558812424339e+01
  -2.76625239161928107023e+01
  -2.72815896988118211652e+01
  -2.69149687748183197300e+01
  -2.65617800018699092846e+01
  -2.62212006338167213926e+01
  -2.58924654858382439215e+01
  -2.55748647018070904835e+01
  -2.52677407421206901006e+01
  -2.49704849921333575935e+01
  -2.46825342466903343563e+01
  -2.44033672302251645192e+01
  -2.41325012485510015381e+01
  -2.38694890266320953742e+01
  -2.36139157594643513960e+01
  -2.33653963856612634231e+01
  -2.31235730823101590659e+01
  -2.28881129729741559231e+01
  -2.26587060368966355384e+01
  -2.24350632054975491769e+01
  -2.22169146315383869705e+01
  -2.20040081163621010774e+01
  -2.17961076811569540723e+01
  -2.15929922689607920461e+01
  -2.13944545650581616769e+01
  -2.12002999244319596528e+01
  -2.10103453958934629497e+01
  -2.08244188334732562851e+01
  -2.06423580865659452854e+01
  -2.04640102611488288176e+01
  -2.02892310451668578253e+01
  -2.01178840918638535129e+01
  -1.99498404554900403696e+01
  -1.97849780743845862219e+01
  -1.96231812969264893809e+01
  -1.94643404463361981982e+01
  -1.93083514206962014725e+01
  -1.91551153249479853002e+01
  -1.90045381319400377151e+01
  -1.88565303698930293308e+01
  -1.87110068339301172102e+01
  -1.85678863195298582411e+01
  -1.84270913759863113057e+01
  -1.82885480781442346654e+01
  -1.81521858148401769029e+01
  -1.80179370926360675753e+01
  -1.78857373535666468456e+01
  -1.77555248057351491298e+01
  -1.76272402657093110179e+01
  -1.75008270117610251759e+01
  -1.73762306470798684188e+01
  -1.72533989721744411838e+01
  -1.71322818657398912023e+01
  -1.70128311733351864632e+01
  -1.68950006032797404032e+01
  -1.67787456292104195654e+01
  -1.66640233988143542376e+01
  -1.65507926482728251472e+01
  -1.64390136219960467656e+01
  -1.63286479972729061672e+01
  -1.62196588134802475167e+01
  -1.61120104055257087339e+01
  -1.60056683412327380722e+01
  -1.59005993623918229218e+01
  -1.57967713292268392422e+01
  -1.56941531680441670460e+01
  -1.55927148218517714895e+01
  -1.54924272037525341261e+01
  -1.53932621529257200876e+01
  -1.52951923930302911003e+01
  -1.51981914928754306970e+01
  -1.51022338292120288372e+01
  -1.50072945515120199644e+01
  -1.49133495486122527041e+01
  -1.48203754171047226151e+01
  -1.47283494313724325764e+01
  -1.46372495151632442401e+01
  -1.45470542146204717682e+01
  -1.44577426726702604753e+01
  -1.43692946046995579934e+01
  -1.42816902754408872056e+01
  -1.41949104769976699458e+01
  -1.41089365079477282450e+01
  -1.40237501534589732444e+01
  -1.39393336663641154161e+01
  -1.38556697491457185833e+01
  -1.37727415367725374296e+01
  -1.36905325803485204972e+01
  -1.36090268315326934356e+01
  -1.35282086276799873303e+01
  -1.34480626776790970212e+01
  -1.33685740484355406466e+01
</dep>
<dep S31_dB frequency>
  -3.31271790154574086174e+00
  -3.31117251312252225404e+00
  -3.30964286029966858749e+00
  -3.30812922528141095668e+00
  -3.30663188837698518441e+00
  -3.30515112795625487507e+00
  -3.30368722040549034347e+00
  -3.30224044008339578937e+00
  -3.30081105927695883651e+00
  -3.29939934815765711917e+00
  -3.29800557473784472506e+00
  -3.29663000482712398309e+00
  -3.29527290198904676544e+00
  -3.29393452749794413137e+00
  -3.29261514029590252051e+00
  -3.29131499695007656570e+00
  -3.29003435161011914545e+00
  -3.28877345596594938826e+00
  -3.28753255920563169923e+00
  -3.28631190797363892386e+00
  -3.28511174632939040308e+00
  -3.28393231570599342106e+00
  -3.28277385486929684788e+00
  -3.28163659987741374024e+00
  -3.28052078404035318826e+00
  -3.27942663788016952608e+00
  -3.27835438909130871821e+00
  -3.27730426250145745470e+00
  -3.27627648003271376709e+00
  -3.27527126066309559604e+00
  -3.27428882038857249626e+00
  -3.27332937218537223245e+00
  -3.27239312597284603967e+00
  -3.27148028857670025715e+00
  -3.27059106369262231340e+00
  -3.26972565185058172688e+00
  -3.26888425037928476158e+00
  -3.26806705337145908530e+00
  -3.26727425164944396130e+00
  -3.26650603273118811387e+00
  -3.26576258079712511417e+00
  -3.26504407665717266696e+00
  -3.26435069771857655496e+00
  -3.26368261795417158311e+00
  -3.26304000787125181304e+00
  -3.26242303448103942998e+00
  -3.26183186126857282972e+00
  -3.26126664816355615883e+00
  -3.26072755151138782281e+00
  -3.26021472404516376997e+00
  -3.25972831485812530872e+00
  -3.25926846937673753146e+00
  -3.25883532933450670299e+00
  -3.25842903274638029387e+00
  -3.25804971388395880894e+00
  -3.25769750325114637590e+00
  -3.25737252756075790217e+00
  -3.25707490971146107483e+00
  -3.25680476876587121637e+00
  -3.25656221992904892915e+00
  -3.25634737452774558619e+00
  -3.25616033999045573211e+00
  -3.25600121982817380939e+00
  -3.25587011361593337000e+00
  -3.25576711697500753573e+00
  -3.25569232155583332400e+00
  -3.25564581502194849705e+00
  -3.25562768103438049394e+00
  -3.25563799923694929817e+00
  -3.25567684524238565302e+00
  -3.25574429061923176221e+00
  -3.25584040287937526159e+00
  -3.25596524546659171762e+00
  -3.25611887774572927867e+00
  -3.25630135499275263911e+00
  -3.25651272838562944045e+00
  -3.25675304499593964991e+00
  -3.25702234778129273707e+00
  -3.25732067557876314723e+00
  -3.25764806309886267854e+00
  -3.25800454092044144971e+00
  -3.25839013548654765628e+00
  -3.25880486910085931385e+00
  -3.25924875992517737444e+00
  -3.25972182197750814936e+00
  -3.26022406513128526484e+00
  -3.26075549511510365264e+00
  -3.26131611351341232918e+00
  -3.26190591776808069824e+00
  -3.26252490118075844094e+00
  -3.26317305291597126171e+00
  -3.26385035800521805527e+00
  -3.26455679735173820433e+00
  -3.26529234773617371701e+00
  -3.26605698182289039266e+00
  -3.26685066816753844066e+00
  -3.26767337122490708623e+00
  -3.26852505135788495849e+00
  -3.26940566484724914886e+00
  -3.27031516390208842893e+00
  -3.27125349667116260832e+00
  -3.27222060725503238743e+00
  -3.27321643571885889656e+00
  -3.27424091810632056365e+00
  -3.27529398645378888588e+00
  -3.27637556880590885555e+00
  -3.27748558923126642739e+00
  -3.27862396783951348667e+00
  -3.27979062079880767655e+00
  -3.28098546035387128583e+00
  -3.28220839484544146814e+00
  -3.28345932872982615436e+00
  -3.28473816259941164830e+00
  -3.28604479320403886078e+00
  -3.28737911347283962016e+00
  -3.28874101253707573633e+00
  -3.29013037575322586648e+00
  -3.29154708472746682091e+00
  -3.29299101734002963582e+00
  -3.29446204777092788163e+00
  -3.29596004652580942818e+00
  -3.29748488046294818687e+00
  -3.29903641282051651729e+00
  -3.30061450324464766837e+00
  -3.30221900781806754210e+00
  -3.30384977908950538961e+00
  -3.30550666610345356133e+00
  -3.30718951443083497566e+00
  -3.30889816619989396429e+00
  -3.31063246012801792872e+00
  -3.31239223155387385589e+00
  -3.31417731247026026153e+00
  -3.31598753155744319088e+00
  -3.31782271421693186753e+00
  -3.31968268260604126851e+00
  -3.32156725567251687181e+00
  -3.32347624919026030099e+00
  -3.32540947579498791242e+00
  -3.32736674502065188364e+00
  -3.32934786333628540689e+00
  -3.33135263418323468443e+00
  -3.33338085801300865185e+00
  -3.33543233232522107201e+00
  -3.33750685170634220356e+00
  -3.33960420786852241193e+00
  -3.34172418968901530079e+00
  -3.34386658324986862922e+00
  -3.34603117187817833411e+00
  -3.34821773618629325853e+00
  -3.35042605411279792449e+00
  -3.35265590096349797022e+00
  -3.35490704945309570206e+00
  -3.35717926974661917683e+00
  -3.35947232950175589394e+00
  -3.36178599391089250048e+00
  -3.36412002574390234244e+00
  -3.36647418539098852719e+00
  -3.36884823090553409131e+00
  -3.37124191804766448755e+00
  -3.37365500032763288019e+00
  -3.37608722904957359034e+00
  -3.37853835335548158270e+00
  -3.38100812026913599695e+00
  -3.38349627474060499210e+00
  -3.38600255969053476335e+00
  -3.38852671605469657479e+00
  -3.39106848282869899336e+00
  -3.39362759711292572007e+00
  -3.39620379415718653959e+00
  -3.39879680740607481582e+00
  -3.40140636854388489496e+00
  -3.40403220753967827861e+00
  -3.40667405269276724056e+00
  -3.40933163067788402856e+00
  -3.41200466659046242057e+00
  -3.41469288399207915319e+00
  -3.41739600495574258332e+00
  -3.42011375011132878754e+00
  -3.42284583869096437070e+00
  -3.42559198857430180496e+00
  -3.42835191633392755151e+00
  -3.43112533728056856575e+00
  -3.43391196550845423374e+00
  -3.43671151394033769222e+00
  -3.43952369437281246789e+00
  -3.44234821752116770810e+00
  -3.44518479306447522603e+00
  -3.44803312969036035440e+00
  -3.45089293513983808026e+00
  -3.45376391625186363044e+00
  -3.45664577900787683973e+00
  -3.45953822857624881948e+00
  -3.46244096935643508317e+00
  -3.46535370502309802987e+00
  -3.46827613856996919139e+00
  -3.47120797235379585643e+00
  -3.47414890813771215505e+00
  -3.47709864713482375009e+00
  -3.48005689005127027968e+00
  -3.48302333712938416710e+00
</dep>
<dep S21_dB frequency>
  -3.31271790154572176590e+00
  -3.31117251312252136586e+00
  -3.30964286029968368652e+00
  -3.30812922528142694389e+00
  -3.30663188837698562850e+00
  -3.30515112795621890385e+00
  -3.30368722040549167573e+00
  -3.30224044008339578937e+00
  -3.30081105927696061286e+00
  -3.29939934815765711917e+00
  -3.29800557473782696150e+00
  -3.29663000482712087447e+00
  -3.29527290198904587726e+00
  -3.29393452749794413137e+00
  -3.29261514029590163233e+00
  -3.29131499695005835804e+00
  -3.29003435161011914545e+00
  -3.28877345596593384514e+00
  -3.28753255920563347559e+00
  -3.28631190797366112832e+00
  -3.28511174632941393980e+00
  -3.28393231570597521340e+00
  -3.28277385486927419933e+00
  -3.28163659987741285207e+00
  -3.28052078404035274417e+00
  -3.27942663788014732162e+00
  -3.27835438909130871821e+00
  -3.27730426250143391798e+00
  -3.27627648003269289489e+00
  -3.27527126066311558006e+00
  -3.27428882038854851544e+00
  -3.27332937218537534108e+00
  -3.27239312597284470741e+00
  -3.27148028857670025715e+00
  -3.27059106369262098113e+00
  -3.26972565185058305914e+00
  -3.26888425037927987660e+00
  -3.26806705337146041757e+00
  -3.26727425164944529357e+00
  -3.26650603273119255476e+00
  -3.26576258079711978510e+00
  -3.26504407665715135067e+00
  -3.26435069771855790322e+00
  -3.26368261795417158311e+00
  -3.26304000787127801431e+00
  -3.26242303448103942998e+00
  -3.26183186126857638243e+00
  -3.26126664816355837928e+00
  -3.26072755151138782281e+00
  -3.26021472404516021726e+00
  -3.25972831485812353236e+00
  -3.25926846937673753146e+00
  -3.25883532933448361035e+00
  -3.25842903274638029387e+00
  -3.25804971388393749265e+00
  -3.25769750325116946854e+00
  -3.25737252756073392135e+00
  -3.25707490971145974257e+00
  -3.25680476876589430901e+00
  -3.25656221992907335405e+00
  -3.25634737452774780664e+00
  -3.25616033999045706437e+00
  -3.25600121982819912247e+00
  -3.25587011361596090353e+00
  -3.25576711697500797982e+00
  -3.25569232155583332400e+00
  -3.25564581502194760887e+00
  -3.25562768103435429268e+00
  -3.25563799923692487326e+00
  -3.25567684524237144217e+00
  -3.25574429061921355455e+00
  -3.25584040287937170888e+00
  -3.25596524546659038535e+00
  -3.25611887774573194321e+00
  -3.25630135499275708000e+00
  -3.25651272838563254908e+00
  -3.25675304499590012597e+00
  -3.25702234778126342718e+00
  -3.25732067557874849228e+00
  -3.25764806309885912583e+00
  -3.25800454092043878518e+00
  -3.25839013548653300134e+00
  -3.25880486910086020202e+00
  -3.25924875992516316359e+00
  -3.25972182197750903754e+00
  -3.26022406513131457473e+00
  -3.26075549511511475487e+00
  -3.26131611351342209915e+00
  -3.26190591776808069824e+00
  -3.26252490118074600645e+00
  -3.26317305291597703487e+00
  -3.26385035800524869742e+00
  -3.26455679735179638001e+00
  -3.26529234773614263077e+00
  -3.26605698182288772813e+00
  -3.26685066816752556207e+00
  -3.26767337122489287538e+00
  -3.26852505135788629076e+00
  -3.26940566484725181340e+00
  -3.27031516390210619250e+00
  -3.27125349667117992780e+00
  -3.27222060725503371970e+00
  -3.27321643571889264734e+00
  -3.27424091810630457644e+00
  -3.27529398645380664945e+00
  -3.27637556880587599295e+00
  -3.27748558923126598330e+00
  -3.27862396783956011603e+00
  -3.27979062079877659031e+00
  -3.28098546035386862130e+00
  -3.28220839484544457676e+00
  -3.28345932872982126938e+00
  -3.28473816259941164830e+00
  -3.28604479320403930487e+00
  -3.28737911347287470321e+00
  -3.28874101253705131143e+00
  -3.29013037575322631056e+00
  -3.29154708472745261005e+00
  -3.29299101734002874764e+00
  -3.29446204777087814364e+00
  -3.29596004652577523331e+00
  -3.29748488046294907505e+00
  -3.29903641282052095818e+00
  -3.30061450324464811246e+00
  -3.30221900781808574976e+00
  -3.30384977908950316916e+00
  -3.30550666610349308527e+00
  -3.30718951443087316733e+00
  -3.30889816619991217195e+00
  -3.31063246012801792872e+00
  -3.31239223155385165143e+00
  -3.31417731247025892927e+00
  -3.31598753155744319088e+00
  -3.31782271421692964708e+00
  -3.31968268260600307684e+00
  -3.32156725567250132869e+00
  -3.32347624919026340962e+00
  -3.32540947579496837250e+00
  -3.32736674502062967917e+00
  -3.32934786333626675514e+00
  -3.33135263418323512852e+00
  -3.33338085801300909594e+00
  -3.33543233232522329246e+00
  -3.33750685170634042720e+00
  -3.33960420786850153974e+00
  -3.34172418968898110592e+00
  -3.34386658324990548863e+00
  -3.34603117187818011047e+00
  -3.34821773618631413072e+00
  -3.35042605411276195326e+00
  -3.35265590096351973060e+00
  -3.35490704945311923879e+00
  -3.35717926974665914486e+00
  -3.35947232950175100896e+00
  -3.36178599391089605319e+00
  -3.36412002574394142229e+00
  -3.36647418539098541856e+00
  -3.36884823090553187086e+00
  -3.37124191804766493163e+00
  -3.37365500032763154792e+00
  -3.37608722904957092581e+00
  -3.37853835335544605556e+00
  -3.38100812026911690111e+00
  -3.38349627474062719656e+00
  -3.38600255969053298699e+00
  -3.38852671605469524252e+00
  -3.39106848282870076972e+00
  -3.39362759711288708431e+00
  -3.39620379415720252680e+00
  -3.39879680740612366563e+00
  -3.40140636854388134225e+00
  -3.40403220753965607415e+00
  -3.40667405269278944502e+00
  -3.40933163067788225220e+00
  -3.41200466659046242057e+00
  -3.41469288399205339601e+00
  -3.41739600495569373351e+00
  -3.42011375011130658308e+00
  -3.42284583869094394259e+00
  -3.42559198857430180496e+00
  -3.42835191633392621924e+00
  -3.43112533728056723348e+00
  -3.43391196550843336155e+00
  -3.43671151394033858040e+00
  -3.43952369437279292796e+00
  -3.44234821752116371130e+00
  -3.44518479306445124521e+00
  -3.44803312969035946622e+00
  -3.45089293513983808026e+00
  -3.45376391625186585088e+00
  -3.45664577900790348508e+00
  -3.45953822857627590892e+00
  -3.46244096935646172852e+00
  -3.46535370502307316087e+00
  -3.46827613856994387831e+00
  -3.47120797235379718870e+00
  -3.47414890813772903044e+00
  -3.47709864713482685872e+00
  -3.48005689005129292823e+00
  -3.48302333712941125654e+00
</dep>
<dep S11_dB frequency>
  -1.56031507785308356517e+01
  -1.56826639599157342531e+01
  -1.57631056490432435169e+01
  -1.58444894657865464893e+01
  -1.59268292834848779194e+01
  -1.60101392306841745494e+01
  -1.60944336924184341342e+01
  -1.61797273109847381534e+01
  -1.62660349861312809594e+01
  -1.63533718745855907173e+01
  -1.64417533888153890587e+01
  -1.65311951949454751798e+01
  -1.66217132097031523585e+01
  -1.67133235962681361286e+01
  -1.68060427588967407075e+01
  -1.68998873361549293293e+01
  -1.69948741926023068061e+01
  -1.70910204087206594181e+01
  -1.71883432688824946410e+01
  -1.72868602471275032428e+01
  -1.73865889904671675481e+01
  -1.74875472994436833574e+01
  -1.75897531055997937699e+01
  -1.76932244455085125878e+01
  -1.77979794309529317786e+01
  -1.79040362148049503332e+01
  -1.80114129521141173029e+01
  -1.81201277558369291398e+01
  -1.82301986465977741148e+01
  -1.83416434957993423893e+01
  -1.84544799613132965987e+01
  -1.85687254149062255237e+01
  -1.86843968604728196681e+01
  -1.88015108420226120245e+01
  -1.89200833402775288050e+01
  -1.90401296565942708128e+01
  -1.91616642828157566214e+01
  -1.92847007554653906425e+01
  -1.94092514925791412850e+01
  -1.95353276112841491852e+01
  -1.96629387239983053348e+01
  -1.97920927110038213925e+01
  -1.99227954668381777026e+01
  -2.00550506177869394264e+01
  -2.01888592074665105258e+01
  -2.03242193472548571265e+01
  -2.04611258280753638417e+01
  -2.05995696897329381159e+01
  -2.07395377438179515650e+01
  -2.08810120458579504543e+01
  -2.10239693122775932466e+01
  -2.11683802774747036324e+01
  -2.13142089862656192167e+01
  -2.14614120168959630064e+01
  -2.16099376299191874296e+01
  -2.17597248385299444351e+01
  -2.19107023963541394096e+01
  -2.20627876994850460335e+01
  -2.22158856005480167539e+01
  -2.23698871341253600065e+01
  -2.25246681548076530532e+01
  -2.26800878917434580728e+01
  -2.28359874268764393435e+01
  -2.29921881081915060463e+01
  -2.31484899144408409200e+01
  -2.33046697939697864399e+01
  -2.34604800075977024676e+01
  -2.36156465140990334817e+01
  -2.37698674465166206460e+01
  -2.39228117383537153273e+01
  -2.40741179703450924876e+01
  -2.42233935206145147845e+01
  -2.43702141128234046619e+01
  -2.45141238678271804474e+01
  -2.46546359728775428266e+01
  -2.47912340874927785705e+01
  -2.49233746047402924262e+01
  -2.50504898793089338938e+01
  -2.51719925174106933241e+01
  -2.52872807965873356295e+01
  -2.53957452448812972534e+01
  -2.54967763581842667975e+01
  -2.55897733728513259166e+01
  -2.56741539402189786756e+01
  -2.57493644746593552952e+01
  -2.58148908729454689137e+01
  -2.58702692371488929268e+01
  -2.59150961835641666653e+01
  -2.59490382941339703393e+01
  -2.59718402700243053971e+01
  -2.59833313834563455202e+01
  -2.59834298929974103487e+01
  -2.59721451858618195274e+01
  -2.59495775303943823076e+01
  -2.59159154522493722084e+01
  -2.58714308770873770982e+01
  -2.58164722984162864350e+01
  -2.57514563222286056998e+01
  -2.56768580025469503880e+01
  -2.55932004115101427999e+01
  -2.55010438844530753499e+01
  -2.54009753488561749180e+01
  -2.52935980925784278384e+01
  -2.51795222587975260353e+01
  -2.50593562804588678716e+01
  -2.49336993925805892047e+01
  -2.48031352917969982741e+01
  -2.46682269529533435559e+01
  -2.45295125643650493430e+01
  -2.43875025071712201452e+01
  -2.42426772795664327020e+01
  -2.40954862523733410740e+01
  -2.39463471365672511126e+01
  -2.37956460443340347410e+01
  -2.36437380311379286013e+01
  -2.34909480153633474231e+01
  -2.33375719833140529147e+01
  -2.31838783992561232594e+01
  -2.30301097522788111860e+01
  -2.28764841831895040514e+01
  -2.27231971453231871294e+01
  -2.25704230625911037578e+01
  -2.24183169564071675950e+01
  -2.22670160202360811752e+01
  -2.21166411264382816171e+01
  -2.19672982550109487931e+01
  -2.18190798377849830558e+01
  -2.16720660147991672773e+01
  -2.15263258020223489098e+01
  -2.13819181714630524027e+01
  -2.12388930461069591615e+01
  -2.10972922130880959912e+01
  -2.09571501591785214202e+01
  -2.08184948331106198793e+01
  -2.06813483394502952706e+01
  -2.05457275688130245328e+01
  -2.04116447691813895915e+01
  -2.02791080629489144371e+01
  -2.01481219141360092806e+01
  -2.00186875499961978164e+01
  -1.98908033409898656885e+01
  -1.97644651428483300037e+01
  -1.96396666041708556349e+01
  -1.95163994427604379212e+01
  -1.93946536936273368212e+01
  -1.92744179313695305211e+01
  -1.91556794693911776051e+01
  -1.90384245382089041243e+01
  -1.89226384449015299083e+01
  -1.88083057155618043055e+01
  -1.86954102224354414830e+01
  -1.85839352972842632994e+01
  -1.84738638323492487814e+01
  -1.83651783701681345917e+01
  -1.82578611833782673557e+01
  -1.81518943455166308354e+01
  -1.80472597937424659165e+01
  -1.79439393843041656851e+01
  -1.78419149414995885650e+01
  -1.77411683007977600823e+01
  -1.76416813467295483520e+01
  -1.75434360460835776507e+01
  -1.74464144769068099095e+01
  -1.73505988537354802759e+01
  -1.72559715494663699076e+01
  -1.71625151142104854785e+01
  -1.70702122914589047298e+01
  -1.69790460318378357840e+01
  -1.68889995047228929081e+01
  -1.68000561079311125923e+01
  -1.67121994757105269969e+01
  -1.66254134852055059923e+01
  -1.65396822615739900186e+01
  -1.64549901818996993086e+01
  -1.63713218780404510255e+01
  -1.62886622385342576536e+01
  -1.62069964096678660326e+01
  -1.61263097958107834984e+01
  -1.60465880591012854950e+01
  -1.59678171185624524497e+01
  -1.58899831487200753344e+01
  -1.58130725777868228477e+01
  -1.57370720854661811927e+01
  -1.56619686004322549167e+01
  -1.55877492975260842911e+01
  -1.55144015947152098533e+01
  -1.54419131498448649609e+01
  -1.53702718572220735638e+01
  -1.52994658440565416413e+01
  -1.52294834667849805498e+01
  -1.51603133073045519552e+01
  -1.50919441691329545563e+01
  -1.50243650735147245001e+01
  -1.49575652554923017590e+01
  -1.48915341599515684834e+01
  -1.48262614376576955522e+01
  -1.47617369412948651330e+01
  -1.46979507215121643071e+01
  -1.46348930229943618997e+01
  -1.45725542805541543601e+01
</dep>
<dep S[2,2] frequency>
  +2.14097554776802867504e-03+j1.32332317829489121142e-02
  +1.73755472498841878615e-03+j1.26499716395716554906e-02
  +1.33233682846221890284e-03+j1.20796076020234788295e-02
  +9.25545053654150406963e-04+j1.15220460493579146544e-02
  +5.17399824427819399197e-04+j1.09771913872629411912e-02
  +1.08118810135615639467e-04+j1.04449460740609900711e-02
  -3.02083058599522669141e-04+j9.92521064580406675582e-03
  -7.12993574739639868199e-04+j9.41788374110708037534e-03
  -1.12440324082116460680e-03+j8.92286212538767609104e-03
  -1.53610525570339884194e-03+j8.44004071471010641758e-03
  -1.94789550229775010326e-03+j7.96931259914893108665e-03
  -2.35957253597428306957e-03+j7.51056906596686557620e-03
  -2.77093757398182150009e-03+j7.06369962221162217553e-03
  -3.18179448545206911003e-03+j6.62859201729099067890e-03
  -3.59194978240016948856e-03+j6.20513226500159220667e-03
  -4.00121261127600602592e-03+j5.79320466553270851939e-03
  -4.40939474531450159578e-03+j5.39269182719143147509e-03
  -4.81631057760227576647e-03+j5.00347468788374383220e-03
  -5.22177711481269790639e-03+j4.62543253651621910638e-03
  -5.62561397152012976353e-03+j4.25844303425165771060e-03
  -6.02764336527553123979e-03+j3.90238223558764252274e-03
  -6.42769011210347906982e-03+j3.55712460949898778839e-03
  -6.82558162280312574755e-03+j3.22254306032007664662e-03
  -7.22114789961303404908e-03+j2.89850894872531461566e-03
  -7.61422153349258779009e-03+j2.58489211264135987367e-03
  -8.00463770197525070760e-03+j2.28156088810871349182e-03
  -8.39223416740443595163e-03+j1.98838213023747045760e-03
  -8.77685127567875977839e-03+j1.70522123412183979063e-03
  -9.15833195552992473942e-03+j1.43194215579650618864e-03
  -9.53652171810331905633e-03+j1.16840743329056639954e-03
  -9.91126865699312742386e-03+j9.14478207717936419918e-04
  -1.02824234487348953326e-02+j6.70014244468608577421e-04
  -1.06498393535663926635e-02+j4.34873954441875043564e-04
  -1.10133722165468017629e-02+j2.08914415497057914806e-04
  -1.13728804690793328103e-02-j8.00860611220588491932e-06
  -1.17282251306737861363e-02-j2.16040634100383988070e-04
  -1.20792698110054608218e-02-j4.15328460387193176828e-04
  -1.24258807122279435475e-02-j6.06020123180506242733e-04
  -1.27679266316152451033e-02-j7.88264884980016677929e-04
  -1.31052789643274492093e-02-j9.62213210319445844121e-04
  -1.34378117064636037892e-02-j1.12801674342780100524e-03
  -1.37654014582675177092e-02-j1.28582828566689566507e-03
  -1.40879274275809984740e-02-j1.43580177285256016528e-03
  -1.44052714333195441831e-02-j1.57809225230448602062e-03
  -1.47173179092413841662e-02-j1.71285585981437171732e-03
  -1.50239539077847150672e-02-j1.84024979639173247303e-03
  -1.53250691039632513935e-02-j1.96043230474834961896e-03
  -1.56205557994487098661e-02-j2.07356264572400306179e-03
  -1.59103089266562636173e-02-j2.17980107440077230940e-03
  -1.61942260529360504417e-02-j2.27930881609049451608e-03
  -1.64722073847898831112e-02-j2.37224804209205941685e-03
  -1.67441557721508815781e-02-j2.45878184528411369847e-03
  -1.70099767126440093445e-02-j2.53907421548985740012e-03
  -1.72695783558607374175e-02-j2.61329001463567883734e-03
  -1.75228715076608254630e-02-j2.68159495179721985014e-03
  -1.77697696343992739276e-02-j2.74415555792494741949e-03
  -1.80101888671836685152e-02-j2.80113916054073458506e-03
  -1.82440480059837817350e-02-j2.85271385802204208160e-03
  -1.84712685237773954761e-02-j2.89904849393526897749e-03
  -1.86917745705810212087e-02-j2.94031263103283757587e-03
  -1.89054929774159496958e-02-j2.97667652513041586237e-03
  -1.91123532601451817658e-02-j3.00831109877085917104e-03
  -1.93122876232229290228e-02-j3.03538791474310121199e-03
  -1.95052309633654552545e-02-j3.05807914945225439718e-03
  -1.96911208730222719865e-02-j3.07655756605502983536e-03
  -1.98698976437593488598e-02-j3.09099648748245581231e-03
  -2.00415042694969403048e-02-j3.10156976932751682341e-03
  -2.02058864495959500385e-02-j3.10845177255627408419e-03
  -2.03629925917254150924e-02-j3.11181733603690946488e-03
  -2.05127738146300697686e-02-j3.11184174900359933336e-03
  -2.06551839506949053149e-02-j3.10870072336000627389e-03
  -2.07901795483075579885e-02-j3.10257036582857123608e-03
  -2.09177198740468639482e-02-j3.09362715002753710380e-03
  -2.10377669146279699941e-02-j3.08204788836970167143e-03
  -2.11502853787318145784e-02-j3.06800970394919755857e-03
  -2.12552426985180564767e-02-j3.05169000223738315358e-03
  -2.13526090309793248334e-02-j3.03326644273564649534e-03
  -2.14423572590838329432e-02-j3.01291691053900967390e-03
  -2.15244629926295560907e-02-j2.99081948781106977953e-03
  -2.15989045689212455503e-02-j2.96715242519060909410e-03
  -2.16656630531835148190e-02-j2.94209411313775884289e-03
  -2.17247222387639271624e-02-j2.91582305323859376778e-03
  -2.17760686470654940550e-02-j2.88851782944115134666e-03
  -2.18196915272189373436e-02-j2.86035707926088691999e-03
  -2.18555828555468678598e-02-j2.83151946494556404355e-03
  -2.18837373347834651671e-02-j2.80218364466233282178e-03
  -2.19041523929699721851e-02-j2.77252824359413467883e-03
  -2.19168281822108568235e-02-j2.74273182509650326200e-03
  -2.19217675770401188018e-02-j2.71297286179429230496e-03
  -2.19189761726857335056e-02-j2.68342970676254972268e-03
  -2.19084622829529840349e-02-j2.65428056464583938048e-03
  -2.18902369379143091344e-02-j2.62570346284950358051e-03
  -2.18643138813603976622e-02-j2.59787622276145060973e-03
  -2.18307095679286244927e-02-j2.57097643097730158002e-03
  -2.17894431601343141480e-02-j2.54518141063352770770e-03
  -2.17405365249120907656e-02-j2.52066819272613214242e-03
  -2.16840142301783778134e-02-j2.49761348756707100838e-03
  -2.16199035409374851202e-02-j2.47619365623220552552e-03
  -2.15482344152958527062e-02-j2.45658468216861450295e-03
  -2.14690395001735090386e-02-j2.43896214283572179693e-03
  -2.13823541267534611432e-02-j2.42350118143087878142e-03
  -2.12882163057923345928e-02-j2.41037647876524846469e-03
  -2.11866667226508209598e-02-j2.39976222520505572122e-03
  -2.10777487320785439362e-02-j2.39183209273739413869e-03
  -2.09615083528987278250e-02-j2.38675920716694550672e-03
  -2.08379942623253266998e-02-j2.38471612042165728718e-03
  -2.07072577902401022687e-02-j2.38587478299782593250e-03
  -2.05693529131622809825e-02-j2.39040651656243635648e-03
  -2.04243362480836243567e-02-j2.39848198668179274362e-03
  -2.02722670461155662913e-02-j2.41027117566484927469e-03
  -2.01132071859679018022e-02-j2.42594335567047209024e-03
  -1.99472211672362120805e-02-j2.44566706184363991117e-03
  -1.97743761035532317205e-02-j2.46961006569538371602e-03
  -1.95947417156356606949e-02-j2.49793934866592015620e-03
  -1.94083903240744037877e-02-j2.53082107577540932342e-03
  -1.92153968421422682855e-02-j2.56842056957446579490e-03
  -1.90158387683677654323e-02-j2.61090228415047226340e-03
  -1.88097961790485157518e-02-j2.65842977942991331997e-03
  -1.85973517206483307529e-02-j2.71116569557534187185e-03
  -1.83785906021128875310e-02-j2.76927172765112361574e-03
  -1.81536005871345273999e-02-j2.83290860043105413579e-03
  -1.79224719862502712697e-02-j2.90223604340980601002e-03
  -1.76852976490221580619e-02-j2.97741276604918808646e-03
  -1.74421729560429450423e-02-j3.05859643314888851595e-03
  -1.71931958110192184552e-02-j3.14594364049979730025e-03
  -1.69384666327160593458e-02-j3.23960989066089666277e-03
  -1.66780883470103447053e-02-j3.33974956898892838542e-03
  -1.64121663788555083308e-02-j3.44651591984748706388e-03
  -1.61408086443032283697e-02-j3.56006102299125104516e-03
  -1.58641255425792659928e-02-j3.68053577020376054829e-03
  -1.55822299481314374692e-02-j3.80808984206297551633e-03
  -1.52952372027816418942e-02-j3.94287168492911399564e-03
  -1.50032651079649026471e-02-j4.08502848815676944394e-03
  -1.47064339169969415799e-02-j4.23470616142376798940e-03
  -1.44048663274776722609e-02-j4.39204931228857897718e-03
  -1.40986874738164846832e-02-j4.55720122391869986167e-03
  -1.37880249198372439867e-02-j4.73030383298644885315e-03
  -1.34730086515631453103e-02-j4.91149770772868199398e-03
  -1.31537710701614130038e-02-j5.10092202617475065640e-03
  -1.28304469850512303797e-02-j5.29871455454154760556e-03
  -1.25031736071821442113e-02-j5.50501162575331437488e-03
  -1.21720905425082570606e-02-j5.71994811809917180767e-03
  -1.18373397857395312727e-02-j5.94365743405673996325e-03
  -1.14990657142813867964e-02-j6.17627147921122332530e-03
  -1.11574150824046702812e-02-j6.41792064128782202559e-03
  -1.08125370157431677232e-02-j6.66873376930190997491e-03
  -1.04645830060319244836e-02-j6.92883815278594328291e-03
  -1.01137069061319334606e-02-j7.19835950112099332010e-03
  -9.76006492540673620262e-03-j7.47742192288405882472e-03
  -9.40381562541736659711e-03-j7.76614790532716148252e-03
  -9.04511991596218534184e-03-j8.06465829381788901209e-03
  -8.68414105147415071873e-03-j8.37307227138098242314e-03
  -8.32104462781657616688e-03-j8.69150733817686260707e-03
  -7.95599857945643307300e-03-j9.02007929103895711442e-03
  -7.58917317710891548010e-03-j9.35890220295416963570e-03
  -7.22074102570902098819e-03-j9.70808840249610949247e-03
  -6.85087706294909559723e-03-j1.00677484532440686404e-02
  -6.47975855820800972218e-03-j1.04379911330567815009e-02
  -6.10756511199689322567e-03-j1.08189234133156536588e-02
  -5.73447865586328153764e-03-j1.12106504379806820593e-02
  -5.36068345290093006827e-03-j1.16132755025684514250e-02
  -4.98636609868136071455e-03-j1.20269000329107644820e-02
  -4.61171552284200814142e-03-j1.24516235637443239970e-02
  -4.23692299114990233999e-03-j1.28875437170912071627e-02
  -3.86218210823754959371e-03-j1.33347561803905390043e-02
  -3.48768882083516640336e-03-j1.37933546843087007083e-02
  -3.11364142177729397165e-03-j1.42634309803689046658e-02
  -2.74024055444051228836e-03-j1.47450748181111868096e-02
  -2.36768921804003662501e-03-j1.52383739219899005946e-02
  -1.99619277340713774382e-03-j1.57434139678317985833e-02
  -1.62595894961338471862e-03-j1.62602785588946419093e-02
  -1.25719785115435689349e-03-j1.67890492014149683708e-02
  -8.90121965959889127618e-04-j1.73298052797222490451e-02
  -5.24946174027055012523e-04-j1.78826240307604633628e-02
  -1.61887756897655110677e-04-j1.84475805180679131023e-02
  +1.98833592171626660772e-04-j1.90247476051229880145e-02
  +5.56995757252959355910e-04-j1.96141959280287381251e-02
  +9.12374187990491747335e-04-j2.02159938675157135890e-02
  +1.26474188705709422731e-03-j2.08302075201815817262e-02
  +1.61386939678929974828e-03-j2.14569006689326324810e-02
  +1.95952478502087190648e-03-j2.20961347525854556739e-02
  +2.30147363003864457998e-03-j2.27479688345771924318e-02
  +2.63947900473550378653e-03-j2.34124595707342342266e-02
  +2.97330145987860505752e-03-j2.40896611760187950857e-02
  +3.30269900651851411322e-03-j2.47796253902608787367e-02
  +3.62742709750597802643e-03-j2.54824014427142142569e-02
  +3.94723860815802962687e-03-j2.61980360155029678992e-02
  +4.26188381599405807787e-03-j2.69265732057792639420e-02
  +4.57111037959079258286e-03-j2.76680544866116095992e-02
  +4.87466331652521012163e-03-j2.84225186665013618281e-02
  +5.17228498042655859823e-03-j2.91900018474278155622e-02
  +5.46371503709248279579e-03-j2.99705373814345976680e-02
  +5.74869043968315868165e-03-j3.07641558256257219295e-02
  +6.02694540304875986392e-03-j3.15708848954424359246e-02
  +6.29821137707300277020e-03-j3.23907494162865017273e-02
  +6.56221701917005656446e-03-j3.32237712732861567577e-02
  +6.81868816582106851421e-03-j3.40699693591316465913e-02
  +7.06734780323378664058e-03-j3.49293595199887119129e-02
  +7.30791603709879389328e-03-j3.58019544992327354294e-02
  +7.54011006146333012667e-03-j3.66877638791348048564e-02
</dep>
<dep S[2,1] frequency>
  +1.60009369842254695060e-01-j6.63900917673475809977e-01
  +1.55384571333016835437e-01-j6.65123329231409932127e-01
  +1.50748277569750066540e-01-j6.66312775040215354849e-01
  +1.46100736359572769274e-01-j6.67469113506418021409e-01
  +1.41442197704049754670e-01-j6.68592205095730141018e-01
  +1.36772913780163263286e-01-j6.69681912372361631824e-01
  +1.32093138920004543602e-01-j6.70738100038253404200e-01
  +1.27403129590211494637e-01-j6.71760634972030756806e-01
  +1.22703144370291755694e-01-j6.72749386267793458849e-01
  +1.17993443930195979208e-01-j6.73704225273700885168e-01
  +1.13274291007240984763e-01-j6.74625025630271268895e-01
  +1.08545950382345490759e-01-j6.75511663308424492591e-01
  +1.03808688855012334895e-01-j6.76364016647335808408e-01
  +9.90627752183191601087e-02-j6.77181966391851131171e-01
  +9.43084802322811110997e-02-j6.77965395729753894649e-01
  +8.95460765971993200019e-02-j6.78714190328574495936e-01
  +8.47758389258222722074e-02-j6.79428238372127069056e-01
  +7.99980437148318651586e-02-j6.80107430596686546309e-01
  +7.52129693156846773627e-02-j6.80751660326750940300e-01
  +7.04208959046000448900e-02-j6.81360823510456459218e-01
  +6.56221054518018875878e-02-j6.81934818754552640740e-01
  +6.08168816902694003845e-02-j6.82473547358944498953e-01
  +5.60055100833285329776e-02-j6.82976913350824221816e-01
  +5.11882777919032624925e-02-j6.83444823518315813793e-01
  +4.63654736409178369616e-02-j6.83877187443655221166e-01
  +4.15373880849204402121e-02-j6.84273917535866083028e-01
  +3.67043131731138588814e-02-j6.84634929062933439425e-01
  +3.18665425137292859792e-02-j6.84960140183460852725e-01
  +2.70243712375520181435e-02-j6.85249471977755764129e-01
  +2.21780959609399405674e-02-j6.85502848478394488652e-01
  +1.73280147481174734425e-02-j6.85720196700195794293e-01
  +1.24744270728349686966e-02-j6.85901446669577641302e-01
  +7.61763377925620422532e-03-j6.86046531453375463272e-01
  +2.75793704256936146602e-03-j6.86155387186965892710e-01
  -2.10435967149236527463e-03-j6.86227953101814280856e-01
  -6.96895164735035661796e-03-j6.86264171552330104475e-01
  -1.18355329611766150327e-02-j6.86263988042091988007e-01
  -1.67037965227158288761e-02-j6.86227351249361627872e-01
  -2.15734341180165781204e-02-j6.86154213051928585365e-01
  -2.64441364526744882024e-02-j6.86044528551240762049e-01
  -3.13155931953003688339e-02-j6.85898256095806568844e-01
  -3.61874930219431151235e-02-j6.85715357303875450157e-01
  -4.10595236608161592851e-02-j6.85495797085356128875e-01
  -4.59313719373898657339e-02-j6.85239543662999106566e-01
  -5.08027238203162395669e-02-j6.84946568592779803097e-01
  -5.56732644675629814723e-02-j6.84616846783513866015e-01
  -6.05426782730464282944e-02-j6.84250356515670565827e-01
  -6.54106489137149804680e-02-j6.83847079459385942535e-01
  -7.02768593972000754633e-02-j6.83407000691644617163e-01
  -7.51409921095620159104e-02-j6.82930108712648920033e-01
  -8.00027288637200767463e-02-j6.82416395461333036287e-01
  -8.48617509481384840742e-02-j6.81865856330039488142e-01
  -8.97177391758961634283e-02-j6.81278490178326645577e-01
  -9.45703739340137822245e-02-j6.80654299345913704755e-01
  -9.94193352331955715329e-02-j6.79993289664756472845e-01
  -1.04264302757754084849e-01-j6.79295470470223983206e-01
  -1.09104955916101115099e-01-j6.78560854611385044777e-01
  -1.13940973891073535351e-01-j6.77789458460402727269e-01
  -1.18772035690889760096e-01-j6.76981301921017797341e-01
  -1.23597820200100239063e-01-j6.76136408436113889309e-01
  -1.28418006230902770337e-01-j6.75254804994356416792e-01
  -1.33232272574447641045e-01-j6.74336522135931648592e-01
  -1.38040298052523824346e-01-j6.73381593957327995170e-01
  -1.42841761569339281701e-01-j6.72390058115178934628e-01
  -1.47636342163258438287e-01-j6.71361955829201217938e-01
  -1.52423719058913414992e-01-j6.70297331884142533198e-01
  -1.57203571719166074194e-01-j6.69196234630825781409e-01
  -1.61975579897371296800e-01-j6.68058715986198148329e-01
  -1.66739423689431232045e-01-j6.66884831432476454793e-01
  -1.71494783586165988609e-01-j6.65674640015284535544e-01
  -1.76241340525354256430e-01-j6.64428204340899997149e-01
  -1.80978775944119568697e-01-j6.63145590572469245672e-01
  -1.85706771831037925624e-01-j6.61826868425322345502e-01
  -1.90425010778192488337e-01-j6.60472111161328201412e-01
  -1.95133176033369215574e-01-j6.59081395582243212417e-01
  -1.99830951551888319484e-01-j6.57654802022169193698e-01
  -2.04518022048528202994e-01-j6.56192414339011098612e-01
  -2.09194073049196238578e-01-j6.54694319905000376991e-01
  -2.13858790942452803296e-01-j6.53160609596287078382e-01
  -2.18511863030969866184e-01-j6.51591377781536862379e-01
  -2.23152977582598804895e-01-j6.49986722309656150820e-01
  -2.27781823881393091780e-01-j6.48346744496510418720e-01
  -2.32398092278336548810e-01-j6.46671549110743759670e-01
  -2.37001474241773396612e-01-j6.44961244358680407807e-01
  -2.41591662407609625296e-01-j6.43215941868276464000e-01
  -2.46168350629196452939e-01-j6.41435756672170787063e-01
  -2.50731234026896787626e-01-j6.39620807189833495698e-01
  -2.55280009037370081426e-01-j6.37771215208767006111e-01
  -2.59814373462373682244e-01-j6.35887105864890056495e-01
  -2.64334026517325237915e-01-j6.33968607621955948517e-01
  -2.68838668879398556832e-01-j6.32015852250137566415e-01
  -2.73328002735211073038e-01-j6.30028974803733987642e-01
  -2.77801731828128062318e-01-j6.28008113597994355182e-01
  -2.82259561505045719620e-01-j6.25953410185133507504e-01
  -2.86701198762716324975e-01-j6.23865009329466202459e-01
  -2.91126352293729684373e-01-j6.21743058981715002176e-01
  -2.95534732531753774332e-01-j6.19587710252535783795e-01
  -2.99926051696486561937e-01-j6.17399117385177831352e-01
  -3.04300023837851707498e-01-j6.15177437727428055858e-01
  -3.08656364879893785336e-01-j6.12922831702657266995e-01
  -3.12994792663838672375e-01-j6.10635462780231730306e-01
  -3.17315026990782289573e-01-j6.08315497445047093095e-01
  -3.21616789663669910837e-01-j6.05963105166386517553e-01
  -3.25899804528708592066e-01-j6.03578458366020309533e-01
  -3.30163797516054124959e-01-j6.01161732385619984598e-01
  -3.34408496680052680361e-01-j5.98713105453406502221e-01
  -3.38633632238528714531e-01-j5.96232758650217187224e-01
  -3.42838936611739364402e-01-j5.93720875874762743507e-01
  -3.47024144460370220777e-01-j5.91177643808352026866e-01
  -3.51188992722934800739e-01-j5.88603251878907274275e-01
  -3.55333220652528758432e-01-j5.85997892224361827118e-01
  -3.59456569852721730118e-01-j5.83361759655476985742e-01
  -3.63558784312786487103e-01-j5.80695051618061230947e-01
  -3.67639610442288988779e-01-j5.77997968154527197449e-01
  -3.71698797104668632318e-01-j5.75270711865056072476e-01
  -3.75736095650276546998e-01-j5.72513487868083092991e-01
  -3.79751259948525932142e-01-j5.69726503760305869051e-01
  -3.83744046419346451771e-01-j5.66909969576161354432e-01
  -3.87714214063652751197e-01-j5.64064097746913573062e-01
  -3.91661524493279455950e-01-j5.61189103059104077431e-01
  -3.95585741959849579441e-01-j5.58285202612701536573e-01
  -3.99486633382977407436e-01-j5.55352615778741509622e-01
  -4.03363968377609904969e-01-j5.52391564156552439258e-01
  -4.07217519280494100187e-01-j5.49402271530607611005e-01
  -4.11047061175810246603e-01-j5.46384963827014957793e-01
  -4.14852371920023887952e-01-j5.43339869069585423844e-01
  -4.18633232165816659975e-01-j5.40267217335602123462e-01
  -4.22389425385176542349e-01-j5.37167240711286519961e-01
  -4.26120737891610645853e-01-j5.34040173246941307639e-01
  -4.29826958861567132164e-01-j5.30886250911761559124e-01
  -4.33507880354888630592e-01-j5.27705711548473122008e-01
  -4.37163297334405676065e-01-j5.24498794827691572351e-01
  -4.40793007684767479404e-01-j5.21265742201993065308e-01
  -4.44396812230276772038e-01-j5.18006796859847518100e-01
  -4.47974514751841579319e-01-j5.14722203679374712415e-01
  -4.51525922003135848914e-01-j5.11412209181872134955e-01
  -4.55050843725824605279e-01-j5.08077061485221692649e-01
  -4.58549092663916635360e-01-j5.04717010257168530174e-01
  -4.62020484577188916830e-01-j5.01332306668511473724e-01
  -4.65464838253811630242e-01-j4.97923203346158693705e-01
  -4.68881975522091432040e-01-j4.94489954326086111891e-01
  -4.72271721261223687005e-01-j4.91032815006344713904e-01
  -4.75633903411317726651e-01-j4.87552042099909543893e-01
  -4.78968352982417078234e-01-j4.84047893587610911226e-01
  -4.82274904062766129886e-01-j4.80520628670977001384e-01
  -4.85553393826119172871e-01-j4.76970507725157089052e-01
  -4.88803662538195626830e-01-j4.73397792251884441672e-01
  -4.92025553562363104909e-01-j4.69802744832421348420e-01
  -4.95218913364347645967e-01-j4.66185629080632213395e-01
  -4.98383591516157242740e-01-j4.62546709596173666323e-01
  -5.01519440699157548202e-01-j4.58886251917686061041e-01
  -5.04626316706272226575e-01-j4.55204522476252093632e-01
  -5.07704078443389938968e-01-j4.51501788548866411777e-01
  -5.10752587929939938505e-01-j4.47778318212107950824e-01
  -5.13771710298602024558e-01-j4.44034380296017550105e-01
  -5.16761313794257604037e-01-j4.40270244338124727701e-01
  -5.19721269772098537487e-01-j4.36486180537696333293e-01
  -5.22651452694946949684e-01-j4.32682459710194033953e-01
  -5.25551740129795330603e-01-j4.28859353241978658033e-01
  -5.28422012743539837309e-01-j4.25017133045272055281e-01
  -5.31262154297945654591e-01-j4.21156071513386465188e-01
  -5.34072051643890377548e-01-j4.17276441476177040180e-01
  -5.36851594714749635884e-01-j4.13378516155924913278e-01
  -5.39600676519179422996e-01-j4.09462569123341391109e-01
  -5.42319193133032340093e-01-j4.05528874254074356287e-01
  -5.45007043690587833495e-01-j4.01577705685460362162e-01
  -5.47664130375118629601e-01-j3.97609337773621396295e-01
  -5.50290358408688229375e-01-j3.93624045050944615376e-01
  -5.52885636041252515049e-01-j3.89622102183975083101e-01
  -5.55449874539130084017e-01-j3.85603783931631416415e-01
  -5.57982988172753935352e-01-j3.81569365103850477450e-01
  -5.60484894203777006538e-01-j3.77519120520638851168e-01
  -5.62955512871514796025e-01-j3.73453324971571409829e-01
  -5.65394767378780471745e-01-j3.69372253175701215078e-01
  -5.67802583877074273921e-01-j3.65276179741867879081e-01
  -5.70178891451135649859e-01-j3.61165379129585628615e-01
  -5.72523622102932838729e-01-j3.57040125610274761137e-01
  -5.74836710735055822497e-01-j3.52900693228999307038e-01
  -5.77118095133519526385e-01-j3.48747355766727218374e-01
  -5.79367715950002915015e-01-j3.44580386703041918750e-01
  -5.81585516683548964245e-01-j3.40400059179377822982e-01
  -5.83771443661702305050e-01-j3.36206645962777717074e-01
  -5.85925446021174023414e-01-j3.32000419410088343231e-01
  -5.88047475687925702559e-01-j3.27781651432805132274e-01
  -5.90137487356838130736e-01-j3.23550613462302960599e-01
  -5.92195438470772939077e-01-j3.19307576415799820868e-01
  -5.94221289199312829865e-01-j3.15052810662643456574e-01
  -5.96215002416916717287e-01-j3.10786585991316199884e-01
  -5.98176543680699390748e-01-j3.06509171576940298021e-01
  -6.00105881207772196007e-01-j3.02220835949300659085e-01
  -6.02002985852120531263e-01-j2.97921846961558378641e-01
  -6.03867831081136063887e-01-j2.93612471759414184191e-01
  -6.05700392951752819570e-01-j2.89292976750849084588e-01
  -6.07500650086132631955e-01-j2.84963627576625910809e-01
  -6.09268583647081252153e-01-j2.80624689081139355729e-01
  -6.11004177313084873013e-01-j2.76276425283958682044e-01
  -6.12707417252957631248e-01-j2.71919099352080417820e-01
  -6.14378292100262735076e-01-j2.67552973572511731959e-01
  -6.16016792927304379646e-01-j2.63178309325772186167e-01
  -6.17622913218979552319e-01-j2.58795367059639958018e-01
</dep>
<dep S[2,3] frequency>
  +4.51965669514292067710e-02-j1.70923488968765580065e-01
  +4.38741892634909036452e-02-j1.69227644547204625347e-01
  +4.25658600730253466882e-02-j1.67524935428590371345e-01
  +4.12715962948209946770e-02-j1.65815396266445425066e-01
  +3.99914164106676683907e-02-j1.64099062937349243763e-01
  +3.87253404044735072276e-02-j1.62375972559250209004e-01
  +3.74733896978275138334e-02-j1.60646163508477657356e-01
  +3.62355870867812901448e-02-j1.58909675435381175790e-01
  +3.50119566793102021673e-02-j1.57166549278673517431e-01
  +3.38025238336762956504e-02-j1.55416827278372915444e-01
  +3.26073150975831616005e-02-j1.53660552987683218795e-01
  +3.14263581483640030978e-02-j1.51897771283519555929e-01
  +3.02596817336604484439e-02-j1.50128528375773340198e-01
  +2.91073156133556942837e-02-j1.48352871815636000452e-01
  +2.79692905018800175299e-02-j1.46570850502522193048e-01
  +2.68456380116892656673e-02-j1.44782514690111357991e-01
  +2.57363905974004603117e-02-j1.42987915991138553329e-01
  +2.46415815006818805788e-02-j1.41187107381181758958e-01
  +2.35612446960370980342e-02-j1.39380143201469935965e-01
  +2.24954148373541218398e-02-j1.37567079160542393712e-01
  +2.14441272051603404325e-02-j1.35747972335036964919e-01
  +2.04074176548734720349e-02-j1.33922881169482033137e-01
  +1.93853225655334915345e-02-j1.32091865475085251669e-01
  +1.83778787895489126303e-02-j1.30254986427644325886e-01
  +1.73851236031340450339e-02-j1.28412306564541833787e-01
  +1.64070946574549625385e-02-j1.26563889780846927646e-01
  +1.54438299306570714364e-02-j1.24709801324524902078e-01
  +1.44953676805897602176e-02-j1.22850107790843265931e-01
  +1.35617463982539154799e-02-j1.20984877115907760170e-01
  +1.26430047620962604515e-02-j1.19114178569390910534e-01
  +1.17391815930067144880e-02-j1.17238082746445843041e-01
  +1.08503158100826391230e-02-j1.15356661558910833509e-01
  +9.97644638709563325030e-03-j1.13469988225603141130e-01
  +9.11761230986785076169e-03-j1.11578137262066431901e-01
  +8.27385253418302935025e-03-j1.09681184469376746815e-01
  +7.44520594460459927966e-03-j1.07779206922403697488e-01
  +6.63171131398149205083e-03-j1.05872282957213653676e-01
  +5.83340726376241347495e-03-j1.03960492157947184677e-01
  +5.05033222494824518556e-03-j1.02043915342936983293e-01
  +4.28252439989534883225e-03-j1.00122634550078901117e-01
  +3.53002172484112586304e-03-j9.81967330218108391815e-02
  +2.79286183316640457264e-03-j9.62662951891904428159e-02
  +2.07108201937358793465e-03-j9.43314066555299007844e-02
  +1.36471920395270229776e-03-j9.23921541794122114233e-02
  +6.73809898815519447979e-04-j9.04486256570208035921e-02
  -1.60982642041784806963e-06-j8.85009101040283019390e-02
  -6.61504377342803095985e-04-j8.65490976368389758333e-02
  -1.30583866702604911580e-03-j8.45932794533655191271e-02
  -1.93457814745981449001e-03-j8.26335478131431933058e-02
  -2.54768884025555197859e-03-j8.06699960171110286300e-02
  -3.14513736658442177863e-03-j7.87027183867377716497e-02
  -3.72689097638864708095e-03-j7.67318102427260173570e-02
  -4.29291757678690322209e-03-j7.47573678832074844935e-02
  -4.84318575970538178765e-03-j7.27794885615242609367e-02
  -5.37766482883567098483e-03-j7.07982704635299747720e-02
  -5.89632482568910876175e-03-j6.88138126844962949580e-02
  -6.39913655506868517264e-03-j6.68262152054709679394e-02
  -6.88607160951684726946e-03-j6.48355788694180840137e-02
  -7.35710239324610659750e-03-j6.28420053567963349250e-02
  -7.81220214514291577679e-03-j6.08455971608639484272e-02
  -8.25134496106749715238e-03-j5.88464575625462990582e-02
  -8.67450581531764575161e-03-j5.68446906050293007673e-02
  -9.08166058136197773543e-03-j5.48404010679125267225e-02
  -9.47278605182019783904e-03-j5.28336944410801936933e-02
  -9.84785995756651266753e-03-j5.08246768983236507644e-02
  -1.02068609861297177055e-02-j4.88134552705309227028e-02
  -1.05497687992999744644e-02-j4.68001370187289961189e-02
  -1.08765640499574600675e-02-j4.47848302067257106329e-02
  -1.11872283980385123225e-02-j4.27676434736084937205e-02
  -1.14817445258216244142e-02-j4.07486860058665148476e-02
  -1.17600961523701974532e-02-j3.87280675094585843943e-02
  -1.20222680471832876758e-02-j3.67058981814694304524e-02
  -1.22682460430815210017e-02-j3.46822886816854497605e-02
  -1.24980170482368313500e-02-j3.26573501039754340858e-02
  -1.27115690575322071165e-02-j3.06311939474113829884e-02
  -1.29088911629961500260e-02-j2.86039320873276194102e-02
  -1.30899735635236769138e-02-j2.65756767461418977327e-02
  -1.32548075737948245489e-02-j2.45465404641197551538e-02
  -1.34033856323624023243e-02-j2.25166360699623827046e-02
  -1.35357013089833499997e-02-j2.04860766512809551465e-02
  -1.36517493111292798069e-02-j1.84549755250458941136e-02
  -1.37515254897347116714e-02-j1.64234462078846239763e-02
  -1.38350268441213286597e-02-j1.43916023863360966611e-02
  -1.39022515261237600281e-02-j1.23595578870576636166e-02
  -1.39531988434384301989e-02-j1.03274266470033369847e-02
  -1.39878692622061873152e-02-j8.29532268355938351423e-03
  -1.40062644087236565227e-02-j6.26336006467807532988e-03
  -1.40083870704579283029e-02-j4.23165287899988917797e-03
  -1.39942411961641033358e-02-j2.20031520602502039113e-03
  -1.39638318953371476372e-02-j1.69461086296254196011e-04
  -1.39171654367619967996e-02+j1.86079550838052750275e-03
  -1.38542492463324118379e-02+j3.89034070464179451004e-03
  -1.37750919040946218086e-02+j5.91906075721599853057e-03
  -1.36797031404413960143e-02+j7.94684207846407808518e-03
  -1.35680938316458110648e-02+j9.97357126778832675518e-03
  -1.34402759944336203102e-02+j1.19991351410783583797e-02
  -1.32962627799733668077e-02+j1.40234207598023651042e-02
  -1.31360684669184213380e-02+j1.60463154601679577893e-02
  -1.29597084538090878691e-02+j1.80677068819445722780e-02
  -1.27671992506283860092e-02+j2.00874829972923218957e-02
  -1.25585584695712682013e-02+j2.21055321392515102819e-02
  -1.23338048151211410186e-02+j2.41217430301481905452e-02
  -1.20929580733102337575e-02+j2.61360048097248713617e-02
  -1.18360391002002296457e-02+j2.81482070631068059807e-02
  -1.15630698096855222268e-02+j3.01582398484269847971e-02
  -1.12740731604248356490e-02+j3.21659937243618104796e-02
  -1.09690731421340503804e-02+j3.41713597772018845555e-02
  -1.06480947610513854151e-02+j3.61742296478654370984e-02
  -1.03111640246959512801e-02+j3.81744955584501777235e-02
  -9.95830792585605806266e-03+j4.01720503385304128496e-02
  -9.58955442588929618530e-03+j4.21667874512113294294e-02
  -9.20493243721196008345e-03+j4.41586010187407923544e-02
  -8.80447180511259586133e-03+j4.61473858478353704538e-02
  -8.38820328885073185354e-03+j4.81330374547097872284e-02
  -7.95615854194570149005e-03+j5.01154520895956134829e-02
  -7.50837009187169113211e-03+j5.20945267610073703413e-02
  -7.04487131892084228468e-03+j5.40701592595421928755e-02
  -6.56569643442203587647e-03+j5.60422481813538653217e-02
  -6.07088045822579136512e-03+j5.80106929510574992337e-02
  -5.56045919549127964920e-03+j5.99753938443990039509e-02
  -5.03446921279990244891e-03+j6.19362520102982733183e-02
  -4.49294781349793281855e-03+j6.38931694925550935915e-02
  -3.93593301245281912415e-03+j6.58460492510522105158e-02
  -3.36346351001839960482e-03+j6.77947951824466876758e-02
  -2.77557866542188502734e-03+j6.97393121403806354186e-02
  -2.17231846935586614400e-03+j7.16795059552266244918e-02
  -1.55372351600271962901e-03+j7.36152834532590588656e-02
  -9.19834974322492060494e-04+j7.55465524753198697239e-02
  -2.70694558694134501664e-04+j7.74732218949128886853e-02
  +3.93655501082335046448e-04+j7.93952016358005496777e-02
  +1.07317249049118657034e-03+j8.13124026889629758497e-02
  +1.76781324162367248221e-03+j8.32247371289845522258e-02
  +2.47753416514126523218e-03+j8.51321181299165147260e-02
  +3.20229128292764952946e-03+j8.70344599804537127907e-02
  +3.94204026134462037767e-03+j8.89316780984953370037e-02
  +4.69673644512713650556e-03+j9.08236890451187828255e-02
  +5.46633489194578436887e-03+j9.27104105378859649766e-02
  +6.25079040757431370068e-03+j9.45917614634883968661e-02
  +7.05005758166846185908e-03+j9.64676618896867510422e-02
  +7.86409082418751403942e-03+j9.83380330766302490630e-02
  +8.69284440245260414670e-03+j1.00202797487465966597e-01
  +9.53627247880969863836e-03+j1.02061878798168012561e-01
  +1.03943291488753086771e-02+j1.03915201906735824022e-01
  +1.12669684804187208993e-02+j1.05762692941577696182e-01
  +1.21541445528724478820e-02+j1.07604279269200076019e-01
  +1.30558114973980676776e-02+j1.09439889501094095303e-01
  +1.39719235375790618026e-02+j1.11269453499831416643e-01
  +1.49024350307324360276e-02+j1.13092902384434965124e-01
  +1.58473005097895525140e-02+j1.14910168534846993116e-01
  +1.68064747257574143013e-02+j1.16721185595632853671e-01
  +1.77799126908170512795e-02+j1.18525888478830804251e-01
  +1.87675697219628900836e-02+j1.20324213365928980868e-01
  +1.97694014852673738414e-02+j1.22116097708991330761e-01
  +2.07853640407201778473e-02+j1.23901480230898183854e-01
  +2.18154138876137104752e-02+j1.25680300924653848282e-01
  +2.28595080105926384828e-02+j1.27452501051799782505e-01
  +2.39176039261954076487e-02+j1.29218023139879817363e-01
  +2.49896597300349188053e-02+j1.30976810978933655427e-01
  +2.60756341445307904259e-02+j1.32728809617042808888e-01
  +2.71754865672477752270e-02+j1.34473965354845320652e-01
  +2.82891771197457675413e-02+j1.36212225739059056284e-01
  +2.94166666971058810010e-02+j1.37943539554982785855e-01
  +3.05579170179159087528e-02+j1.39667856817876440134e-01
  +3.17128906749488681527e-02+j1.41385128763365869320e-01
  +3.28815511863114751101e-02+j1.43095307836659357825e-01
  +3.40638630472543946226e-02+j1.44798347680644895474e-01
  +3.52597917824587492319e-02+j1.46494203122924299132e-01
  +3.64693039990286738128e-02+j1.48182830161580902928e-01
  +3.76923674399005093072e-02+j1.49864185949784040064e-01
  +3.89289510379782766059e-02+j1.51538228779188627326e-01
  +4.01790249707183466654e-02+j1.53204918062069705975e-01
  +4.14425607153810771077e-02+j1.54864214312162490339e-01
  +4.27195311047809112015e-02+j1.56516079124214169127e-01
  +4.40099103836814053992e-02+j1.58160475152191976056e-01
  +4.53136742657140045853e-02+j1.59797366086130848695e-01
  +4.66307999908767423225e-02+j1.61426716627542821136e-01
  +4.79612663836300745501e-02+j1.63048492463423760901e-01
  +4.93050539115579555816e-02+j1.64662660238790364842e-01
  +5.06621447445853301250e-02+j1.66269187527687684058e-01
  +5.20325228147849594418e-02+j1.67868042802657602142e-01
  +5.34161738767578719855e-02+j1.69459195402620443893e-01
  +5.48130855685583506798e-02+j1.71042615499123085154e-01
  +5.62232474732438924914e-02+j1.72618274060951898408e-01
  +5.76466511809265169664e-02+j1.74186142816972894254e-01
  +5.90832903514587337579e-02+j1.75746194217291429318e-01
  +6.05331607775954350092e-02+j1.77298401392490700967e-01
  +6.19962604488215052179e-02+j1.78842738111147869784e-01
  +6.34725896156522750857e-02+j1.80379178735331824335e-01
  +6.49621508545236980847e-02+j1.81907698174197274277e-01
  +6.64649491332364450447e-02+j1.83428271835558237557e-01
  +6.79809918769127552451e-02+j1.84940875575338226078e-01
  +6.95102890345247470538e-02+j1.86445485644945452286e-01
  +7.10528531459423406957e-02+j1.87942078636449988460e-01
  +7.26086994094672921740e-02+j1.89430631425408446677e-01
  +7.41778457499273624620e-02+j1.90911121111474679779e-01
  +7.57603128872743614153e-02+j1.92383524956565105102e-01
  +7.73561244055912811124e-02+j1.93847820320498465119e-01
  +7.89653068226989218736e-02+j1.95303984594201812675e-01
  +8.05878896600931426963e-02+j1.96751995130147794288e-01
  +8.22239055134698360039e-02+j1.98191829170258848603e-01
</dep>
<dep S[1,2] frequency>
  +1.60009369842256943262e-01-j6.63900917673475587932e-01
  +1.55384571333016835437e-01-j6.65123329231410043150e-01
  +1.50748277569747846094e-01-j6.66312775040215465872e-01
  +1.46100736359570521072e-01-j6.67469113506418132431e-01
  +1.41442197704049754670e-01-j6.68592205095730141018e-01
  +1.36772913780167731934e-01-j6.69681912372361409780e-01
  +1.32093138920004543602e-01-j6.70738100038253293178e-01
  +1.27403129590211466882e-01-j6.71760634972030756806e-01
  +1.22703144370291741816e-01-j6.72749386267793458849e-01
  +1.17993443930195979208e-01-j6.73704225273700885168e-01
  +1.13274291007243399498e-01-j6.74625025630271268895e-01
  +1.08545950382345546270e-01-j6.75511663308424492591e-01
  +1.03808688855012348773e-01-j6.76364016647335808408e-01
  +9.90627752183191462310e-02-j6.77181966391851131171e-01
  +9.43084802322811388553e-02-j6.77965395729754005671e-01
  +8.95460765972014294256e-02-j6.78714190328574495936e-01
  +8.47758389258222722074e-02-j6.79428238372127069056e-01
  +7.99980437148340994824e-02-j6.80107430596686879376e-01
  +7.52129693156846079738e-02-j6.80751660326750940300e-01
  +7.04208959045978521996e-02-j6.81360823510456237173e-01
  +6.56221054518018875878e-02-j6.81934818754552640740e-01
  +6.08168816902718636919e-02-j6.82473547358944498953e-01
  +5.60055100833306840347e-02-j6.82976913350824110793e-01
  +5.11882777919032624925e-02-j6.83444823518315813793e-01
  +4.63654736409179341061e-02-j6.83877187443655221166e-01
  +4.15373880849226398415e-02-j6.84273917535866305073e-01
  +3.67043131731138588814e-02-j6.84634929062933439425e-01
  +3.18665425137292790403e-02-j6.84960140183460852725e-01
  +2.70243712375540859338e-02-j6.85249471977755764129e-01
  +2.21780959609377721631e-02-j6.85502848478394266607e-01
  +1.73280147481197771553e-02-j6.85720196700195794293e-01
  +1.24744270728349791050e-02-j6.85901446669577641302e-01
  +7.61763377925846977418e-03-j6.86046531453375574294e-01
  +2.75793704256936146602e-03-j6.86155387186965892710e-01
  -2.10435967149236007045e-03-j6.86227953101814280856e-01
  -6.96895164734816219276e-03-j6.86264171552330659587e-01
  -1.18355329611787365995e-02-j6.86263988042091765962e-01
  -1.67037965227158288761e-02-j6.86227351249361627872e-01
  -2.15734341180165781204e-02-j6.86154213051928585365e-01
  -2.64441364526745506525e-02-j6.86044528551241095116e-01
  -3.13155931953003757728e-02-j6.85898256095806568844e-01
  -3.61874930219410889665e-02-j6.85715357303876005268e-01
  -4.10595236608118710486e-02-j6.85495797085356461942e-01
  -4.59313719373899628784e-02-j6.85239543662999217588e-01
  -5.08027238203162326280e-02-j6.84946568592779803097e-01
  -5.56732644675629953501e-02-j6.84616846783513866015e-01
  -6.05426782730464213556e-02-j6.84250356515670565827e-01
  -6.54106489137125796107e-02-j6.83847079459386275602e-01
  -7.02768593972000754633e-02-j6.83407000691644617163e-01
  -7.51409921095620436660e-02-j6.82930108712648920033e-01
  -8.00027288637200628685e-02-j6.82416395461333036287e-01
  -8.48617509481385118297e-02-j6.81865856330039599165e-01
  -8.97177391758940817601e-02-j6.81278490178327089666e-01
  -9.45703739340137822245e-02-j6.80654299345913704755e-01
  -9.94193352331934621091e-02-j6.79993289664756805912e-01
  -1.04264302757756194273e-01-j6.79295470470223539117e-01
  -1.09104955916098977919e-01-j6.78560854611385488866e-01
  -1.13940973891073535351e-01-j6.77789458460402505224e-01
  -1.18772035690891980542e-01-j6.76981301921017575296e-01
  -1.23597820200102556654e-01-j6.76136408436113556242e-01
  -1.28418006230902770337e-01-j6.75254804994356416792e-01
  -1.33232272574447641045e-01-j6.74336522135931648592e-01
  -1.38040298052525989281e-01-j6.73381593957327440059e-01
  -1.42841761569339281701e-01-j6.72390058115178823606e-01
  -1.47636342163258466043e-01-j6.71361955829201439983e-01
  -1.52423719058913414992e-01-j6.70297331884142533198e-01
  -1.57203571719166074194e-01-j6.69196234630825781409e-01
  -1.61975579897369159621e-01-j6.68058715986198814463e-01
  -1.66739423689430232844e-01-j6.66884831432476454793e-01
  -1.71494783586167098832e-01-j6.65674640015284202477e-01
  -1.76241340525353173962e-01-j6.64428204340900330216e-01
  -1.80978775944119679719e-01-j6.63145590572469134649e-01
  -1.85706771831037897869e-01-j6.61826868425322234479e-01
  -1.90425010778192460581e-01-j6.60472111161328090390e-01
  -1.95133176033369215574e-01-j6.59081395582243323439e-01
  -1.99830951551888319484e-01-j6.57654802022169193698e-01
  -2.04518022048524011902e-01-j6.56192414339012430879e-01
  -2.09194073049194212421e-01-j6.54694319905001043125e-01
  -2.13858790942450749384e-01-j6.53160609596287633494e-01
  -2.18511863030969921695e-01-j6.51591377781536973401e-01
  -2.23152977582598804895e-01-j6.49986722309656150820e-01
  -2.27781823881390926845e-01-j6.48346744496510973832e-01
  -2.32398092278336576566e-01-j6.46671549110743981714e-01
  -2.37001474241771453721e-01-j6.44961244358681073940e-01
  -2.41591662407609791829e-01-j6.43215941868276352977e-01
  -2.46168350629197563162e-01-j6.41435756672170453996e-01
  -2.50731234026896787626e-01-j6.39620807189833384676e-01
  -2.55280009037372079828e-01-j6.37771215208766006910e-01
  -2.59814373462373682244e-01-j6.35887105864890056495e-01
  -2.64334026517323184002e-01-j6.33968607621956947717e-01
  -2.68838668879398556832e-01-j6.32015852250137566415e-01
  -2.73328002735213015928e-01-j6.30028974803733210486e-01
  -2.77801731828130005209e-01-j6.28008113597993578026e-01
  -2.82259561505043832241e-01-j6.25953410185134395682e-01
  -2.86701198762716269464e-01-j6.23865009329466091437e-01
  -2.91126352293727685971e-01-j6.21743058981716001377e-01
  -2.95534732531753774332e-01-j6.19587710252535783795e-01
  -2.99926051696485507225e-01-j6.17399117385178386463e-01
  -3.04300023837851818520e-01-j6.15177437727428166880e-01
  -3.08656364879894784536e-01-j6.12922831702656933928e-01
  -3.12994792663840670777e-01-j6.10635462780230620083e-01
  -3.17315026990781234861e-01-j6.08315497445047537184e-01
  -3.21616789663672075772e-01-j6.05963105166385740397e-01
  -3.25899804528709646778e-01-j6.03578458366019976467e-01
  -3.30163797516053236780e-01-j6.01161732385620650732e-01
  -3.34408496680050792982e-01-j5.98713105453407279377e-01
  -3.38633632238528714531e-01-j5.96232758650217187224e-01
  -3.42838936611742195470e-01-j5.93720875874761189195e-01
  -3.47024144460369277088e-01-j5.91177643808352693000e-01
  -3.51188992722934800739e-01-j5.88603251878907274275e-01
  -3.55333220652528869454e-01-j5.85997892224361827118e-01
  -3.59456569852721730118e-01-j5.83361759655476874720e-01
  -3.63558784312786376081e-01-j5.80695051618061230947e-01
  -3.67639610442289044290e-01-j5.77997968154527308471e-01
  -3.71698797104669742541e-01-j5.75270711865055850431e-01
  -3.75736095650274826152e-01-j5.72513487868084092192e-01
  -3.79751259948525932142e-01-j5.69726503760305869051e-01
  -3.83744046419345397059e-01-j5.66909969576161909544e-01
  -3.87714214063652806708e-01-j5.64064097746913795106e-01
  -3.91661524493276735903e-01-j5.61189103059106075833e-01
  -3.95585741959847025928e-01-j5.58285202612703312930e-01
  -3.99486633382977407436e-01-j5.55352615778741509622e-01
  -4.03363968377609849458e-01-j5.52391564156552439258e-01
  -4.07217519280494100187e-01-j5.49402271530607611005e-01
  -4.11047061175811190292e-01-j5.46384963827014402682e-01
  -4.14852371920023887952e-01-j5.43339869069585423844e-01
  -4.18633232165818436332e-01-j5.40267217335600902217e-01
  -4.22389425385178485239e-01-j5.37167240711285409738e-01
  -4.26120737891611645054e-01-j5.34040173246940530483e-01
  -4.29826958861567354209e-01-j5.30886250911761559124e-01
  -4.33507880354887742413e-01-j5.27705711548474010186e-01
  -4.37163297334405676065e-01-j5.24498794827691572351e-01
  -4.40793007684767479404e-01-j5.21265742201993065308e-01
  -4.44396812230276772038e-01-j5.18006796859847518100e-01
  -4.47974514751840635629e-01-j5.14722203679375489571e-01
  -4.51525922003134960736e-01-j5.11412209181872912112e-01
  -4.55050843725825715502e-01-j5.08077061485221026516e-01
  -4.58549092663915691670e-01-j5.04717010257169196308e-01
  -4.62020484577188139674e-01-j5.01332306668512250880e-01
  -4.65464838253810742064e-01-j4.97923203346159359839e-01
  -4.68881975522091321018e-01-j4.94489954326085834335e-01
  -4.72271721261223687005e-01-j4.91032815006344769415e-01
  -4.75633903411318503807e-01-j4.87552042099908766737e-01
  -4.78968352982417022723e-01-j4.84047893587610911226e-01
  -4.82274904062765297219e-01-j4.80520628670977723029e-01
  -4.85553393826118395715e-01-j4.76970507725157977230e-01
  -4.88803662538197236653e-01-j4.73397792251883164916e-01
  -4.92025553562363049398e-01-j4.69802744832421237398e-01
  -4.95218913364348478634e-01-j4.66185629080631602772e-01
  -4.98383591516156243539e-01-j4.62546709596174221435e-01
  -5.01519440699158325359e-01-j4.58886251917685339397e-01
  -5.04626316706273891910e-01-j4.55204522476250594831e-01
  -5.07704078443390827147e-01-j4.51501788548865856665e-01
  -5.10752587929938939304e-01-j4.47778318212108672469e-01
  -5.13771710298602135580e-01-j4.44034380296017439083e-01
  -5.16761313794259269372e-01-j4.40270244338123117878e-01
  -5.19721269772098426465e-01-j4.36486180537696333293e-01
  -5.22651452694946949684e-01-j4.32682459710194033953e-01
  -5.25551740129795330603e-01-j4.28859353241978658033e-01
  -5.28422012743539837309e-01-j4.25017133045272055281e-01
  -5.31262154297945654591e-01-j4.21156071513386465188e-01
  -5.34072051643889489370e-01-j4.17276441476177761825e-01
  -5.36851594714749080772e-01-j4.13378516155925801456e-01
  -5.39600676519180977309e-01-j4.09462569123339725774e-01
  -5.42319193133032229071e-01-j4.05528874254074245265e-01
  -5.45007043690587833495e-01-j4.01577705685460473184e-01
  -5.47664130375118629601e-01-j3.97609337773621396295e-01
  -5.50290358408686675062e-01-j3.93624045050946502755e-01
  -5.52885636041252181982e-01-j3.89622102183974805545e-01
  -5.55449874539131638329e-01-j3.85603783931629917614e-01
  -5.57982988172753935352e-01-j3.81569365103850421939e-01
  -5.60484894203776340404e-01-j3.77519120520639739347e-01
  -5.62955512871515795226e-01-j3.73453324971570577162e-01
  -5.65394767378780471745e-01-j3.69372253175700993033e-01
  -5.67802583877074273921e-01-j3.65276179741867879081e-01
  -5.70178891451134095547e-01-j3.61165379129587293949e-01
  -5.72523622102931506461e-01-j3.57040125610276481982e-01
  -5.74836710735055156363e-01-j3.52900693229000195217e-01
  -5.77118095133519637407e-01-j3.48747355766727218374e-01
  -5.79367715950002915015e-01-j3.44580386703041974261e-01
  -5.81585516683549075267e-01-j3.40400059179377822982e-01
  -5.83771443661702305050e-01-j3.36206645962777717074e-01
  -5.85925446021173135236e-01-j3.32000419410089231409e-01
  -5.88047475687925702559e-01-j3.27781651432805243296e-01
  -5.90137487356837353580e-01-j3.23550613462303959800e-01
  -5.92195438470773161121e-01-j3.19307576415799709846e-01
  -5.94221289199312052709e-01-j3.15052810662644289241e-01
  -5.96215002416916717287e-01-j3.10786585991316199884e-01
  -5.98176543680699390748e-01-j3.06509171576940298021e-01
  -6.00105881207772418051e-01-j3.02220835949300770107e-01
  -6.02002985852121530463e-01-j2.97921846961557601485e-01
  -6.03867831081136952065e-01-j2.93612471759413462546e-01
  -6.05700392951753596726e-01-j2.89292976750848196410e-01
  -6.07500650086131743777e-01-j2.84963627576626854498e-01
  -6.09268583647080474996e-01-j2.80624689081140299418e-01
  -6.11004177313084873013e-01-j2.76276425283958737555e-01
  -6.12707417252957742271e-01-j2.71919099352080306797e-01
  -6.14378292100262735076e-01-j2.67552973572511620937e-01
  -6.16016792927305045779e-01-j2.63178309325771353500e-01
  -6.17622913218980329475e-01-j2.58795367059639014329e-01
</dep>
<dep S[1,1] frequency>
  -3.91819450512880113058e-02+j1.61205110681585911392e-01
  -3.80370023619336847243e-02+j1.59925573667476006445e-01
  -3.69145044670029370826e-02+j1.58632905240079058462e-01
  -3.58146413502082872071e-02+j1.57327429564107473814e-01
  -3.47375984389146838516e-02+j1.56009473948495375195e-01
  -3.36835565450476909222e-02+j1.54679368782210668876e-01
  -3.26526918075481856207e-02+j1.53337447468919169102e-01
  -3.16451756353030091984e-02+j1.51984046360420649302e-01
  -3.06611746512749222537e-02+j1.50619504688866090447e-01
  -2.97008506374368611014e-02+j1.49244164497717046736e-01
  -2.87643604810102204716e-02+j1.47858370571681163597e-01
  -2.78518561213411258715e-02+j1.46462470365346070222e-01
  -2.69634844982120785994e-02+j1.45056813930662165113e-01
  -2.60993875009504078255e-02+j1.43641753843407188329e-01
  -2.52597019189498700475e-02+j1.42217645128391273479e-01
  -2.44445593931252869169e-02+j1.40784845183705042970e-01
  -2.36540863685646279846e-02+j1.39343713703747540400e-01
  -2.28884040485091005968e-02+j1.37894612601291155496e-01
  -2.21476283494980302757e-02+j1.36437905928493696806e-01
  -2.14318698576629884656e-02+j1.34973959796807818634e-01
  -2.07412337865445217666e-02+j1.33503142296011872991e-01
  -2.00758199358897077014e-02+j1.32025823412160570047e-01
  -1.94357226521421622145e-02+j1.30542374944640882095e-01
  -1.88210307900071316389e-02+j1.29053170422265217621e-01
  -1.82318276754981772880e-02+j1.27558585018459957894e-01
  -1.76681910704711148119e-02+j1.26058995465606393793e-01
  -1.71301931384056083107e-02+j1.24554779968438278370e-01
  -1.66179004117510825678e-02+j1.23046318116696626332e-01
  -1.61313737608000939971e-02+j1.21533990796952331981e-01
  -1.56706683638982852136e-02+j1.20018180103605737186e-01
  -1.52358336792576959384e-02+j1.18499269249171312879e-01
  -1.48269134183412198968e-02+j1.16977642473873960638e-01
  -1.44439455207471673104e-02+j1.15453684954459956380e-01
  -1.40869621306131675986e-02+j1.13927782712438016577e-01
  -1.37559895747492305640e-02+j1.12400322521614942639e-01
  -1.34510483423028737171e-02+j1.10871691815108919243e-01
  -1.31721530660135754953e-02+j1.09342278591644886943e-01
  -1.29193125051434154482e-02+j1.07812471321486330611e-01
  -1.26925295301700269412e-02+j1.06282658851785394294e-01
  -1.24918011089473479647e-02+j1.04753230311330686186e-01
  -1.23171182947570123645e-02+j1.03224575015124442334e-01
  -1.21684662159086270927e-02+j1.01697082368269339780e-01
  -1.20458240672190186604e-02+j1.00171141769688776257e-01
  -1.19491651029929868422e-02+j9.86471425153760406168e-02
  -1.18784566319731707540e-02+j9.71254737013942937018e-02
  -1.18336600139609254834e-02+j9.56065241266359222561e-02
  -1.18147306580742364468e-02+j9.40906821952344069038e-02
  -1.18216180230006837060e-02+j9.25783358189634919544e-02
  -1.18542656188269021622e-02+j9.10698723192273906779e-02
  -1.19126110107775004532e-02+j8.95656783291923497270e-02
  -1.19965858246776635454e-02+j8.80661396956130548830e-02
  -1.21061157542768707551e-02+j8.65716413807384455037e-02
  -1.22411205703079131735e-02+j8.50825673641146251747e-02
  -1.24015141313565321890e-02+j8.35993005444509162949e-02
  -1.25872043966385530056e-02+j8.21222226416145617556e-02
  -1.27980934404306745389e-02+j8.06517140986033054251e-02
  -1.30340774685215946005e-02+j7.91881539837503145574e-02
  -1.32950468361784299165e-02+j7.77319198929803667486e-02
  -1.35808860682355980742e-02+j7.62833878524333264259e-02
  -1.38914738808046597796e-02+j7.48429322212517122992e-02
  -1.42266832048768207541e-02+j7.34109255946620575806e-02
  -1.45863812116557994836e-02+j7.19877387074064761796e-02
  -1.49704293397484589079e-02+j7.05737403374921551391e-02
  -1.53786833241887493928e-02+j6.91692972104269721001e-02
  -1.58109932271274442050e-02+j6.77747739038253443900e-02
  -1.62672034703972220870e-02+j6.63905327524788591020e-02
  -1.67471528698514421363e-02+j6.50169337540702219069e-02
  -1.72506746714649328300e-02+j6.36543344753126294489e-02
  -1.77775965891031201283e-02+j6.23030899587006248286e-02
  -1.83277408441677863715e-02+j6.09635526299213137413e-02
  -1.89009242068973529194e-02+j5.96360722060160983182e-02
  -1.94969580394096092535e-02+j5.83209956040531898869e-02
  -2.01156483404586472474e-02+j5.70186668507250624116e-02
  -2.07567957918114651128e-02+j5.57294269925902030494e-02
  -2.14201958064637112966e-02+j5.44536140072565122416e-02
  -2.21056385783407263745e-02+j5.31915627153028425234e-02
  -2.28129091337509401494e-02+j5.19436046931283992856e-02
  -2.35417873844490227464e-02+j5.07100681867665437075e-02
  -2.42920481822605643929e-02+j4.94912780265852891848e-02
  -2.50634613753651924739e-02+j4.82875555429853400846e-02
  -2.58557918660722793613e-02+j4.70992184831702034864e-02
  -2.66687996702237861690e-02+j4.59265809289580578811e-02
  -2.75022399780710108397e-02+j4.47699532156441912245e-02
  -2.83558632166463209234e-02+j4.36296418519999396057e-02
  -2.92294151136410634839e-02+j4.25059494414300534371e-02
  -3.01226367627528274218e-02+j4.13991746043922761999e-02
  -3.10352646903986340021e-02+j4.03096119018516163557e-02
  -3.19670309239251521083e-02+j3.92375517601739332019e-02
  -3.29176630610720846737e-02+j3.81832803971094633666e-02
  -3.38868843409309908332e-02+j3.71470797492903584414e-02
  -3.48744137161063685881e-02+j3.61292274008493258242e-02
  -3.58799659262221334877e-02+j3.51299965135193417720e-02
  -3.69032515727118828885e-02+j3.41496557581117896052e-02
  -3.79439771947786622097e-02+j3.31884692473038908633e-02
  -3.90018453466421388676e-02+j3.22466964701008662608e-02
  -4.00765546758842655661e-02+j3.13245922273610866160e-02
  -4.11678000029925897363e-02+j3.04224065692573902853e-02
  -4.22752724019742273653e-02+j2.95403847338481587159e-02
  -4.33986592820610750376e-02+j2.86787670874944708443e-02
  -4.45376444704978849409e-02+j2.78377890666247143625e-02
  -4.56919082962418676708e-02+j2.70176811210907849570e-02
  -4.68611276747547267352e-02+j2.62186686592223230918e-02
  -4.80449761936681124519e-02+j2.54409719943950868304e-02
  -4.92431241993705123838e-02+j2.46848062932053941010e-02
  -5.04552388844635851806e-02+j2.39503815254380886257e-02
  -5.16809843760848847127e-02+j2.32379024154479377207e-02
  -5.29200218249605072729e-02+j2.25475683954741365489e-02
  -5.41720094953266201321e-02+j2.18795735604578947542e-02
  -5.54366028554889520019e-02+j2.12341066246624285418e-02
  -5.67134546691001675822e-02+j2.06113508799293729257e-02
  -5.80022150871366271030e-02+j2.00114841557855124843e-02
  -5.93025317404157759071e-02+j1.94346787811285337533e-02
  -6.06140498327357585273e-02+j1.88811015477568927556e-02
  -6.19364122346108270101e-02+j1.83509136757075905222e-02
  -6.32692595773805821491e-02+j1.78442707801627492570e-02
  -6.46122303479109150182e-02+j1.73613228404018368756e-02
  -6.59649609836571310106e-02+j1.69022141702708308952e-02
  -6.73270859681683320197e-02+j1.64670833906108218803e-02
  -6.86982379268589182786e-02+j1.60560634033711027713e-02
  -7.00780477232178927727e-02+j1.56692813675772674165e-02
  -7.14661445551863505621e-02+j1.53068586771019851667e-02
  -7.28621560518388222683e-02+j1.49689109401082570683e-02
  -7.42657083702545628423e-02+j1.46555479604937102800e-02
  -7.56764262925411768101e-02+j1.43668737209079605543e-02
  -7.70939333229824913518e-02+j1.41029863677861327931e-02
  -7.85178517853084012579e-02+j1.38639781979463666550e-02
  -7.99478029199895134926e-02+j1.36499356471869101592e-02
  -8.13834069815494443034e-02+j1.34609392805387431680e-02
  -8.28242833358543151245e-02+j1.32970637843182470927e-02
  -8.42700505573758390510e-02+j1.31583779600562764123e-02
  -8.57203265263148800335e-02+j1.30449447200365123423e-02
  -8.71747285256053439095e-02+j1.29568210846965695127e-02
  -8.86328733377921840209e-02+j1.28940581818286492677e-02
  -9.00943773416676418897e-02+j1.28567012473997377420e-02
  -9.15588566086603522498e-02+j1.28447896282013682145e-02
  -9.30259269989922588096e-02+j1.28583567862245382041e-02
  -9.44952042575120665369e-02+j1.28974303046988092447e-02
  -9.59663041091867174970e-02+j1.29620318958651448149e-02
  -9.74388423542004722400e-02+j1.30521774104652293902e-02
  -9.89124349626745724695e-02+j1.31678768489002645525e-02
  -1.00386698168964533240e-01+j1.33091343740118772665e-02
  -1.01861248565425679957e-01+j1.34759483255108558630e-02
  -1.03335703195734596171e-01+j1.36683112361319913930e-02
  -1.04809679647617753906e-01+j1.38862098493357094542e-02
  -1.06282796145089022954e-01+j1.41296251385822219104e-02
  -1.07754671640016716494e-01+j1.43985323282783961307e-02
  -1.09224925903090686052e-01+j1.46929009162249379905e-02
  -1.10693179614170245095e-01+j1.50126946976249647792e-02
  -1.12159054451908088423e-01+j1.53578717906112105496e-02
  -1.13622173182652122514e-01+j1.57283846633344270849e-02
  -1.15082159748659207388e-01+j1.61241801624703584572e-02
  -1.16538639355479645143e-01+j1.65451995432501497429e-02
  -1.17991238558604577547e-01+j1.69913785008831835777e-02
  -1.19439585349279578375e-01+j1.74626472034511842635e-02
  -1.20883309239436270710e-01+j1.79589303262209648571e-02
  -1.22322041345827331460e-01+j1.84801470872246742516e-02
  -1.23755414473201291736e-01+j1.90262112843550268426e-02
  -1.25183063196616345403e-01+j1.95970313336608081833e-02
  -1.26604623942782351653e-01+j2.01925103090395685612e-02
  -1.28019735070480006334e-01+j2.08125459831137310518e-02
  -1.29428036949940039602e-01+j2.14570308695174946645e-02
  -1.30829172041316443842e-01+j2.21258522662570872308e-02
  -1.32222784972027523898e-01+j2.28188923003915869470e-02
  -1.33608522613182956196e-01+j2.35360279738376990122e-02
  -1.34986034154832262866e-01+j2.42771312103864517207e-02
  -1.36354971180253164986e-01+j2.50420689037127025545e-02
  -1.37714987739029265379e-01+j2.58307029667560542063e-02
  -1.39065740419166500308e-01+j2.66428903818472367915e-02
  -1.40406888417926367651e-01+j2.74784832521700467245e-02
  -1.41738093611667836935e-01+j2.83373288540395631974e-02
  -1.43059020624422467138e-01+j2.92192696903526005769e-02
  -1.44369336895406069621e-01+j3.01241435448290281740e-02
  -1.45668712745250228391e-01+j3.10517835373624317974e-02
  -1.46956821441142110318e-01+j3.20020181801294670287e-02
  -1.48233339260706475926e-01+j3.29746714347230046593e-02
  -1.49497945554670219614e-01+j3.39695627700444188757e-02
  -1.50750322808353431903e-01+j3.49865072210567701338e-02
  -1.51990156701895029467e-01+j3.60253154483618845405e-02
  -1.53217136169240625287e-01+j3.70857937985280411430e-02
  -1.54430953455896663451e-01+j3.81677443651669556779e-02
  -1.55631304175432277903e-01+j3.92709650507150967447e-02
  -1.56817887364692459817e-01+j4.03952496289378265582e-02
  -1.57990405537797501401e-01+j4.15403878080726624011e-02
  -1.59148564738823633524e-01+j4.27061652945966013784e-02
  -1.60292074593242073188e-01+j4.38923638576453681304e-02
  -1.61420648358027940539e-01+j4.50987613939479031755e-02
  -1.62534002970563806745e-01+j4.63251319933697253139e-02
  -1.63631859096191739633e-01+j4.75712460049417876218e-02
  -1.64713941174498723630e-01+j4.88368701034095839542e-02
  -1.65779977464327404890e-01+j5.01217673562590337877e-02
  -1.66829700087479132486e-01+j5.14256972911269413795e-02
  -1.67862845071133359731e-01+j5.27484159637021249312e-02
  -1.68879152388980990906e-01+j5.40896760260164144452e-02
  -1.69878366001059016854e-01+j5.54492267949879269473e-02
  -1.70860233892304758108e-01+j5.68268143214542553743e-02
  -1.71824508109845397463e-01+j5.82221814594238856744e-02
  -1.72770944798943726362e-01+j5.96350679356118656971e-02
  -1.73699304237744739376e-01+j6.10652104193109071528e-02
  -1.74609350870671309330e-01+j6.25123425923788667014e-02
  -1.75500853340625706522e-01+j6.39761952195858074610e-02
</dep>
<dep S[1,3] frequency>
  +1.60009369842252030525e-01-j6.63900917673474588732e-01
  +1.55384571333016918704e-01-j6.65123329231409821105e-01
  +1.50748277569752675564e-01-j6.66312775040216576095e-01
  +1.46100736359575433809e-01-j6.67469113506419242654e-01
  +1.41442197704049837936e-01-j6.68592205095730141018e-01
  +1.36772913780158128505e-01-j6.69681912372358967289e-01
  +1.32093138920004710135e-01-j6.70738100038253515223e-01
  +1.27403129590211439126e-01-j6.71760634972030756806e-01
  +1.22703144370291755694e-01-j6.72749386267793569871e-01
  +1.17993443930195895941e-01-j6.73704225273700885168e-01
  +1.13274291007238625539e-01-j6.74625025630269714583e-01
  +1.08545950382345574026e-01-j6.75511663308424381569e-01
  +1.03808688855012390406e-01-j6.76364016647335586363e-01
  +9.90627752183191045976e-02-j6.77181966391851131171e-01
  +9.43084802322811527331e-02-j6.77965395729753894649e-01
  +8.95460765971966693444e-02-j6.78714190328572941624e-01
  +8.47758389258222999629e-02-j6.79428238372127069056e-01
  +7.99980437148294504235e-02-j6.80107430596685214041e-01
  +7.52129693156847189961e-02-j6.80751660326750718255e-01
  +7.04208959046025012585e-02-j6.81360823510458124552e-01
  +6.56221054518042468118e-02-j6.81934818754554306075e-01
  +6.08168816902671799385e-02-j6.82473547358942722596e-01
  +5.60055100833261598758e-02-j6.82976913350822334436e-01
  +5.11882777919032416758e-02-j6.83444823518315702771e-01
  +4.63654736409178439005e-02-j6.83877187443655221166e-01
  +4.15373880849180879271e-02-j6.84273917535864417694e-01
  +3.67043131731138796980e-02-j6.84634929062933439425e-01
  +3.18665425137269822664e-02-j6.84960140183459187391e-01
  +2.70243712375496450417e-02-j6.85249471977753654706e-01
  +2.21780959609422234635e-02-j6.85502848478396042964e-01
  +1.73280147481153085076e-02-j6.85720196700193795891e-01
  +1.24744270728349027771e-02-j6.85901446669577974369e-01
  +7.61763377925640632060e-03-j6.86046531453375352250e-01
  +2.75793704256936276706e-03-j6.86155387186965892710e-01
  -2.10435967149230108986e-03-j6.86227953101814169834e-01
  -6.96895164735039651660e-03-j6.86264171552330215498e-01
  -1.18355329611765612563e-02-j6.86263988042091543917e-01
  -1.67037965227157594872e-02-j6.86227351249361627872e-01
  -2.15734341180165781204e-02-j6.86154213051928696387e-01
  -2.64441364526744153440e-02-j6.86044528551240762049e-01
  -3.13155931953002855672e-02-j6.85898256095806013732e-01
  -3.61874930219450857694e-02-j6.85715357303873229711e-01
  -4.10595236608183311589e-02-j6.85495797085353797407e-01
  -4.59313719373898934895e-02-j6.85239543662998884521e-01
  -5.08027238203140468764e-02-j6.84946568592782023543e-01
  -5.56732644675630022890e-02-j6.84616846783513754993e-01
  -6.05426782730464838056e-02-j6.84250356515670898894e-01
  -6.54106489137147445456e-02-j6.83847079459385942535e-01
  -7.02768593972000615855e-02-j6.83407000691644617163e-01
  -7.51409921095619048881e-02-j6.82930108712648697988e-01
  -8.00027288637198547017e-02-j6.82416395461332814243e-01
  -8.48617509481383730519e-02-j6.81865856330039377120e-01
  -8.97177391758980924408e-02-j6.81278490178324647175e-01
  -9.45703739340137544689e-02-j6.80654299345913704755e-01
  -9.94193352331973617675e-02-j6.79993289664754141377e-01
  -1.04264302757752280737e-01-j6.79295470470226647741e-01
  -1.09104955916103127378e-01-j6.78560854611382602286e-01
  -1.13940973891073493718e-01-j6.77789458460402616247e-01
  -1.18772035690888011494e-01-j6.76981301921020017787e-01
  -1.23597820200098712506e-01-j6.76136408436116442822e-01
  -1.28418006230902881359e-01-j6.75254804994356527814e-01
  -1.33232272574447530022e-01-j6.74336522135931648592e-01
  -1.38040298052522214522e-01-j6.73381593957330437661e-01
  -1.42841761569337644122e-01-j6.72390058115181488141e-01
  -1.47636342163258521554e-01-j6.71361955829201217938e-01
  -1.52423719058913387236e-01-j6.70297331884142533198e-01
  -1.57203571719166157461e-01-j6.69196234630825670386e-01
  -1.61975579897372767846e-01-j6.68058715986195594816e-01
  -1.66739423689432925135e-01-j6.66884831432473679236e-01
  -1.71494783586166821276e-01-j6.65674640015283092254e-01
  -1.76241340525355005830e-01-j6.64428204340898553859e-01
  -1.80978775944119624208e-01-j6.63145590572469245672e-01
  -1.85706771831037953380e-01-j6.61826868425322234479e-01
  -1.90425010778192460581e-01-j6.60472111161328423456e-01
  -1.95133176033369326596e-01-j6.59081395582243767528e-01
  -1.99830951551888458262e-01-j6.57654802022169415743e-01
  -2.04518022048530201396e-01-j6.56192414339006879764e-01
  -2.09194073049197626357e-01-j6.54694319904997490411e-01
  -2.13858790942453358408e-01-j6.53160609596285635092e-01
  -2.18511863030969782917e-01-j6.51591377781536640335e-01
  -2.23152977582598777140e-01-j6.49986722309655928775e-01
  -2.27781823881393730158e-01-j6.48346744496508975431e-01
  -2.32398092278336548810e-01-j6.46671549110743981714e-01
  -2.37001474241773979479e-01-j6.44961244358678964517e-01
  -2.41591662407609875096e-01-j6.43215941868276464000e-01
  -2.46168350629195481494e-01-j6.41435756672173895687e-01
  -2.50731234026896288025e-01-j6.39620807189834827966e-01
  -2.55280009037369581826e-01-j6.37771215208768227356e-01
  -2.59814373462373682244e-01-j6.35887105864890056495e-01
  -2.64334026517325737515e-01-j6.33968607621954616249e-01
  -2.68838668879398556832e-01-j6.32015852250138010504e-01
  -2.73328002735209851792e-01-j6.30028974803736874222e-01
  -2.77801731828126174939e-01-j6.28008113598000572431e-01
  -2.82259561505046663310e-01-j6.25953410185130287857e-01
  -2.86701198762716047419e-01-j6.23865009329465980414e-01
  -2.91126352293730072951e-01-j6.21743058981713780931e-01
  -2.95534732531753996376e-01-j6.19587710252534451527e-01
  -2.99926051696486561937e-01-j6.17399117385178053397e-01
  -3.04300023837851763009e-01-j6.15177437727428388925e-01
  -3.08656364879893396758e-01-j6.12922831702658932329e-01
  -3.12994792663838228286e-01-j6.10635462780233284619e-01
  -3.17315026990782400595e-01-j6.08315497445047537184e-01
  -3.21616789663669300214e-01-j6.05963105166389626177e-01
  -3.25899804528708980644e-01-j6.03578458366018866244e-01
  -3.30163797516053958425e-01-j6.01161732385621760955e-01
  -3.34408496680053346495e-01-j5.98713105453403393597e-01
  -3.38633632238528659020e-01-j5.96232758650217187224e-01
  -3.42838936611738420712e-01-j5.93720875874767184399e-01
  -3.47024144460370831400e-01-j5.91177643808348918242e-01
  -3.51188992722934689716e-01-j5.88603251878907052230e-01
  -3.55333220652528980477e-01-j5.85997892224362271207e-01
  -3.59456569852721563585e-01-j5.83361759655476652675e-01
  -3.63558784312786487103e-01-j5.80695051618061119925e-01
  -3.67639610442288877756e-01-j5.77997968154527086426e-01
  -3.71698797104668465785e-01-j5.75270711865059403145e-01
  -3.75736095650276935576e-01-j5.72513487868081316634e-01
  -3.79751259948525765608e-01-j5.69726503760306091095e-01
  -3.83744046419346562793e-01-j5.66909969576160022164e-01
  -3.87714214063652640174e-01-j5.64064097746913684084e-01
  -3.91661524493279622483e-01-j5.61189103059099414494e-01
  -3.95585741959849634952e-01-j5.58285202612698316926e-01
  -3.99486633382977351925e-01-j5.55352615778741620645e-01
  -4.03363968377610015992e-01-j5.52391564156552661302e-01
  -4.07217519280494155698e-01-j5.49402271530607611005e-01
  -4.11047061175810357625e-01-j5.46384963827016623128e-01
  -4.14852371920023832441e-01-j5.43339869069585312822e-01
  -4.18633232165816659975e-01-j5.40267217335605565154e-01
  -4.22389425385176819905e-01-j5.37167240711290072674e-01
  -4.26120737891610812387e-01-j5.34040173246943083996e-01
  -4.29826958861567298698e-01-j5.30886250911761559124e-01
  -4.33507880354888297525e-01-j5.27705711548471567696e-01
  -4.37163297334405676065e-01-j5.24498794827691461329e-01
  -4.40793007684767368382e-01-j5.21265742201993176330e-01
  -4.44396812230276661015e-01-j5.18006796859847407077e-01
  -4.47974514751841190741e-01-j5.14722203679371492768e-01
  -4.51525922003135571359e-01-j5.11412209181870691665e-01
  -4.55050843725824605279e-01-j5.08077061485221359582e-01
  -4.58549092663916524337e-01-j5.04717010257166864839e-01
  -4.62020484577188639275e-01-j5.01332306668509697367e-01
  -4.65464838253811463709e-01-j4.97923203346157194904e-01
  -4.68881975522091487552e-01-j4.94489954326085834335e-01
  -4.72271721261223742516e-01-j4.91032815006344769415e-01
  -4.75633903411317837673e-01-j4.87552042099909321848e-01
  -4.78968352982416967212e-01-j4.84047893587610800203e-01
  -4.82274904062765685797e-01-j4.80520628670975114005e-01
  -4.85553393826118839804e-01-j4.76970507725154146961e-01
  -4.88803662538196181941e-01-j4.73397792251887550297e-01
  -4.92025553562363104909e-01-j4.69802744832421459442e-01
  -4.95218913364348145567e-01-j4.66185629080633989751e-01
  -4.98383591516156465584e-01-j4.62546709596170113610e-01
  -5.01519440699157881269e-01-j4.58886251917687781887e-01
  -5.04626316706272781687e-01-j4.55204522476253758967e-01
  -5.07704078443391049191e-01-j4.51501788548869908979e-01
  -5.10752587929939938505e-01-j4.47778318212107950824e-01
  -5.13771710298602579670e-01-j4.44034380296017772149e-01
  -5.16761313794258381193e-01-j4.40270244338127669792e-01
  -5.19721269772098315443e-01-j4.36486180537696277781e-01
  -5.22651452694946838662e-01-j4.32682459710193978442e-01
  -5.25551740129795441625e-01-j4.28859353241978547011e-01
  -5.28422012743539726287e-01-j4.25017133045272055281e-01
  -5.31262154297945543568e-01-j4.21156071513386243144e-01
  -5.34072051643889489370e-01-j4.17276441476173931555e-01
  -5.36851594714749080772e-01-j4.13378516155923469988e-01
  -5.39600676519180089130e-01-j4.09462569123342945421e-01
  -5.42319193133032229071e-01-j4.05528874254074134242e-01
  -5.45007043690587833495e-01-j4.01577705685460140117e-01
  -5.47664130375118629601e-01-j3.97609337773621784873e-01
  -5.50290358408686786085e-01-j3.93624045050941617774e-01
  -5.52885636041252959139e-01-j3.89622102183976526391e-01
  -5.55449874539131638329e-01-j3.85603783931634747084e-01
  -5.57982988172753602285e-01-j3.81569365103850088872e-01
  -5.60484894203776118360e-01-j3.77519120520637296856e-01
  -5.62955512871515573181e-01-j3.73453324971572964142e-01
  -5.65394767378780471745e-01-j3.69372253175700826500e-01
  -5.67802583877074273921e-01-j3.65276179741867879081e-01
  -5.70178891451134428614e-01-j3.61165379129584018791e-01
  -5.72523622102931173394e-01-j3.57040125610271708023e-01
  -5.74836710735055156363e-01-j3.52900693228998030282e-01
  -5.77118095133518749229e-01-j3.48747355766725664061e-01
  -5.79367715950003026038e-01-j3.44580386703042029772e-01
  -5.81585516683548631178e-01-j3.40400059179377711960e-01
  -5.83771443661702305050e-01-j3.36206645962777606051e-01
  -5.85925446021173135236e-01-j3.32000419410087010963e-01
  -5.88047475687925702559e-01-j3.27781651432805021251e-01
  -5.90137487356837131536e-01-j3.23550613462301739354e-01
  -5.92195438470772828055e-01-j3.19307576415799432290e-01
  -5.94221289199311608620e-01-j3.15052810662642068795e-01
  -5.96215002416916606265e-01-j3.10786585991316144373e-01
  -5.98176543680699612793e-01-j3.06509171576940131487e-01
  -6.00105881207772307029e-01-j3.02220835949300825618e-01
  -6.02002985852122085575e-01-j2.97921846961560154998e-01
  -6.03867831081137507176e-01-j2.93612471759415238903e-01
  -6.05700392951754262860e-01-j2.89292976750850472367e-01
  -6.07500650086131410710e-01-j2.84963627576624689564e-01
  -6.09268583647080030907e-01-j2.80624689081138134483e-01
  -6.11004177313084984036e-01-j2.76276425283958515511e-01
  -6.12707417252958630449e-01-j2.71919099352081694576e-01
  -6.14378292100263179165e-01-j2.67552973572511954004e-01
  -6.16016792927305600891e-01-j2.63178309325773518434e-01
  -6.17622913218980884587e-01-j2.58795367059641068241e-01
</dep>
<dep S[3,2] frequency>
  +4.51965669514316492617e-02-j1.70923488968768022556e-01
  +4.38741892634909036452e-02-j1.69227644547204625347e-01
  +4.25658600730232095088e-02-j1.67524935428587623543e-01
  +4.12715962948189962756e-02-j1.65815396266442621753e-01
  +3.99914164106676683907e-02-j1.64099062937349188251e-01
  +3.87253404044777260751e-02-j1.62375972559255649097e-01
  +3.74733896978276526113e-02-j1.60646163508477518578e-01
  +3.62355870867812901448e-02-j1.58909675435381203545e-01
  +3.50119566793102021673e-02-j1.57166549278673517431e-01
  +3.38025238336763234059e-02-j1.55416827278372915444e-01
  +3.26073150975852987798e-02-j1.53660552987685994353e-01
  +3.14263581483641696313e-02-j1.51897771283519500418e-01
  +3.02596817336604484439e-02-j1.50128528375773284687e-01
  +2.91073156133556942837e-02-j1.48352871815636000452e-01
  +2.79692905018800175299e-02-j1.46570850502522220804e-01
  +2.68456380116910697797e-02-j1.44782514690114133549e-01
  +2.57363905974004603117e-02-j1.42987915991138553329e-01
  +2.46415815006836291801e-02-j1.41187107381184701049e-01
  +2.35612446960369037452e-02-j1.39380143201470158010e-01
  +2.24954148373521511939e-02-j1.37567079160539562643e-01
  +2.14441272051603681881e-02-j1.35747972335036964919e-01
  +2.04074176548752206362e-02-j1.33922881169484975228e-01
  +1.93853225655350736023e-02-j1.32091865475087999471e-01
  +1.83778787895489126303e-02-j1.30254986427644325886e-01
  +1.73851236031340172783e-02-j1.28412306564541889298e-01
  +1.64070946574566278731e-02-j1.26563889780849925248e-01
  +1.54438299306570714364e-02-j1.24709801324524902078e-01
  +1.44953676805898434843e-02-j1.22850107790843127153e-01
  +1.35617463982556085700e-02-j1.20984877115910674505e-01
  +1.26430047620947616505e-02-j1.19114178569387912932e-01
  +1.17391815930081577779e-02-j1.17238082746448729621e-01
  +1.08503158100827223898e-02-j1.15356661558910833509e-01
  +9.97644638709704878465e-03-j1.13469988225606027710e-01
  +9.11761230986785076169e-03-j1.11578137262066431901e-01
  +8.27385253418302935025e-03-j1.09681184469376746815e-01
  +7.44520594460595930286e-03-j1.07779206922406667335e-01
  +6.63171131398007651647e-03-j1.05872282957210794851e-01
  +5.83340726376241347495e-03-j1.03960492157947184677e-01
  +5.05033222494824518556e-03-j1.02043915342936983293e-01
  +4.28252439989512678764e-03-j1.00122634550079053772e-01
  +3.53002172484112586304e-03-j9.81967330218108391815e-02
  +2.79286183316754255124e-03-j9.62662951891936069515e-02
  +2.07108201937605818088e-03-j9.43314066555359376220e-02
  +1.36471920395256351988e-03-j9.23921541794122669344e-02
  +6.73809898815519447979e-04-j9.04486256570208035921e-02
  -1.60982642041784806963e-06-j8.85009101040283019390e-02
  -6.61504377342914118287e-04-j8.65490976368389758333e-02
  -1.30583866702482787048e-03-j8.45932794533687248961e-02
  -1.93457814745981449001e-03-j8.26335478131432071836e-02
  -2.54768884025555197859e-03-j8.06699960171110286300e-02
  -3.14513736658461606766e-03-j7.87027183867377716497e-02
  -3.72689097638867483653e-03-j7.67318102427260173570e-02
  -4.29291757678601504367e-03-j7.47573678832105376069e-02
  -4.84318575970538178765e-03-j7.27794885615242609367e-02
  -5.37766482883481056199e-03-j7.07982704635330278853e-02
  -5.89632482568983040672e-03-j6.88138126844931863335e-02
  -6.39913655506790801653e-03-j6.68262152054741737084e-02
  -6.88607160951681951389e-03-j6.48355788694180840137e-02
  -7.35710239324705028707e-03-j6.28420053567931430338e-02
  -7.81220214514383171078e-03-j6.08455971608608536805e-02
  -8.25134496106749715238e-03-j5.88464575625462990582e-02
  -8.67450581531764575161e-03-j5.68446906050293007673e-02
  -9.08166058136250509136e-03-j5.48404010679093070757e-02
  -9.47278605182019783904e-03-j5.28336944410801936933e-02
  -9.84785995756662368983e-03-j5.08246768983237340311e-02
  -1.02068609861297177055e-02-j4.88134552705309227028e-02
  -1.05497687992999744644e-02-j4.68001370187289961189e-02
  -1.08765640499569604671e-02-j4.47848302067288470130e-02
  -1.11872283980379572110e-02-j4.27676434736100827272e-02
  -1.14817445258218742143e-02-j4.07486860058649189020e-02
  -1.17600961523700864308e-02-j3.87280675094601942177e-02
  -1.20222680471831488980e-02-j3.67058981814693818801e-02
  -1.22682460430811879348e-02-j3.46822886816854428216e-02
  -1.24980170482367758389e-02-j3.26573501039754340858e-02
  -1.27115690575320128275e-02-j3.06311939474113968662e-02
  -1.29088911629961500260e-02-j2.86039320873276263490e-02
  -1.30899735635231218023e-02-j2.65756767461482572290e-02
  -1.32548075737943249486e-02-j2.45465404641229331673e-02
  -1.34033856323621802797e-02-j2.25166360699655052069e-02
  -1.35357013089834332664e-02-j2.04860766512809829021e-02
  -1.36517493111292798069e-02-j1.84549755250458941136e-02
  -1.37515254897344896268e-02-j1.64234462078878193370e-02
  -1.38350268441213841708e-02-j1.43916023863361209473e-02
  -1.39022515261236212503e-02-j1.23595578870607965272e-02
  -1.39531988434382914210e-02-j1.03274266470033248416e-02
  -1.39878692622061873152e-02-j8.29532268355781879365e-03
  -1.40062644087232679446e-02-j6.26336006467808834031e-03
  -1.40083870704576507471e-02-j4.23165287899673978750e-03
  -1.39942411961641033358e-02-j2.20031520602502039113e-03
  -1.39638318953372031483e-02-j1.69461086299398057051e-04
  -1.39171654367620523107e-02+j1.86079550838053791109e-03
  -1.38542492463324118379e-02+j3.89034070464496905400e-03
  -1.37750919040944552751e-02+j5.91906075721922164679e-03
  -1.36797031404415903033e-02+j7.94684207846088619398e-03
  -1.35680938316459220871e-02+j9.97357126778840308301e-03
  -1.34402759944338978659e-02+j1.19991351410752219997e-02
  -1.32962627799733668077e-02+j1.40234207598023651042e-02
  -1.31360684669184768492e-02+j1.60463154601663063326e-02
  -1.29597084538093654249e-02+j1.80677068819445688086e-02
  -1.27671992506283860092e-02+j2.00874829972938900857e-02
  -1.25585584695709628900e-02+j2.21055321392546536008e-02
  -1.23338048151212797965e-02+j2.41217430301465945996e-02
  -1.20929580733102060019e-02+j2.61360048097280771306e-02
  -1.18360391002002018901e-02+j2.81482070631083672319e-02
  -1.15630698096855222268e-02+j3.01582398484254304849e-02
  -1.12740731604252519826e-02+j3.21659937243586671607e-02
  -1.09690731421341614027e-02+j3.41713597772018984333e-02
  -1.06480947610508303036e-02+j3.61742296478701833018e-02
  -1.03111640246961455691e-02+j3.81744955584485679001e-02
  -9.95830792585605806266e-03+j4.01720503385304128496e-02
  -9.58955442588907414070e-03+j4.21667874512112877960e-02
  -9.20493243721182130557e-03+j4.41586010187407923544e-02
  -8.80447180511251259460e-03+j4.61473858478352941259e-02
  -8.38820328885084287585e-03+j4.81330374547098496785e-02
  -7.95615854194561822332e-03+j5.01154520895972094285e-02
  -7.50837009187205195460e-03+j5.20945267610041784501e-02
  -7.04487131892084228468e-03+j5.40701592595421789977e-02
  -6.56569643442236894337e-03+j5.60422481813523248872e-02
  -6.07088045822584687627e-03+j5.80106929510575408671e-02
  -5.56045919549258416126e-03+j5.99753938443943271364e-02
  -5.03446921280134573884e-03+j6.19362520102936103816e-02
  -4.49294781349793281855e-03+j6.38931694925550935915e-02
  -3.93593301245273585742e-03+j6.58460492510522105158e-02
  -3.36346351001839960482e-03+j6.77947951824466876758e-02
  -2.77557866542138542698e-03+j6.97393121403821619753e-02
  -2.17231846935586614400e-03+j7.16795059552266244918e-02
  -1.55372351600188696175e-03+j7.36152834532621674901e-02
  -9.19834974321714904377e-04+j7.55465524753229089594e-02
  -2.70694558693690412454e-04+j7.74732218949144291198e-02
  +3.93655501082085246267e-04+j7.93952016358006051888e-02
  +1.07317249049068696998e-03+j8.13124026889614492930e-02
  +1.76781324162367248221e-03+j8.32247371289845522258e-02
  +2.47753416514123747660e-03+j8.51321181299165147260e-02
  +3.20229128292764952946e-03+j8.70344599804537127907e-02
  +3.94204026134398199943e-03+j8.89316780984937688137e-02
  +4.69673644512627608272e-03+j9.08236890451172007577e-02
  +5.46633489194639499154e-03+j9.27104105378875609222e-02
  +6.25079040757367532244e-03+j9.45917614634868009205e-02
  +7.05005758166782348084e-03+j9.64676618896852244855e-02
  +7.86409082418690341676e-03+j9.83380330766286392397e-02
  +8.69284440245257639113e-03+j1.00202797487466049864e-01
  +9.53627247880969863836e-03+j1.02061878798168012561e-01
  +1.03943291488759470553e-02+j1.03915201906737378335e-01
  +1.12669684804187208993e-02+j1.05762692941577696182e-01
  +1.21541445528715319480e-02+j1.07604279269198660485e-01
  +1.30558114973974848105e-02+j1.09439889501092596502e-01
  +1.39719235375805328481e-02+j1.11269453499834192201e-01
  +1.49024350307324637832e-02+j1.13092902384435048391e-01
  +1.58473005097904129368e-02+j1.14910168534848408650e-01
  +1.68064747257567481675e-02+j1.16721185595631327114e-01
  +1.77799126908178284356e-02+j1.18525888478832358564e-01
  +1.87675697219644999070e-02+j1.20324213365931895203e-01
  +1.97694014852680954863e-02+j1.22116097708992579762e-01
  +2.07853640407194006912e-02+j1.23901480230896685053e-01
  +2.18154138876138214975e-02+j1.25680300924653709504e-01
  +2.28595080105942205506e-02+j1.27452501051802669085e-01
  +2.39176039261954076487e-02+j1.29218023139879817363e-01
  +2.49896597300349188053e-02+j1.30976810978933655427e-01
  +2.60756341445308181815e-02+j1.32728809617042753377e-01
  +2.71754865672477752270e-02+j1.34473965354845320652e-01
  +2.82891771197457675413e-02+j1.36212225739059056284e-01
  +2.94166666971049650670e-02+j1.37943539554981370321e-01
  +3.05579170179147430186e-02+j1.39667856817875107867e-01
  +3.17128906749508110430e-02+j1.41385128763368672633e-01
  +3.28815511863115583768e-02+j1.43095307836659274558e-01
  +3.40638630472543946226e-02+j1.44798347680644923230e-01
  +3.52597917824587214763e-02+j1.46494203122924299132e-01
  +3.64693039990263978556e-02+j1.48182830161578182881e-01
  +3.76923674399006480851e-02+j1.49864185949783929042e-01
  +3.89289510379800807183e-02+j1.51538228779191375128e-01
  +4.01790249707182078875e-02+j1.53204918062069844753e-01
  +4.14425607153798281068e-02+j1.54864214312161241338e-01
  +4.27195311047818271355e-02+j1.56516079124215612417e-01
  +4.40099103836815164215e-02+j1.58160475152191892789e-01
  +4.53136742657140045853e-02+j1.59797366086130848695e-01
  +4.66307999908744386097e-02+j1.61426716627540295379e-01
  +4.79612663836278818597e-02+j1.63048492463421124121e-01
  +4.93050539115569008697e-02+j1.64662660238789032574e-01
  +5.06621447445852468583e-02+j1.66269187527687656303e-01
  +5.20325228147850427085e-02+j1.67868042802657657653e-01
  +5.34161738767578442300e-02+j1.69459195402620499404e-01
  +5.48130855685583506798e-02+j1.71042615499123085154e-01
  +5.62232474732426990016e-02+j1.72618274060950677162e-01
  +5.76466511809264336996e-02+j1.74186142816973060787e-01
  +5.90832903514573737347e-02+j1.75746194217290180317e-01
  +6.05331607775954350092e-02+j1.77298401392490700967e-01
  +6.19962604488202839725e-02+j1.78842738111146648539e-01
  +6.34725896156522750857e-02+j1.80379178735331824335e-01
  +6.49621508545236980847e-02+j1.81907698174197274277e-01
  +6.64649491332364728002e-02+j1.83428271835558293068e-01
  +6.79809918769141152683e-02+j1.84940875575339502834e-01
  +6.95102890345257740101e-02+j1.86445485644946784554e-01
  +7.10528531459434509188e-02+j1.87942078636451237461e-01
  +7.26086994094659599064e-02+j1.89430631425407114410e-01
  +7.41778457499260301944e-02+j1.90911121111473541800e-01
  +7.57603128872743614153e-02+j1.92383524956565105102e-01
  +7.73561244055913366235e-02+j1.93847820320498409608e-01
  +7.89653068226990328959e-02+j1.95303984594201535119e-01
  +8.05878896600944749640e-02+j1.96751995130148904511e-01
  +8.22239055134708907158e-02+j1.98191829170260125359e-01
</dep>
<dep S[3,1] frequency>
  +1.60009369842254389749e-01-j6.63900917673474366687e-01
  +1.55384571333016918704e-01-j6.65123329231409821105e-01
  +1.50748277569750455118e-01-j6.66312775040216465072e-01
  +1.46100736359573157852e-01-j6.67469113506419242654e-01
  +1.41442197704049837936e-01-j6.68592205095730141018e-01
  +1.36772913780162652664e-01-j6.69681912372358856267e-01
  +1.32093138920004515846e-01-j6.70738100038253515223e-01
  +1.27403129590211466882e-01-j6.71760634972030756806e-01
  +1.22703144370291755694e-01-j6.72749386267793569871e-01
  +1.17993443930195854308e-01-j6.73704225273700885168e-01
  +1.13274291007240665574e-01-j6.74625025630269936627e-01
  +1.08545950382345601781e-01-j6.75511663308424159524e-01
  +1.03808688855012293262e-01-j6.76364016647335697385e-01
  +9.90627752183191045976e-02-j6.77181966391851131171e-01
  +9.43084802322811249775e-02-j6.77965395729753783627e-01
  +8.95460765971990146905e-02-j6.78714190328573052646e-01
  +8.47758389258222999629e-02-j6.79428238372127069056e-01
  +7.99980437148316986251e-02-j6.80107430596685325064e-01
  +7.52129693156847467517e-02-j6.80751660326751162344e-01
  +7.04208959046000726456e-02-j6.81360823510458235575e-01
  +6.56221054518042745674e-02-j6.81934818754554306075e-01
  +6.08168816902692754844e-02-j6.82473547358943055663e-01
  +5.60055100833283248107e-02-j6.82976913350822445459e-01
  +5.11882777919032416758e-02-j6.83444823518315702771e-01
  +4.63654736409178022671e-02-j6.83877187443655221166e-01
  +4.15373880849204263344e-02-j6.84273917535864306672e-01
  +3.67043131731138935758e-02-j6.84634929062933439425e-01
  +3.18665425137270377776e-02-j6.84960140183459076368e-01
  +2.70243712375520007962e-02-j6.85249471977754098795e-01
  +2.21780959609400238342e-02-j6.85502848478396042964e-01
  +1.73280147481174040536e-02-j6.85720196700193906914e-01
  +1.24744270728348698174e-02-j6.85901446669577863346e-01
  +7.61763377925845849847e-03-j6.86046531453375352250e-01
  +2.75793704256936406810e-03-j6.86155387186965892710e-01
  -2.10435967149231236556e-03-j6.86227953101814169834e-01
  -6.96895164734818561153e-03-j6.86264171552330215498e-01
  -1.18355329611788129274e-02-j6.86263988042091543917e-01
  -1.67037965227157664261e-02-j6.86227351249361738894e-01
  -2.15734341180165711815e-02-j6.86154213051928696387e-01
  -2.64441364526744569774e-02-j6.86044528551241095116e-01
  -3.13155931953002925061e-02-j6.85898256095806124755e-01
  -3.61874930219427820566e-02-j6.85715357303873784822e-01
  -4.10595236608138486334e-02-j6.85495797085354796607e-01
  -4.59313719373898796117e-02-j6.85239543662999106566e-01
  -5.08027238203140468764e-02-j6.84946568592782023543e-01
  -5.56732644675630022890e-02-j6.84616846783513866015e-01
  -6.05426782730464907445e-02-j6.84250356515670898894e-01
  -6.54106489137126212441e-02-j6.83847079459386386624e-01
  -7.02768593972000615855e-02-j6.83407000691644617163e-01
  -7.51409921095619048881e-02-j6.82930108712648697988e-01
  -8.00027288637199102128e-02-j6.82416395461332925265e-01
  -8.48617509481384146852e-02-j6.81865856330039488142e-01
  -8.97177391758958997503e-02-j6.81278490178324869220e-01
  -9.45703739340137683467e-02-j6.80654299345913704755e-01
  -9.94193352331953356105e-02-j6.79993289664754807511e-01
  -1.04264302757754362405e-01-j6.79295470470225759563e-01
  -1.09104955916100865299e-01-j6.78560854611383157398e-01
  -1.13940973891073507596e-01-j6.77789458460402616247e-01
  -1.18772035690890079285e-01-j6.76981301921019573697e-01
  -1.23597820200100710908e-01-j6.76136408436115776688e-01
  -1.28418006230902881359e-01-j6.75254804994356527814e-01
  -1.33232272574447530022e-01-j6.74336522135931759614e-01
  -1.38040298052524351702e-01-j6.73381593957329882549e-01
  -1.42841761569337644122e-01-j6.72390058115181488141e-01
  -1.47636342163258466043e-01-j6.71361955829201217938e-01
  -1.52423719058913387236e-01-j6.70297331884142533198e-01
  -1.57203571719166157461e-01-j6.69196234630825670386e-01
  -1.61975579897370797200e-01-j6.68058715986196149927e-01
  -1.66739423689431731646e-01-j6.66884831432474345370e-01
  -1.71494783586167764966e-01-j6.65674640015282870209e-01
  -1.76241340525353923363e-01-j6.64428204340898553859e-01
  -1.80978775944119540942e-01-j6.63145590572469023627e-01
  -1.85706771831037897869e-01-j6.61826868425322234479e-01
  -1.90425010778192460581e-01-j6.60472111161328423456e-01
  -1.95133176033369271085e-01-j6.59081395582243545483e-01
  -1.99830951551888458262e-01-j6.57654802022169415743e-01
  -2.04518022048526204593e-01-j6.56192414339008434077e-01
  -2.09194073049195489178e-01-j6.54694319904998156545e-01
  -2.13858790942451304495e-01-j6.53160609596286412248e-01
  -2.18511863030969671895e-01-j6.51591377781536640335e-01
  -2.23152977582598777140e-01-j6.49986722309655928775e-01
  -2.27781823881391704001e-01-j6.48346744496509641564e-01
  -2.32398092278336548810e-01-j6.46671549110743870692e-01
  -2.37001474241771925566e-01-j6.44961244358679741673e-01
  -2.41591662407609791829e-01-j6.43215941868276464000e-01
  -2.46168350629196341917e-01-j6.41435756672173340576e-01
  -2.50731234026896177003e-01-j6.39620807189834716944e-01
  -2.55280009037371469205e-01-j6.37771215208767339178e-01
  -2.59814373462373682244e-01-j6.35887105864890056495e-01
  -2.64334026517323739114e-01-j6.33968607621955504428e-01
  -2.68838668879398501321e-01-j6.32015852250138010504e-01
  -2.73328002735212016727e-01-j6.30028974803736208088e-01
  -2.77801731828128173341e-01-j6.28008113597999351185e-01
  -2.82259561505044664909e-01-j6.25953410185131287058e-01
  -2.86701198762716269464e-01-j6.23865009329466091437e-01
  -2.91126352293728185572e-01-j6.21743058981714558087e-01
  -2.95534732531753996376e-01-j6.19587710252534451527e-01
  -2.99926051696485507225e-01-j6.17399117385178497486e-01
  -3.04300023837851707498e-01-j6.15177437727428277903e-01
  -3.08656364879894451470e-01-j6.12922831702658488240e-01
  -3.12994792663840060154e-01-j6.10635462780232507463e-01
  -3.17315026990781401395e-01-j6.08315497445047648206e-01
  -3.21616789663671243105e-01-j6.05963105166388849021e-01
  -3.25899804528709868823e-01-j6.03578458366018200110e-01
  -3.30163797516052959224e-01-j6.01161732385622205044e-01
  -3.34408496680051348093e-01-j5.98713105453404281775e-01
  -3.38633632238528659020e-01-j5.96232758650217187224e-01
  -3.42838936611741362803e-01-j5.93720875874765852132e-01
  -3.47024144460369943221e-01-j5.91177643808349362331e-01
  -3.51188992722934689716e-01-j5.88603251878907052230e-01
  -3.55333220652528924965e-01-j5.85997892224361938140e-01
  -3.59456569852721452563e-01-j5.83361759655476652675e-01
  -3.63558784312786598125e-01-j5.80695051618061119925e-01
  -3.67639610442289044290e-01-j5.77997968154527197449e-01
  -3.71698797104669409475e-01-j5.75270711865058848034e-01
  -3.75736095650274604107e-01-j5.72513487868082093790e-01
  -3.79751259948525765608e-01-j5.69726503760306091095e-01
  -3.83744046419345619103e-01-j5.66909969576160466254e-01
  -3.87714214063652640174e-01-j5.64064097746913573062e-01
  -3.91661524493276902437e-01-j5.61189103059101079829e-01
  -3.95585741959846859395e-01-j5.58285202612700204305e-01
  -3.99486633382977351925e-01-j5.55352615778741620645e-01
  -4.03363968377610182525e-01-j5.52391564156552661302e-01
  -4.07217519280494155698e-01-j5.49402271530607611005e-01
  -4.11047061175811079270e-01-j5.46384963827016179039e-01
  -4.14852371920023832441e-01-j5.43339869069585312822e-01
  -4.18633232165818602866e-01-j5.40267217335604565953e-01
  -4.22389425385178540751e-01-j5.37167240711288740407e-01
  -4.26120737891611756076e-01-j5.34040173246942195817e-01
  -4.29826958861567187675e-01-j5.30886250911761559124e-01
  -4.33507880354887353835e-01-j5.27705711548471900763e-01
  -4.37163297334405676065e-01-j5.24498794827691461329e-01
  -4.40793007684767368382e-01-j5.21265742201993176330e-01
  -4.44396812230276661015e-01-j5.18006796859847407077e-01
  -4.47974514751840247051e-01-j5.14722203679371936857e-01
  -4.51525922003134905225e-01-j5.11412209181871357799e-01
  -4.55050843725825715502e-01-j5.08077061485221026516e-01
  -4.58549092663915469625e-01-j5.04717010257167530973e-01
  -4.62020484577187529052e-01-j5.01332306668510363501e-01
  -4.65464838253810520019e-01-j4.97923203346157694504e-01
  -4.68881975522091543063e-01-j4.94489954326086056380e-01
  -4.72271721261223742516e-01-j4.91032815006344769415e-01
  -4.75633903411318670340e-01-j4.87552042099908822248e-01
  -4.78968352982416967212e-01-j4.84047893587610800203e-01
  -4.82274904062764964152e-01-j4.80520628670975946672e-01
  -4.85553393826117896115e-01-j4.76970507725154591050e-01
  -4.88803662538197958298e-01-j4.73397792251886107007e-01
  -4.92025553562363215931e-01-j4.69802744832421403931e-01
  -4.95218913364348922723e-01-j4.66185629080633323618e-01
  -4.98383591516155743939e-01-j4.62546709596171112810e-01
  -5.01519440699158880470e-01-j4.58886251917687060242e-01
  -5.04626316706274447021e-01-j4.55204522476252315677e-01
  -5.07704078443391604303e-01-j4.51501788548869187334e-01
  -5.10752587929938939304e-01-j4.47778318212108505936e-01
  -5.13771710298602246603e-01-j4.44034380296017716638e-01
  -5.16761313794260268573e-01-j4.40270244338126282013e-01
  -5.19721269772098315443e-01-j4.36486180537696277781e-01
  -5.22651452694946838662e-01-j4.32682459710193978442e-01
  -5.25551740129795441625e-01-j4.28859353241978547011e-01
  -5.28422012743539726287e-01-j4.25017133045272055281e-01
  -5.31262154297945543568e-01-j4.21156071513386243144e-01
  -5.34072051643888712213e-01-j4.17276441476174653200e-01
  -5.36851594714748303616e-01-j4.13378516155924136122e-01
  -5.39600676519181532420e-01-j4.09462569123341446620e-01
  -5.42319193133032229071e-01-j4.05528874254074245265e-01
  -5.45007043690587833495e-01-j4.01577705685460140117e-01
  -5.47664130375118629601e-01-j3.97609337773621673850e-01
  -5.50290358408685453817e-01-j3.93624045050943283108e-01
  -5.52885636041253070161e-01-j3.89622102183976526391e-01
  -5.55449874539133303664e-01-j3.85603783931633359305e-01
  -5.57982988172753713307e-01-j3.81569365103850255405e-01
  -5.60484894203775341204e-01-j3.77519120520638296057e-01
  -5.62955512871516350337e-01-j3.73453324971572242497e-01
  -5.65394767378780360723e-01-j3.69372253175701048544e-01
  -5.67802583877074273921e-01-j3.65276179741867879081e-01
  -5.70178891451133207369e-01-j3.61165379129585739637e-01
  -5.72523622102929286015e-01-j3.57040125610273206824e-01
  -5.74836710735054157162e-01-j3.52900693228998751927e-01
  -5.77118095133518638207e-01-j3.48747355766725664061e-01
  -5.79367715950002915015e-01-j3.44580386703041918750e-01
  -5.81585516683548853223e-01-j3.40400059179377767471e-01
  -5.83771443661702305050e-01-j3.36206645962777606051e-01
  -5.85925446021172358080e-01-j3.32000419410087954653e-01
  -5.88047475687925813581e-01-j3.27781651432805076762e-01
  -5.90137487356836687447e-01-j3.23550613462302516510e-01
  -5.92195438470772717032e-01-j3.19307576415799543312e-01
  -5.94221289199310942486e-01-j3.15052810662642956974e-01
  -5.96215002416916606265e-01-j3.10786585991316144373e-01
  -5.98176543680699501770e-01-j3.06509171576940131487e-01
  -6.00105881207772307029e-01-j3.02220835949300825618e-01
  -6.02002985852122418642e-01-j2.97921846961559155798e-01
  -6.03867831081138173310e-01-j2.93612471759414683792e-01
  -6.05700392951754817972e-01-j2.89292976750849639700e-01
  -6.07500650086130633554e-01-j2.84963627576625577742e-01
  -6.09268583647079364773e-01-j2.80624689081138911639e-01
  -6.11004177313084984036e-01-j2.76276425283958515511e-01
  -6.12707417252958519427e-01-j2.71919099352081805598e-01
  -6.14378292100262957121e-01-j2.67552973572511787470e-01
  -6.16016792927306156002e-01-j2.63178309325772574745e-01
  -6.17622913218981550720e-01-j2.58795367059640457619e-01
</dep>
<dep S[3,3] frequency>
  +2.14097554776374043861e-03+j1.32332317829511984797e-02
  +1.73755472498840490836e-03+j1.26499716395717751866e-02
  +1.33233682846650713927e-03+j1.20796076020213121599e-02
  +9.25545053658272109942e-04+j1.15220460493554929804e-02
  +5.17399824427750010258e-04+j1.09771913872630244580e-02
  +1.08118810127372233509e-04+j1.04449460740660762803e-02
  -3.02083058599411646838e-04+j9.92521064580429920876e-03
  -7.12993574739473334745e-04+j9.41788374110721221433e-03
  -1.12440324082127562910e-03+j8.92286212538765527436e-03
  -1.53610525570341271973e-03+j8.44004071471002662030e-03
  -1.94789550230187180624e-03+j7.96931259915146378292e-03
  -2.35957253597432470293e-03+j7.51056906596685516786e-03
  -2.77093757398186313345e-03+j7.06369962221153890880e-03
  -3.18179448545199972109e-03+j6.62859201729104272061e-03
  -3.59194978240037765538e-03+j6.20513226500160955390e-03
  -4.00121261128011385111e-03+j5.79320466553531407405e-03
  -4.40939474531479302932e-03+j5.39269182719128749304e-03
  -4.81631057760611991370e-03+j5.00347468788652806337e-03
  -5.22177711481261463966e-03+j4.62543253651648191699e-03
  -5.62561397151600806055e-03+j4.25844303424898189964e-03
  -6.02764336527147892575e-03+j3.90238223558498709478e-03
  -6.42769011210744811713e-03+j3.55712460950170610008e-03
  -6.82558162280708091707e-03+j3.22254306032279235622e-03
  -7.22114789961275649333e-03+j2.89850894872550196579e-03
  -7.61422153349275432355e-03+j2.58489211264131563822e-03
  -8.00463770197881729906e-03+j2.28156088811159530119e-03
  -8.39223416740442207384e-03+j1.98838213023759232193e-03
  -8.77685127568250678110e-03+j1.70522123412463226175e-03
  -9.15833195553369949771e-03+j1.43194215579935850771e-03
  -9.53652171809954429804e-03+j1.16840743328788451705e-03
  -9.91126865699698544887e-03+j9.14478207720660803137e-04
  -1.02824234487348953326e-02+j6.70014244468467631138e-04
  -1.06498393535664481746e-02+j4.34873954441930554715e-04
  -1.10133722165467462517e-02+j2.08914415496980285930e-04
  -1.13728804690793050547e-02-j8.00860611227527385836e-06
  -1.17282251306738694030e-02-j2.16040634100385722793e-04
  -1.20792698110057661331e-02-j4.15328460387308535939e-04
  -1.24258807122281655921e-02-j6.06020123180422976006e-04
  -1.27679266316151340810e-02-j7.88264884980010606397e-04
  -1.31052789643273659426e-02-j9.62213210319257626624e-04
  -1.34378117064636593003e-02-j1.12801674342778452537e-03
  -1.37654014582711814452e-02-j1.28582828566370724332e-03
  -1.40879274275846622100e-02-j1.43580177284967922327e-03
  -1.44052714333194886720e-02-j1.57809225230439928445e-03
  -1.47173179092373596077e-02-j1.71285585981699201713e-03
  -1.50239539077847150672e-02-j1.84024979639172163101e-03
  -1.53250691039632791490e-02-j1.96043230474848536107e-03
  -1.56205557994486265994e-02-j2.07356264572398528087e-03
  -1.59103089266563746396e-02-j2.17980107440084820355e-03
  -1.61942260529361614640e-02-j2.27930881609042122402e-03
  -1.64722073847898553556e-02-j2.37224804209190979695e-03
  -1.67441557721508260670e-02-j2.45878184528400441089e-03
  -1.70099767126475898138e-02-j2.53907421548690533444e-03
  -1.72695783558608206842e-02-j2.61329001463559730534e-03
  -1.75228715076644614435e-02-j2.68159495179431115255e-03
  -1.77697696343955824361e-02-j2.74415555792798405293e-03
  -1.80101888671872489844e-02-j2.80113916053775606485e-03
  -1.82440480059837539795e-02-j2.85271385802199394302e-03
  -1.84712685237740648070e-02-j2.89904849393824532930e-03
  -1.86917745705774962506e-02-j2.94031263103595053715e-03
  -1.89054929774160607181e-02-j2.97667652513052731836e-03
  -1.91123532601450429880e-02-j3.00831109877077763903e-03
  -1.93122876232195983537e-02-j3.03538791474625754135e-03
  -1.95052309633620413187e-02-j3.05807914945527281603e-03
  -1.96911208730223830088e-02-j3.07655756605507190241e-03
  -1.98698976437593766153e-02-j3.09099648748246275121e-03
  -2.00415042694971068382e-02-j3.10156976932759315124e-03
  -2.02058864495992807075e-02-j3.10845177255310127495e-03
  -2.03629925917287180059e-02-j3.11181733603393658252e-03
  -2.05127738146320126589e-02-j3.11184174900208578712e-03
  -2.06551839506969037163e-02-j3.10870072335856558604e-03
  -2.07901795483075857440e-02-j3.10257036582853393952e-03
  -2.09177198740469472149e-02-j3.09362715002758957919e-03
  -2.10377669146279699941e-02-j3.08204788836968172211e-03
  -2.11502853787318145784e-02-j3.06800970394939922017e-03
  -2.12552426985182507657e-02-j3.05169000223746251718e-03
  -2.13526090309842653259e-02-j3.03326644273102475832e-03
  -2.14423572590873301458e-02-j3.01291691053595482586e-03
  -2.15244629926311104029e-02-j2.99081948780942743008e-03
  -2.15989045689212455503e-02-j2.96715242519054967982e-03
  -2.16656630531833760411e-02-j2.94209411313771547480e-03
  -2.17247222387656480080e-02-j2.91582305323714917680e-03
  -2.17760686470654940550e-02-j2.88851782944107415146e-03
  -2.18196915272206304337e-02-j2.86035707925925584624e-03
  -2.18555828555468401042e-02-j2.83151946494566682591e-03
  -2.18837373347802177648e-02-j2.80218364466553338660e-03
  -2.19041523929685566507e-02-j2.77252824359574320118e-03
  -2.19168281822093302669e-02-j2.74273182509817553543e-03
  -2.19217675770401743129e-02-j2.71297286179426585043e-03
  -2.19189761726871767955e-02-j2.68342970676093773089e-03
  -2.19084622829526509680e-02-j2.65428056464580078289e-03
  -2.18902369379110894876e-02-j2.62570346285270674741e-03
  -2.18643138813539861243e-02-j2.59787622276786518347e-03
  -2.18307095679319829173e-02-j2.57097643097409017318e-03
  -2.17894431601342863924e-02-j2.54518141063346308925e-03
  -2.17405365249135340555e-02-j2.52066819272448935929e-03
  -2.16840142301797655922e-02-j2.49761348756539266341e-03
  -2.16199035409374573646e-02-j2.47619365623219338246e-03
  -2.15482344152956029060e-02-j2.45658468216854034352e-03
  -2.14690395001719824819e-02-j2.43896214283731774253e-03
  -2.13823541267515737641e-02-j2.42350118143248166591e-03
  -2.12882163057925011262e-02-j2.41037647876538550784e-03
  -2.11866667226474625352e-02-j2.39976222520818169293e-03
  -2.10777487320800427373e-02-j2.39183209273575395765e-03
  -2.09615083528971180016e-02-j2.38675920716858091727e-03
  -2.08379942623284908354e-02-j2.38471612041853565228e-03
  -2.07072577902402132910e-02-j2.38587478299780424845e-03
  -2.05693529131579788682e-02-j2.39040651656729878638e-03
  -2.04243362480868162478e-02-j2.39848198667858784200e-03
  -2.02722670461156218025e-02-j2.41027117566479896771e-03
  -2.01132071859679295578e-02-j2.42594335567060739867e-03
  -1.99472211672361843249e-02-j2.44566706184354146561e-03
  -1.97743761035533149872e-02-j2.46961006569555805573e-03
  -1.95947417156357717172e-02-j2.49793934866581000126e-03
  -1.94083903240714894523e-02-j2.53082107577867667508e-03
  -1.92153968421437670866e-02-j2.56842056957271719364e-03
  -1.90158387683675988988e-02-j2.61090228415047313076e-03
  -1.88097961790497647527e-02-j2.65842977942815257564e-03
  -1.85973517206483307529e-02-j2.71116569557527291659e-03
  -1.83785906021174116898e-02-j2.76927172764621564935e-03
  -1.81536005871372196907e-02-j2.83290860042766665453e-03
  -1.79224719862501602474e-02-j2.90223604340980297425e-03
  -1.76852976490220747952e-02-j2.97741276604944048872e-03
  -1.74421729560430283090e-02-j3.05859643314890196006e-03
  -1.71931958110176363874e-02-j3.14594364050148518619e-03
  -1.69384666327161148569e-02-j3.23960989066079084464e-03
  -1.66780883470069585250e-02-j3.33974956899203440780e-03
  -1.64121663788523997063e-02-j3.44651591985082770761e-03
  -1.61408086443015075240e-02-j3.56006102299280058690e-03
  -1.58641255425791549705e-02-j3.68053577020378656914e-03
  -1.55822299481329917814e-02-j3.80808984206115405668e-03
  -1.52952372027817806721e-02-j3.94287168492901164696e-03
  -1.50032651079648748915e-02-j4.08502848815682842454e-03
  -1.47064339169970526022e-02-j4.23470616142361446638e-03
  -1.44048663274806143519e-02-j4.39204931228527085951e-03
  -1.40986874738177891953e-02-j4.55720122391711692650e-03
  -1.37880249198376325648e-02-j4.73030383298640895451e-03
  -1.34730086515647273782e-02-j4.91149770772711900813e-03
  -1.31537710701631616050e-02-j5.10092202617297776901e-03
  -1.28304469850526459140e-02-j5.29871455453998028290e-03
  -1.25031736071819499223e-02-j5.50501162575326233317e-03
  -1.21720905425082570606e-02-j5.71994811809928716678e-03
  -1.18373397857396700505e-02-j5.94365743405690476198e-03
  -1.14990657142814145519e-02-j6.17627147921130832675e-03
  -1.11574150824061968379e-02-j6.41792064128610725143e-03
  -1.08125370157461375697e-02-j6.66873376929884992270e-03
  -1.04645830060291489261e-02-j6.92883815278907619351e-03
  -1.01137069061319195828e-02-j7.19835950112106444376e-03
  -9.76006492540512637923e-03-j7.47742192288582477322e-03
  -9.40381562542069726618e-03-j7.76614790532394790729e-03
  -9.04511991596057551845e-03-j8.06465829381949710075e-03
  -8.68414105147266579543e-03-j8.37307227138245346865e-03
  -8.32104462781330100896e-03-j8.69150733818009786635e-03
  -7.95599857945653021751e-03-j9.02007929103911844371e-03
  -7.58917317710880445780e-03-j9.35890220295424943298e-03
  -7.22074102570630094178e-03-j9.70808840249932913924e-03
  -6.85087706294915110838e-03-j1.00677484532440079251e-02
  -6.47975855820809298891e-03-j1.04379911330566253758e-02
  -6.10756511199694873682e-03-j1.08189234133158167228e-02
  -5.73447865586315663755e-03-j1.12106504379806109356e-02
  -5.36068345290097170164e-03-j1.16132755025684757111e-02
  -4.98636609868435831672e-03-j1.20269000329077287159e-02
  -4.61171552284342367578e-03-j1.24516235637426274374e-02
  -4.23692299114830639439e-03-j1.28875437170927406583e-02
  -3.86218210823757734929e-03-j1.33347561803905736988e-02
  -3.48768882083530518123e-03-j1.37933546843087249945e-02
  -3.11364142177700253811e-03-j1.42634309803688352769e-02
  -2.74024055444346825716e-03-j1.47450748181079237947e-02
  -2.36768921803839904605e-03-j1.52383739219915381735e-02
  -1.99619277340384870811e-03-j1.57434139678351570080e-02
  -1.62595894961331532969e-03-j1.62602785588945308870e-02
  -1.25719785115574467227e-03-j1.67890492014131920140e-02
  -8.90121965958196037505e-04-j1.73298052797238449907e-02
  -5.24946174027207668189e-04-j1.78826240307603905044e-02
  -1.61887756897571843950e-04-j1.84475805180680518802e-02
  +1.98833592170072348537e-04-j1.90247476051211943104e-02
  +5.56995757249545420109e-04-j1.96141959280253450060e-02
  +9.12374187988895801737e-04-j2.02159938675141107045e-02
  +1.26474188705541501498e-03-j2.08302075201800170057e-02
  +1.61386939678934138165e-03-j2.14569006689325422754e-02
  +1.95952478502087190648e-03-j2.20961347525852613849e-02
  +2.30147363003840865758e-03-j2.27479688345771056956e-02
  +2.63947900473396335208e-03-j2.34124595707326729754e-02
  +2.97330145987842464628e-03-j2.40896611760185834494e-02
  +3.30269900651705694550e-03-j2.47796253902593348328e-02
  +3.62742709750588088191e-03-j2.54824014427138464955e-02
  +3.94723860815651694800e-03-j2.61980360155012262369e-02
  +4.26188381599412746681e-03-j2.69265732057792223086e-02
  +4.57111037959062604941e-03-j2.76680544866116789882e-02
  +4.87466331652536277730e-03-j2.84225186665013063170e-02
  +5.17228498042857087746e-03-j2.91900018474295121218e-02
  +5.46371503709405792470e-03-j2.99705373814364642304e-02
  +5.74869043968481707729e-03-j3.07641558256275433891e-02
  +6.02694540304693493482e-03-j3.15708848954407012011e-02
  +6.29821137707134437456e-03-j3.23907494162846976149e-02
  +6.56221701916970268087e-03-j3.32237712732859624687e-02
  +6.81868816582267833759e-03-j3.40699693591331106979e-02
  +7.06734780323375888500e-03-j3.49293595199888784464e-02
  +7.30791603710051473897e-03-j3.58019544992342758638e-02
  +7.54011006146498852232e-03-j3.66877638791365742743e-02
</dep>
