<Qucs Dataset 1.0.3>
<indep L5 1>
  +2.84000000000000051015e-03
</indep>
<indep L2 1>
  +2.76500000000000009659e-03
</indep>
<indep L4 1>
  +5.00000000000000010408e-04
</indep>
<indep L3 1>
  +1.70499999999999991840e-03
</indep>
<indep L1 1>
  +2.12999999999999994893e-03
</indep>
<indep Lq 1>
  +7.10000000000000040801e-03
</indep>
<indep Lsmd 1>
  +8.49999999999999952642e-04
</indep>
<indep W_70 1>
  +1.94999999999999996470e-04
</indep>
<indep W_50 1>
  +3.80000000000000020921e-04
</indep>
<indep frequency 200>
  +4.00000000000000000000e+09
  +4.02010050251256275177e+09
  +4.04020100502512550354e+09
  +4.06030150753768825531e+09
  +4.08040201005025148392e+09
  +4.10050251256281423569e+09
  +4.12060301507537698746e+09
  +4.14070351758793973923e+09
  +4.16080402010050249100e+09
  +4.18090452261306524277e+09
  +4.20100502512562799454e+09
  +4.22110552763819074631e+09
  +4.24120603015075397491e+09
  +4.26130653266331672668e+09
  +4.28140703517587947845e+09
  +4.30150753768844223022e+09
  +4.32160804020100498199e+09
  +4.34170854271356773376e+09
  +4.36180904522613048553e+09
  +4.38190954773869323730e+09
  +4.40201005025125598907e+09
  +4.42211055276381874084e+09
  +4.44221105527638149261e+09
  +4.46231155778894424438e+09
  +4.48241206030150794983e+09
  +4.50251256281407070160e+09
  +4.52261306532663345337e+09
  +4.54271356783919620514e+09
  +4.56281407035175895691e+09
  +4.58291457286432170868e+09
  +4.60301507537688446045e+09
  +4.62311557788944721222e+09
  +4.64321608040200996399e+09
  +4.66331658291457271576e+09
  +4.68341708542713546753e+09
  +4.70351758793969821930e+09
  +4.72361809045226097107e+09
  +4.74371859296482467651e+09
  +4.76381909547738647461e+09
  +4.78391959798995018005e+09
  +4.80402010050251293182e+09
  +4.82412060301507568359e+09
  +4.84422110552763843536e+09
  +4.86432160804020118713e+09
  +4.88442211055276393890e+09
  +4.90452261306532669067e+09
  +4.92462311557788944244e+09
  +4.94472361809045219421e+09
  +4.96482412060301494598e+09
  +4.98492462311557769775e+09
  +5.00502512562814044952e+09
  +5.02512562814070320129e+09
  +5.04522613065326690674e+09
  +5.06532663316582870483e+09
  +5.08542713567839241028e+09
  +5.10552763819095516205e+09
  +5.12562814070351791382e+09
  +5.14572864321608066559e+09
  +5.16582914572864341736e+09
  +5.18592964824120616913e+09
  +5.20603015075376892090e+09
  +5.22613065326633167267e+09
  +5.24623115577889442444e+09
  +5.26633165829145717621e+09
  +5.28643216080401992798e+09
  +5.30653266331658267975e+09
  +5.32663316582914543152e+09
  +5.34673366834170913696e+09
  +5.36683417085427093506e+09
  +5.38693467336683464050e+09
  +5.40703517587939739227e+09
  +5.42713567839196014404e+09
  +5.44723618090452289581e+09
  +5.46733668341708564758e+09
  +5.48743718592964839935e+09
  +5.50753768844221115112e+09
  +5.52763819095477390289e+09
  +5.54773869346733665466e+09
  +5.56783919597989940643e+09
  +5.58793969849246215820e+09
  +5.60804020100502490997e+09
  +5.62814070351758766174e+09
  +5.64824120603015136719e+09
  +5.66834170854271316528e+09
  +5.68844221105527687073e+09
  +5.70854271356783962250e+09
  +5.72864321608040237427e+09
  +5.74874371859296512604e+09
  +5.76884422110552787781e+09
  +5.78894472361809062958e+09
  +5.80904522613065338135e+09
  +5.82914572864321613312e+09
  +5.84924623115577888489e+09
  +5.86934673366834163666e+09
  +5.88944723618090438843e+09
  +5.90954773869346714020e+09
  +5.92964824120602989197e+09
  +5.94974874371859359741e+09
  +5.96984924623115539551e+09
  +5.98994974874371910095e+09
  +6.01005025125628185272e+09
  +6.03015075376884460449e+09
  +6.05025125628140735626e+09
  +6.07035175879397010803e+09
  +6.09045226130653285980e+09
  +6.11055276381909561157e+09
  +6.13065326633165836334e+09
  +6.15075376884422111511e+09
  +6.17085427135678386688e+09
  +6.19095477386934661865e+09
  +6.21105527638191032410e+09
  +6.23115577889447212219e+09
  +6.25125628140703582764e+09
  +6.27135678391959762573e+09
  +6.29145728643216133118e+09
  +6.31155778894472312927e+09
  +6.33165829145728683472e+09
  +6.35175879396984958649e+09
  +6.37185929648241233826e+09
  +6.39195979899497509003e+09
  +6.41206030150753784180e+09
  +6.43216080402010059357e+09
  +6.45226130653266334534e+09
  +6.47236180904522609711e+09
  +6.49246231155778884888e+09
  +6.51256281407035255432e+09
  +6.53266331658291435242e+09
  +6.55276381909547805786e+09
  +6.57286432160803985596e+09
  +6.59296482412060356140e+09
  +6.61306532663316535950e+09
  +6.63316582914572906494e+09
  +6.65326633165829181671e+09
  +6.67336683417085456848e+09
  +6.69346733668341732025e+09
  +6.71356783919598007202e+09
  +6.73366834170854282379e+09
  +6.75376884422110557556e+09
  +6.77386934673366832733e+09
  +6.79396984924623107910e+09
  +6.81407035175879478455e+09
  +6.83417085427135658264e+09
  +6.85427135678392028809e+09
  +6.87437185929648208618e+09
  +6.89447236180904579163e+09
  +6.91457286432160758972e+09
  +6.93467336683417129517e+09
  +6.95477386934673404694e+09
  +6.97487437185929679871e+09
  +6.99497487437185955048e+09
  +7.01507537688442230225e+09
  +7.03517587939698505402e+09
  +7.05527638190954780579e+09
  +7.07537688442211055756e+09
  +7.09547738693467330933e+09
  +7.11557788944723701477e+09
  +7.13567839195979881287e+09
  +7.15577889447236251831e+09
  +7.17587939698492431641e+09
  +7.19597989949748802185e+09
  +7.21608040201004981995e+09
  +7.23618090452261352539e+09
  +7.25628140703517627716e+09
  +7.27638190954773902893e+09
  +7.29648241206030178070e+09
  +7.31658291457286453247e+09
  +7.33668341708542728424e+09
  +7.35678391959799003601e+09
  +7.37688442211055278778e+09
  +7.39698492462311553955e+09
  +7.41708542713567924500e+09
  +7.43718592964824104309e+09
  +7.45728643216080474854e+09
  +7.47738693467336654663e+09
  +7.49748743718593025208e+09
  +7.51758793969849205017e+09
  +7.53768844221105575562e+09
  +7.55778894472361850739e+09
  +7.57788944723618125916e+09
  +7.59798994974874401093e+09
  +7.61809045226130676270e+09
  +7.63819095477386951447e+09
  +7.65829145728643226624e+09
  +7.67839195979899501801e+09
  +7.69849246231155776978e+09
  +7.71859296482412147522e+09
  +7.73869346733668327332e+09
  +7.75879396984924697876e+09
  +7.77889447236180877686e+09
  +7.79899497487437248230e+09
  +7.81909547738693428040e+09
  +7.83919597989949798584e+09
  +7.85929648241206073761e+09
  +7.87939698492462348938e+09
  +7.89949748743718624115e+09
  +7.91959798994974899292e+09
  +7.93969849246231174469e+09
  +7.95979899497487449646e+09
  +7.97989949748743724823e+09
  +8.00000000000000000000e+09
</indep>
<dep S34_dB frequency>
  -2.17659314981316676096e+01
  -2.18609454897142505558e+01
  -2.19571132395029948725e+01
  -2.20544581803228645356e+01
  -2.21530046072087607456e+01
  -2.22527777179536876417e+01
  -2.23538036557559465223e+01
  -2.24561095541137909493e+01
  -2.25597235841401868583e+01
  -2.26646750044804718982e+01
  -2.27709942140129584232e+01
  -2.28787128075552175233e+01
  -2.29878636348062137529e+01
  -2.30984808627447719687e+01
  -2.32106000417861046969e+01
  -2.33242581759498079919e+01
  -2.34394937973782866436e+01
  -2.35563470455344550203e+01
  -2.36748597514455418889e+01
  -2.37950755274103364911e+01
  -2.39170398625954447880e+01
  -2.40408002250057108995e+01
  -2.41664061703621548816e+01
  -2.42939094584488159967e+01
  -2.44233641775651975081e+01
  -2.45548268777732339174e+01
  -2.46883567136955228705e+01
  -2.48240155976926857306e+01
  -2.49618683643418606266e+01
  -2.51019829472167330664e+01
  -2.52444305690841233059e+01
  -2.53892859467344536029e+01
  -2.55366275118135952482e+01
  -2.56865376491263930347e+01
  -2.58391029540981804757e+01
  -2.59944145111978812679e+01
  -2.61525681953800450685e+01
  -2.63136649987782966775e+01
  -2.64778113851746574881e+01
  -2.66451196750304362126e+01
  -2.68157084641500773614e+01
  -2.69897030794699652745e+01
  -2.71672360757773923012e+01
  -2.73484477776538916771e+01
  -2.75334868714219993535e+01
  -2.77225110523869702206e+01
  -2.79156877333138062625e+01
  -2.81131948207135486939e+01
  -2.83152215662859276790e+01
  -2.85219695016201058024e+01
  -2.87336534651916863936e+01
  -2.89505027315703564739e+01
  -2.91727622537610855602e+01
  -2.94006940305745416708e+01
  -2.96345786119054146468e+01
  -2.98747167556500983210e+01
  -3.01214312506803807423e+01
  -3.03750689205238870727e+01
  -3.06360028221370761514e+01
  -3.09046346527511275326e+01
  -3.11813973749297126403e+01
  -3.14667580646679390100e+01
  -3.17612209785265129369e+01
  -3.20653308214587369207e+01
  -3.23796761745925607556e+01
  -3.27048930077111776882e+01
  -3.30416681484174503680e+01
  -3.33907425002168736228e+01
  -3.37529136811578638344e+01
  -3.41290375731028987616e+01
  -3.45200279979434441202e+01
  -3.49268533246136954062e+01
  -3.53505281881553017342e+01
  -3.57920975625518238417e+01
  -3.62526090115973076422e+01
  -3.67330668099247574787e+01
  -3.72343584408602552571e+01
  -3.77571392817540356646e+01
  -3.83016545356581445958e+01
  -3.88674682004773899280e+01
  -3.94530572592553312461e+01
  -4.00552175658569993288e+01
  -4.06682236043865259489e+01
  -4.12827063847494883930e+01
  -4.18843014005270291022e+01
  -4.24523341566231806610e+01
  -4.29592055008608113553e+01
  -4.33716212218891854491e+01
  -4.36549142822084874638e+01
  -4.37806034054039798775e+01
  -4.37347958076622091994e+01
  -4.35229720678154450297e+01
  -4.31680461086507349933e+01
  -4.27030023252378470033e+01
  -4.21624941153293519847e+01
  -4.15769706645904335574e+01
  -4.09701952563370568328e+01
  -4.03592030403427060037e+01
  -3.97554150654022251388e+01
  -3.91660258248255317426e+01
  -3.85952432898080814994e+01
  -3.80452534122504317793e+01
  -3.75169171393137190762e+01
  -3.70102529434318654467e+01
  -3.65247619946821657777e+01
  -3.60596432687264609740e+01
  -3.56139337426905058237e+01
  -3.51865984242205911414e+01
  -3.47765871246377429316e+01
  -3.43828693439641455143e+01
  -3.40044548404790845098e+01
  -3.36404049047965401087e+01
  -3.32898376572310965571e+01
  -3.29519295585466522880e+01
  -3.26259145763935975992e+01
  -3.23110819541371654395e+01
  -3.20067732003154290510e+01
  -3.17123786988567211154e+01
  -3.14273341955535912007e+01
  -3.11511173202521618464e+01
  -3.08832442408817513524e+01
  -3.06232665036075424325e+01
  -3.03707680862288533774e+01
  -3.01253626744150935224e+01
  -2.98866911593375164102e+01
  -2.96544193485665239507e+01
  -2.94282358782849975398e+01
  -2.92078503128997724048e+01
  -2.89929914174213649858e+01
  -2.87834055880112735792e+01
  -2.85788554266377694546e+01
  -2.83791184465497217104e+01
  -2.81839858962120750618e+01
  -2.79932616903580431256e+01
  -2.78067614377727778674e+01
  -2.76243115563826577841e+01
  -2.74457484671361910955e+01
  -2.72709178589865359754e+01
  -2.70996740180614210658e+01
  -2.69318792147905057277e+01
  -2.67674031434130839102e+01
  -2.66061224088561942835e+01
  -2.64479200564674670204e+01
  -2.62926851405785058091e+01
  -2.61403123282572771302e+01
  -2.59907015350002978948e+01
  -2.58437575894307691726e+01
  -2.56993899243613626027e+01
  -2.55575122918623129920e+01
  -2.54180425001843381949e+01
  -2.52809021706150325315e+01
  -2.51460165125285683985e+01
  -2.50133141150535323050e+01
  -2.48827267539390497575e+01
  -2.47541892123342250898e+01
  -2.46276391143093142944e+01
  -2.45030167700654573082e+01
  -2.43802650318705751431e+01
  -2.42593291598466151981e+01
  -2.41401566968176553019e+01
  -2.40226973514923685116e+01
  -2.39069028893204382769e+01
  -2.37927270304284093072e+01
  -2.36801253540731266867e+01
  -2.35690552091239027277e+01
  -2.34594756301068052551e+01
  -2.33513472583874630573e+01
  -2.32446322681146675393e+01
  -2.31392942965672148148e+01
  -2.30352983785763107960e+01
  -2.29326108847310159433e+01
  -2.28311994630892947100e+01
  -2.27310329841438516496e+01
  -2.26320814888085948269e+01
  -2.25343161392143507271e+01
  -2.24377091721173904659e+01
  -2.23422338547353014349e+01
  -2.22478644428454153115e+01
  -2.21545761409913630757e+01
  -2.20623450646537833109e+01
  -2.19711482042532146863e+01
  -2.18809633908641423261e+01
  -2.17917692635245359156e+01
  -2.17035452380416131746e+01
  -2.16162714771908497369e+01
  -2.15299288622280400318e+01
  -2.14444989656189619609e+01
  -2.13599640249238085232e+01
  -2.12763069177558747924e+01
  -2.11935111377524343368e+01
  -2.11115607714999100608e+01
  -2.10304404763507832854e+01
  -2.09501354590845281223e+01
  -2.08706314553676151036e+01
  -2.07919147099589629590e+01
  -2.07139719576269101253e+01
  -2.06367904047401324874e+01
  -2.05603577114892530631e+01
  -2.04846619747185485494e+01
  -2.04096917113223632612e+01
</dep>
<dep S25_dB frequency>
  -2.17659314981316782678e+01
  -2.18609454897142505558e+01
  -2.19571132395029806617e+01
  -2.20544581803228609829e+01
  -2.21530046072087607456e+01
  -2.22527777179536947472e+01
  -2.23538036557559429696e+01
  -2.24561095541137909493e+01
  -2.25597235841401868583e+01
  -2.26646750044804647928e+01
  -2.27709942140129761867e+01
  -2.28787128075552139705e+01
  -2.29878636348062173056e+01
  -2.30984808627447790741e+01
  -2.32106000417861046969e+01
  -2.33242581759498150973e+01
  -2.34394937973782866436e+01
  -2.35563470455344692311e+01
  -2.36748597514455418889e+01
  -2.37950755274103222803e+01
  -2.39170398625954341298e+01
  -2.40408002250057215576e+01
  -2.41664061703621655397e+01
  -2.42939094584488159967e+01
  -2.44233641775651904027e+01
  -2.45548268777732339174e+01
  -2.46883567136955228705e+01
  -2.48240155976926857306e+01
  -2.49618683643418677320e+01
  -2.51019829472167188555e+01
  -2.52444305690841197531e+01
  -2.53892859467344500501e+01
  -2.55366275118135988009e+01
  -2.56865376491263930347e+01
  -2.58391029540981840285e+01
  -2.59944145111978812679e+01
  -2.61525681953800415158e+01
  -2.63136649987783002302e+01
  -2.64778113851746574881e+01
  -2.66451196750304433181e+01
  -2.68157084641500773614e+01
  -2.69897030794699723799e+01
  -2.71672360757773958539e+01
  -2.73484477776539058880e+01
  -2.75334868714219958008e+01
  -2.77225110523869702206e+01
  -2.79156877333138062625e+01
  -2.81131948207135486939e+01
  -2.83152215662859241263e+01
  -2.85219695016201058024e+01
  -2.87336534651916899463e+01
  -2.89505027315703600266e+01
  -2.91727622537610855602e+01
  -2.94006940305745487763e+01
  -2.96345786119054288577e+01
  -2.98747167556501054264e+01
  -3.01214312506803736369e+01
  -3.03750689205238941781e+01
  -3.06360028221370868096e+01
  -3.09046346527511239799e+01
  -3.11813973749297126403e+01
  -3.14667580646679390100e+01
  -3.17612209785264987261e+01
  -3.20653308214587511316e+01
  -3.23796761745925607556e+01
  -3.27048930077111776882e+01
  -3.30416681484174574734e+01
  -3.33907425002168594119e+01
  -3.37529136811578496236e+01
  -3.41290375731029129724e+01
  -3.45200279979434299094e+01
  -3.49268533246136954062e+01
  -3.53505281881552946288e+01
  -3.57920975625518238417e+01
  -3.62526090115973005368e+01
  -3.67330668099247645841e+01
  -3.72343584408602623625e+01
  -3.77571392817540285591e+01
  -3.83016545356581232795e+01
  -3.88674682004773970334e+01
  -3.94530572592553170352e+01
  -4.00552175658570064343e+01
  -4.06682236043865046327e+01
  -4.12827063847495239202e+01
  -4.18843014005270077860e+01
  -4.24523341566231877664e+01
  -4.29592055008607971445e+01
  -4.33716212218891854491e+01
  -4.36549142822084661475e+01
  -4.37806034054039656667e+01
  -4.37347958076622091994e+01
  -4.35229720678154592406e+01
  -4.31680461086507349933e+01
  -4.27030023252378612142e+01
  -4.21624941153292880358e+01
  -4.15769706645904690845e+01
  -4.09701952563370568328e+01
  -4.03592030403427344254e+01
  -3.97554150654022535605e+01
  -3.91660258248255814806e+01
  -3.85952432898080886048e+01
  -3.80452534122504033576e+01
  -3.75169171393137261816e+01
  -3.70102529434318512358e+01
  -3.65247619946821657777e+01
  -3.60596432687264609740e+01
  -3.56139337426904916128e+01
  -3.51865984242205911414e+01
  -3.47765871246377713533e+01
  -3.43828693439641455143e+01
  -3.40044548404790774043e+01
  -3.36404049047965401087e+01
  -3.32898376572310823462e+01
  -3.29519295585466522880e+01
  -3.26259145763936047047e+01
  -3.23110819541371512287e+01
  -3.20067732003154219456e+01
  -3.17123786988567104572e+01
  -3.14273341955535912007e+01
  -3.11511173202521618464e+01
  -3.08832442408817477997e+01
  -3.06232665036075424325e+01
  -3.03707680862288498247e+01
  -3.01253626744150935224e+01
  -2.98866911593375128575e+01
  -2.96544193485665203980e+01
  -2.94282358782850153034e+01
  -2.92078503128997795102e+01
  -2.89929914174213578804e+01
  -2.87834055880112771320e+01
  -2.85788554266377801127e+01
  -2.83791184465497217104e+01
  -2.81839858962120750618e+01
  -2.79932616903580466783e+01
  -2.78067614377727778674e+01
  -2.76243115563826506786e+01
  -2.74457484671361982009e+01
  -2.72709178589865288700e+01
  -2.70996740180614210658e+01
  -2.69318792147905092804e+01
  -2.67674031434130768048e+01
  -2.66061224088561978363e+01
  -2.64479200564674741258e+01
  -2.62926851405785129145e+01
  -2.61403123282572771302e+01
  -2.59907015350002907894e+01
  -2.58437575894307727253e+01
  -2.56993899243613626027e+01
  -2.55575122918623129920e+01
  -2.54180425001843310895e+01
  -2.52809021706150360842e+01
  -2.51460165125285719512e+01
  -2.50133141150535394104e+01
  -2.48827267539390462048e+01
  -2.47541892123342250898e+01
  -2.46276391143093178471e+01
  -2.45030167700654573082e+01
  -2.43802650318705751431e+01
  -2.42593291598466080927e+01
  -2.41401566968176553019e+01
  -2.40226973514923756170e+01
  -2.39069028893204276187e+01
  -2.37927270304284164126e+01
  -2.36801253540731337921e+01
  -2.35690552091239098331e+01
  -2.34594756301068052551e+01
  -2.33513472583874630573e+01
  -2.32446322681146675393e+01
  -2.31392942965672112621e+01
  -2.30352983785763214541e+01
  -2.29326108847310194960e+01
  -2.28311994630892982627e+01
  -2.27310329841438552023e+01
  -2.26320814888085983796e+01
  -2.25343161392143507271e+01
  -2.24377091721173869132e+01
  -2.23422338547352872240e+01
  -2.22478644428454117588e+01
  -2.21545761409913666284e+01
  -2.20623450646537833109e+01
  -2.19711482042532146863e+01
  -2.18809633908641458788e+01
  -2.17917692635245252575e+01
  -2.17035452380416202800e+01
  -2.16162714771908461842e+01
  -2.15299288622280400318e+01
  -2.14444989656189513028e+01
  -2.13599640249238049705e+01
  -2.12763069177558747924e+01
  -2.11935111377524343368e+01
  -2.11115607714999207190e+01
  -2.10304404763507903908e+01
  -2.09501354590845387804e+01
  -2.08706314553676044454e+01
  -2.07919147099589523009e+01
  -2.07139719576269065726e+01
  -2.06367904047401360401e+01
  -2.05603577114892424049e+01
  -2.04846619747185521021e+01
  -2.04096917113223739193e+01
</dep>
<dep S24_dB frequency>
  -2.17659314981316498461e+01
  -2.18609454897142470031e+01
  -2.19571132395030090834e+01
  -2.20544581803228858519e+01
  -2.21530046072087607456e+01
  -2.22527777179536414565e+01
  -2.23538036557559429696e+01
  -2.24561095541137909493e+01
  -2.25597235841401868583e+01
  -2.26646750044804718982e+01
  -2.27709942140129442123e+01
  -2.28787128075552139705e+01
  -2.29878636348062137529e+01
  -2.30984808627447755214e+01
  -2.32106000417861046969e+01
  -2.33242581759497902283e+01
  -2.34394937973782866436e+01
  -2.35563470455344372567e+01
  -2.36748597514455383362e+01
  -2.37950755274103542547e+01
  -2.39170398625954661043e+01
  -2.40408002250056895832e+01
  -2.41664061703621442234e+01
  -2.42939094584488159967e+01
  -2.44233641775651904027e+01
  -2.45548268777732126011e+01
  -2.46883567136955228705e+01
  -2.48240155976926644144e+01
  -2.49618683643418464158e+01
  -2.51019829472167472773e+01
  -2.52444305690840948841e+01
  -2.53892859467344536029e+01
  -2.55366275118135916955e+01
  -2.56865376491263930347e+01
  -2.58391029540981840285e+01
  -2.59944145111978777152e+01
  -2.61525681953800379631e+01
  -2.63136649987783002302e+01
  -2.64778113851746539353e+01
  -2.66451196750304291072e+01
  -2.68157084641500773614e+01
  -2.69897030794699368528e+01
  -2.71672360757773709850e+01
  -2.73484477776538952298e+01
  -2.75334868714220171171e+01
  -2.77225110523869666679e+01
  -2.79156877333138062625e+01
  -2.81131948207135486939e+01
  -2.83152215662859241263e+01
  -2.85219695016201022497e+01
  -2.87336534651916863936e+01
  -2.89505027315703564739e+01
  -2.91727622537610642439e+01
  -2.94006940305745487763e+01
  -2.96345786119054075414e+01
  -2.98747167556501409535e+01
  -3.01214312506803558733e+01
  -3.03750689205238977308e+01
  -3.06360028221371152313e+01
  -3.09046346527511595070e+01
  -3.11813973749297126403e+01
  -3.14667580646679496681e+01
  -3.17612209785265342532e+01
  -3.20653308214587866587e+01
  -3.23796761745925536502e+01
  -3.27048930077111776882e+01
  -3.30416681484174574734e+01
  -3.33907425002168309902e+01
  -3.37529136811578140964e+01
  -3.41290375731028845507e+01
  -3.45200279979434228039e+01
  -3.49268533246136954062e+01
  -3.53505281881553088397e+01
  -3.57920975625518238417e+01
  -3.62526090115973005368e+01
  -3.67330668099247574787e+01
  -3.72343584408602197300e+01
  -3.77571392817540072429e+01
  -3.83016545356580948578e+01
  -3.88674682004773828226e+01
  -3.94530572592553312461e+01
  -4.00552175658569922234e+01
  -4.06682236043864975272e+01
  -4.12827063847495026039e+01
  -4.18843014005269864697e+01
  -4.24523341566231948718e+01
  -4.29592055008608184608e+01
  -4.33716212218891783436e+01
  -4.36549142822084874638e+01
  -4.37806034054040011938e+01
  -4.37347958076621949886e+01
  -4.35229720678155018732e+01
  -4.31680461086507847313e+01
  -4.27030023252378327925e+01
  -4.21624941153293093521e+01
  -4.15769706645904619791e+01
  -4.09701952563370497273e+01
  -4.03592030403427628471e+01
  -3.97554150654022109279e+01
  -3.91660258248255885860e+01
  -3.85952432898081099211e+01
  -3.80452534122504246739e+01
  -3.75169171393137830250e+01
  -3.70102529434318512358e+01
  -3.65247619946821799886e+01
  -3.60596432687264254469e+01
  -3.56139337426904916128e+01
  -3.51865984242206479848e+01
  -3.47765871246377216153e+01
  -3.43828693439641455143e+01
  -3.40044548404790845098e+01
  -3.36404049047965401087e+01
  -3.32898376572310823462e+01
  -3.29519295585466522880e+01
  -3.26259145763936260209e+01
  -3.23110819541371370178e+01
  -3.20067732003154219456e+01
  -3.17123786988567069045e+01
  -3.14273341955535912007e+01
  -3.11511173202521085557e+01
  -3.08832442408817158253e+01
  -3.06232665036075424325e+01
  -3.03707680862288533774e+01
  -3.01253626744150935224e+01
  -2.98866911593375270684e+01
  -2.96544193485665132926e+01
  -2.94282358782850437251e+01
  -2.92078503128998114846e+01
  -2.89929914174213756439e+01
  -2.87834055880112771320e+01
  -2.85788554266377587965e+01
  -2.83791184465497217104e+01
  -2.81839858962120857200e+01
  -2.79932616903580431256e+01
  -2.78067614377727458930e+01
  -2.76243115563826400205e+01
  -2.74457484671361982009e+01
  -2.72709178589865217646e+01
  -2.70996740180613997495e+01
  -2.69318792147904844114e+01
  -2.67674031434130768048e+01
  -2.66061224088561978363e+01
  -2.64479200564674741258e+01
  -2.62926851405785058091e+01
  -2.61403123282572664721e+01
  -2.59907015350002623677e+01
  -2.58437575894308082525e+01
  -2.56993899243613697081e+01
  -2.55575122918623343082e+01
  -2.54180425001843026678e+01
  -2.52809021706150538478e+01
  -2.51460165125285826093e+01
  -2.50133141150535749375e+01
  -2.48827267539390462048e+01
  -2.47541892123342250898e+01
  -2.46276391143093498215e+01
  -2.45030167700654573082e+01
  -2.43802650318705751431e+01
  -2.42593291598466187509e+01
  -2.41401566968176553019e+01
  -2.40226973514923685116e+01
  -2.39069028893203920916e+01
  -2.37927270304283950964e+01
  -2.36801253540731480030e+01
  -2.35690552091239098331e+01
  -2.34594756301068017024e+01
  -2.33513472583874595045e+01
  -2.32446322681146355649e+01
  -2.31392942965672361311e+01
  -2.30352983785763534286e+01
  -2.29326108847310159433e+01
  -2.28311994630892769464e+01
  -2.27310329841438729659e+01
  -2.26320814888085877215e+01
  -2.25343161392143471744e+01
  -2.24377091721173691496e+01
  -2.23422338547352516969e+01
  -2.22478644428453939952e+01
  -2.21545761409913453122e+01
  -2.20623450646537833109e+01
  -2.19711482042532111336e+01
  -2.18809633908641423261e+01
  -2.17917692635245074939e+01
  -2.17035452380416131746e+01
  -2.16162714771908284206e+01
  -2.15299288622280329264e+01
  -2.14444989656189406446e+01
  -2.13599640249238049705e+01
  -2.12763069177558747924e+01
  -2.11935111377524378895e+01
  -2.11115607714999384825e+01
  -2.10304404763508117071e+01
  -2.09501354590845565440e+01
  -2.08706314553675866819e+01
  -2.07919147099589380900e+01
  -2.07139719576269065726e+01
  -2.06367904047401466983e+01
  -2.05603577114892530631e+01
  -2.04846619747185698657e+01
  -2.04096917113223881302e+01
</dep>
<dep S23_dB frequency>
  -1.53198905398206992601e+01
  -1.54212890079476299121e+01
  -1.55232658422231999396e+01
  -1.56258444448706121932e+01
  -1.57290491113040342697e+01
  -1.58329050623679563614e+01
  -1.59374384791771177561e+01
  -1.60426765406744991083e+01
  -1.61486474640219554999e+01
  -1.62553805479559763114e+01
  -1.63629062192285807953e+01
  -1.64712560822810800687e+01
  -1.65804629723123611029e+01
  -1.66905610118741876136e+01
  -1.68015856712113702542e+01
  -1.69135738324990647641e+01
  -1.70265638582225342645e+01
  -1.71405956639095862215e+01
  -1.72557107954754691548e+01
  -1.73719525114706705438e+01
  -1.74893658705298946643e+01
  -1.76079978243723189735e+01
  -1.77278973167389217735e+01
  -1.78491153886846092291e+01
  -1.79717052906962280190e+01
  -1.80957226021623398537e+01
  -1.82212253587744221761e+01
  -1.83482741885086362288e+01
  -1.84769324569008546177e+01
  -1.86072664224329713534e+01
  -1.87393454029105228642e+01
  -1.88732419538310978169e+01
  -1.90090320598721973511e+01
  -1.91467953407136519672e+01
  -1.92866152726183202049e+01
  -1.94285794272884437817e+01
  -1.95727797297723782322e+01
  -1.97193127373376455580e+01
  -1.98682799415168460655e+01
  -2.00197880957823635129e+01
  -2.01739495715816055110e+01
  -2.03308827458748382355e+01
  -2.04907124236472171219e+01
  -2.06535702993564598273e+01
  -2.08195954617898912886e+01
  -2.09889349473703923366e+01
  -2.11617443476667759228e+01
  -2.13381884776086323541e+01
  -2.15184421118447346544e+01
  -2.17026907976753911100e+01
  -2.18911317542452223961e+01
  -2.20839748690454484858e+01
  -2.22814438044048586107e+01
  -2.24837772285398216354e+01
  -2.26912301879324083131e+01
  -2.29040756403737262303e+01
  -2.31226061710264296778e+01
  -2.33471359173267423159e+01
  -2.35780027327167154283e+01
  -2.38155706239416851133e+01
  -2.40602325023113934321e+01
  -2.43124132958305594343e+01
  -2.45725734767627521649e+01
  -2.48412130679376090825e+01
  -2.51188762012310107252e+01
  -2.54061563130556145040e+01
  -2.57037020742925612637e+01
  -2.60122241657164678941e+01
  -2.63325030236228982972e+01
  -2.66653976928635394472e+01
  -2.70118559328202501035e+01
  -2.73729257214525603104e+01
  -2.77497682843283186571e+01
  -2.81436727250740332806e+01
  -2.85560722244832376759e+01
  -2.89885615629700268414e+01
  -2.94429153268255525688e+01
  -2.99211054465713175432e+01
  -3.04253154461751762483e+01
  -3.09579465317610278419e+01
  -3.15216066659312303955e+01
  -3.21190667192267085284e+01
  -3.27531552832999750535e+01
  -3.34265416021943764235e+01
  -3.41413172943308467211e+01
  -3.48982212579616657422e+01
  -3.56952454564593608666e+01
  -3.65252110716171074500e+01
  -3.73717804487149933834e+01
  -3.82035626065844269306e+01
  -3.89672993094289381588e+01
  -3.95848842109949643486e+01
  -3.99643291797786162078e+01
  -4.00323019626970193485e+01
  -3.97732265507856155295e+01
  -3.92389590616353629571e+01
  -3.85184161803289910608e+01
  -3.76984196339259227670e+01
  -3.68433399683103885991e+01
  -3.59934099019599429425e+01
  -3.51707674034005464136e+01
  -3.43860289120308308952e+01
  -3.36431115467901094007e+01
  -3.29422768102309575511e+01
  -3.22819172669160678879e+01
  -3.16595634326219226296e+01
  -3.10724344548706490343e+01
  -3.05177294598855084473e+01
  -2.99927738635437926007e+01
  -2.94950856364450686442e+01
  -2.90223981434622366748e+01
  -2.85726600974594973081e+01
  -2.81440240934406169515e+01
  -2.77348300698464953484e+01
  -2.73435871519005928576e+01
  -2.69689556984927349959e+01
  -2.66097304549542030827e+01
  -2.62648252016463317204e+01
  -2.59332590082078020544e+01
  -2.56141440557292483504e+01
  -2.53066749169900084837e+01
  -2.50101191547692707218e+01
  -2.47238090914657568931e+01
  -2.44471346084653831099e+01
  -2.41795368448255878491e+01
  -2.39205026782226859439e+01
  -2.36695598848972288408e+01
  -2.34262728884029485243e+01
  -2.31902390189475511306e+01
  -2.29610852157728402290e+01
  -2.27384651143898111059e+01
  -2.25220564685877135958e+01
  -2.23115588641367743605e+01
  -2.21066916871302474590e+01
  -2.19071923150450977857e+01
  -2.17128145029913355302e+01
  -2.15233269413996595176e+01
  -2.13385119645974867808e+01
  -2.11581643924793354472e+01
  -2.09820904898158424601e+01
  -2.08101070297764678685e+01
  -2.06420404499721676927e+01
  -2.04777260907953753133e+01
  -2.03170075071304552239e+01
  -2.01597358456034747576e+01
  -2.00057692804976667844e+01
  -1.98549725022899821170e+01
  -1.97072162534610413331e+01
  -1.95623769068829602702e+01
  -1.94203360826006949935e+01
  -1.92809802993061794041e+01
  -1.91442006572182989999e+01
  -1.90098925494281409954e+01
  -1.88779553990957396081e+01
  -1.87482924201521115037e+01
  -1.86208103994000531145e+01
  -1.84954194981256314634e+01
  -1.83720330715115522935e+01
  -1.82505675043112631784e+01
  -1.81309420613865910354e+01
  -1.80130787518370283351e+01
  -1.78969022055620676781e+01
  -1.77823395612018941847e+01
  -1.76693203644764409432e+01
  -1.75577764760405585776e+01
  -1.74476419880243085458e+01
  -1.73388531484945289662e+01
  -1.72313482931359835959e+01
  -1.71250677834884257322e+01
  -1.70199539511257000868e+01
  -1.69159510472008527415e+01
  -1.68130051968197804513e+01
  -1.67110643577333490839e+01
  -1.66100782828727098206e+01
  -1.65099984862747533043e+01
  -1.64107782119785596819e+01
  -1.63123724054874266187e+01
  -1.62147376874191699869e+01
  -1.61178323289915574890e+01
  -1.60216162290040458061e+01
  -1.59260508920023990953e+01
  -1.58310994073295407958e+01
  -1.57367264287840420423e+01
  -1.56428981546354748389e+01
  -1.55495823077490609165e+01
  -1.54567481156115800189e+01
  -1.53643662900448703112e+01
  -1.52724090064370763287e+01
  -1.51808498823222386420e+01
  -1.50896639551647826494e+01
  -1.49988276592274694110e+01
  -1.49083188014101626351e+01
  -1.48181165359734272613e+01
  -1.47282013380822967008e+01
  -1.46385549761064677199e+01
  -1.45491604826497891167e+01
  -1.44600021242925969034e+01
  -1.43710653700342625427e+01
  -1.42823368584648591195e+01
  -1.41938043636772892597e+01
</dep>
<dep S51_dB frequency>
  -6.48981749133017071784e+00
  -6.49311091741182710990e+00
  -6.49637533137137435091e+00
  -6.49960714031477682084e+00
  -6.50280290056870136084e+00
  -6.50595931921042414103e+00
  -6.50907325541840187100e+00
  -6.51214172164744642402e+00
  -6.51516188463166656675e+00
  -6.51813106621950133501e+00
  -6.52104674404395368015e+00
  -6.52390655203157798780e+00
  -6.52670828075446252114e+00
  -6.52944987762731887670e+00
  -6.53212944695419572838e+00
  -6.53474524982758886438e+00
  -6.53729570388295755379e+00
  -6.53977938291229854428e+00
  -6.54219501633866507007e+00
  -6.54454148855578754507e+00
  -6.54681783813459095001e+00
  -6.54902325689938180631e+00
  -6.55115708887643499736e+00
  -6.55321882911748065936e+00
  -6.55520812239982131331e+00
  -6.55712476180575265516e+00
  -6.55896868718325976033e+00
  -6.56073998348964693150e+00
  -6.56243887902052414063e+00
  -6.56406574352532690142e+00
  -6.56562108621159445931e+00
  -6.56710555363914494365e+00
  -6.56851992750616986427e+00
  -6.56986512232834485303e+00
  -6.57114218301238928177e+00
  -6.57235228232610779742e+00
  -6.57349671826508252792e+00
  -6.57457691131862365097e+00
  -6.57559440163538599933e+00
  -6.57655084609010653907e+00
  -6.57744801525338829151e+00
  -6.57828779026489840476e+00
  -6.57907215961214220101e+00
  -6.57980321581573068812e+00
  -6.58048315202285483139e+00
  -6.58111425851032638690e+00
  -6.58169891909850512945e+00
  -6.58223960747871483790e+00
  -6.58273888345445712389e+00
  -6.58319938909976087871e+00
  -6.58362384483551110748e+00
  -6.58401504542639681716e+00
  -6.58437585590067975261e+00
  -6.58470920739501064389e+00
  -6.58501809292721151934e+00
  -6.58530556309884218535e+00
  -6.58557472173173596985e+00
  -6.58582872143986008950e+00
  -6.58607075914179951326e+00
  -6.58630407151546570788e+00
  -6.58653193039930862085e+00
  -6.58675763814428449905e+00
  -6.58698452291984004603e+00
  -6.58721593397889026988e+00
  -6.58745523688533562989e+00
  -6.58770580870945732244e+00
  -6.58797103319604815397e+00
  -6.58825429590963018711e+00
  -6.58855897936264067738e+00
  -6.58888845813191714740e+00
  -6.58924609396907889902e+00
  -6.58963523091015979105e+00
  -6.59005919039137211257e+00
  -6.59052126637637059048e+00
  -6.59102472050177823348e+00
  -6.59157277724728540846e+00
  -6.59216861913686003049e+00
  -6.59281538197785721422e+00
  -6.59351615014511782675e+00
  -6.59427395191641174677e+00
  -6.59509175486648757669e+00
  -6.59597246132724723822e+00
  -6.59691890392014723687e+00
  -6.59793384116892411839e+00
  -6.59901995319883560853e+00
  -6.60017983753073522735e+00
  -6.60141600497533431735e+00
  -6.60273087563612115503e+00
  -6.60412677502712952560e+00
  -6.60560593031249787543e+00
  -6.60717046667424678930e+00
  -6.60882240381522656492e+00
  -6.61056365260315281773e+00
  -6.61239601186193848292e+00
  -6.61432116531607050547e+00
  -6.61634067869480446689e+00
  -6.61845599699943587524e+00
  -6.62066844194087522624e+00
  -6.62297920955126517839e+00
  -6.62538936797425392911e+00
  -6.62789985543831061676e+00
  -6.63051147841686727702e+00
  -6.63322490997833380533e+00
  -6.63604068833013371886e+00
  -6.63895921555757517751e+00
  -6.64198075656225217500e+00
  -6.64510543819916588149e+00
  -6.64833324861677787965e+00
  -6.65166403679873585730e+00
  -6.65509751230845569836e+00
  -6.65863324523834165802e+00
  -6.66227066636076692419e+00
  -6.66600906748180754846e+00
  -6.66984760199651383061e+00
  -6.67378528564325357308e+00
  -6.67782099745633139776e+00
  -6.68195348091306851046e+00
  -6.68618134527468122030e+00
  -6.69050306711490438971e+00
  -6.69491699203594059497e+00
  -6.69942133656491733973e+00
  -6.70401419022925271207e+00
  -6.70869351780410028141e+00
  -6.71345716172827255974e+00
  -6.71830284468313543300e+00
  -6.72322817232904323959e+00
  -6.72823063619327577101e+00
  -6.73330761670418809217e+00
  -6.73845638636435317892e+00
  -6.74367411305767472385e+00
  -6.74895786348277848532e+00
  -6.75430460670675447687e+00
  -6.75971121783209039080e+00
  -6.76517448176996349929e+00
  -6.77069109711330963108e+00
  -6.77625768010163387345e+00
  -6.78187076867238936018e+00
  -6.78752682658947481542e+00
  -6.79322224764392412766e+00
  -6.79895335991845062296e+00
  -6.80471643010959503783e+00
  -6.81050766790052364286e+00
  -6.81632323037684351164e+00
  -6.82215922648031991571e+00
  -6.82801172149235835462e+00
  -6.83387674154190438713e+00
  -6.83975027813094804685e+00
  -6.84562829267208883266e+00
  -6.85150672103111180178e+00
  -6.85738147807034081893e+00
  -6.86324846218595929770e+00
  -6.86910355983517106893e+00
  -6.87494265004645388473e+00
  -6.88076160891007759801e+00
  -6.88655631404210133439e+00
  -6.89232264901935742785e+00
  -6.89805650778003887069e+00
  -6.90375379898568652948e+00
  -6.90941045034232370625e+00
  -6.91502241287570118544e+00
  -6.92058566515810014153e+00
  -6.92609621748391912632e+00
  -6.93155011599022330415e+00
  -6.93694344672143792252e+00
  -6.94227233963386147764e+00
  -6.94753297253921786591e+00
  -6.95272157498484499882e+00
  -6.95783443206915741541e+00
  -6.96286788818982316229e+00
  -6.96781835072529531772e+00
  -6.97268229364623870481e+00
  -6.97745626105720440080e+00
  -6.98213687066814614468e+00
  -6.98672081719385928977e+00
  -6.99120487568134851841e+00
  -6.99558590476539787772e+00
  -6.99986084985080392329e+00
  -7.00402674622235910107e+00
  -7.00808072208168209016e+00
  -7.01202000151113757909e+00
  -7.01584190736529755839e+00
  -7.01954386408949471132e+00
  -7.02312340046660388282e+00
  -7.02657815229096005538e+00
  -7.02990586497165281799e+00
  -7.03310439606337123308e+00
  -7.03617171772703553501e+00
  -7.03910591911930794140e+00
  -7.04190520871223668564e+00
  -7.04456791654236891276e+00
  -7.04709249639089030381e+00
  -7.04947752789405512885e+00
  -7.05172171858438812109e+00
  -7.05382390586327900905e+00
  -7.05578305890437817993e+00
  -7.05759828048876514117e+00
  -7.05926880877052909113e+00
  -7.06079401897420577683e+00
  -7.06217342502231915091e+00
  -7.06340668109402614050e+00
</dep>
<dep S41_dB frequency>
  -6.48981749133015028974e+00
  -6.49311091741182444537e+00
  -6.49637533137139566719e+00
  -6.49960714031479369623e+00
  -6.50280290056870313720e+00
  -6.50595931921039039025e+00
  -6.50907325541840187100e+00
  -6.51214172164744642402e+00
  -6.51516188463166923128e+00
  -6.51813106621950488773e+00
  -6.52104674404393325204e+00
  -6.52390655203157265873e+00
  -6.52670828075446074479e+00
  -6.52944987762732242942e+00
  -6.53212944695419572838e+00
  -6.53474524982756932445e+00
  -6.53729570388295400107e+00
  -6.53977938291228255707e+00
  -6.54219501633866418189e+00
  -6.54454148855580708499e+00
  -6.54681783813461848354e+00
  -6.54902325689936226638e+00
  -6.55115708887641012836e+00
  -6.55321882911748154754e+00
  -6.55520812239981953695e+00
  -6.55712476180573400342e+00
  -6.55896868718325887215e+00
  -6.56073998348962383886e+00
  -6.56243887902050548888e+00
  -6.56406574352534022410e+00
  -6.56562108621157403121e+00
  -6.56710555363914316729e+00
  -6.56851992750616897609e+00
  -6.56986512232834574121e+00
  -6.57114218301238839359e+00
  -6.57235228232610957377e+00
  -6.57349671826508252792e+00
  -6.57457691131862631551e+00
  -6.57559440163538599933e+00
  -6.57655084609010653907e+00
  -6.57744801525338829151e+00
  -6.57828779026488064119e+00
  -6.57907215961212443744e+00
  -6.57980321581573068812e+00
  -6.58048315202287792403e+00
  -6.58111425851032372236e+00
  -6.58169891909850690581e+00
  -6.58223960747871394972e+00
  -6.58273888345445890025e+00
  -6.58319938909975999053e+00
  -6.58362384483550666658e+00
  -6.58401504542639681716e+00
  -6.58437585590065399543e+00
  -6.58470920739501064389e+00
  -6.58501809292719109123e+00
  -6.58530556309886794253e+00
  -6.58557472173171198904e+00
  -6.58582872143985920133e+00
  -6.58607075914182260590e+00
  -6.58630407151549412959e+00
  -6.58653193039930950903e+00
  -6.58675763814428627541e+00
  -6.58698452291986402685e+00
  -6.58721593397891691524e+00
  -6.58745523688533829443e+00
  -6.58770580870945643426e+00
  -6.58797103319605081850e+00
  -6.58825429590960176540e+00
  -6.58855897936261403203e+00
  -6.58888845813190204836e+00
  -6.58924609396906557635e+00
  -6.58963523091015712652e+00
  -6.59005919039137211257e+00
  -6.59052126637637059048e+00
  -6.59102472050177912166e+00
  -6.59157277724728185575e+00
  -6.59216861913682272700e+00
  -6.59281538197782523980e+00
  -6.59351615014510805679e+00
  -6.59427395191640997041e+00
  -6.59509175486649024123e+00
  -6.59597246132723302736e+00
  -6.59691890392014723687e+00
  -6.59793384116890813118e+00
  -6.59901995319883560853e+00
  -6.60017983753076542541e+00
  -6.60141600497534675185e+00
  -6.60273087563613447770e+00
  -6.60412677502712952560e+00
  -6.60560593031248188822e+00
  -6.60717046667424678930e+00
  -6.60882240381525321027e+00
  -6.61056365260321143751e+00
  -6.61239601186190562032e+00
  -6.61432116531607050547e+00
  -6.61634067869478847967e+00
  -6.61845599699942521710e+00
  -6.62066844194087522624e+00
  -6.62297920955126429021e+00
  -6.62538936797426991632e+00
  -6.62789985543832393944e+00
  -6.63051147841686372431e+00
  -6.63322490997836844429e+00
  -6.63604068833012306072e+00
  -6.63895921555758938837e+00
  -6.64198075656222108876e+00
  -6.64510543819916588149e+00
  -6.64833324861682406492e+00
  -6.65166403679870033017e+00
  -6.65509751230845125747e+00
  -6.65863324523834343438e+00
  -6.66227066636076425965e+00
  -6.66600906748181110117e+00
  -6.66984760199651471879e+00
  -6.67378528564329265294e+00
  -6.67782099745631096965e+00
  -6.68195348091306851046e+00
  -6.68618134527466700945e+00
  -6.69050306711490705425e+00
  -6.69491699203588730427e+00
  -6.69942133656488270077e+00
  -6.70401419022925537661e+00
  -6.70869351780410028141e+00
  -6.71345716172827255974e+00
  -6.71830284468315053203e+00
  -6.72322817232904323959e+00
  -6.72823063619331218632e+00
  -6.73330761670422806020e+00
  -6.73845638636437183067e+00
  -6.74367411305767383567e+00
  -6.74895786348275539268e+00
  -6.75430460670675270052e+00
  -6.75971121783209394351e+00
  -6.76517448176996261111e+00
  -6.77069109711327499213e+00
  -6.77625768010162055077e+00
  -6.78187076867238936018e+00
  -6.78752682658945705185e+00
  -6.79322224764390369955e+00
  -6.79895335991843197121e+00
  -6.80471643010959681419e+00
  -6.81050766790052719557e+00
  -6.81632323037684972888e+00
  -6.82215922648031902753e+00
  -6.82801172149233792652e+00
  -6.83387674154186974818e+00
  -6.83975027813098801488e+00
  -6.84562829267208794448e+00
  -6.85150672103113311806e+00
  -6.85738147807030529179e+00
  -6.86324846218597439673e+00
  -6.86910355983519238521e+00
  -6.87494265004649918183e+00
  -6.88076160891007404530e+00
  -6.88655631404209778168e+00
  -6.89232264901939650770e+00
  -6.89805650778003709434e+00
  -6.90375379898568830583e+00
  -6.90941045034232992350e+00
  -6.91502241287570029726e+00
  -6.92058566515810014153e+00
  -6.92609621748388093465e+00
  -6.93155011599020731694e+00
  -6.93694344672146190334e+00
  -6.94227233963386058946e+00
  -6.94753297253921608956e+00
  -6.95272157498484411065e+00
  -6.95783443206911655921e+00
  -6.96286788818983382043e+00
  -6.96781835072534327935e+00
  -6.97268229364623870481e+00
  -6.97745626105718219634e+00
  -6.98213687066816834914e+00
  -6.98672081719385307252e+00
  -6.99120487568134851841e+00
  -6.99558590476536856784e+00
  -6.99986084985075507348e+00
  -7.00402674622233956114e+00
  -7.00808072208166077388e+00
  -7.01202000151113757909e+00
  -7.01584190736529578203e+00
  -7.01954386408949382314e+00
  -7.02312340046658079018e+00
  -7.02657815229096094356e+00
  -7.02990586497163327806e+00
  -7.03310439606336501583e+00
  -7.03617171772701155419e+00
  -7.03910591911931060594e+00
  -7.04190520871223668564e+00
  -7.04456791654236980094e+00
  -7.04709249639091428463e+00
  -7.04947752789408266239e+00
  -7.05172171858441299008e+00
  -7.05382390586325591642e+00
  -7.05578305890435153458e+00
  -7.05759828048876247664e+00
  -7.05926880877054774288e+00
  -7.06079401897421199408e+00
  -7.06217342502233869084e+00
  -7.06340668109405100950e+00
</dep>
<dep S31_dB frequency>
  -6.48981749133015028974e+00
  -6.49311091741181645176e+00
  -6.49637533137139655537e+00
  -6.49960714031480168984e+00
  -6.50280290056870668991e+00
  -6.50595931921038950208e+00
  -6.50907325541839743011e+00
  -6.51214172164744287130e+00
  -6.51516188463166479039e+00
  -6.51813106621950488773e+00
  -6.52104674404393147569e+00
  -6.52390655203156999420e+00
  -6.52670828075446074479e+00
  -6.52944987762731088310e+00
  -6.53212944695419928109e+00
  -6.53474524982757021263e+00
  -6.53729570388295755379e+00
  -6.53977938291228255707e+00
  -6.54219501633866507007e+00
  -6.54454148855581419042e+00
  -6.54681783813461670718e+00
  -6.54902325689936315456e+00
  -6.55115708887640657565e+00
  -6.55321882911748065936e+00
  -6.55520812239981598424e+00
  -6.55712476180573133888e+00
  -6.55896868718325976033e+00
  -6.56073998348961762161e+00
  -6.56243887902050460070e+00
  -6.56406574352534821770e+00
  -6.56562108621156514943e+00
  -6.56710555363914316729e+00
  -6.56851992750616808792e+00
  -6.56986512232833952396e+00
  -6.57114218301239194631e+00
  -6.57235228232611046195e+00
  -6.57349671826507808703e+00
  -6.57457691131863164458e+00
  -6.57559440163539044022e+00
  -6.57655084609011009178e+00
  -6.57744801525338296244e+00
  -6.57828779026487886483e+00
  -6.57907215961212177291e+00
  -6.57980321581572713541e+00
  -6.58048315202287881220e+00
  -6.58111425851032461054e+00
  -6.58169891909851578760e+00
  -6.58223960747871572607e+00
  -6.58273888345445978842e+00
  -6.58319938909976087871e+00
  -6.58362384483550933112e+00
  -6.58401504542639237627e+00
  -6.58437585590065665997e+00
  -6.58470920739500975571e+00
  -6.58501809292718753852e+00
  -6.58530556309886883071e+00
  -6.58557472173171021268e+00
  -6.58582872143985653679e+00
  -6.58607075914182260590e+00
  -6.58630407151549590594e+00
  -6.58653193039931394992e+00
  -6.58675763814428716358e+00
  -6.58698452291986757956e+00
  -6.58721593397892046795e+00
  -6.58745523688533918261e+00
  -6.58770580870945732244e+00
  -6.58797103319604993032e+00
  -6.58825429590960176540e+00
  -6.58855897936261136749e+00
  -6.58888845813190382472e+00
  -6.58924609396906291181e+00
  -6.58963523091015446198e+00
  -6.59005919039136944804e+00
  -6.59052126637637236684e+00
  -6.59102472050178267438e+00
  -6.59157277724728185575e+00
  -6.59216861913681739793e+00
  -6.59281538197782701616e+00
  -6.59351615014510805679e+00
  -6.59427395191641707584e+00
  -6.59509175486649112941e+00
  -6.59597246132723391554e+00
  -6.59691890392014901323e+00
  -6.59793384116890813118e+00
  -6.59901995319883738489e+00
  -6.60017983753076364906e+00
  -6.60141600497534675185e+00
  -6.60273087563613358952e+00
  -6.60412677502712774924e+00
  -6.60560593031247833551e+00
  -6.60717046667424945383e+00
  -6.60882240381525321027e+00
  -6.61056365260321321387e+00
  -6.61239601186190650850e+00
  -6.61432116531606961729e+00
  -6.61634067869478759150e+00
  -6.61845599699942255256e+00
  -6.62066844194087344988e+00
  -6.62297920955126961928e+00
  -6.62538936797427346903e+00
  -6.62789985543832749215e+00
  -6.63051147841686550066e+00
  -6.63322490997836666793e+00
  -6.63604068833011950801e+00
  -6.63895921555758761201e+00
  -6.64198075656221931240e+00
  -6.64510543819916321695e+00
  -6.64833324861683294671e+00
  -6.65166403679870299470e+00
  -6.65509751230845214565e+00
  -6.65863324523834165802e+00
  -6.66227066636076425965e+00
  -6.66600906748181110117e+00
  -6.66984760199651471879e+00
  -6.67378528564328732386e+00
  -6.67782099745631008147e+00
  -6.68195348091307117500e+00
  -6.68618134527466345673e+00
  -6.69050306711490705425e+00
  -6.69491699203589085698e+00
  -6.69942133656487914806e+00
  -6.70401419022925715296e+00
  -6.70869351780409850505e+00
  -6.71345716172826634249e+00
  -6.71830284468315142021e+00
  -6.72322817232904057505e+00
  -6.72823063619331662721e+00
  -6.73330761670423250109e+00
  -6.73845638636437183067e+00
  -6.74367411305767561203e+00
  -6.74895786348275095179e+00
  -6.75430460670675802959e+00
  -6.75971121783208772626e+00
  -6.76517448176996083475e+00
  -6.77069109711326788670e+00
  -6.77625768010161877442e+00
  -6.78187076867238403111e+00
  -6.78752682658945261096e+00
  -6.79322224764390192320e+00
  -6.79895335991843197121e+00
  -6.80471643010959059694e+00
  -6.81050766790052808375e+00
  -6.81632323037684617617e+00
  -6.82215922648032346842e+00
  -6.82801172149233437381e+00
  -6.83387674154187241271e+00
  -6.83975027813098268581e+00
  -6.84562829267209327355e+00
  -6.85150672103113222988e+00
  -6.85738147807030173908e+00
  -6.86324846218596995584e+00
  -6.86910355983519416156e+00
  -6.87494265004649740547e+00
  -6.88076160891007315712e+00
  -6.88655631404210133439e+00
  -6.89232264901940094859e+00
  -6.89805650778003531798e+00
  -6.90375379898568564130e+00
  -6.90941045034233169986e+00
  -6.91502241287569852091e+00
  -6.92058566515810191788e+00
  -6.92609621748388004647e+00
  -6.93155011599019843516e+00
  -6.93694344672145923880e+00
  -6.94227233963386058946e+00
  -6.94753297253921786591e+00
  -6.95272157498484766336e+00
  -6.95783443206911300649e+00
  -6.96286788818984092586e+00
  -6.96781835072535127296e+00
  -6.97268229364623692845e+00
  -6.97745626105717953180e+00
  -6.98213687066817723093e+00
  -6.98672081719385129617e+00
  -6.99120487568134496570e+00
  -6.99558590476536590330e+00
  -6.99986084985074974441e+00
  -7.00402674622232801482e+00
  -7.00808072208165810935e+00
  -7.01202000151113669091e+00
  -7.01584190736530288746e+00
  -7.01954386408950004039e+00
  -7.02312340046657901382e+00
  -7.02657815229095916720e+00
  -7.02990586497162706081e+00
  -7.03310439606336501583e+00
  -7.03617171772700533694e+00
  -7.03910591911931149411e+00
  -7.04190520871223313293e+00
  -7.04456791654236713640e+00
  -7.04709249639092849549e+00
  -7.04947752789408266239e+00
  -7.05172171858441299008e+00
  -7.05382390586325680459e+00
  -7.05578305890434709369e+00
  -7.05759828048876070028e+00
  -7.05926880877055396013e+00
  -7.06079401897421021772e+00
  -7.06217342502235201351e+00
  -7.06340668109405100950e+00
</dep>
<dep S21_dB frequency>
  -6.48981749133013430253e+00
  -6.49311091741181378723e+00
  -6.49637533137141431894e+00
  -6.49960714031482034159e+00
  -6.50280290056870491355e+00
  -6.50595931921035042222e+00
  -6.50907325541839743011e+00
  -6.51214172164744198312e+00
  -6.51516188463166656675e+00
  -6.51813106621950488773e+00
  -6.52104674404391460030e+00
  -6.52390655203157088238e+00
  -6.52670828075445896843e+00
  -6.52944987762731088310e+00
  -6.53212944695420105745e+00
  -6.53474524982754978453e+00
  -6.53729570388295844197e+00
  -6.53977938291226656986e+00
  -6.54219501633866507007e+00
  -6.54454148855583461852e+00
  -6.54681783813464424071e+00
  -6.54902325689934272646e+00
  -6.55115708887638792390e+00
  -6.55321882911748154754e+00
  -6.55520812239981687242e+00
  -6.55712476180571268713e+00
  -6.55896868718325976033e+00
  -6.56073998348959275262e+00
  -6.56243887902048683713e+00
  -6.56406574352536775763e+00
  -6.56562108621154472132e+00
  -6.56710555363914405547e+00
  -6.56851992750616986427e+00
  -6.56986512232833863578e+00
  -6.57114218301239105813e+00
  -6.57235228232611046195e+00
  -6.57349671826507631067e+00
  -6.57457691131863342093e+00
  -6.57559440163538866386e+00
  -6.57655084609011009178e+00
  -6.57744801525338207426e+00
  -6.57828779026485754855e+00
  -6.57907215961209690391e+00
  -6.57980321581572713541e+00
  -6.58048315202290456938e+00
  -6.58111425851032549872e+00
  -6.58169891909851845213e+00
  -6.58223960747871483790e+00
  -6.58273888345446067660e+00
  -6.58319938909975643782e+00
  -6.58362384483550755476e+00
  -6.58401504542639237627e+00
  -6.58437585590063534369e+00
  -6.58470920739501064389e+00
  -6.58501809292716622224e+00
  -6.58530556309889547606e+00
  -6.58557472173168534368e+00
  -6.58582872143985831315e+00
  -6.58607075914184747489e+00
  -6.58630407151552255129e+00
  -6.58653193039931394992e+00
  -6.58675763814428982812e+00
  -6.58698452291989156038e+00
  -6.58721593397894711330e+00
  -6.58745523688533829443e+00
  -6.58770580870945554608e+00
  -6.58797103319605259486e+00
  -6.58825429590957245551e+00
  -6.58855897936258561032e+00
  -6.58888845813188517297e+00
  -6.58924609396905314185e+00
  -6.58963523091015712652e+00
  -6.59005919039136678350e+00
  -6.59052126637637236684e+00
  -6.59102472050178356255e+00
  -6.59157277724728185575e+00
  -6.59216861913677654172e+00
  -6.59281538197779859445e+00
  -6.59351615014509384594e+00
  -6.59427395191641529948e+00
  -6.59509175486649201758e+00
  -6.59597246132722148104e+00
  -6.59691890392014990141e+00
  -6.59793384116889392033e+00
  -6.59901995319883472035e+00
  -6.60017983753079295894e+00
  -6.60141600497536007452e+00
  -6.60273087563614335949e+00
  -6.60412677502712686106e+00
  -6.60560593031246412465e+00
  -6.60717046667425034201e+00
  -6.60882240381528163198e+00
  -6.61056365260327005728e+00
  -6.61239601186187364590e+00
  -6.61432116531606695276e+00
  -6.61634067869477249246e+00
  -6.61845599699941011806e+00
  -6.62066844194087522624e+00
  -6.62297920955127139564e+00
  -6.62538936797428679171e+00
  -6.62789985543834614390e+00
  -6.63051147841686638884e+00
  -6.63322490997840130689e+00
  -6.63604068833010618533e+00
  -6.63895921555760182287e+00
  -6.64198075656219000251e+00
  -6.64510543819916588149e+00
  -6.64833324861688002017e+00
  -6.65166403679867013210e+00
  -6.65509751230845125747e+00
  -6.65863324523834432256e+00
  -6.66227066636076159512e+00
  -6.66600906748181110117e+00
  -6.66984760199651471879e+00
  -6.67378528564332285100e+00
  -6.67782099745628965337e+00
  -6.68195348091306939864e+00
  -6.68618134527464658134e+00
  -6.69050306711490705425e+00
  -6.69491699203584111899e+00
  -6.69942133656484717363e+00
  -6.70401419022925804114e+00
  -6.70869351780409850505e+00
  -6.71345716172826811885e+00
  -6.71830284468316740742e+00
  -6.72322817232903435780e+00
  -6.72823063619335748342e+00
  -6.73330761670427158094e+00
  -6.73845638636438781788e+00
  -6.74367411305767738838e+00
  -6.74895786348273318822e+00
  -6.75430460670675802959e+00
  -6.75971121783208950262e+00
  -6.76517448176996083475e+00
  -6.77069109711323502410e+00
  -6.77625768010159745813e+00
  -6.78187076867238403111e+00
  -6.78752682658943751193e+00
  -6.79322224764388415963e+00
  -6.79895335991841509582e+00
  -6.80471643010959059694e+00
  -6.81050766790053074828e+00
  -6.81632323037685061706e+00
  -6.82215922648032346842e+00
  -6.82801172149231483388e+00
  -6.83387674154183422104e+00
  -6.83975027813101910112e+00
  -6.84562829267209060902e+00
  -6.85150672103115176981e+00
  -6.85738147807026265923e+00
  -6.86324846218599038394e+00
  -6.86910355983520926060e+00
  -6.87494265004654181439e+00
  -6.88076160891007049258e+00
  -6.88655631404210044622e+00
  -6.89232264901944358115e+00
  -6.89805650778003531798e+00
  -6.90375379898568652948e+00
  -6.90941045034233614075e+00
  -6.91502241287570029726e+00
  -6.92058566515810191788e+00
  -6.92609621748383919027e+00
  -6.93155011599017711887e+00
  -6.93694344672148233144e+00
  -6.94227233963386058946e+00
  -6.94753297253921964227e+00
  -6.95272157498484766336e+00
  -6.95783443206907570300e+00
  -6.96286788818985691307e+00
  -6.96781835072539745823e+00
  -6.97268229364623692845e+00
  -6.97745626105715999188e+00
  -6.98213687066819854721e+00
  -6.98672081719384507892e+00
  -6.99120487568134496570e+00
  -6.99558590476534103431e+00
  -6.99986084985070355913e+00
  -7.00402674622230847490e+00
  -7.00808072208163679306e+00
  -7.01202000151113580273e+00
  -7.01584190736529933474e+00
  -7.01954386408950092857e+00
  -7.02312340046655592118e+00
  -7.02657815229095916720e+00
  -7.02990586497160663271e+00
  -7.03310439606335879859e+00
  -7.03617171772698135612e+00
  -7.03910591911930971776e+00
  -7.04190520871223224475e+00
  -7.04456791654236891276e+00
  -7.04709249639095425266e+00
  -7.04947752789410930774e+00
  -7.05172171858444052361e+00
  -7.05382390586323015924e+00
  -7.05578305890432488923e+00
  -7.05759828048875714757e+00
  -7.05926880877056994734e+00
  -7.06079401897421021772e+00
  -7.06217342502237599433e+00
  -7.06340668109407854303e+00
</dep>
<dep S11_dB frequency>
  -1.95474080240088916582e+01
  -1.93911442785369310116e+01
  -1.92430173094194820749e+01
  -1.91026825782784186458e+01
  -1.89698223014098239503e+01
  -1.88441430675708474496e+01
  -1.87253737107245683546e+01
  -1.86132634081053325303e+01
  -1.85075799773982865304e+01
  -1.84081083500437934219e+01
  -1.83146492004336423065e+01
  -1.82270177132611728155e+01
  -1.81450424734233664026e+01
  -1.80685644647958021380e+01
  -1.79974361658215364912e+01
  -1.79315207313282165558e+01
  -1.78706912512217073186e+01
  -1.78148300777996411171e+01
  -1.77638282143890471332e+01
  -1.77175847588345796169e+01
  -1.76760063960711448772e+01
  -1.76390069346698865616e+01
  -1.76065068827423552023e+01
  -1.75784330591120578902e+01
  -1.75547182360220368480e+01
  -1.75353008100198053398e+01
  -1.75201244979639945143e+01
  -1.75091380553314159840e+01
  -1.75022950142321178646e+01
  -1.74995534387196443049e+01
  -1.75008756951063482177e+01
  -1.75062282351202043174e+01
  -1.75155813898117571625e+01
  -1.75289091721679994862e+01
  -1.75461890864065992446e+01
  -1.75674019419140883258e+01
  -1.75925316697636873187e+01
  -1.76215651396431418618e+01
  -1.76544919749496074246e+01
  -1.76913043636616080789e+01
  -1.77319968623836352606e+01
  -1.77765661907936554087e+01
  -1.78250110133954073888e+01
  -1.78773317052061599952e+01
  -1.79335300975927296463e+01
  -1.79936092000512068978e+01
  -1.80575728932148784622e+01
  -1.81254255877499339533e+01
  -1.81971718431785625114e+01
  -1.82728159398195089125e+01
  -1.83523613962260654375e+01
  -1.84358104234468846983e+01
  -1.85231633063493745794e+01
  -1.86144177009708045034e+01
  -1.87095678354667782628e+01
  -1.88086036007326242725e+01
  -1.89115095150592367190e+01
  -1.90182635454640802664e+01
  -1.91288357664058352725e+01
  -1.92431868347429038124e+01
  -1.93612662578832619431e+01
  -1.94830104303283953016e+01
  -1.96083404123746269931e+01
  -1.97371594237455205700e+01
  -1.98693500247964713878e+01
  -2.00047709588815258996e+01
  -2.01432536321267328105e+01
  -2.02845982118453314058e+01
  -2.04285693328319659656e+01
  -2.05748914129126632133e+01
  -2.07232435964665953065e+01
  -2.08732543685914464504e+01
  -2.10244959143206990859e+01
  -2.11764783386441308721e+01
  -2.13286439146956716684e+01
  -2.14803615905536133823e+01
  -2.16309220587809001302e+01
  -2.17795337757155067493e+01
  -2.19253204051033350197e+01
  -2.20673202457825503586e+01
  -2.22044882747272467327e+01
  -2.23357014795398285401e+01
  -2.24597681493536924791e+01
  -2.25754417183797109203e+01
  -2.26814395911172219655e+01
  -2.27764671066613111350e+01
  -2.28592464176231686679e+01
  -2.29285495806956198805e+01
  -2.29832346193462591089e+01
  -2.30222827868805026696e+01
  -2.30448348142835897079e+01
  -2.30502236618173128591e+01
  -2.30380012857415579219e+01
  -2.30079572263777301089e+01
  -2.29601274141164459763e+01
  -2.28947924116268310968e+01
  -2.28124652483715237850e+01
  -2.27138699183816754612e+01
  -2.25999123681671036934e+01
  -2.24716462995847194861e+01
  -2.23302363058390263006e+01
  -2.21769207594399659911e+01
  -2.20129765373802968043e+01
  -2.18396871857747072454e+01
  -2.16583155842387711232e+01
  -2.14700816470242656919e+01
  -2.12761451482279326797e+01
  -2.10775934121353536455e+01
  -2.08754333743091002873e+01
  -2.06705873855784041382e+01
  -2.04638920816918172818e+01
  -2.02560996542924769415e+01
  -2.00478809130276971473e+01
  -1.98398296061112056066e+01
  -1.96324675536894339700e+01
  -1.94262502349043266747e+01
  -1.92215725498314355946e+01
  -1.90187745477634955193e+01
  -1.88181469725909558122e+01
  -1.86199365241565537588e+01
  -1.84243507725197055436e+01
  -1.82315626910724368770e+01
  -1.80417147960821999675e+01
  -1.78549228957204704216e+01
  -1.76712794622822322310e+01
  -1.74908566482456571123e+01
  -1.73137089709206613009e+01
  -1.71398756924804516188e+01
  -1.69693829227107713109e+01
  -1.68022454713337552334e+01
  -1.66384684756228686808e+01
  -1.64780488274222705058e+01
  -1.63209764218784911805e+01
  -1.61672352482971390941e+01
  -1.60168043416073615504e+01
  -1.58696586110634783040e+01
  -1.57257695610700114486e+01
  -1.55851059173727755081e+01
  -1.54476341703659656446e+01
  -1.53133190458938344136e+01
  -1.51821239127042080241e+01
  -1.50540111346121783242e+01
  -1.49289423744416751560e+01
  -1.48068788559503961011e+01
  -1.46877815891668674908e+01
  -1.45716115638990135750e+01
  -1.44583299155680489179e+01
  -1.43478980669945581639e+01
  -1.42402778493164490214e+01
  -1.41354316048060990596e+01
  -1.40333222739976175575e+01
  -1.39339134692425119511e+01
  -1.38371695365247582288e+01
  -1.37430556071468998880e+01
  -1.36515376406871098425e+01
  -1.35625824604430498255e+01
  -1.34761577824362959177e+01
  -1.33922322389000942877e+01
  -1.33107753970665161347e+01
  -1.32317577739566889505e+01
  -1.31551508477975271916e+01
  -1.30809270665955317270e+01
  -1.30090598543496032136e+01
  -1.29395236153013453162e+01
  -1.28722937365958074452e+01
  -1.28073465896538341013e+01
  -1.27446595305429450917e+01
  -1.26842108995748166222e+01
  -1.26259800203539551688e+01
  -1.25699471984501691679e+01
  -1.25160937198675554782e+01
  -1.24644018494458350688e+01
  -1.24148548293284566313e+01
  -1.23674368776025271899e+01
  -1.23221331872160320131e+01
  -1.22789299252610923929e+01
  -1.22378142327014831636e+01
  -1.21987742246206600782e+01
  -1.21617989910560879707e+01
  -1.21268785984809142064e+01
  -1.20940040919918310180e+01
  -1.20631674982575258781e+01
  -1.20343618292765182076e+01
  -1.20075810869994796803e+01
  -1.19828202688601486159e+01
  -1.19600753742674399405e+01
  -1.19393434121020867167e+01
  -1.19206224092720063368e+01
  -1.19039114203741629439e+01
  -1.18892105385135327111e+01
  -1.18765209073350597180e+01
  -1.18658447343236357341e+01
  -1.18571853054317308818e+01
  -1.18505470010963342986e+01
  -1.18459353137134399958e+01
  -1.18433568666379471779e+01
  -1.18428194347886428517e+01
  -1.18443319669342201905e+01
  -1.18479046097518274649e+01
  -1.18535487337468445901e+01
</dep>
<dep S[5,5] frequency>
  -1.56216642909254299632e-04+j1.82143193488600446672e-02
  -2.10520431204661018221e-04+j1.77389936180256356513e-02
  -2.67400730633325645069e-04+j1.72622361829164946978e-02
  -3.27065101090567855735e-04+j1.67841707560046765613e-02
  -3.89712413325485340643e-04+j1.63049267873324431333e-02
  -4.55532986019822894175e-04+j1.58246391820850151877e-02
  -5.24708717370356292342e-04+j1.53434480431912725895e-02
  -5.97413209227043440208e-04+j1.48614984379740189269e-02
  -6.73811882145727847337e-04+j1.43789401866144389563e-02
  -7.54062079938673524016e-04+j1.38959276708238294029e-02
  -8.38313162341272621880e-04+j1.34126196607501496638e-02
  -9.26706584635290930851e-04+j1.29291791582823861750e-02
  -1.01937596335682084669e-03+j1.24457732544928020846e-02
  -1.11644712711490498580e-03+j1.19625729995635060599e-02
  -1.21803815209339805214e-03+j1.14797532827309034520e-02
  -1.32425938159334843913e-03+j1.09974927205394590324e-02
  -1.43521342940453044967e-03+j1.05159735512382196410e-02
  -1.55099516691178593297e-03+j1.00353815331250956211e-02
  -1.67169169384353416552e-03+j9.55590584509653090395e-03
  -1.79738229296703272420e-03+j9.07773898725316996661e-03
  -1.92813836900099927485e-03+j8.60107667962699273811e-03
  -2.06402337219632747711e-03+j8.12611775735710972768e-03
  -2.20509270729902714936e-03+j7.65306406011875828277e-03
  -2.35139362857841871524e-03+j7.18212031450685128853e-03
  -2.50296512179780730745e-03+j6.71349400740020585410e-03
  -2.65983777417302599821e-03+j6.24739524882796104510e-03
  -2.82203363339321444681e-03+j5.78403662292483605745e-03
  -2.98956605695961576824e-03+j5.32363302556103368257e-03
  -3.16243955315550009932e-03+j4.86640148720255544257e-03
  -3.34064961502109373723e-03+j4.41256098020451070774e-03
  -3.52418254890851309624e-03+j3.96233220915634398729e-03
  -3.71301529905711247270e-03+j3.51593738350497453382e-03
  -3.90711527001317768248e-03+j3.07359997162891945832e-03
  -4.10644014835149714915e-03+j2.63554443579264163766e-03
  -4.31093772563626714822e-03+j2.20199594724303920890e-03
  -4.52054572431561784568e-03+j1.77318008116664205254e-03
  -4.73519162833379268773e-03+j1.34932249130817472071e-03
  -4.95479252033854001419e-03+j9.30648563990207899899e-04
  -5.17925492733172648796e-03+j5.17383051493770784734e-04
  -5.40847467658004364688e-03+j1.09749685159851728677e-04
  -5.64233676361604319371e-03-j2.92029231713786252556e-04
  -5.88071523424435124716e-03-j6.87733250703828624673e-04
  -6.12347308224424000112e-03-j1.07714422428618894489e-03
  -6.37046216462050854390e-03-j1.46004677023268969460e-03
  -6.62152313615135216379e-03-j1.83622875384834016721e-03
  -6.87648540486618213563e-03-j2.20548178687615670235e-03
  -7.13516711007941388523e-03-j2.56760174199058971434e-03
  -7.39737512466506069719e-03-j2.92238928190985403077e-03
  -7.66290508292986026484e-03-j3.26965040155900721341e-03
  -7.93154143555480778405e-03-j3.60919698202392946751e-03
  -8.20305753299330371597e-03-j3.94084735471445651855e-03
  -8.47721573845537992864e-03-j4.26442687410018284044e-03
  -8.75376757171657943202e-03-j4.57976849727371321253e-03
  -9.03245388466927812132e-03-j4.88671336850335369384e-03
  -9.31300506969392344336e-03-j5.18511140697460598536e-03
  -9.59514130141117527195e-03-j5.47482189550629883001e-03
  -9.87857281278778712186e-03-j5.75571406848902206166e-03
  -1.01630002057413217076e-02-j6.02766769650583955631e-03
  -1.04481147970853435747e-02-j6.29057366590025923703e-03
  -1.07335989997436251353e-02-j6.54433455076071368683e-03
  -1.10191267394874510555e-02-j6.78886517515558257641e-03
  -1.13043639071618226555e-02-j7.02409316327620714127e-03
  -1.15889688462176461414e-02-j7.24995947521551997728e-03
  -1.18725928752596819604e-02-j7.46641892609239965495e-03
  -1.21548808449836349965e-02-j7.67344068600035733585e-03
  -1.24354717290627997395e-02-j7.87100875867514232498e-03
  -1.27139992480827315746e-02-j8.05912243647035481109e-03
  -1.29900925255755916865e-02-j8.23779672936462287192e-03
  -1.32633767750401400376e-02-j8.40706276570871158249e-03
  -1.35334740167689440704e-02-j8.56696816264591876067e-03
  -1.38000038230311969367e-02-j8.71757736401075622457e-03
  -1.40625840899602436163e-02-j8.85897194355780848163e-03
  -1.43208318346616514383e-02-j8.99125087169496545192e-03
  -1.45743640153942616289e-02-j9.11453074361617820998e-03
  -1.48227983732345386381e-02-j9.22894596736043709706e-03
  -1.50657542926723661547e-02-j9.33464890968491167733e-03
  -1.53028536792917460585e-02-j9.43180999855373208840e-03
  -1.55337218519130612626e-02-j9.52061778063121449955e-03
  -1.57579884468868614000e-02-j9.60127893241752294884e-03
  -1.59752883318745736441e-02-j9.67401822402422228997e-03
  -1.61852625264896285429e-02-j9.73907843444070386862e-03
  -1.63875591271133991267e-02-j9.79672021755092353734e-03
  -1.65818342329323853424e-02-j9.84722191810540742329e-03
  -1.67677528704262765458e-02-j9.89087933718521550297e-03
  -1.69449899132625356191e-02-j9.92800544685504965381e-03
  -1.71132309947966548824e-02-j9.95893005385586893574e-03
  -1.72721734099019891273e-02-j9.98399941220756009796e-03
  -1.74215270033477170886e-02-j1.00035757852276058211e-02
  -1.75610150414955284992e-02-j1.00180369570529101408e-02
  -1.76903750644919408042e-02-j1.00277756946001508909e-02
  -1.78093597157209654336e-02-j1.00331991604523801387e-02
  -1.79177375456910648044e-02-j1.00347282778655635949e-02
  -1.80152937874538884855e-02-j1.00327970490349943633e-02
  -1.81018311004974910561e-02-j1.00278518278706998967e-02
  -1.81771702805550994242e-02-j1.00203505491341382516e-02
  -1.82411509324406501120e-02-j1.00107619151535640056e-02
  -1.82936321033882881570e-02-j9.99956454269831235271e-03
  -1.83344928742901827623e-02-j9.98724607145790033158e-03
  -1.83636329066271045130e-02-j9.97430223685791261801e-03
  -1.83809729426401835539e-02-j9.96123590932714714219e-03
  -1.83864552566840103176e-02-j9.94855610261601713828e-03
  -1.83800440559403754914e-02-j9.93677695400255189817e-03
  -1.83617258285074178015e-02-j9.92641667901447005695e-03
  -1.83315096373243696659e-02-j9.91799650365488699721e-03
  -1.82894273585137018268e-02-j9.91203957730811546778e-03
  -1.82355338628035490434e-02-j9.90906986915716242459e-03
  -1.81699071390044528118e-02-j9.90961105169866837694e-03
  -1.80926483587110567552e-02-j9.91418537430516222386e-03
  -1.80038818814359791176e-02-j9.92331253037987900956e-03
  -1.79037551997784719071e-02-j9.93750852140790411071e-03
  -1.77924388244851544583e-02-j9.95728452131790925383e-03
  -1.76701261090748129590e-02-j9.98314574453983832880e-03
  -1.75370330144159827790e-02-j1.00155903212580978112e-02
  -1.73933978136285444238e-02-j1.00551081832622249412e-02
  -1.72394807376144085231e-02-j1.01021799636125467203e-02
  -1.70755635624016827157e-02-j1.01572759137599152868e-02
  -1.69019491388608528171e-02-j1.02208548411175780685e-02
  -1.67189608663139005484e-02-j1.02933630704776929443e-02
  -1.65269421111270756186e-02-j1.03752334323565544028e-02
  -1.63262555720634083833e-02-j1.04668842813448806361e-02
  -1.61172825939269390161e-02-j1.05687185474307270006e-02
  -1.59004224314916592364e-02-j1.06811228230082322366e-02
  -1.56760914658356509399e-02-j1.08044664885141618316e-02
  -1.54447223750569379019e-02-j1.09391008790411924795e-02
  -1.52067632620583037539e-02-j1.10853584945622921781e-02
  -1.49626767415081268764e-02-j1.12435522558787821118e-02
  -1.47129389889404799119e-02-j1.14139748086381741243e-02
  -1.44580387544572114278e-02-j1.15968978771822297386e-02
  -1.41984763439292616116e-02-j1.17925716701938118613e-02
  -1.39347625707145622576e-02-j1.20012243397478804430e-02
  -1.36674176806426128650e-02-j1.22230614951130099610e-02
  -1.33969702535187418224e-02-j1.24582657727395369057e-02
  -1.31239560842350833081e-02-j1.27069964634760473876e-02
  -1.28489170464718832632e-02-j1.29693891978799914766e-02
  -1.25723999423607291082e-02-j1.32455556904190526607e-02
  -1.22949553412169676481e-02-j1.35355835431309277223e-02
  -1.20171364105419384294e-02-j1.38395361090169893847e-02
  -1.17394977425275548466e-02-j1.41574524154738680404e-02
  -1.14625941792791119500e-02-j1.44893471477166198291e-02
  -1.11869796399008680776e-02-j1.48352106920330364948e-02
  -1.09132059525511998510e-02-j1.51950092385526418226e-02
  -1.06418216946252697230e-02-j1.55686849429716913512e-02
  -1.03733710441227880428e-02-j1.59561561467262066905e-02
  -1.01083926451785988121e-02-j1.63573176545907944535e-02
  -9.84741849058571455666e-03-j1.67720410688729365534e-02
  -9.59097282438778342417e-03-j1.72001751790277386533e-02
  -9.33957106706961859288e-03-j1.76415464054374380998e-02
  -9.09371876622086516839e-03-j1.80959592959557616365e-02
  -8.85391057510857143464e-03-j1.85631970737276767724e-02
  -8.62062926187336098227e-03-j1.90430222345800911898e-02
  -8.39434475147069619760e-03-j1.95351771922916729596e-02
  -8.17551320293530281447e-03-j2.00393849697707328306e-02
  -7.96457612387162228185e-03-j2.05553499342969007990e-02
  -7.76195952446570580641e-03-j2.10827585746630082053e-02
  -7.56807311286328970867e-03-j2.16212803181201063119e-02
  -7.38330953367086206818e-03-j2.21705683848036662342e-02
  -7.20804365151127279798e-03-j2.27302606774510453091e-02
  -7.04263188093227909814e-03-j2.32999807039436825085e-02
  -6.88741156439223733976e-03-j2.38793385302422007943e-02
  -6.74270039941435306297e-03-j2.44679317612149435646e-02
  -6.60879591640210067860e-03-j2.50653465468667173421e-02
  -6.48597500783754110643e-03-j2.56711586112758523293e-02
  -6.37449351015573206780e-03-j2.62849343016958621189e-02
  -6.27458583885913412370e-03-j2.69062316550987973285e-02
  -6.18646467774132402528e-03-j2.75346014794989185637e-02
  -6.11032072254542868439e-03-j2.81695884473271290771e-02
  -6.04632247991083310312e-03-j2.88107321981802173838e-02
  -5.99461612130285093070e-03-j2.94575684480897354023e-02
  -5.95532539272387861917e-03-j3.01096301026999718653e-02
  -5.92855157974542246180e-03-j3.07664483714933725822e-02
  -5.91437352814149636115e-03-j3.14275538804261594938e-02
  -5.91284771958962285243e-03-j3.20924777801611244010e-02
  -5.92400840242444243211e-03-j3.27607528471962755612e-02
  -5.94786777665236299217e-03-j3.34319145752059315724e-02
  -5.98441623289515389761e-03-j3.41055022539582045060e-02
  -6.03362264438402073896e-03-j3.47810600330328428820e-02
  -6.09543471117253432556e-03-j3.54581379678935021404e-02
  -6.16977935568339963535e-03-j3.61362930456251216227e-02
  -6.25656316840781170918e-03-j3.68150901878363176478e-02
  -6.35567290254949318618e-03-j3.74941032282792088837e-02
  -6.46697601630227825176e-03-j3.81729158627176143326e-02
  -6.59032126130019296761e-03-j3.88511225687226888215e-02
  -6.72553931563654380787e-03-j3.95283294930641598830e-02
  -6.87244345976791015662e-03-j4.02041553045007771239e-02
  -7.03083029352798150047e-03-j4.08782320097993839836e-02
  -7.20048049226081759988e-03-j4.15502057309290045994e-02
  -7.38115960011011783271e-03-j4.22197374414679457710e-02
  -7.57261885827532899018e-03-j4.28865036603230387335e-02
  -7.77459606604080817605e-03-j4.35501971009962310366e-02
  -7.98681647219139784211e-03-j4.42105272747612548789e-02
  -8.20899369436659323562e-03-j4.48672210461124321146e-02
  -8.44083066389387376427e-03-j4.55200231391591353391e-02
  -8.68202059343948714942e-03-j4.61686965936194126936e-02
  -8.93224796469278825573e-03-j4.68130231691634979274e-02
  -9.19118953349292583388e-03-j4.74528036972583638908e-02
  -9.45851534938457749746e-03-j4.80878583794318581468e-02
  -9.73388978677424722419e-03-j4.87180270313396085458e-02
  -1.00169725847258014872e-02-j4.93431692720643355621e-02
  -1.03074198923145364526e-02-j4.99631646581469301971e-02
  -1.06048853166218273736e-02-j5.05779127622240920470e-02
</dep>
<dep S[5,4] frequency>
  +4.28993747607586545234e-02-j1.65942401402859207593e-01
  +4.19261141072978099631e-02-j1.64138622568750752739e-01
  +4.09661225139234946857e-02-j1.62342306847692463556e-01
  +4.00189861400701493710e-02-j1.60553271559793486745e-01
  +3.90843041729143775287e-02-j1.58771327537279738351e-01
  +3.81616886083305933974e-02-j1.56996279451236647740e-01
  +3.72507640390567704158e-02-j1.55227926111090486216e-01
  +3.63511674522938796339e-02-j1.53466060738514292749e-01
  +3.54625480379859997493e-02-j1.51710471217446601910e-01
  +3.45845670094410487239e-02-j1.49960940322259095314e-01
  +3.37168974375458632697e-02-j1.48217245926087315411e-01
  +3.28592240997031687089e-02-j1.46479161191203910430e-01
  +3.20112433442855184862e-02-j1.44746454743492014572e-01
  +3.11726629716929520830e-02-j1.43018890833363387927e-01
  +3.03432021321868236607e-02-j1.41296229484792895681e-01
  +2.95225912413778213139e-02-j1.39578226635109881038e-01
  +2.87105719133108130969e-02-j1.37864634267091640263e-01
  +2.79068969113778729552e-02-j1.36155200535946152574e-01
  +2.71113301170062201417e-02-j1.34449669892890005807e-01
  +2.63236465159012548998e-02-j1.32747783207535469119e-01
  +2.55436322014309588613e-02-j1.31049277890994853024e-01
  +2.47710843947865702597e-02-j1.29353888021629503946e-01
  +2.40058114810433216590e-02-j1.27661344475291954614e-01
  +2.32476330605831567333e-02-j1.25971375061862983502e-01
  +2.24963800148289816416e-02-j1.24283704669782946173e-01
  +2.17518945852625406046e-02-j1.22598055420133453253e-01
  +2.10140304646682478384e-02-j1.20914146831837612805e-01
  +2.02826528993129071021e-02-j1.19231695999406708819e-01
  +1.95576388006339398073e-02-j1.17550417784507393870e-01
  +1.88388768651732430026e-02-j1.15870025022471317966e-01
  +1.81262677010966336000e-02-j1.14190228745013000466e-01
  +1.74197239597605989248e-02-j1.12510738419874259386e-01
  +1.67191704706502394795e-02-j1.10831262208418990234e-01
  +1.60245443780632282338e-02-j1.09151507241770709400e-01
  +1.53357952776259267441e-02-j1.07471179916021453149e-01
  +1.46528853509642984637e-02-j1.05789986207139696806e-01
  +1.39757894966520395535e-02-j1.04107632005515232665e-01
  +1.33044954556518039979e-02-j1.02423823470776415023e-01
  +1.26390039292316909425e-02-j1.00738267406463244402e-01
  +1.19793286876425687792e-02-j9.90506716545999921220e-02
  +1.13254966676886292126e-02-j9.73607455100968660622e-02
  +1.06775480571942877478e-02-j9.56682001542337595579e-02
  +1.00355363647166295760e-02-j9.39727491069723558370e-02
  +9.39952847265166681334e-03-j9.22741086973404844862e-02
  +8.76960467190164225104e-03-j9.05719985510522324068e-02
  +8.14585867649827120862e-03-j8.88661420945127122906e-02
  +7.52839761654108471922e-03-j8.71562670740810563341e-02
  +6.91734200775879180811e-03-j8.54421060895544787206e-02
  +6.31282569626672417085e-03-j8.37233971403014004542e-02
  +5.71499577712579476252e-03-j8.19998841830446856260e-02
  +5.12401248521216975962e-03-j8.02713176993603283460e-02
  +4.54004905730654405305e-03-j7.85374552715421558879e-02
  +3.96329156414522779106e-03-j7.67980621649972661213e-02
  +3.39393871148614689748e-03-j7.50529119153919566099e-02
  +2.83220160913567192695e-03-j7.33017869187132797837e-02
  +2.27830350729457328796e-03-j7.15444790220715887141e-02
  +1.73247949933150006963e-03-j6.97807901134253616426e-02
  +1.19497619072562663578e-03-j6.80105327079019300607e-02
  +6.66051333441646659095e-04-j6.62335305287552189579e-02
  +1.45973425690115732323e-04-j6.44496190805856072892e-02
  -3.64978723138963817574e-04-j6.26586462125713200555e-02
  -8.66516462334186027272e-04-j6.08604726695346695542e-02
  -1.35834180436063614583e-03-j5.90549726283785825220e-02
  -1.84014796371790440022e-03-j5.72420342177172580822e-02
  -2.31161992952796241374e-03-j5.54215600182689990816e-02
  -2.77243507143305756291e-03-j5.35934675417236508488e-02
  -3.22226377788557491466e-03-j5.17576896858717716565e-02
  -3.66077012593317430156e-03-j4.99141751635403113641e-02
  -4.08761258134917801477e-03-j4.80628889032848477525e-02
  -4.50244472795885419814e-03-j4.62038124195087232526e-02
  -4.90491602470442475403e-03-j4.43369441501123909277e-02
  -5.29467258883593167029e-03-j4.24622997591986989230e-02
  -5.67135800369589215819e-03-j4.05799124033527844335e-02
  -6.03461414900293563468e-03-j3.86898329592219383799e-02
  -6.38408205203458423149e-03-j3.67921302108224004823e-02
  -6.71940275715014051494e-03-j3.48868909947750785450e-02
  -7.04021821183063722938e-03-j3.29742203019709537171e-02
  -7.34617216662002830985e-03-j3.10542413342181702895e-02
  -7.63691108661787576573e-03-j2.91270955145735838121e-02
  -7.91208507193675442126e-03-j2.71929424501146654869e-02
  -8.17134878443535189740e-03-j2.52519598463488981199e-02
  -8.41436237808208808975e-03-j2.33043433722015316811e-02
  -8.64079242998819913035e-03-j2.13503064750004759031e-02
  -8.85031286932916327892e-03-j1.93900801449867696280e-02
  -9.04260590115375101350e-03-j1.74239126289126855518e-02
  -9.21736292222250647166e-03-j1.54520690927481760268e-02
  -9.37428542565681144350e-03-j1.34748312332899009003e-02
  -9.51308589159623185783e-03-j1.14924968391261622669e-02
  -9.63348866061945058314e-03-j9.50537930128366598259e-03
  -9.73523078714192552363e-03-j7.51380707413863008215e-03
  -9.81806286953015860952e-03-j5.51812308742605228673e-03
  -9.88174985411219286568e-03-j3.51868411036792422264e-03
  -9.92607181019411477507e-03-j1.51586006904790016048e-03
  -9.95082467300706374758e-03+j4.89966681564257822146e-04
  -9.95582095206681144672e-03+j2.49840212928772315015e-03
  -9.94089040196088208345e-03+j4.50904141864614388391e-03
  -9.90588065318168120577e-03+j6.52146970466946362954e-03
  -9.85065780027111898010e-03+j8.53526304494060111816e-03
  -9.77510694514080458184e-03+j1.05499893272552117129e-02
  -9.67913269309643442551e-03+j1.25652092308040710944e-02
  -9.56265959950323984895e-03+j1.45804772180711042506e-02
  -9.42563256526898762822e-03+j1.65953425549094299440e-02
  -9.26801717916998779589e-03+j1.86093503559217887666e-02
  -9.08980000544452881872e-03+j2.06220426521892194471e-02
  -8.89098881530207829638e-03+j2.26329594782859085111e-02
  -8.67161276090024774055e-03+j2.46416399756200152349e-02
  -8.43172249089840092351e-03+j2.66476235085010490500e-02
  -8.17139020660396370177e-03+j2.86504507901323528241e-02
  -7.89070965804512802766e-03+j3.06496650147472515791e-02
  -7.58979607951889428952e-03+j3.26448129927872920941e-02
  -7.26878606440650026910e-03+j3.46354462855640032881e-02
  -6.92783737905061647311e-03+j3.66211223360444898534e-02
  -6.56712871597510405852e-03+j3.86014055922727222780e-02
  -6.18685938684361558249e-03+j4.05758686201134061156e-02
  -5.78724895548844708859e-03+j4.25440932017633333118e-02
  -5.36853681212998146144e-03+j4.45056714168169803569e-02
  -4.93098168941411701960e-03+j4.64602067025750645191e-02
  -4.47486112168626881669e-03+j4.84073148903028244172e-02
  -4.00047084870469582540e-03+j5.03466252142762624167e-02
  -3.50812416543828942128e-03+j5.22777812906955949290e-02
  -2.99815121959083608072e-03+j5.42004420632905131727e-02
  -2.47089825873926527411e-03+j5.61142827129566534872e-02
  -1.92672682926621485766e-03+j5.80189955285874345292e-02
  -1.36601292903221205322e-03+j5.99142907365543958553e-02
  -7.89146116461872382253e-04+j6.17998972863213272277e-02
  -1.96528578147989185787e-04+j6.36755635900085881218e-02
  +4.11425842064709612611e-04+j6.55410582136159991506e-02
  +1.03429265007341786298e-03+j6.73961705179915160357e-02
  +1.67163774167860407216e-03+j6.92407112477133185324e-02
  +2.32301847294695551494e-03+j7.10745130662564505997e-02
  +2.98798475798110751978e-03+j7.28974310359096211442e-02
  +3.66608019088672520969e-03+j7.47093430411740061503e-02
  +4.35684318887116089902e-03+j7.65101501545972367824e-02
  +5.05980815345287437967e-03+j7.82997769439973539951e-02
  +5.77450664646372152644e-03+j8.00781717203599835431e-02
  +6.50046857772713926327e-03+j8.18453067259033995029e-02
  +7.23722340124212382140e-03+j8.36011782618569371239e-02
  +7.98430131661082009842e-03+j8.53458067557401195424e-02
  +8.74123447255195640260e-03+j8.70792367681415546699e-02
  +9.50755816933887554221e-03+j8.88015369391356723661e-02
  +1.02828120570834305458e-02+j9.05127998746666773133e-02
  +1.10665413266928802649e-02+j9.22131419732955814883e-02
  +1.18582978904928776354e-02+j9.39027031940680989575e-02
  +1.26576415495215505169e-02+j9.55816467661982777093e-02
  +1.34641411446920905570e-02+j9.72501588416118528668e-02
  +1.42773756887558805895e-02+j9.89084480913636487909e-02
  +1.50969354765400631813e-02+j1.00556745247185941317e-01
  +1.59224231706434904421e-02+j1.02195302589600217624e-01
  +1.67534548600868637980e-02+j1.03824393384006591345e-01
  +1.75896610893041538404e-02+j1.05444311266375156944e-01
  +1.84306878553076591842e-02+j1.07055369580360160153e-01
  +1.92761975705021959548e-02+j1.08657900667543438900e-01
  +2.01258699892098921747e-02+j1.10252255112875841014e-01
  +2.09794030957104193913e-02+j1.11838800947272790087e-01
  +2.18365139518595582913e-02+j1.13417922809487869973e-01
  +2.26969395026294373796e-02+j1.14990021069498404849e-01
  +2.35604373376331159562e-02+j1.16555510915672816408e-01
  +2.44267864073106980016e-02+j1.18114821408046646867e-01
  +2.52957876921355503952e-02+j1.19668394500116320733e-01
  +2.61672648236966967628e-02+j1.21216684031610899552e-01
  +2.70410646562448050978e-02+j1.22760154694760786898e-01
  +2.79170577879517961550e-02+j1.24299280976613121807e-01
  +2.87951390306025456489e-02+j1.25834546079921838491e-01
  +2.96752278272401567860e-02+j1.27366440825362581268e-01
  +3.05572686168078568036e-02+j1.28895462537550881121e-01
  +3.14412311455443196917e-02+j1.30422113917626536495e-01
  +3.23271107243250643837e-02+j1.31946901905112712328e-01
  +3.32149284321671123266e-02+j1.33470336531596345253e-01
  +3.41047312652152795343e-02+j1.34992929769075453716e-01
  +3.49965922316386596203e-02+j1.36515194375533166493e-01
  +3.58906103921901170617e-02+j1.38037642740538202268e-01
  +3.67869108469460331934e-02+j1.39560785733413239562e-01
  +3.76856446683155668631e-02+j1.41085131556743237358e-01
  +3.85869887810564721198e-02+j1.42611184607746466213e-01
  +3.94911457897163670205e-02+j1.44139444350240730763e-01
  +4.03983437543204287890e-02+j1.45670404199628567010e-01
  +4.13088359152057535417e-02+j1.47204550423552960048e-01
  +4.22229003678846678826e-02+j1.48742361060677952267e-01
  +4.31408396891220791147e-02+j1.50284304860031220352e-01
  +4.40629805154462636518e-02+j1.51830840243310921656e-01
  +4.49896730754347634607e-02+j1.53382414292488222785e-01
  +4.59212906772198115046e-02+j1.54939461764977526315e-01
  +4.68582291528722716389e-02+j1.56502404138619100049e-01
  +4.78009062612801474690e-02+j1.58071648688490912216e-01
  +4.87497610514125989667e-02+j1.59647587597749995858e-01
  +4.97052531878288197942e-02+j1.61230597104275480413e-01
  +5.06678622405536058237e-02+j1.62821036685179942882e-01
  +5.16380869413829851622e-02+j1.64419248280787883010e-01
  +5.26164444088923557996e-02+j1.66025555559812576512e-01
  +5.36034693445196497308e-02+j1.67640263227298358384e-01
  +5.45997132021190378914e-02+j1.69263656376656634883e-01
  +5.56057433335378770156e-02+j1.70895999887224148139e-01
  +5.66221421128191779171e-02+j1.72537537868459489587e-01
  +5.76495060417262644714e-02+j1.74188493151684109517e-01
  +5.86884448393616281470e-02+j1.75849066830499889402e-01
  +5.97395805187199632758e-02+j1.77519437850419320446e-01
  +6.08035464529943503464e-02+j1.79199762648291904821e-01
  +6.18809864347394170125e-02+j1.80890174842126133514e-01
  +6.29725537306793092807e-02+j1.82590784971236319567e-01
  +6.40789101353842066588e-02+j1.84301680287172781059e-01
</dep>
<dep S[5,3] frequency>
  +3.00307953797785548433e-02+j7.58756755336911642429e-02
  +3.15449118271220185772e-02+j7.42952487839743103137e-02
  +3.30006898375961033043e-02+j7.26852383477747249207e-02
  +3.43975736862818931572e-02+j7.10475595266334136735e-02
  +3.57350678437929197839e-02+j6.93841362201426947731e-02
  +3.70127369298473007930e-02+j6.76968990709441859055e-02
  +3.82302056134085077588e-02+j6.59877836276085011358e-02
  +3.93871584602581009671e-02+j6.42587285269433650114e-02
  +4.04833397299022984539e-02+j6.25116736964373281848e-02
  +4.15185531230080340226e-02+j6.07485585780124862088e-02
  +4.24926614809126995675e-02+j5.89713203740139940701e-02
  +4.34055864384732398298e-02+j5.71818923162445355568e-02
  +4.42573080318520162280e-02+j5.53822019586503316857e-02
  +4.50478642622946373608e-02+j5.35741694947866678445e-02
  +4.57773506175601918589e-02+j5.17597061001368874411e-02
  +4.64459195519997120050e-02+j4.99407123004366459984e-02
  +4.70537799267280176796e-02+j4.81190763661294568232e-02
  +4.76011964111052593429e-02+j4.62966727335964930989e-02
  +4.80884888466767274062e-02+j4.44753604536091765032e-02
  +4.85160315747641471273e-02+j4.26569816673186899547e-02
  +4.88842527288952111153e-02+j4.08433601101409887724e-02
  +4.91936334930433843970e-02+j3.90362996439643852864e-02
  +4.94447073269389802963e-02+j3.72375828176507231437e-02
  +4.96380591592640862952e-02+j3.54489694564160615076e-02
  +4.97743245498676878391e-02+j3.36721952800608445577e-02
  +4.98541888219054957210e-02+j3.19089705502624693123e-02
  +4.98783861647743298473e-02+j3.01609787471622953214e-02
  +4.98476987087937625787e-02+j2.84298752753349287525e-02
  +4.97629555724119973514e-02+j2.67172861991674115423e-02
  +4.96250318827241507225e-02+j2.50248070079086837314e-02
  +4.94348477701076066682e-02+j2.33540014103608972729e-02
  +4.91933673376360458551e-02+j2.17064001593276073576e-02
  +4.89015976059953283439e-02+j2.00834999058533414384e-02
  +4.85605874345066898523e-02+j1.84867620834893719994e-02
  +4.81714264188893986907e-02+j1.69176118223871296831e-02
  +4.77352437663267695211e-02+j1.53774368935549188286e-02
  +4.72532071483279803026e-02+j1.38675866832094901726e-02
  +4.67265215319952187389e-02+j1.23893711974718545576e-02
  +4.61564279900520749167e-02+j1.09440600972965929039e-02
  +4.55442024901122344271e-02+j9.53288176397504294357e-03
  +4.48911546637023872730e-02+j8.15702239532699324709e-03
  +4.41986265552594542738e-02+j6.81762513263234337657e-03
  +4.34679913516308122357e-02+j5.51578921862486137861e-03
  +4.27006520923646909482e-02+j4.25256918681043982744e-03
  +4.18980403611209362147e-02+j3.02897408218504027300e-03
  +4.10616149585687484347e-02+j1.84596671382515620241e-03
  +4.01928605570702202066e-02+j7.04462939645614238948e-04
  +3.92932863374990323790e-02-j3.94669016410262307737e-04
  +3.83644246084224940785e-02-j1.45060921426121147704e-03
  +3.74078294081415102523e-02-j2.46258661420509228357e-03
  +3.64250750897191083455e-02-j3.42987965968095942504e-03
  +3.54177548894921076506e-02-j4.35181682568465399985e-03
  +3.43874794793540342064e-02-j5.22777713230239415854e-03
  +3.33358755032398881846e-02-j6.05719062274595598794e-03
  +3.22645840982061435365e-02-j6.83953880534665659141e-03
  +3.11752594005448510628e-02-j7.57435505870267256068e-03
  +3.00695670373974377476e-02-j8.26122499945564081614e-03
  +2.89491826044661997031e-02-j8.89978681172054475468e-03
  +2.78157901303149254768e-02-j9.48973153767672383818e-03
  +2.66710805279252588518e-02-j1.00308033283194597551e-02
  +2.55167500341533168284e-02-j1.05227996536593759735e-02
  +2.43544986378854688702e-02-j1.09655714714768232065e-02
  +2.31860284976043648508e-02-j1.13590233538275880987e-02
  +2.20130423492914395478e-02-j1.17031135704254857233e-02
  +2.08372419056247829006e-02-j1.19978541279692346722e-02
  +1.96603262473993636861e-02-j1.22433107646302691274e-02
  +1.84839902083530661925e-02-j1.24396028987940471255e-02
  +1.73099227544657001399e-02-j1.25869035311920729470e-02
  +1.61398053590864586082e-02-j1.26854390995681381993e-02
  +1.49753103750916230497e-02-j1.27354892851261475295e-02
  +1.38180994056285415261e-02-j1.27373867699262371955e-02
  +1.26698216747521477665e-02-j1.26915169444695302703e-02
  +1.15321123997076113721e-02-j1.25983175648236023214e-02
  +1.04065911664188853747e-02-j1.24582783585688722239e-02
  +9.29486030986945155341e-03-j1.22719405790618213414e-02
  +8.19850330131899340813e-03-j1.20398965073966468520e-02
  +7.11908314409957082569e-03-j1.17627889016836684188e-02
  +6.05814078002988448679e-03-j1.14413103932558962716e-02
  +5.01719350845566264274e-03-j1.10762028295130626754e-02
  +3.99773341993078790146e-03-j1.06682565632174458647e-02
  +3.00122584679608089830e-03-j1.02183096881893059615e-02
  +2.02910783270843914083e-03-j9.72724722138695874207e-03
  +1.08278662344232778914e-03-j9.19600023151943835042e-03
  +1.63638181215286504511e-04-j8.62554491446219928630e-03
  -7.26994275210640639173e-04-j8.01690161583244742527e-03
  -1.58780170229080863642e-03-j7.37113380127109307782e-03
  -2.41751063301197388622e-03-j6.68934697499747044080e-03
  -3.21488454545720836464e-03-j5.97268754748569996593e-03
  -3.97872519621422782166e-03-j5.22234165312288056704e-03
  -4.70787391645091646275e-03-j4.43953391892648596695e-03
  -5.40121286825206992077e-03-j3.62552618546720106796e-03
  -6.05766625904170796790e-03-j2.78161618137147403917e-03
  -6.67620151189858568319e-03-j1.90913615282391202488e-03
  -7.25583038956909009976e-03-j1.00945144968514477490e-03
  -7.79561007017981477674e-03-j8.39590699961006992069e-05
  -8.29464417257409769579e-03+j8.65913835388441854857e-04
  -8.75208372943614421047e-03+j1.83871149586082444083e-03
  -9.16712810632358543472e-03+j2.83295108989140703715e-03
  -9.53902586495541937595e-03+j3.84712434724614887882e-03
  -9.86707556913880845517e-03+j4.87969918238512212483e-03
  -1.01506265318321159397e-02+j5.92912135649404509197e-03
  -1.03890795020871590237e-02+j6.99381616568454239635e-03
  -1.05818872905932698236e-02+j8.07219015272182122134e-03
  -1.07285553327875760043e-02+j9.16263283957514940159e-03
  -1.08286421886661238245e-02+j1.02635184780245011793e-02
  -1.08817599784848811906e-02+j1.13732078155807173059e-02
  -1.08875747538114547863e-02+j1.24900498736926109100e-02
  -1.08458068034863047702e-02+j1.36123837355604029864e-02
  -1.07562308942270867806e-02+j1.47385403404360071367e-02
  -1.06186764457965043817e-02+j1.58668442816172830523e-02
  -1.04330276408267363930e-02+j1.69956156051341913948e-02
  -1.01992234695056360749e-02+j1.81231716062388789612e-02
  -9.91725770959187014064e-03+j1.92478286207947539566e-02
  -9.58717884232612727047e-03+j2.03679038087535534129e-02
  -9.20908990493682355627e-03+j2.14817169268148137895e-02
  -8.78314828074129583246e-03+j2.25875920876250600722e-02
  -8.30956542779455464842e-03+j2.36838595027952722449e-02
  -7.78860654736479585125e-03+j2.47688572071336730873e-02
  -7.22059019356209585982e-03+j2.58409327615739189965e-02
  -6.60588782559476395129e-03+j2.68984449324718849494e-02
  -5.94492330429670368108e-03+j2.79397653448702765200e-02
  -5.23817233459575315457e-03+j2.89632801076359046311e-02
  -4.48616185584486959481e-03+j2.99673914083883261017e-02
  -3.68946938186823225614e-03+j3.09505190763051940550e-02
  -2.84872229283775202369e-03+j3.19111021110112039190e-02
  -1.96459708098824237243e-03+j3.28476001759614930076e-02
  -1.03781855243985365878e-03+j3.37584950547848150482e-02
  -6.91589873017955936163e-05+j3.46422920692612754112e-02
  +9.40562739656411461731e-04+j3.54975214577784026204e-02
  +1.99048207544819111270e-03+j3.63227397132345544706e-02
  +3.07968974010904006366e-03+j3.71165308794885046018e-02
  +4.20723271037515278437e-03+j3.78775078056766065226e-02
  +5.37211523348316011273e-03+j3.86043133578615332846e-02
  +6.57329986875831995263e-03+j3.92956215875579772945e-02
  +7.80970855466488200758e-03+j3.99501388569038218268e-02
  +9.08022369908564885854e-03+j4.05666049204107675985e-02
  +1.03836892905998789960e-02+j4.11437939632778026944e-02
  +1.17189120285674658328e-02+j4.16805155964740520202e-02
  +1.30846624699289676430e-02+j4.21756158088916130455e-02
  +1.44796761906955950838e-02+j4.26279778770067632743e-02
  +1.59026549602015593310e-02+j4.30365232326049493294e-02
  +1.73522679261912254889e-02+j4.34002122891853359121e-02
  +1.88271528090374062891e-02+j4.37180452278980585801e-02
  +2.03259171033883662139e-02+j4.39890627437680703515e-02
  +2.18471392857422092026e-02+j4.42123467532309008532e-02
  +2.33893700264307807801e-02+j4.43870210639390957996e-02
  +2.49511334047319288665e-02+j4.45122520079446193364e-02
  +2.65309281259297619071e-02+j4.45872490393964190925e-02
  +2.81272287391894915132e-02+j4.46112652979197069070e-02
  +2.97384868552776210349e-02+j4.45835981388999144648e-02
  +3.13631323633843175913e-02+j4.45035896319199986149e-02
  +3.29995746462147729328e-02+j4.43706270285793707986e-02
  +3.46462037928780830498e-02+j4.41841432009988169249e-02
  +3.63013918090576495623e-02+j4.39436170522234520464e-02
  +3.79634938241014824323e-02+j4.36485738997976074893e-02
  +3.96308492948881235796e-02+j4.32985858336880288788e-02
  +4.13017832062858580855e-02+j4.28932720497882530308e-02
  +4.29746072682817836785e-02+j4.24322991601009599782e-02
  +4.46476211098314479386e-02+j4.19153814807057545355e-02
  +4.63191134696931683390e-02+j4.13422812985339283021e-02
  +4.79873633845173883095e-02+j4.07128091179357054497e-02
  +4.96506413746607838666e-02+j4.00268238878794535562e-02
  +5.13072106280832301861e-02+j3.92842332106602132313e-02
  +5.29553281830574956723e-02+j3.84849935327596093249e-02
  +5.45932461101293342587e-02+j3.76291103185628084127e-02
  +5.62192126941724670819e-02+j3.67166382073974423284e-02
  +5.78314736171632870487e-02+j3.57476811544003431065e-02
  +5.94282731425360144506e-02+j3.47223925554295265172e-02
  +6.10078553018413433096e-02+j3.36409753563745722582e-02
  +6.25684650846346640529e-02+j3.25036821468364933718e-02
  +6.41083496323829743480e-02+j3.13108152382797905178e-02
  +6.56257594372882807621e-02+j3.00627267264599457031e-02
  +6.71189495468277330659e-02+j2.87598185379479287516e-02
  +6.85861807749161833669e-02+j2.74025424603577955063e-02
  +7.00257209204900310517e-02+j2.59914001558515794787e-02
  +7.14358459942439349977e-02+j2.45269431573432866722e-02
  +7.28148414543729888271e-02+j2.30097728467022477616e-02
  +7.41610034519370742156e-02+j2.14405404141821548381e-02
  +7.54726400865163987719e-02+j1.98199467982030919089e-02
  +7.67480726727402390308e-02+j1.81487426044678878956e-02
  +7.79856370181830627075e-02+j1.64277280033481021260e-02
  +7.91836847130367449399e-02+j1.46577526043818462398e-02
  +8.03405844319253492625e-02+j1.28397153065878955047e-02
  +8.14547232480384991726e-02+j1.09745641233307406059e-02
  +8.25245079597709541019e-02+j9.06329598026670013589e-03
  +8.35483664298191930353e-02+j7.10695648501202814629e-03
  +8.45247489367348392442e-02+j5.10663966688107429093e-03
  +8.54521295386258539217e-02+j3.06348768527152370833e-03
  +8.63290074487136765979e-02+j9.78690505028509405427e-04
  +8.71539084222941462521e-02-j1.14651446284341762549e-03
  +8.79253861544373044312e-02-j3.31084275669470129433e-03
  +8.86420236877726308578e-02-j5.51296329770555038063e-03
  +8.93024348294530478931e-02-j7.75149886294601575543e-03
  +8.99052655762444669074e-02-j1.00250265995689979981e-02
  +9.04491955467062458407e-02-j1.23320785819309164388e-02
  +9.09329394190792617003e-02-j1.46711424130993861592e-02
  +9.13552483734966364048e-02-j1.70406618722659802811e-02
  +9.17149115370090861621e-02-j1.94390376097464956384e-02
  +9.20107574296449431950e-02-j2.18646278907436431016e-02
  +9.22416554098045154975e-02-j2.43157493895290177655e-02
</dep>
<dep S[5,2] frequency>
  +3.00307953797781662653e-02+j7.58756755336915944543e-02
  +3.15449118271220046994e-02+j7.42952487839743103137e-02
  +3.30006898375964780046e-02+j7.26852383477742391982e-02
  +3.43975736862822817352e-02+j7.10475595266329695843e-02
  +3.57350678437929197839e-02+j6.93841362201427364065e-02
  +3.70127369298466346592e-02+j6.76968990709451018395e-02
  +3.82302056134085493921e-02+j6.59877836276084595024e-02
  +3.93871584602580870893e-02+j6.42587285269433511337e-02
  +4.04833397299022984539e-02+j6.25116736964373281848e-02
  +4.15185531230080062670e-02+j6.07485585780124862088e-02
  +4.24926614809124220118e-02+j5.89713203740144589760e-02
  +4.34055864384731843186e-02+j5.71818923162445563735e-02
  +4.42573080318520162280e-02+j5.53822019586503316857e-02
  +4.50478642622946651164e-02+j5.35741694947866956000e-02
  +4.57773506175601502255e-02+j5.17597061001368735633e-02
  +4.64459195519994344492e-02+j4.99407123004371178432e-02
  +4.70537799267280315574e-02+j4.81190763661294013120e-02
  +4.76011964111051413817e-02+j4.62966727335969718826e-02
  +4.80884888466767690396e-02+j4.44753604536091834420e-02
  +4.85160315747642581496e-02+j4.26569816673182597433e-02
  +4.88842527288952249931e-02+j4.08433601101407181555e-02
  +4.91936334930433150081e-02+j3.90362996439648224367e-02
  +4.94447073269388831518e-02+j3.72375828176511325385e-02
  +4.96380591592641001730e-02+j3.54489694564160337520e-02
  +4.97743245498676878391e-02+j3.36721952800608445577e-02
  +4.98541888219054193931e-02+j3.19089705502629272793e-02
  +4.98783861647743298473e-02+j3.01609787471623091992e-02
  +4.98476987087937972731e-02+j2.84298752753351507971e-02
  +4.97629555724120320459e-02+j2.67172861991678278759e-02
  +4.96250318827241646003e-02+j2.50248070079082951533e-02
  +4.94348477701076205459e-02+j2.33540014103612997287e-02
  +4.91933673376359903440e-02+j2.17064001593275657243e-02
  +4.89015976059952658939e-02+j2.00834999058535079719e-02
  +4.85605874345066690356e-02+j1.84867620834893719994e-02
  +4.81714264188894056296e-02+j1.69176118223871296831e-02
  +4.77352437663267625823e-02+j1.53774368935551131177e-02
  +4.72532071483279872415e-02+j1.38675866832093791503e-02
  +4.67265215319951979223e-02+j1.23893711974718684354e-02
  +4.61564279900520471611e-02+j1.09440600972966206594e-02
  +4.55442024901123107550e-02+j9.53288176397501518800e-03
  +4.48911546637023872730e-02+j8.15702239532697936930e-03
  +4.41986265552595791739e-02+j6.81762513263263481011e-03
  +4.34679913516309024413e-02+j5.51578921862529159004e-03
  +4.27006520923646493149e-02+j4.25256918681041207186e-03
  +4.18980403611208182535e-02+j3.02897408218485986175e-03
  +4.10616149585687623125e-02+j1.84596671382514232462e-03
  +4.01928605570701924510e-02+j7.04462939645628116736e-04
  +3.92932863374990046235e-02-j3.94669016410095774283e-04
  +3.83644246084224871396e-02-j1.45060921426125311040e-03
  +3.74078294081415241301e-02-j2.46258661420512003914e-03
  +3.64250750897190805899e-02-j3.42987965968101493619e-03
  +3.54177548894921007117e-02-j4.35181682568466787764e-03
  +3.43874794793541660454e-02-j5.22777713230226925845e-03
  +3.33358755032398673679e-02-j6.05719062274592823236e-03
  +3.22645840982062614977e-02-j6.83953880534647618017e-03
  +3.11752594005446984071e-02-j7.57435505870281133856e-03
  +3.00695670373975695866e-02-j8.26122499945546040490e-03
  +2.89491826044661927642e-02-j8.89978681172061414362e-03
  +2.78157901303147866989e-02-j9.48973153767689037164e-03
  +2.66710805279251339517e-02-j1.00308033283196401664e-02
  +2.55167500341533237673e-02-j1.05227996536594037291e-02
  +2.43544986378854619313e-02-j1.09655714714767815732e-02
  +2.31860284976042087257e-02-j1.13590233538276436098e-02
  +2.20130423492913354644e-02-j1.17031135704255273566e-02
  +2.08372419056247898395e-02-j1.19978541279692763055e-02
  +1.96603262473993636861e-02-j1.22433107646302830052e-02
  +1.84839902083530557841e-02-j1.24396028987940471255e-02
  +1.73099227544658701428e-02-j1.25869035311919896802e-02
  +1.61398053590865488138e-02-j1.26854390995681381993e-02
  +1.49753103750916508052e-02-j1.27354892851261891629e-02
  +1.38180994056286039762e-02-j1.27373867699261678066e-02
  +1.26698216747521408276e-02-j1.26915169444695163925e-02
  +1.15321123997076044332e-02-j1.25983175648235884436e-02
  +1.04065911664188992525e-02-j1.24582783585688722239e-02
  +9.29486030986945155341e-03-j1.22719405790618213414e-02
  +8.19850330131898646924e-03-j1.20398965073966746075e-02
  +7.11908314409977899251e-03-j1.17627889016836822966e-02
  +6.05814078002995387573e-03-j1.14413103932558546383e-02
  +5.01719350845571815389e-03-j1.10762028295130210420e-02
  +3.99773341993080177925e-03-j1.06682565632174736203e-02
  +3.00122584679608089830e-03-j1.02183096881893337171e-02
  +2.02910783270848077420e-03-j9.72724722138700037544e-03
  +1.08278662344231391135e-03-j9.19600023151941059485e-03
  +1.63638181215314260086e-04-j8.62554491446219928630e-03
  -7.26994275210626761385e-04-j8.01690161583244742527e-03
  -1.58780170229086414757e-03-j7.37113380127110695561e-03
  -2.41751063301194613064e-03-j6.68934697499742880744e-03
  -3.21488454545724999800e-03-j5.97268754748567221036e-03
  -3.97872519621421394387e-03-j5.22234165312289444483e-03
  -4.70787391645090258496e-03-j4.43953391892652760031e-03
  -5.40121286825206992077e-03-j3.62552618546721494575e-03
  -6.05766625904169409012e-03-j2.78161618137141852802e-03
  -6.67620151189859956098e-03-j1.90913615282384263594e-03
  -7.25583038956913173312e-03-j1.00945144968521416384e-03
  -7.79561007017985641010e-03-j8.39590699961076381008e-05
  -8.29464417257409769579e-03+j8.65913835388400221493e-04
  -8.75208372943610257710e-03+j1.83871149586080362415e-03
  -9.16712810632359931251e-03+j2.83295108989139315936e-03
  -9.53902586495540549816e-03+j3.84712434724615581771e-03
  -9.86707556913872518844e-03+j4.87969918238514988040e-03
  -1.01506265318320743063e-02+j5.92912135649410754201e-03
  -1.03890795020871590237e-02+j6.99381616568450770188e-03
  -1.05818872905931588013e-02+j8.07219015272185591581e-03
  -1.07285553327876176377e-02+j9.16263283957516327938e-03
  -1.08286421886661377023e-02+j1.02635184780244803626e-02
  -1.08817599784849783351e-02+j1.13732078155806895503e-02
  -1.08875747538114686641e-02+j1.24900498736926109100e-02
  -1.08458068034860410922e-02+j1.36123837355604480892e-02
  -1.07562308942272533141e-02+j1.47385403404360140756e-02
  -1.06186764457965043817e-02+j1.58668442816172865217e-02
  -1.04330276408267780264e-02+j1.69956156051341775171e-02
  -1.01992234695056499527e-02+j1.81231716062388859001e-02
  -9.91725770959180075170e-03+j1.92478286207947504871e-02
  -9.58717884232612727047e-03+j2.03679038087535568824e-02
  -9.20908990493668477839e-03+j2.14817169268147929728e-02
  -8.78314828074137909919e-03+j2.25875920876250496638e-02
  -8.30956542779455464842e-03+j2.36838595027952687755e-02
  -7.78860654736489299577e-03+j2.47688572071336834957e-02
  -7.22059019356210973761e-03+j2.58409327615739189965e-02
  -6.60588782559501375147e-03+j2.68984449324719682162e-02
  -5.94492330429693960347e-03+j2.79397653448703528478e-02
  -5.23817233459575315457e-03+j2.89632801076359011616e-02
  -4.48616185584485571702e-03+j2.99673914083883191628e-02
  -3.68946938186824613393e-03+j3.09505190763051905856e-02
  -2.84872229283764100138e-03+j3.19111021110111414689e-02
  -1.96459708098824237243e-03+j3.28476001759615068853e-02
  -1.03781855243971488090e-03+j3.37584950547846970870e-02
  -6.91589873015735490114e-05+j3.46422920692611574500e-02
  +9.40562739656564117396e-04+j3.54975214577783401704e-02
  +1.99048207544814947934e-03+j3.63227397132345475317e-02
  +3.07968974010895679694e-03+j3.71165308794886156241e-02
  +4.20723271037516666215e-03+j3.78775078056766273393e-02
  +5.37211523348320174609e-03+j3.86043133578614847123e-02
  +6.57329986875830607485e-03+j3.92956215875579772945e-02
  +7.80970855466471547413e-03+j3.99501388569040438714e-02
  +9.08022369908552395845e-03+j4.05666049204108924986e-02
  +1.03836892905999345071e-02+j4.11437939632778096333e-02
  +1.17189120285674241995e-02+j4.16805155964741630426e-02
  +1.30846624699289121319e-02+j4.21756158088917171289e-02
  +1.44796761906955395727e-02+j4.26279778770068673577e-02
  +1.59026549602015593310e-02+j4.30365232326049423905e-02
  +1.73522679261912254889e-02+j4.34002122891853497899e-02
  +1.88271528090375034337e-02+j4.37180452278980169467e-02
  +2.03259171033883662139e-02+j4.39890627437680703515e-02
  +2.18471392857421536915e-02+j4.42123467532310049366e-02
  +2.33893700264306420022e-02+j4.43870210639393733554e-02
  +2.49511334047320953999e-02+j4.45122520079443279029e-02
  +2.65309281259297480293e-02+j4.45872490393964260313e-02
  +2.81272287391895817188e-02+j4.46112652979195334346e-02
  +2.97384868552775377681e-02+j4.45835981389001920205e-02
  +3.13631323633844563692e-02+j4.45035896319197904480e-02
  +3.29995746462149394662e-02+j4.43706270285791348762e-02
  +3.46462037928781593776e-02+j4.41841432009984144691e-02
  +3.63013918090575524178e-02+j4.39436170522235006186e-02
  +3.79634938241014685545e-02+j4.36485738997975381004e-02
  +3.96308492948881860296e-02+j4.32985858336876472396e-02
  +4.13017832062858858411e-02+j4.28932720497882391530e-02
  +4.29746072682817975563e-02+j4.24322991601009530394e-02
  +4.46476211098314340608e-02+j4.19153814807057545355e-02
  +4.63191134696931891557e-02+j4.13422812985339144243e-02
  +4.79873633845174091261e-02+j4.07128091179357054497e-02
  +4.96506413746607977444e-02+j4.00268238878798282565e-02
  +5.13072106280832440639e-02+j3.92842332106603936426e-02
  +5.29553281830575789391e-02+j3.84849935327592623802e-02
  +5.45932461101293550754e-02+j3.76291103185627806571e-02
  +5.62192126941724670819e-02+j3.67166382073974006950e-02
  +5.78314736171633009265e-02+j3.57476811544003292287e-02
  +5.94282731425360769006e-02+j3.47223925554300261176e-02
  +6.10078553018412322873e-02+j3.36409753563744196025e-02
  +6.25684650846346224196e-02+j3.25036821468359521381e-02
  +6.41083496323829882257e-02+j3.13108152382798321511e-02
  +6.56257594372883779066e-02+j3.00627267264602371366e-02
  +6.71189495468277191881e-02+j2.87598185379476511958e-02
  +6.85861807749161972447e-02+j2.74025424603578648952e-02
  +7.00257209204900310517e-02+j2.59914001558516488677e-02
  +7.14358459942439349977e-02+j2.45269431573435919836e-02
  +7.28148414543731414827e-02+j2.30097728467028028732e-02
  +7.41610034519371574824e-02+j2.14405404141824323938e-02
  +7.54726400865165375498e-02+j1.98199467982032168090e-02
  +7.67480726727402390308e-02+j1.81487426044678878956e-02
  +7.79856370181831459742e-02+j1.64277280033481160038e-02
  +7.91836847130367449399e-02+j1.46577526043818462398e-02
  +8.03405844319255019181e-02+j1.28397153065881036715e-02
  +8.14547232480385546838e-02+j1.09745641233307267282e-02
  +8.25245079597711622688e-02+j9.06329598026693605828e-03
  +8.35483664298192485465e-02+j7.10695648501198651292e-03
  +8.45247489367349780220e-02+j5.10663966688131021332e-03
  +8.54521295386258955551e-02+j3.06348768527153758612e-03
  +8.63290074487136765979e-02+j9.78690505028495527640e-04
  +8.71539084222941462521e-02-j1.14651446284341762549e-03
  +8.79253861544371101422e-02-j3.31084275669495109451e-03
  +8.86420236877724504465e-02-j5.51296329770573079188e-03
  +8.93024348294528258485e-02-j7.75149886294626555561e-03
  +8.99052655762446889520e-02-j1.00250265995687759535e-02
  +9.04491955467064678853e-02-j1.23320785819306805164e-02
  +9.09329394190792755781e-02-j1.46711424130994000370e-02
  +9.13552483734964143602e-02-j1.70406618722661051812e-02
  +9.17149115370090167731e-02-j1.94390376097464540051e-02
  +9.20107574296446933948e-02-j2.18646278907438651462e-02
  +9.22416554098042656973e-02-j2.43157493895291426655e-02
</dep>
<dep S[5,1] frequency>
  -4.71489201197939800103e-01+j4.57772373417431530096e-02
  -4.70469007634864100353e-01+j5.37255070988289229472e-02
  -4.69317357073981700211e-01+j6.16462187198539915411e-02
  -4.68035156514276740047e-01+j6.95374600552589039459e-02
  -4.66623322614933944141e-01+j7.73973517489114914980e-02
  -4.65082780567882325684e-01+j8.52240460176670044934e-02
  -4.63414463065760950933e-01+j9.30157254036635128269e-02
  -4.61619309365215668706e-01+j1.00770601502781304015e-01
  -4.59698264444751703017e-01+j1.08486913675777979504e-01
  -4.57652278256447775373e-01+j1.16162927746288197062e-01
  -4.55482305070635251631e-01+j1.23796934690395266099e-01
  -4.53189302912384461841e-01+j1.31387249322580473843e-01
  -4.50774233088302833661e-01+j1.38932208983042593253e-01
  -4.48238059802658128650e-01+j1.46430172229351202029e-01
  -4.45581749860613329783e-01+j1.53879517538553695077e-01
  -4.42806272457417604560e-01+j1.61278642021939477846e-01
  -4.39912599051290376106e-01+j1.68625960157740839573e-01
  -4.36901703318143597166e-01+j1.75919902545005890637e-01
  -4.33774561186133889024e-01+j1.83158914682258811002e-01
  -4.30532150947658509565e-01+j1.90341455774751755481e-01
  -4.27175453446604236341e-01+j1.97465997573523122099e-01
  -4.23705452338565768944e-01+j2.04531023249277632559e-01
  -4.20123134421155619567e-01+j2.11535026305038453831e-01
  -4.16429490032306670599e-01+j2.18476509529507201268e-01
  -4.12625513513614206040e-01+j2.25353983994753925835e-01
  -4.08712203736037393842e-01+j2.32165968100781827665e-01
  -4.04690564685227349706e-01+j2.38910986669474023625e-01
  -4.00561606103623568664e-01+j2.45587570090446377646e-01
  -3.96326344186182011331e-01+j2.52194253521452138589e-01
  -3.91985802327000643075e-01+j2.58729576145182049718e-01
  -3.87541011913568766989e-01+j2.65192080484888681458e-01
  -3.82993013165647377960e-01+j2.71580311780665661914e-01
  -3.78342856015342621223e-01+j2.77892817428581073713e-01
  -3.73591601025614283849e-01+j2.84128146483758281526e-01
  -3.68740320343263761060e-01+j2.90284849229969776907e-01
  -3.63790098683562712623e-01+j2.96361476816448976557e-01
  -3.58742034342774462896e-01+j3.02356580963867138667e-01
  -3.53597240235473342373e-01+j3.08268713740150079872e-01
  -3.48356844952599997711e-01+j3.14096427408009692961e-01
  -3.43021993837053063015e-01+j3.19838274344688089368e-01
  -3.37593850073370116416e-01+j3.25492807034569953117e-01
  -3.32073595787220621212e-01+j3.31058578136134706860e-01
  -3.26462433151567588130e-01+j3.36534140623121591496e-01
  -3.20761585495665135781e-01+j3.41918048000508623119e-01
  -3.14972298412715234761e-01+j3.47208854595938476439e-01
  -3.09095840862855353315e-01+j3.52405115926241463420e-01
  -3.03133506267465269168e-01+j3.57505389139221252393e-01
  -2.97086613590834935916e-01+j3.62508233530519752286e-01
  -2.90956508405263991612e-01+j3.67412211135318744759e-01
  -2.84744563936170314022e-01+j3.72215887393851807552e-01
  -2.78452182082579824396e-01+j3.76917831890694332575e-01
  -2.72080794409676973711e-01+j3.81516619166416437459e-01
  -2.65631863109217880581e-01+j3.86010829600767602088e-01
  -2.59106881924201948308e-01+j3.90399050365941635565e-01
  -2.52507377033596380755e-01+j3.94679876448691957513e-01
  -2.45834907893695886472e-01+j3.98851911739423581338e-01
  -2.39091068031760417556e-01+j4.02913770186710151755e-01
  -2.32277485789101678648e-01+j4.06864077014725933346e-01
  -2.25395825008987055194e-01+j4.10701470001831603351e-01
  -2.18447785666467164667e-01+j4.14424600817545896181e-01
  -2.11435104436278276108e-01+j4.18032136415422361786e-01
  -2.04359555195696124263e-01+j4.21522760478805547102e-01
  -1.97222949458679852608e-01+j4.24895174916653073360e-01
  -1.90027136738387059101e-01+j4.28148101405990522128e-01
  -1.82774004835211723030e-01+j4.31280282977532958277e-01
  -1.75465480046938487879e-01+j4.34290485641035728381e-01
  -1.68103527298820137892e-01+j4.37177500046305400616e-01
  -1.60690150190612029979e-01+j4.39940143176088316324e-01
  -1.53227390958640963259e-01+j4.42577260066440603126e-01
  -1.45717330350211088374e-01+j4.45087725550448953804e-01
  -1.38162087409092276813e-01+j4.47470446020542089727e-01
  -1.30563819169568995360e-01+j4.49724361205049938395e-01
  -1.22924720258271155671e-01+j4.51848445953921207252e-01
  -1.15247022402354099002e-01+j4.53841712028813126789e-01
  -1.07532993842622145997e-01+j4.55703209892608596121e-01
  -9.97849386517338510227e-02+j4.57432030493011398953e-01
  -9.20051959562598470344e-02+j4.59027307035227816190e-01
  -8.41961390630679984426e-02+j4.60488216738295652597e-01
  -7.63601744899323475746e-02+j4.61813982569787562227e-01
  -6.84997409007711971496e-02+j4.63003874953557992278e-01
  -6.06173079467477865512e-02+j4.64057213445063565516e-01
  -5.27153750137565879630e-02+j4.64973368368958028807e-01
  -4.47964698781527226323e-02+j4.65751762413586234413e-01
  -3.68631472723679187720e-02+j4.66391872177040922587e-01
  -2.89179873624489415518e-02+j4.66893229659592678971e-01
  -2.09635941399337194513e-02+j4.67255423697269800520e-01
  -1.30025937307948428329e-02+j4.67478101331627649007e-01
  -5.03763262440376329010e-03+j4.67560969110712931762e-01
  +2.92862417388405765761e-03+j4.67503794316484588833e-01
  +1.08934950633039311085e-02+j4.67306406114100847393e-01
  +1.88542838371379764539e-02+j4.66968696618667356013e-01
  +2.68082817368961792703e-02+j4.66490621875242816863e-01
  +3.47527695669773498133e-02+j4.65872202748154773388e-01
  +4.26850198647001216612e-02+j4.65113525715928455284e-01
  +5.06022991209316500005e-02+j4.64214743568401422280e-01
  +5.85018700463289867408e-02+j4.63176076002784986585e-01
  +6.63809938771570684501e-02+j4.61997810116004270498e-01
  +7.42369327157383629423e-02+j4.60680300790618391105e-01
  +8.20669518992924451606e-02+j4.59223970972235051580e-01
  +8.98683223916866280589e-02+j4.57629311836503849253e-01
  +9.76383231914699362131e-02+j4.55896882844279982550e-01
  +1.05374243750709112311e-01+j4.54027311683719514424e-01
  +1.13073386397949379734e-01+j4.52021294098649495385e-01
  +1.20733068759176165319e-01+j4.49879593602753036219e-01
  +1.28350626170468024023e-01+j4.47603041079680241676e-01
  +1.35923414076266874106e-01+j4.45192534269270967506e-01
  +1.43448810406394733352e-01+j4.42649037140975809557e-01
  +1.50924217926519388389e-01+j4.39973579155207072944e-01
  +1.58347066554979598596e-01+j4.37167254414549177888e-01
  +1.65714815640569473887e-01+j4.34231220706507436979e-01
  +1.73024956195184931307e-01+j4.31166698440011597615e-01
  +1.80275013075407164465e-01+j4.27974969478502942355e-01
  +1.87462547107626276155e-01+j4.24657375872405373762e-01
  +1.94585157151455523383e-01+j4.21215318494200907651e-01
  +2.01640482095660100725e-01+j4.17650255580032769842e-01
  +2.08626202782389580381e-01+j4.13963701181367271786e-01
  +2.15540043854560686709e-01+j4.10157223531191106325e-01
  +2.22379775522212191907e-01+j4.06232443328970571628e-01
  +2.29143215243390818703e-01+j4.02191031949417299174e-01
  +2.35828229316325410636e-01+j3.98034709579497825160e-01
  +2.42432734378731223890e-01+j3.93765243289345479027e-01
  +2.48954698811553187809e-01+j3.89384445041968452195e-01
  +2.55392144044159385974e-01+j3.84894169647438388893e-01
  +2.61743145758406903223e-01+j3.80296312667142699659e-01
  +2.68005834989552604863e-01+j3.75592808273769729333e-01
  +2.74178399122279203848e-01+j3.70785627072780510360e-01
  +2.80259082780288437675e-01+j3.65876773891330442368e-01
  +2.86246188608408003162e-01+j3.60868285540493105579e-01
  +2.92138077946595409173e-01+j3.55762228556701143312e-01
  +2.97933171395508233914e-01+j3.50560696928186810162e-01
  +3.03629949273412913513e-01+j3.45265809812547952440e-01
  +3.09226951964972851528e-01+j3.39879709251051542740e-01
  +3.14722780162669191206e-01+j3.34404557885351005897e-01
  +3.20116095001566680622e-01+j3.28842536682503627787e-01
  +3.25405618088902115481e-01+j3.23195842673656141830e-01
  +3.30590131430209765995e-01+j3.17466686711761814088e-01
  +3.35668477253715791253e-01+j3.11657291253593315972e-01
  +3.40639557735273434957e-01+j3.05769888171221304596e-01
  +3.45502334626242468829e-01+j2.99806716597736666596e-01
  +3.50255828787094880550e-01+j2.93770020811909449154e-01
  +3.54899119629642934015e-01+j2.87662048166234640689e-01
  +3.59431344470862723650e-01+j2.81485047062832283160e-01
  +3.63851697801960083378e-01+j2.75241264980934985385e-01
  +3.68159430475875737443e-01+j2.68932946560010877057e-01
  +3.72353848817181365405e-01+j2.62562331741859167344e-01
  +3.76434313657969310540e-01+j2.56131653975165463066e-01
  +3.80400239303770759669e-01+j2.49643138485507676272e-01
  +3.84251092433633534284e-01+j2.43099000613428595230e-01
  +3.87986390938374114956e-01+j2.36501444223402218503e-01
  +3.91605702701246838338e-01+j2.29852660185805079962e-01
  +3.95108644325422198040e-01+j2.23154824933844087020e-01
  +3.98494879812401836539e-01+j2.16410099097389785339e-01
  +4.01764119195909708004e-01+j2.09620626215072464182e-01
  +4.04916117135479758371e-01+j2.02788531525897375296e-01
  +4.07950671474112624981e-01+j1.95915920841600976754e-01
  +4.10867621764361090619e-01+j1.89004879500256767200e-01
  +4.13666847767114820300e-01+j1.82057471401866816096e-01
  +4.16348267927390824905e-01+j1.75075738126194369038e-01
  +4.18911837831240307928e-01+j1.68061698132960679608e-01
  +4.21357548647979196499e-01+j1.61017346044351528089e-01
  +4.23685425561790174331e-01+j1.53944652009481985910e-01
  +4.25895526196679030662e-01+j1.46845561150272363449e-01
  +4.27987939038614650933e-01+j1.39721993088382095971e-01
  +4.29962781858748810393e-01+j1.32575841551807849239e-01
  +4.31820200141275090111e-01+j1.25408974060793987348e-01
  +4.33560365519596035977e-01+j1.18223231691437669078e-01
  +4.35183474224220823157e-01+j1.11020428915864000086e-01
  +4.36689745545714325115e-01+j1.03802353517551432249e-01
  +4.38079420315955148091e-01+j9.65707665803510195701e-02
  +4.39352759410746807056e-01+j8.93274025493199924641e-02
  +4.40510042276818170048e-01+j8.20739693618341425996e-02
  +4.41551565486012265183e-01+j7.48121486470171292993e-02
  +4.42477641319346526316e-01+j6.75435959916181188900e-02
  +4.43288596383613453522e-01+j6.02699412702533479647e-02
  +4.43984770262953298836e-01+j5.29927890379320171155e-02
  +4.44566514207683338711e-01+j4.57137189829105866634e-02
  +4.45034189862706652807e-01+j3.84342864373939802070e-02
  +4.45388168037505693952e-01+j3.11560229440254604638e-02
  +4.45628827519746917307e-01+j2.38804368759076915407e-02
  +4.45756553934359867064e-01+j1.66090141077549074966e-02
  +4.45771738649822613088e-01+j9.34321873587111093040e-03
  +4.45674777733329974261e-01+j2.08449384464451988735e-03
  +4.45466070956343440645e-01-j5.16573768298179709230e-03
  +4.45146020852027535231e-01-j1.24060723132041646199e-02
  +4.44715031825818951638e-01-j1.96351249699326518838e-02
  +4.44173509320496207042e-01-j2.68515281062333341366e-02
  +4.43521859036798027365e-01-j3.40539307416312594934e-02
  +4.42760486210746817548e-01-j4.12409974671375037514e-02
  +4.41889794948615910464e-01-j4.84114074207417505180e-02
  +4.40910187620497717731e-01-j5.55638532357867337419e-02
  +4.39822064313280081116e-01-j6.26970399643902026598e-02
  +4.38625822343812976634e-01-j6.98096839786902234604e-02
  +4.37321855832964789812e-01-j7.69005118521853409108e-02
  +4.35910555341236793936e-01-j8.39682592232706831448e-02
  +4.34392307566446200795e-01-j9.10116696440455841266e-02
  +4.32767495104022237307e-01-j9.80294934162789927123e-02
  +4.31036496270457480939e-01-j1.05020486416972494426e-01
  +4.29199684990127006134e-01-j1.11983408916433810343e-01
  +4.27257430746075139716e-01-j1.18917024390525941091e-01
  +4.25210098594787533344e-01-j1.25820098330419460897e-01
</dep>
<dep S[4,5] frequency>
  +4.28993747607561842772e-02-j1.65942401402856709591e-01
  +4.19261141072978099631e-02-j1.64138622568750752739e-01
  +4.09661225139254375760e-02-j1.62342306847695128091e-01
  +4.00189861400722657336e-02-j1.60553271559796234547e-01
  +3.90843041729143983454e-02-j1.58771327537279738351e-01
  +3.81616886083264508778e-02-j1.56996279451231235402e-01
  +3.72507640390568398048e-02-j1.55227926111090513972e-01
  +3.63511674522938310616e-02-j1.53466060738514320505e-01
  +3.54625480379859442381e-02-j1.51710471217446574155e-01
  +3.45845670094410626016e-02-j1.49960940322259095314e-01
  +3.37168974375438162960e-02-j1.48217245926084428831e-01
  +3.28592240997030299310e-02-j1.46479161191204132475e-01
  +3.20112433442855739973e-02-j1.44746454743492125594e-01
  +3.11726629716929590219e-02-j1.43018890833363332415e-01
  +3.03432021321868514163e-02-j1.41296229484792895681e-01
  +2.95225912413759478126e-02-j1.39578226635107105480e-01
  +2.87105719133107853414e-02-j1.37864634267091640263e-01
  +2.79068969113761486400e-02-j1.36155200535943265994e-01
  +2.71113301170064283085e-02-j1.34449669892889894784e-01
  +2.63236465159031145233e-02-j1.32747783207538327943e-01
  +2.55436322014309727391e-02-j1.31049277890994853024e-01
  +2.47710843947848494140e-02-j1.29353888021626534099e-01
  +2.40058114810416216300e-02-j1.27661344475289290079e-01
  +2.32476330605831567333e-02-j1.25971375061862983502e-01
  +2.24963800148289955194e-02-j1.24283704669782932295e-01
  +2.17518945852609377201e-02-j1.22598055420130525039e-01
  +2.10140304646682478384e-02-j1.20914146831837612805e-01
  +2.02826528993127475076e-02-j1.19231695999406764330e-01
  +1.95576388006323785562e-02-j1.17550417784504590557e-01
  +1.88388768651746342508e-02-j1.15870025022474176790e-01
  +1.81262677010950654100e-02-j1.14190228745010141642e-01
  +1.74197239597605017802e-02-j1.12510738419874314897e-01
  +1.67191704706488308840e-02-j1.10831262208416186921e-01
  +1.60245443780632525199e-02-j1.09151507241770764911e-01
  +1.53357952776259544997e-02-j1.07471179916021453149e-01
  +1.46528853509629124197e-02-j1.05789986207136699203e-01
  +1.39757894966534481490e-02-j1.04107632005518244145e-01
  +1.33044954556518282840e-02-j1.02423823470776415023e-01
  +1.26390039292316770647e-02-j1.00738267406463202769e-01
  +1.19793286876428099058e-02-j9.90506716545998117107e-02
  +1.13254966676885754362e-02-j9.73607455100968938178e-02
  +1.06775480571932191581e-02-j9.56682001542306370556e-02
  +1.00355363647140049393e-02-j9.39727491069664438994e-02
  +9.39952847265182293846e-03-j9.22741086973404012195e-02
  +8.76960467190162663853e-03-j9.05719985510522185290e-02
  +8.14585867649829549475e-03-j8.88661420945126567794e-02
  +7.52839761654109339284e-03-j8.71562670740810702119e-02
  +6.91734200775755321555e-03-j8.54421060895513700961e-02
  +6.31282569626663743467e-03-j8.37233971403014282098e-02
  +5.71499577712577741528e-03-j8.19998841830446301149e-02
  +5.12401248521228945554e-03-j8.02713176993603561016e-02
  +4.54004905730671405595e-03-j7.85374552715421420102e-02
  +3.96329156414429104038e-03-j7.67980621649942407636e-02
  +3.39393871148621975586e-03-j7.50529119153920121210e-02
  +2.83220160913493987365e-03-j7.33017869187102960593e-02
  +2.27830350729530881071e-03-j7.15444790220746418274e-02
  +1.73247949933063617733e-03-j6.97807901134222252626e-02
  +1.19497619072557806352e-03-j6.80105327079019023051e-02
  +6.66051333442543511132e-04-j6.62335305287583137046e-02
  +1.45973425690823499501e-04-j6.44496190805886604025e-02
  -3.64978723138967287021e-04-j6.26586462125713339333e-02
  -8.66516462334234599529e-04-j6.08604726695346556764e-02
  -1.35834180436010185100e-03-j5.90549726283818021688e-02
  -1.84014796371775868344e-03-j5.72420342177172442044e-02
  -2.31161992952787220812e-03-j5.54215600182689505093e-02
  -2.77243507143307837959e-03-j5.35934675417236786044e-02
  -3.22226377788560267024e-03-j5.17576896858717508398e-02
  -3.66077012593379186312e-03-j4.99141751635372929452e-02
  -4.08761258134962557342e-03-j4.80628889032832587458e-02
  -4.50244472795851419233e-03-j4.62038124195103053204e-02
  -4.90491602470469190145e-03-j4.43369441501107464099e-02
  -5.29467258883600799813e-03-j4.24622997591987128008e-02
  -5.67135800369611420280e-03-j4.05799124033527844335e-02
  -6.03461414900288012353e-03-j3.86898329592218828687e-02
  -6.38408205203473688716e-03-j3.67921302108224282379e-02
  -6.71940275715011275937e-03-j3.48868909947750299727e-02
  -7.04021821183110213527e-03-j3.29742203019646601403e-02
  -7.34617216662035443786e-03-j3.10542413342150130928e-02
  -7.63691108661819495484e-03-j2.91270955145705098821e-02
  -7.91208507193672666569e-03-j2.71929424501146724258e-02
  -8.17134878443535883630e-03-j2.52519598463489050588e-02
  -8.41436237808261544568e-03-j2.33043433721983675455e-02
  -8.64079242998804647469e-03-j2.13503064750004481476e-02
  -8.85031286932924654565e-03-j1.93900801449836956980e-02
  -9.04260590115390366917e-03-j1.74239126289127063685e-02
  -9.21736292222242320493e-03-j1.54520690927496470723e-02
  -9.37428542565701267142e-03-j1.34748312332898939614e-02
  -9.51308589159630818566e-03-j1.14924968391293055858e-02
  -9.63348866061945752204e-03-j9.50537930128366598259e-03
  -9.73523078714179368465e-03-j7.51380707413547288542e-03
  -9.81806286953015860952e-03-j5.51812308742605922562e-03
  -9.88174985411202633223e-03-j3.51868411037101896932e-03
  -9.92607181019424661406e-03-j1.51586006905109205167e-03
  -9.95082467300696660306e-03+j4.89966681567456652235e-04
  -9.95582095206676287447e-03+j2.49840212928766070011e-03
  -9.94089040196095841129e-03+j4.50904141864925944727e-03
  -9.90588065318170202245e-03+j6.52146970466945669065e-03
  -9.85065780027111204120e-03+j8.53526304494223175823e-03
  -9.77510694514047845383e-03+j1.05499893272551943657e-02
  -9.67913269309644136440e-03+j1.25652092308024890266e-02
  -9.56265959950348964913e-03+j1.45804772180679834831e-02
  -9.42563256526902232268e-03+j1.65953425549110328285e-02
  -9.26801717917005718483e-03+j1.86093503559186038143e-02
  -9.08980000544479943558e-03+j2.06220426521876408488e-02
  -8.89098881530185625177e-03+j2.26329594782874593539e-02
  -8.67161276090000487926e-03+j2.46416399756231377371e-02
  -8.43172249089841480130e-03+j2.66476235085010004777e-02
  -8.17139020660451881328e-03+j2.86504507901276378457e-02
  -7.89070965804500312757e-03+j3.06496650147488301774e-02
  -7.58979607951890816731e-03+j3.26448129927872990330e-02
  -7.26878606440668068034e-03+j3.46354462855640032881e-02
  -6.92783737905068586205e-03+j3.66211223360445037311e-02
  -6.56712871597521508082e-03+j3.86014055922728055448e-02
  -6.18685938684344904903e-03+j4.05758686201133783600e-02
  -5.78724895548852341642e-03+j4.25440932017617373662e-02
  -5.36853681212957900559e-03+j4.45056714168201583703e-02
  -4.93098168941409620292e-03+j4.64602067025750645191e-02
  -4.47486112168617167217e-03+j4.84073148903043370961e-02
  -4.00047084870464031425e-03+j5.03466252142762207833e-02
  -3.50812416543716532047e-03+j5.22777812907002717435e-02
  -2.99815121958964952986e-03+j5.42004420632951344761e-02
  -2.47089825873926527411e-03+j5.61142827129566673650e-02
  -1.92672682926625649102e-03+j5.80189955285875039181e-02
  -1.36601292903225368658e-03+j5.99142907365543889164e-02
  -7.89146116462427493765e-04+j6.17998972863198284267e-02
  -1.96528578147933674636e-04+j6.36755635900086019996e-02
  +4.11425842063974089857e-04+j6.55410582136129737929e-02
  +1.03429265007252968456e-03+j6.73961705179884768002e-02
  +1.67163774167807671622e-03+j6.92407112477118752425e-02
  +2.32301847294703878166e-03+j7.10745130662564089663e-02
  +2.98798475798154467009e-03+j7.28974310359111754565e-02
  +3.66608019088680847641e-03+j7.47093430411740061503e-02
  +4.35684318887115396013e-03+j7.65101501545972367824e-02
  +5.05980815345295764640e-03+j7.82997769439973401173e-02
  +5.77450664646449174366e-03+j8.00781717203615239775e-02
  +6.50046857772786090823e-03+j8.18453067259049260596e-02
  +7.23722340124155483210e-03+j8.36011782618553689339e-02
  +7.98430131661134745436e-03+j8.53458067557416877325e-02
  +8.74123447255247681964e-03+j8.70792367681430951043e-02
  +9.50755816933931963142e-03+j8.88015369391371572894e-02
  +1.02828120570835346292e-02+j9.05127998746665940466e-02
  +1.10665413266928663871e-02+j9.22131419732955814883e-02
  +1.18582978904922323182e-02+j9.39027031940666279120e-02
  +1.26576415495215088836e-02+j9.55816467661982638315e-02
  +1.34641411446928260798e-02+j9.72501588416132406456e-02
  +1.42773756887564703955e-02+j9.89084480913651753475e-02
  +1.50969354765386754025e-02+j1.00556745247183082492e-01
  +1.59224231706434696254e-02+j1.02195302589600217624e-01
  +1.67534548600862115419e-02+j1.03824393384005106422e-01
  +1.75896610893046950741e-02+j1.05444311266376697378e-01
  +1.84306878553070138671e-02+j1.07055369580358689108e-01
  +1.92761975705004265369e-02+j1.08657900667540691098e-01
  +2.01258699892090942019e-02+j1.10252255112874411602e-01
  +2.09794030957109051139e-02+j1.11838800947274316644e-01
  +2.18365139518592980827e-02+j1.13417922809487980995e-01
  +2.26969395026278206173e-02+j1.14990021069495407247e-01
  +2.35604373376331541201e-02+j1.16555510915672844163e-01
  +2.44267864073107326961e-02+j1.18114821408046688500e-01
  +2.52957876921355573341e-02+j1.19668394500116376244e-01
  +2.61672648236966967628e-02+j1.21216684031610899552e-01
  +2.70410646562448120367e-02+j1.22760154694760759142e-01
  +2.79170577879526912723e-02+j1.24299280976614467953e-01
  +2.87951390306034789301e-02+j1.25834546079923115247e-01
  +2.96752278272380889956e-02+j1.27366440825359777955e-01
  +3.05572686168077874147e-02+j1.28895462537550908877e-01
  +3.14412311455443196917e-02+j1.30422113917626536495e-01
  +3.23271107243250227503e-02+j1.31946901905112795594e-01
  +3.32149284321694576727e-02+j1.33470336531598982033e-01
  +3.41047312652151823897e-02+j1.34992929769075648005e-01
  +3.49965922316369387746e-02+j1.36515194375530446447e-01
  +3.58906103921902627785e-02+j1.38037642740538091246e-01
  +3.67869108469472058665e-02+j1.39560785733414349785e-01
  +3.76856446683146995014e-02+j1.41085131556741849579e-01
  +3.85869887810563472197e-02+j1.42611184607746438457e-01
  +3.94911457897163531428e-02+j1.44139444350240758519e-01
  +4.03983437543226769906e-02+j1.45670404199631148279e-01
  +4.13088359152078976599e-02+j1.47204550423555624583e-01
  +4.22229003678857989224e-02+j1.48742361060679256779e-01
  +4.31408396891221485037e-02+j1.50284304860031275863e-01
  +4.40629805154461456906e-02+j1.51830840243311060433e-01
  +4.49896730754347912162e-02+j1.53382414292488084007e-01
  +4.59212906772197976268e-02+j1.54939461764977526315e-01
  +4.68582291528734512509e-02+j1.56502404138620265783e-01
  +4.78009062612802862469e-02+j1.58071648688490773438e-01
  +4.87497610514138340898e-02+j1.59647587597751161592e-01
  +4.97052531878287504052e-02+j1.61230597104275508169e-01
  +5.06678622405547368635e-02+j1.62821036685181191883e-01
  +5.16380869413829851622e-02+j1.64419248280787855254e-01
  +5.26164444088922794718e-02+j1.66025555559812659778e-01
  +5.36034693445197260586e-02+j1.67640263227298275117e-01
  +5.45997132021177333794e-02+j1.69263656376655247104e-01
  +5.56057433335368916927e-02+j1.70895999887222760361e-01
  +5.66221421128181162663e-02+j1.72537537868458101808e-01
  +5.76495060417275412279e-02+j1.74188493151685608318e-01
  +5.86884448393629812313e-02+j1.75849066830501055136e-01
  +5.97395805187200326647e-02+j1.77519437850419348202e-01
  +6.08035464529942601408e-02+j1.79199762648292126865e-01
  +6.18809864347393337458e-02+j1.80890174842126216781e-01
  +6.29725537306780464020e-02+j1.82590784971235153833e-01
  +6.40789101353831797026e-02+j1.84301680287171337769e-01
</dep>
<dep S[4,4] frequency>
  -1.56216642905021574350e-04+j1.82143193488578172823e-02
  -2.10520431204702651584e-04+j1.77389936180255176901e-02
  -2.67400730637690209335e-04+j1.72622361829186839188e-02
  -3.27065101094710375396e-04+j1.67841707560069663963e-02
  -3.89712413325644935203e-04+j1.63049267873322800693e-02
  -4.55532986011718266095e-04+j1.58246391820800053063e-02
  -5.24708717370342414554e-04+j1.53434480431910644227e-02
  -5.97413209227050379102e-04+j1.48614984379738940268e-02
  -6.73811882145630702823e-04+j1.43789401866145430398e-02
  -7.54062079938652707334e-04+j1.38959276708239681808e-02
  -8.38313162337345207931e-04+j1.34126196607475475786e-02
  -9.26706584635388075366e-04+j1.29291791582822890305e-02
  -1.01937596335668206882e-03+j1.24457732544928714735e-02
  -1.11644712711491192469e-03+j1.19625729995634921821e-02
  -1.21803815209353683002e-03+j1.14797532827308826353e-02
  -1.32425938158935857514e-03+j1.09974927205370442973e-02
  -1.43521342940437085511e-03+j1.05159735512383376022e-02
  -1.55099516690803893026e-03+j1.00353815331223061857e-02
  -1.67169169384354804331e-03+j9.55590584509633661492e-03
  -1.79738229297095319925e-03+j9.07773898725579286850e-03
  -1.92813836900500301663e-03+j8.60107667962965033448e-03
  -2.06402337219215026298e-03+j8.12611775735452845915e-03
  -2.20509270729495748808e-03+j7.65306406011613538087e-03
  -2.35139362857889056002e-03+j7.18212031450667087729e-03
  -2.50296512179768934625e-03+j6.71349400740028912082e-03
  -2.65983777416934318027e-03+j6.24739524882507446524e-03
  -2.82203363339322138570e-03+j5.78403662292472503514e-03
  -2.98956605695579157034e-03+j5.32363302555834139174e-03
  -3.16243955315158309372e-03+j4.86640148719975906833e-03
  -3.34064961502491489936e-03+j4.41256098020724463193e-03
  -3.52418254890460129480e-03+j3.96233220915368639092e-03
  -3.71301529905695548023e-03+j3.51593738350508555612e-03
  -3.90711527001317074359e-03+j3.07359997162884313049e-03
  -4.10644014835140954561e-03+j2.63554443579272490439e-03
  -4.31093772563637990525e-03+j2.20199594724302533111e-03
  -4.52054572431557707968e-03+j1.77318008116657266360e-03
  -4.73519162833373110505e-03+j1.34932249130827186523e-03
  -4.95479252033851572806e-03+j9.30648563990138510960e-04
  -5.17925492733164755804e-03+j5.17383051493743029159e-04
  -5.40847467658015293446e-03+j1.09749685159657439648e-04
  -5.64233676361613166461e-03-j2.92029231713814008131e-04
  -5.88071523424083149323e-03-j6.87733250707048271444e-04
  -6.12347308224058146930e-03-j1.07714422428911715812e-03
  -6.37046216462056578977e-03-j1.46004677023268969460e-03
  -6.62152313615529172081e-03-j1.83622875384575889868e-03
  -6.87648540486614917588e-03-j2.20548178687607343562e-03
  -7.13516711007944164080e-03-j2.56760174199042318088e-03
  -7.39737512466512661669e-03-j2.92238928190979851962e-03
  -7.66290508292984378497e-03-j3.26965040155897945784e-03
  -7.93154143555470717009e-03-j3.60919698202412375654e-03
  -8.20305753299313891724e-03-j3.94084735471466468537e-03
  -8.47721573845552564541e-03-j4.26442687410023835159e-03
  -8.75376757171284630710e-03-j4.57976849727662060907e-03
  -9.03245388466928506022e-03-j4.88671336850339532720e-03
  -9.31300506969037072968e-03-j5.18511140697751338191e-03
  -9.59514130141481125236e-03-j5.47482189550338449457e-03
  -9.87857281278429512350e-03-j5.75571406849195721378e-03
  -1.01630002057412072158e-02-j6.02766769650588118967e-03
  -1.04481147970887904702e-02-j6.29057366589728245154e-03
  -1.07335989997473582602e-02-j6.54433455075763281794e-03
  -1.10191267394872706442e-02-j6.78886517515545767631e-03
  -1.13043639071618573499e-02-j7.02409316327627653020e-03
  -1.15889688462211294662e-02-j7.24995947521238359723e-03
  -1.18725928752631791629e-02-j7.46641892608942980836e-03
  -1.21548808449836176493e-02-j7.67344068600034345806e-03
  -1.24354717290627164727e-02-j7.87100875867517008055e-03
  -1.27139992480825962662e-02-j8.05912243647030623883e-03
  -1.29900925255721499951e-02-j8.23779672936776619085e-03
  -1.32633767750366601823e-02-j8.40706276571170918466e-03
  -1.35334740167671677136e-02-j8.56696816264741756175e-03
  -1.38000038230292852715e-02-j8.71757736401217175892e-03
  -1.40625840899603130052e-02-j8.85897194355782929831e-03
  -1.43208318346616306216e-02-j8.99125087169488218519e-03
  -1.45743640153941228510e-02-j9.11453074361615045440e-03
  -1.48227983732345872103e-02-j9.22894596736021505246e-03
  -1.50657542926721094156e-02-j9.33464890968481453282e-03
  -1.53028536792867222993e-02-j9.43180999855838808621e-03
  -1.55337218519095571212e-02-j9.52061778063426067398e-03
  -1.57579884468852585155e-02-j9.60127893241917440559e-03
  -1.59752883318745528274e-02-j9.67401822402425004555e-03
  -1.61852625264894411927e-02-j9.73907843444075937978e-03
  -1.63875591271116921588e-02-j9.79672021755233213280e-03
  -1.65818342329323853424e-02-j9.84722191810549762891e-03
  -1.67677528704245557001e-02-j9.89087933718691553198e-03
  -1.69449899132625564357e-02-j9.92800544685494557040e-03
  -1.71132309947999994293e-02-j9.95893005385263541118e-03
  -1.72721734099035989507e-02-j9.98399941220594333569e-03
  -1.74215270033492575230e-02-j1.00035757852258988532e-02
  -1.75610150414954382936e-02-j1.00180369570529309575e-02
  -1.76903750644902824085e-02-j1.00277756946017884698e-02
  -1.78093597157211666615e-02-j1.00331991604524425887e-02
  -1.79177375456941179177e-02-j1.00347282778623578259e-02
  -1.80152937874603000235e-02-j1.00327970490285203753e-02
  -1.81018311004939869147e-02-j1.00278518278739681158e-02
  -1.81771702805553284077e-02-j1.00203505491342145794e-02
  -1.82411509324391721276e-02-j1.00107619151552501569e-02
  -1.82936321033867893560e-02-j9.99956454269997074835e-03
  -1.83344928742901966401e-02-j9.98724607145788645379e-03
  -1.83636329066270143073e-02-j9.97430223685797506805e-03
  -1.83809729426418558274e-02-j9.96123590932557201327e-03
  -1.83864552566858352467e-02-j9.94855610261440731490e-03
  -1.83800440559400771190e-02-j9.93677695400238536472e-03
  -1.83617258285108456151e-02-j9.92641667901130592133e-03
  -1.83315096373229680093e-02-j9.91799650365655233175e-03
  -1.82894273585152630779e-02-j9.91203957730646401103e-03
  -1.82355338628005653190e-02-j9.90906986916034043800e-03
  -1.81699071390044666896e-02-j9.90961105169869613252e-03
  -1.80926483587154768307e-02-j9.91418537430021826196e-03
  -1.80038818814327525319e-02-j9.92331253038311947301e-03
  -1.79037551997783817015e-02-j9.93750852140794921352e-03
  -1.77924388244852377250e-02-j9.95728452131776353706e-03
  -1.76701261090748129590e-02-j9.98314574453995629000e-03
  -1.75370330144158578789e-02-j1.00155903212579486250e-02
  -1.73933978136284334015e-02-j1.00551081832623186163e-02
  -1.72394807376173714308e-02-j1.01021799636092472763e-02
  -1.70755635624000451367e-02-j1.01572759137616638880e-02
  -1.69019491388609013893e-02-j1.02208548411175659254e-02
  -1.67189608663125405252e-02-j1.02933630704794484845e-02
  -1.65269421111271241909e-02-j1.03752334323566133834e-02
  -1.63262555720587732022e-02-j1.04668842813498801092e-02
  -1.61172825939240385584e-02-j1.05687185474341756308e-02
  -1.59004224314917425032e-02-j1.06811228230082218282e-02
  -1.56760914658356370621e-02-j1.08044664885139623384e-02
  -1.54447223750568546352e-02-j1.09391008790411629892e-02
  -1.52067632620597054105e-02-j1.10853584945606060269e-02
  -1.49626767415082378987e-02-j1.12435522558789070119e-02
  -1.47129389889437967032e-02-j1.14139748086350238665e-02
  -1.44580387544605282191e-02-j1.15968978771787949861e-02
  -1.41984763439309269462e-02-j1.17925716701922488755e-02
  -1.39347625707145761353e-02-j1.20012243397479047291e-02
  -1.36674176806410169194e-02-j1.22230614951148557068e-02
  -1.33969702535187418224e-02-j1.24582657727396271113e-02
  -1.31239560842351110637e-02-j1.27069964634759433042e-02
  -1.28489170464718971409e-02-j1.29693891978801181114e-02
  -1.25723999423578633450e-02-j1.32455556904223989423e-02
  -1.22949553412156076249e-02-j1.35355835431325011164e-02
  -1.20171364105416469958e-02-j1.38395361090170049972e-02
  -1.17394977425261115567e-02-j1.41574524154754466387e-02
  -1.14625941792775715156e-02-j1.44893471477183718998e-02
  -1.11869796398993276432e-02-j1.48352106920346601959e-02
  -1.09132059525513733234e-02-j1.51950092385526661087e-02
  -1.06418216946252974786e-02-j1.55686849429716202275e-02
  -1.03733710441226839594e-02-j1.59561561467260540348e-02
  -1.01083926451785433009e-02-j1.63573176545906764923e-02
  -9.84741849058409779438e-03-j1.67720410688746365824e-02
  -9.59097282438461928855e-03-j1.72001751790308923806e-02
  -9.33957106707238721155e-03-j1.76415464054341386557e-02
  -9.09371876622090680176e-03-j1.80959592959556991865e-02
  -8.85391057511022289139e-03-j1.85631970737258934767e-02
  -8.62062926187011357992e-03-j1.90430222345833663478e-02
  -8.39434475147216724311e-03-j1.95351771922900249723e-02
  -8.17551320293669059325e-03-j2.00393849697692479073e-02
  -7.96457612387501540097e-03-j2.05553499342935250271e-02
  -7.76195952446570580641e-03-j2.10827585746628590191e-02
  -7.56807311286320644195e-03-j2.16212803181201063119e-02
  -7.38330953367398457043e-03-j2.21705683848003876069e-02
  -7.20804365151137688139e-03-j2.27302606774510904120e-02
  -7.04263188093223746478e-03-j2.32999807039438455725e-02
  -6.88741156439213325635e-03-j2.38793385302420342609e-02
  -6.74270039941445020748e-03-j2.44679317612150476480e-02
  -6.60879591640206598413e-03-j2.50653465468667867311e-02
  -6.48597500783457125983e-03-j2.56711586112790580982e-02
  -6.37449351015426102229e-03-j2.62849343016976835785e-02
  -6.27458583886060516921e-03-j2.69062316550971805662e-02
  -6.18646467774135871975e-03-j2.75346014794989810137e-02
  -6.11032072254523439536e-03-j2.81695884473271498938e-02
  -6.04632247991097881989e-03-j2.88107321981803249367e-02
  -5.99461612129977006180e-03-j2.94575684480930868880e-02
  -5.95532539272548844256e-03-j3.01096301026982718363e-02
  -5.92855157974862823078e-03-j3.07664483714898892575e-02
  -5.91437352814162820014e-03-j3.14275538804262288828e-02
  -5.91284771958817956250e-03-j3.20924777801630325968e-02
  -5.92400840242612858333e-03-j3.27607528471946171655e-02
  -5.94786777665211319199e-03-j3.34319145752060564725e-02
  -5.98441623289527185880e-03-j3.41055022539581281782e-02
  -6.03362264438236928221e-03-j3.47810600330347996501e-02
  -6.09543471116922100372e-03-j3.54581379678971173042e-02
  -6.16977935568176899528e-03-j3.61362930456267245072e-02
  -6.25656316840616372188e-03-j3.68150901878380731880e-02
  -6.35567290254945155281e-03-j3.74941032282792435781e-02
  -6.46697601630227131286e-03-j3.81729158627178849494e-02
  -6.59032126129994316743e-03-j3.88511225687227304548e-02
  -6.72553931563492010670e-03-j3.95283294930659917510e-02
  -6.87244345976765341755e-03-j4.02041553045008534517e-02
  -7.03083029352637167708e-03-j4.08782320098011187071e-02
  -7.20048049226067188311e-03-j4.15502057309293931775e-02
  -7.38115960010877342201e-03-j4.22197374414697290668e-02
  -7.57261885827529429571e-03-j4.28865036603230387335e-02
  -7.77459606604060174395e-03-j4.35501971009961755255e-02
  -7.98681647219153661998e-03-j4.42105272747613520234e-02
  -8.20899369436839387859e-03-j4.48672210461106696355e-02
  -8.44083066389528235973e-03-j4.55200231391571924489e-02
  -8.68202059344106227834e-03-j4.61686965936174836811e-02
  -8.93224796469117843234e-03-j4.68130231691653575510e-02
  -9.19118953349140968556e-03-j4.74528036972601818810e-02
  -9.45851534938432075839e-03-j4.80878583794319552913e-02
  -9.73388978677601490741e-03-j4.87180270313379570890e-02
  -1.00169725847259541429e-02-j4.93431692720639608618e-02
  -1.03074198923163544428e-02-j4.99631646581453064959e-02
  -1.06048853166234302581e-02-j5.05779127622222185456e-02
</dep>
<dep S[4,3] frequency>
  +3.00307953797786103545e-02+j7.58756755336913446541e-02
  +3.15449118271220463328e-02+j7.42952487839743241915e-02
  +3.30006898375960616709e-02+j7.26852383477745028761e-02
  +3.43975736862818237682e-02+j7.10475595266332748956e-02
  +3.57350678437929059061e-02+j6.93841362201426808953e-02
  +3.70127369298474812043e-02+j6.76968990709444495835e-02
  +3.82302056134085077588e-02+j6.59877836276085011358e-02
  +3.93871584602580870893e-02+j6.42587285269433511337e-02
  +4.04833397299022984539e-02+j6.25116736964373143071e-02
  +4.15185531230079646337e-02+j6.07485585780125070254e-02
  +4.24926614809127550787e-02+j5.89713203740141467257e-02
  +4.34055864384732537076e-02+j5.71818923162445563735e-02
  +4.42573080318520023502e-02+j5.53822019586503455635e-02
  +4.50478642622946234830e-02+j5.35741694947866470278e-02
  +4.57773506175601918589e-02+j5.17597061001368874411e-02
  +4.64459195519997813939e-02+j4.99407123004367847763e-02
  +4.70537799267280454352e-02+j4.81190763661294568232e-02
  +4.76011964111053634263e-02+j4.62966727335965971823e-02
  +4.80884888466767412840e-02+j4.44753604536091765032e-02
  +4.85160315747640083495e-02+j4.26569816673186275047e-02
  +4.88842527288951556041e-02+j4.08433601101406903999e-02
  +4.91936334930435023582e-02+j3.90362996439644616142e-02
  +4.94447073269391329520e-02+j3.72375828176508341660e-02
  +4.96380591592640793563e-02+j3.54489694564160476298e-02
  +4.97743245498677155947e-02+j3.36721952800608723133e-02
  +4.98541888219055928655e-02+j3.19089705502625525790e-02
  +4.98783861647743159695e-02+j3.01609787471622883825e-02
  +4.98476987087938111509e-02+j2.84298752753351507971e-02
  +4.97629555724121014348e-02+j2.67172861991674948090e-02
  +4.96250318827240743946e-02+j2.50248070079086837314e-02
  +4.94348477701077176905e-02+j2.33540014103609527840e-02
  +4.91933673376360389162e-02+j2.17064001593276351132e-02
  +4.89015976059954116106e-02+j2.00834999058531610272e-02
  +4.85605874345066829134e-02+j1.84867620834893719994e-02
  +4.81714264188893986907e-02+j1.69176118223871296831e-02
  +4.77352437663268111545e-02+j1.53774368935547939286e-02
  +4.72532071483279109136e-02+j1.38675866832096567061e-02
  +4.67265215319952326167e-02+j1.23893711974718268021e-02
  +4.61564279900520679778e-02+j1.09440600972965929039e-02
  +4.55442024901122483049e-02+j9.53288176397502906578e-03
  +4.48911546637023872730e-02+j8.15702239532697936930e-03
  +4.41986265552595583572e-02+j6.81762513263235725436e-03
  +4.34679913516309440746e-02+j5.51578921862475035631e-03
  +4.27006520923646840093e-02+j4.25256918681042594965e-03
  +4.18980403611208390702e-02+j3.02897408218488761733e-03
  +4.10616149585687761903e-02+j1.84596671382517008020e-03
  +4.01928605570701785732e-02+j7.04462939645628116736e-04
  +3.92932863374990323790e-02-j3.94669016410331696676e-04
  +3.83644246084224871396e-02-j1.45060921426121147704e-03
  +3.74078294081415241301e-02-j2.46258661420510616136e-03
  +3.64250750897191291622e-02-j3.42987965968095942504e-03
  +3.54177548894921076506e-02-j4.35181682568465399985e-03
  +3.43874794793541244120e-02-j5.22777713230244966969e-03
  +3.33358755032398812457e-02-j6.05719062274595598794e-03
  +3.22645840982062129254e-02-j6.83953880534668434699e-03
  +3.11752594005447608572e-02-j7.57435505870258929395e-03
  +3.00695670373975210143e-02-j8.26122499945571020508e-03
  +2.89491826044662274586e-02-j8.89978681172057251025e-03
  +2.78157901303148560879e-02-j9.48973153767668220482e-03
  +2.66710805279251755850e-02-j1.00308033283194458773e-02
  +2.55167500341533202979e-02-j1.05227996536593898513e-02
  +2.43544986378854619313e-02-j1.09655714714768093287e-02
  +2.31860284976043024008e-02-j1.13590233538275880987e-02
  +2.20130423492913562811e-02-j1.17031135704255134788e-02
  +2.08372419056247898395e-02-j1.19978541279692346722e-02
  +1.96603262473993636861e-02-j1.22433107646302552496e-02
  +1.84839902083530800703e-02-j1.24396028987940471255e-02
  +1.73099227544657348343e-02-j1.25869035311921284581e-02
  +1.61398053590865175888e-02-j1.26854390995681381993e-02
  +1.49753103750917063164e-02-j1.27354892851261058961e-02
  +1.38180994056285658123e-02-j1.27373867699262510733e-02
  +1.26698216747521616443e-02-j1.26915169444695302703e-02
  +1.15321123997076183110e-02-j1.25983175648236023214e-02
  +1.04065911664188853747e-02-j1.24582783585688444683e-02
  +9.29486030986945849230e-03-j1.22719405790618213414e-02
  +8.19850330131897259145e-03-j1.20398965073966190964e-02
  +7.11908314409960552016e-03-j1.17627889016837239300e-02
  +6.05814078002988448679e-03-j1.14413103932559517828e-02
  +5.01719350845564182606e-03-j1.10762028295130626754e-02
  +3.99773341993077402368e-03-j1.06682565632174597425e-02
  +3.00122584679607395941e-03-j1.02183096881893198393e-02
  +2.02910783270845301862e-03-j9.72724722138697261986e-03
  +1.08278662344231391135e-03-j9.19600023151942447264e-03
  +1.63638181215272626723e-04-j8.62554491446221316409e-03
  -7.26994275210640639173e-04-j8.01690161583243354748e-03
  -1.58780170229080863642e-03-j7.37113380127107920003e-03
  -2.41751063301196000843e-03-j6.68934697499745656302e-03
  -3.21488454545719448685e-03-j5.97268754748568608814e-03
  -3.97872519621421394387e-03-j5.22234165312289444483e-03
  -4.70787391645090258496e-03-j4.43953391892649984474e-03
  -5.40121286825206992077e-03-j3.62552618546721494575e-03
  -6.05766625904170796790e-03-j2.78161618137146016139e-03
  -6.67620151189854404983e-03-j1.90913615282385651373e-03
  -7.25583038956917336648e-03-j1.00945144968517253048e-03
  -7.79561007017981477674e-03-j8.39590699961145769947e-05
  -8.29464417257408381801e-03+j8.65913835388455732645e-04
  -8.75208372943610257710e-03+j1.83871149586081056304e-03
  -9.16712810632355767915e-03+j2.83295108989142785383e-03
  -9.53902586495543325373e-03+j3.84712434724614887882e-03
  -9.86707556913873906623e-03+j4.87969918238511518593e-03
  -1.01506265318321020619e-02+j5.92912135649404509197e-03
  -1.03890795020871312682e-02+j6.99381616568456321303e-03
  -1.05818872905931588013e-02+j8.07219015272180734355e-03
  -1.07285553327876315155e-02+j9.16263283957513552380e-03
  -1.08286421886661099467e-02+j1.02635184780245150571e-02
  -1.08817599784849367017e-02+j1.13732078155807554698e-02
  -1.08875747538114686641e-02+j1.24900498736926109100e-02
  -1.08458068034862631368e-02+j1.36123837355603231891e-02
  -1.07562308942271561696e-02+j1.47385403404360557089e-02
  -1.06186764457964766262e-02+j1.58668442816172934606e-02
  -1.04330276408267502708e-02+j1.69956156051341844559e-02
  -1.01992234695056499527e-02+j1.81231716062388789612e-02
  -9.91725770959187014064e-03+j1.92478286207947504871e-02
  -9.58717884232612727047e-03+j2.03679038087535534129e-02
  -9.20908990493672641175e-03+j2.14817169268147374617e-02
  -8.78314828074130971025e-03+j2.25875920876251259917e-02
  -8.30956542779455464842e-03+j2.36838595027952653060e-02
  -7.78860654736478197346e-03+j2.47688572071337285985e-02
  -7.22059019356208198204e-03+j2.58409327615739224659e-02
  -6.60588782559473619571e-03+j2.68984449324720514829e-02
  -5.94492330429673143666e-03+j2.79397653448703944812e-02
  -5.23817233459575315457e-03+j2.89632801076359046311e-02
  -4.48616185584486959481e-03+j2.99673914083883261017e-02
  -3.68946938186823225614e-03+j3.09505190763052079328e-02
  -2.84872229283776590147e-03+j3.19111021110111484078e-02
  -1.96459708098824237243e-03+j3.28476001759614860687e-02
  -1.03781855243981202541e-03+j3.37584950547846485147e-02
  -6.91589873018094714041e-05+j3.46422920692611158167e-02
  +9.40562739656439217306e-04+j3.54975214577783540482e-02
  +1.99048207544817723491e-03+j3.63227397132345544706e-02
  +3.07968974010902618588e-03+j3.71165308794886086852e-02
  +4.20723271037515278437e-03+j3.78775078056766204004e-02
  +5.37211523348320174609e-03+j3.86043133578614777734e-02
  +6.57329986875833383042e-03+j3.92956215875579703556e-02
  +7.80970855466485425200e-03+j3.99501388569039675436e-02
  +9.08022369908567661412e-03+j4.05666049204108369874e-02
  +1.03836892905998234848e-02+j4.11437939632778304500e-02
  +1.17189120285675768551e-02+j4.16805155964741491648e-02
  +1.30846624699290509097e-02+j4.21756158088917171289e-02
  +1.44796761906956367172e-02+j4.26279778770068534799e-02
  +1.59026549602015454532e-02+j4.30365232326049562683e-02
  +1.73522679261912254889e-02+j4.34002122891853220343e-02
  +1.88271528090373507780e-02+j4.37180452278980793968e-02
  +2.03259171033883384583e-02+j4.39890627437680842293e-02
  +2.18471392857422924694e-02+j4.42123467532310049366e-02
  +2.33893700264307946579e-02+j4.43870210639393109053e-02
  +2.49511334047317900886e-02+j4.45122520079444528029e-02
  +2.65309281259297480293e-02+j4.45872490393964399091e-02
  +2.81272287391894221242e-02+j4.46112652979196305791e-02
  +2.97384868552776418515e-02+j4.45835981389001365094e-02
  +3.13631323633842620802e-02+j4.45035896319199014703e-02
  +3.29995746462146133382e-02+j4.43706270285793222263e-02
  +3.46462037928779720275e-02+j4.41841432009985324303e-02
  +3.63013918090577536457e-02+j4.39436170522234312297e-02
  +3.79634938241014824323e-02+j4.36485738997976074893e-02
  +3.96308492948878945961e-02+j4.32985858336878831620e-02
  +4.13017832062858580855e-02+j4.28932720497882669086e-02
  +4.29746072682817906174e-02+j4.24322991601009391616e-02
  +4.46476211098314063053e-02+j4.19153814807057406577e-02
  +4.63191134696931752779e-02+j4.13422812985339144243e-02
  +4.79873633845173813706e-02+j4.07128091179357470830e-02
  +4.96506413746609295834e-02+j4.00268238878797172342e-02
  +5.13072106280833689640e-02+j3.92842332106602964981e-02
  +5.29553281830572736277e-02+j3.84849935327595538137e-02
  +5.45932461101293689532e-02+j3.76291103185627945349e-02
  +5.62192126941724532041e-02+j3.67166382073974562061e-02
  +5.78314736171632939876e-02+j3.57476811544003292287e-02
  +5.94282731425363197619e-02+j3.47223925554296791729e-02
  +6.10078553018412877984e-02+j3.36409753563744334803e-02
  +6.25684650846343032304e-02+j3.25036821468363545939e-02
  +6.41083496323829743480e-02+j3.13108152382797905178e-02
  +6.56257594372884750511e-02+j3.00627267264599873364e-02
  +6.71189495468275665324e-02+j2.87598185379479009960e-02
  +6.85861807749162250003e-02+j2.74025424603578093841e-02
  +7.00257209204900171740e-02+j2.59914001558515794787e-02
  +7.14358459942442403090e-02+j2.45269431573432311611e-02
  +7.28148414543734190385e-02+j2.30097728467023032728e-02
  +7.41610034519372546269e-02+j2.14405404141821548381e-02
  +7.54726400865165514276e-02+j1.98199467982032445645e-02
  +7.67480726727402529086e-02+j1.81487426044678878956e-02
  +7.79856370181830765853e-02+j1.64277280033481021260e-02
  +7.91836847130367726955e-02+j1.46577526043818601176e-02
  +8.03405844319255574293e-02+j1.28397153065878538714e-02
  +8.14547232480384714171e-02+j1.09745641233307822393e-02
  +8.25245079597711900243e-02+j9.06329598026665850252e-03
  +8.35483664298192485465e-02+j7.10695648501202814629e-03
  +8.45247489367350890443e-02+j5.10663966688104653535e-03
  +8.54521295386258539217e-02+j3.06348768527150983054e-03
  +8.63290074487136765979e-02+j9.78690505028537161003e-04
  +8.71539084222941462521e-02-j1.14651446284343150328e-03
  +8.79253861544370407533e-02-j3.31084275669464578318e-03
  +8.86420236877723533020e-02-j5.51296329770550874727e-03
  +8.93024348294527703374e-02-j7.75149886294594636649e-03
  +8.99052655762447028298e-02-j1.00250265995690812648e-02
  +9.04491955467065095187e-02-j1.23320785819310552167e-02
  +9.09329394190792755781e-02-j1.46711424130993445258e-02
  +9.13552483734964421158e-02-j1.70406618722661051812e-02
  +9.17149115370090445287e-02-j1.94390376097464678828e-02
  +9.20107574296447350282e-02-j2.18646278907435043237e-02
  +9.22416554098042518195e-02-j2.43157493895288789876e-02
</dep>
<dep S[4,2] frequency>
  +3.00307953797782078986e-02+j7.58756755336917748656e-02
  +3.15449118271220324550e-02+j7.42952487839743241915e-02
  +3.30006898375963947379e-02+j7.26852383477740449091e-02
  +3.43975736862822401019e-02+j7.10475595266328446842e-02
  +3.57350678437929197839e-02+j6.93841362201427225287e-02
  +3.70127369298468567038e-02+j6.76968990709453377619e-02
  +3.82302056134084938810e-02+j6.59877836276084595024e-02
  +3.93871584602580870893e-02+j6.42587285269433650114e-02
  +4.04833397299023123317e-02+j6.25116736964373004293e-02
  +4.15185531230079785114e-02+j6.07485585780124931476e-02
  +4.24926614809125330341e-02+j5.89713203740145977538e-02
  +4.34055864384731981964e-02+j5.71818923162445563735e-02
  +4.42573080318520023502e-02+j5.53822019586503455635e-02
  +4.50478642622946234830e-02+j5.35741694947866609056e-02
  +4.57773506175601502255e-02+j5.17597061001368735633e-02
  +4.64459195519995315937e-02+j4.99407123004372566211e-02
  +4.70537799267280176796e-02+j4.81190763661294290676e-02
  +4.76011964111052454651e-02+j4.62966727335970482105e-02
  +4.80884888466767829174e-02+j4.44753604536091973198e-02
  +4.85160315747641263107e-02+j4.26569816673181972932e-02
  +4.88842527288951556041e-02+j4.08433601101404197831e-02
  +4.91936334930434329693e-02+j3.90362996439648987645e-02
  +4.94447073269390011130e-02+j3.72375828176512435608e-02
  +4.96380591592640932341e-02+j3.54489694564160406909e-02
  +4.97743245498677086558e-02+j3.36721952800608306799e-02
  +4.98541888219055304154e-02+j3.19089705502629411571e-02
  +4.98783861647743229084e-02+j3.01609787471623161381e-02
  +4.98476987087938389065e-02+j2.84298752753353728417e-02
  +4.97629555724121222515e-02+j2.67172861991678833871e-02
  +4.96250318827240952113e-02+j2.50248070079082396422e-02
  +4.94348477701077176905e-02+j2.33540014103613691177e-02
  +4.91933673376360111607e-02+j2.17064001593276212354e-02
  +4.89015976059953769162e-02+j2.00834999058533553162e-02
  +4.85605874345066620967e-02+j1.84867620834893719994e-02
  +4.81714264188893986907e-02+j1.69176118223871435609e-02
  +4.77352437663268180934e-02+j1.53774368935549188286e-02
  +4.72532071483279664248e-02+j1.38675866832095040504e-02
  +4.67265215319952048612e-02+j1.23893711974718545576e-02
  +4.61564279900520471611e-02+j1.09440600972966345372e-02
  +4.55442024901122899383e-02+j9.53288176397501518800e-03
  +4.48911546637023942119e-02+j8.15702239532697936930e-03
  +4.41986265552596624406e-02+j6.81762513263262093233e-03
  +4.34679913516310412192e-02+j5.51578921862519444552e-03
  +4.27006520923646493149e-02+j4.25256918681043982744e-03
  +4.18980403611207488646e-02+j3.02897408218472108388e-03
  +4.10616149585687970069e-02+j1.84596671382517008020e-03
  +4.01928605570701646954e-02+j7.04462939645600361160e-04
  +3.92932863374990185013e-02-j3.94669016410248429949e-04
  +3.83644246084224802007e-02-j1.45060921426119759925e-03
  +3.74078294081415449468e-02-j2.46258661420507840578e-03
  +3.64250750897191152844e-02-j3.42987965968097330283e-03
  +3.54177548894921007117e-02-j4.35181682568466787764e-03
  +3.43874794793542701288e-02-j5.22777713230229701402e-03
  +3.33358755032398465512e-02-j6.05719062274591435457e-03
  +3.22645840982063447644e-02-j6.83953880534650393574e-03
  +3.11752594005446082015e-02-j7.57435505870276970519e-03
  +3.00695670373976736700e-02-j8.26122499945551591605e-03
  +2.89491826044661962336e-02-j8.89978681172061414362e-03
  +2.78157901303147103711e-02-j9.48973153767684873827e-03
  +2.66710805279250333377e-02-j1.00308033283195568997e-02
  +2.55167500341533237673e-02-j1.05227996536593898513e-02
  +2.43544986378854549924e-02-j1.09655714714767815732e-02
  +2.31860284976041358673e-02-j1.13590233538276574876e-02
  +2.20130423492912383199e-02-j1.17031135704255134788e-02
  +2.08372419056247898395e-02-j1.19978541279692763055e-02
  +1.96603262473993706250e-02-j1.22433107646302968829e-02
  +1.84839902083530523147e-02-j1.24396028987940332478e-02
  +1.73099227544659187150e-02-j1.25869035311920313136e-02
  +1.61398053590866112639e-02-j1.26854390995681381993e-02
  +1.49753103750917132553e-02-j1.27354892851261614073e-02
  +1.38180994056286490790e-02-j1.27373867699261678066e-02
  +1.26698216747521547054e-02-j1.26915169444695025147e-02
  +1.15321123997076044332e-02-j1.25983175648236023214e-02
  +1.04065911664189131303e-02-j1.24582783585688583461e-02
  +9.29486030986944461452e-03-j1.22719405790618074636e-02
  +8.19850330131899340813e-03-j1.20398965073966607298e-02
  +7.11908314409979287030e-03-j1.17627889016837239300e-02
  +6.05814078002996775352e-03-j1.14413103932558823939e-02
  +5.01719350845570427611e-03-j1.10762028295130487976e-02
  +3.99773341993078790146e-03-j1.06682565632174736203e-02
  +3.00122584679608089830e-03-j1.02183096881893337171e-02
  +2.02910783270848771309e-03-j9.72724722138697261986e-03
  +1.08278662344232778914e-03-j9.19600023151941059485e-03
  +1.63638181215314260086e-04-j8.62554491446221316409e-03
  -7.26994275210612883598e-04-j8.01690161583246130306e-03
  -1.58780170229086414757e-03-j7.37113380127106532225e-03
  -2.41751063301196000843e-03-j6.68934697499742880744e-03
  -3.21488454545719448685e-03-j5.97268754748568608814e-03
  -3.97872519621421394387e-03-j5.22234165312290832262e-03
  -4.70787391645091646275e-03-j4.43953391892652760031e-03
  -5.40121286825206992077e-03-j3.62552618546721494575e-03
  -6.05766625904169409012e-03-j2.78161618137143240581e-03
  -6.67620151189851629425e-03-j1.90913615282378712479e-03
  -7.25583038956920112206e-03-j1.00945144968521416384e-03
  -7.79561007017985641010e-03-j8.39590699961215158886e-05
  -8.29464417257409769579e-03+j8.65913835388434915963e-04
  -8.75208372943611645489e-03+j1.83871149586078280747e-03
  -9.16712810632355767915e-03+j2.83295108989144867051e-03
  -9.53902586495543325373e-03+j3.84712434724616275661e-03
  -9.86707556913869743287e-03+j4.87969918238514294151e-03
  -1.01506265318320743063e-02+j5.92912135649407284754e-03
  -1.03890795020871451459e-02+j6.99381616568453545746e-03
  -1.05818872905931032902e-02+j8.07219015272184897691e-03
  -1.07285553327876453933e-02+j9.16263283957513552380e-03
  -1.08286421886661099467e-02+j1.02635184780245081182e-02
  -1.08817599784850199685e-02+j1.13732078155807311837e-02
  -1.08875747538114825419e-02+j1.24900498736926109100e-02
  -1.08458068034859994588e-02+j1.36123837355603648225e-02
  -1.07562308942272810697e-02+j1.47385403404360626478e-02
  -1.06186764457964627484e-02+j1.58668442816172899912e-02
  -1.04330276408267780264e-02+j1.69956156051341705782e-02
  -1.01992234695056360749e-02+j1.81231716062388824307e-02
  -9.91725770959182850728e-03+j1.92478286207947435482e-02
  -9.58717884232612727047e-03+j2.03679038087535603518e-02
  -9.20908990493664314503e-03+j2.14817169268147166450e-02
  -8.78314828074139297698e-03+j2.25875920876251155833e-02
  -8.30956542779455464842e-03+j2.36838595027952687755e-02
  -7.78860654736489299577e-03+j2.47688572071337355374e-02
  -7.22059019356209585982e-03+j2.58409327615739189965e-02
  -6.60588782559504150704e-03+j2.68984449324721347496e-02
  -5.94492330429692572569e-03+j2.79397653448704708090e-02
  -5.23817233459575315457e-03+j2.89632801076359011616e-02
  -4.48616185584485571702e-03+j2.99673914083883226323e-02
  -3.68946938186821837835e-03+j3.09505190763051940550e-02
  -2.84872229283765487917e-03+j3.19111021110110928967e-02
  -1.96459708098824237243e-03+j3.28476001759615068853e-02
  -1.03781855243972875869e-03+j3.37584950547845444313e-02
  -6.91589873015874267992e-05+j3.46422920692609909166e-02
  +9.40562739656508606245e-04+j3.54975214577782638425e-02
  +1.99048207544813560155e-03+j3.63227397132345614095e-02
  +3.07968974010892904136e-03+j3.71165308794887058297e-02
  +4.20723271037515278437e-03+j3.78775078056766342782e-02
  +5.37211523348320174609e-03+j3.86043133578614916512e-02
  +6.57329986875830607485e-03+j3.92956215875579911723e-02
  +7.80970855466472935191e-03+j3.99501388569041895882e-02
  +9.08022369908552395845e-03+j4.05666049204109480097e-02
  +1.03836892905998651182e-02+j4.11437939632778373888e-02
  +1.17189120285674380773e-02+j4.16805155964742740649e-02
  +1.30846624699289398874e-02+j4.21756158088918212123e-02
  +1.44796761906956089616e-02+j4.26279778770069506244e-02
  +1.59026549602015454532e-02+j4.30365232326049493294e-02
  +1.73522679261912116111e-02+j4.34002122891853150954e-02
  +1.88271528090374062891e-02+j4.37180452278980308245e-02
  +2.03259171033883384583e-02+j4.39890627437681050460e-02
  +2.18471392857421953249e-02+j4.42123467532311575923e-02
  +2.33893700264306697578e-02+j4.43870210639395884611e-02
  +2.49511334047319288665e-02+j4.45122520079441336138e-02
  +2.65309281259297480293e-02+j4.45872490393964190925e-02
  +2.81272287391895123299e-02+j4.46112652979194362901e-02
  +2.97384868552776279738e-02+j4.45835981389004210040e-02
  +3.13631323633843661636e-02+j4.45035896319197835092e-02
  +3.29995746462147521161e-02+j4.43706270285790863039e-02
  +3.46462037928780483553e-02+j4.41841432009981369133e-02
  +3.63013918090576426234e-02+j4.39436170522234659241e-02
  +3.79634938241014477378e-02+j4.36485738997975866726e-02
  +3.96308492948879848017e-02+j4.32985858336874876451e-02
  +4.13017832062858719633e-02+j4.28932720497882669086e-02
  +4.29746072682818114341e-02+j4.24322991601009530394e-02
  +4.46476211098313924275e-02+j4.19153814807057129022e-02
  +4.63191134696931960946e-02+j4.13422812985339005465e-02
  +4.79873633845174091261e-02+j4.07128091179357470830e-02
  +4.96506413746609504001e-02+j4.00268238878800503011e-02
  +5.13072106280833689640e-02+j3.92842332106605046649e-02
  +5.29553281830573846500e-02+j3.84849935327592623802e-02
  +5.45932461101293689532e-02+j3.76291103185628084127e-02
  +5.62192126941724462652e-02+j3.67166382073974423284e-02
  +5.78314736171633078654e-02+j3.57476811544003708621e-02
  +5.94282731425363683342e-02+j3.47223925554301371399e-02
  +6.10078553018411767761e-02+j3.36409753563742669469e-02
  +6.25684650846342615971e-02+j3.25036821468358411158e-02
  +6.41083496323829882257e-02+j3.13108152382798321511e-02
  +6.56257594372885583178e-02+j3.00627267264602648922e-02
  +6.71189495468275387768e-02+j2.87598185379476373180e-02
  +6.85861807749162388781e-02+j2.74025424603578648952e-02
  +7.00257209204900310517e-02+j2.59914001558516905011e-02
  +7.14358459942442403090e-02+j2.45269431573435642280e-02
  +7.28148414543735994497e-02+j2.30097728467028583843e-02
  +7.41610034519373378936e-02+j2.14405404141824046382e-02
  +7.54726400865167040832e-02+j1.98199467982033833424e-02
  +7.67480726727402529086e-02+j1.81487426044678878956e-02
  +7.79856370181831737298e-02+j1.64277280033481298815e-02
  +7.91836847130367449399e-02+j1.46577526043818601176e-02
  +8.03405844319257100850e-02+j1.28397153065880759160e-02
  +8.14547232480385130504e-02+j1.09745641233307406059e-02
  +8.25245079597713704356e-02+j9.06329598026689442491e-03
  +8.35483664298192763020e-02+j7.10695648501204202407e-03
  +8.45247489367352278222e-02+j5.10663966688129633553e-03
  +8.54521295386258955551e-02+j3.06348768527156534169e-03
  +8.63290074487136765979e-02+j9.78690505028509405427e-04
  +8.71539084222941462521e-02-j1.14651446284343150328e-03
  +8.79253861544368048309e-02-j3.31084275669496497230e-03
  +8.86420236877721590130e-02-j5.51296329770561976957e-03
  +8.93024348294525621705e-02-j7.75149886294619616667e-03
  +8.99052655762449248744e-02-j1.00250265995688730980e-02
  +9.04491955467067454411e-02-j1.23320785819307915387e-02
  +9.09329394190793033337e-02-j1.46711424130993584036e-02
  +9.13552483734962061934e-02-j1.70406618722662162035e-02
  +9.17149115370089196286e-02-j1.94390376097464678828e-02
  +9.20107574296444852280e-02-j2.18646278907437541239e-02
  +9.22416554098040020193e-02-j2.43157493895290177655e-02
</dep>
<dep S[4,1] frequency>
  -4.71489201197940910326e-01+j4.57772373417432015819e-02
  -4.70469007634864266887e-01+j5.37255070988289229472e-02
  -4.69317357073980534476e-01+j6.16462187198539499078e-02
  -4.68035156514275851869e-01+j6.95374600552589039459e-02
  -4.66623322614933888630e-01+j7.73973517489115053758e-02
  -4.65082780567884102041e-01+j8.52240460176673653159e-02
  -4.63414463065760950933e-01+j9.30157254036635544603e-02
  -4.61619309365215613195e-01+j1.00770601502781276260e-01
  -4.59698264444751536484e-01+j1.08486913675777937871e-01
  -4.57652278256447608840e-01+j1.16162927746288086039e-01
  -4.55482305070636361854e-01+j1.23796934690395460388e-01
  -4.53189302912384683886e-01+j1.31387249322580557109e-01
  -4.50774233088303000194e-01+j1.38932208983042593253e-01
  -4.48238059802657962116e-01+j1.46430172229351174273e-01
  -4.45581749860613329783e-01+j1.53879517538553695077e-01
  -4.42806272457418659272e-01+j1.61278642021939755402e-01
  -4.39912599051290542640e-01+j1.68625960157740867329e-01
  -4.36901703318144374322e-01+j1.75919902545006223704e-01
  -4.33774561186134000046e-01+j1.83158914682258838758e-01
  -4.30532150947657565876e-01+j1.90341455774751255881e-01
  -4.27175453446602237939e-01+j1.97465997573523954767e-01
  -4.23705452338566712633e-01+j2.04531023249278187670e-01
  -4.20123134421156785301e-01+j2.11535026305039036698e-01
  -4.16429490032306615088e-01+j2.18476509529507229024e-01
  -4.12625513513614261552e-01+j2.25353983994753981346e-01
  -4.08712203736038282020e-01+j2.32165968100782355021e-01
  -4.04690564685227349706e-01+j2.38910986669474106892e-01
  -4.00561606103625456043e-01+j2.45587570090445767024e-01
  -3.96326344186182788487e-01+j2.52194253521452804723e-01
  -3.91985802327000087963e-01+j2.58729576145181550118e-01
  -3.87541011913569710678e-01+j2.65192080484889347591e-01
  -3.82993013165647488982e-01+j2.71580311780665717425e-01
  -3.78342856015341788556e-01+j2.77892817428582239447e-01
  -3.73591601025614172826e-01+j2.84128146483758337038e-01
  -3.68740320343263816572e-01+j2.90284849229969776907e-01
  -3.63790098683561768933e-01+j2.96361476816450086780e-01
  -3.58742034342775351075e-01+j3.02356580963866083955e-01
  -3.53597240235473231351e-01+j3.08268713740150079872e-01
  -3.48356844952599997711e-01+j3.14096427408009692961e-01
  -3.43021993837053007503e-01+j3.19838274344688089368e-01
  -3.37593850073370116416e-01+j3.25492807034569953117e-01
  -3.32073595787221176323e-01+j3.31058578136135539527e-01
  -3.26462433151567033018e-01+j3.36534140623123478875e-01
  -3.20761585495665135781e-01+j3.41918048000508623119e-01
  -3.14972298412713125337e-01+j3.47208854595938698484e-01
  -3.09095840862855464337e-01+j3.52405115926241574442e-01
  -3.03133506267465102635e-01+j3.57505389139221252393e-01
  -2.97086613590833714671e-01+j3.62508233530520806998e-01
  -2.90956508405263880590e-01+j3.67412211135318744759e-01
  -2.84744563936170314022e-01+j3.72215887393851863063e-01
  -2.78452182082579879907e-01+j3.76917831890694610131e-01
  -2.72080794409676973711e-01+j3.81516619166416437459e-01
  -2.65631863109218546715e-01+j3.86010829600768767822e-01
  -2.59106881924201837286e-01+j3.90399050365941691076e-01
  -2.52507377033597102400e-01+j3.94679876448692845692e-01
  -2.45834907893695164827e-01+j3.98851911739422360093e-01
  -2.39091068031761111445e-01+j4.02913770186711206467e-01
  -2.32277485789101734159e-01+j4.06864077014725933346e-01
  -2.25395825008986500082e-01+j4.10701470001830604151e-01
  -2.18447785666466498533e-01+j4.14424600817544508402e-01
  -2.11435104436278303863e-01+j4.18032136415422250764e-01
  -2.04359555195695929974e-01+j4.21522760478805547102e-01
  -1.97222949458679408519e-01+j4.24895174916651852115e-01
  -1.90027136738385116210e-01+j4.28148101405989800483e-01
  -1.82774004835211695275e-01+j4.31280282977532847255e-01
  -1.75465480046938571146e-01+j4.34290485641035728381e-01
  -1.68103527298820165647e-01+j4.37177500046305289594e-01
  -1.60690150190612529579e-01+j4.39940143176089759613e-01
  -1.53227390958642073482e-01+j4.42577260066441713349e-01
  -1.45717330350212753709e-01+j4.45087725550449286871e-01
  -1.38162087409092471102e-01+j4.47470446020542755861e-01
  -1.30563819169569023115e-01+j4.49724361205050104928e-01
  -1.22924720258271127915e-01+j4.51848445953921262763e-01
  -1.15247022402354126758e-01+j4.53841712028813126789e-01
  -1.07532993842622145997e-01+j4.55703209892608540610e-01
  -9.97849386517339065339e-02+j4.57432030493011565486e-01
  -9.20051959562594029451e-02+j4.59027307035229981125e-01
  -8.41961390630681927316e-02+j4.60488216738297317931e-01
  -7.63601744899316814408e-02+j4.61813982569788228361e-01
  -6.84997409007711832718e-02+j4.63003874953558103300e-01
  -6.06173079467478143068e-02+j4.64057213445063454493e-01
  -5.27153750137559565236e-02+j4.64973368368958861474e-01
  -4.47964698781526601823e-02+j4.65751762413586234413e-01
  -3.68631472723671971270e-02+j4.66391872177041810765e-01
  -2.89179873624489797157e-02+j4.66893229659592678971e-01
  -2.09635941399330116841e-02+j4.67255423697268246208e-01
  -1.30025937307940431253e-02+j4.67478101331627038384e-01
  -5.03763262440452483371e-03+j4.67560969110712154606e-01
  +2.92862417388408758159e-03+j4.67503794316484588833e-01
  +1.08934950633048140828e-02+j4.67306406114101680060e-01
  +1.88542838371380354345e-02+j4.66968696618667356013e-01
  +2.68082817368960960036e-02+j4.66490621875241373573e-01
  +3.47527695669784045251e-02+j4.65872202748151498231e-01
  +4.26850198647003367669e-02+j4.65113525715930231641e-01
  +5.06022991209316638783e-02+j4.64214743568401422280e-01
  +5.85018700463299096137e-02+j4.63176076002785652719e-01
  +6.63809938771564717053e-02+j4.61997810116004936631e-01
  +7.42369327157391678540e-02+j4.60680300790618280082e-01
  +8.20669518992925284273e-02+j4.59223970972235107091e-01
  +8.98683223916863921366e-02+j4.57629311836503016586e-01
  +9.76383231914691729347e-02+j4.55896882844279427438e-01
  +1.05374243750709861711e-01+j4.54027311683719569935e-01
  +1.13073386397948880133e-01+j4.52021294098647719029e-01
  +1.20733068759174930196e-01+j4.49879593602753979908e-01
  +1.28350626170469134246e-01+j4.47603041079679131453e-01
  +1.35923414076267456974e-01+j4.45192534269272521819e-01
  +1.43448810406394788863e-01+j4.42649037140975809557e-01
  +1.50924217926518444699e-01+j4.39973579155204741475e-01
  +1.58347066554979598596e-01+j4.37167254414551176289e-01
  +1.65714815640569529398e-01+j4.34231220706507659024e-01
  +1.73024956195184820285e-01+j4.31166698440011542104e-01
  +1.80275013075407219976e-01+j4.27974969478503053377e-01
  +1.87462547107626192888e-01+j4.24657375872405262740e-01
  +1.94585157151455523383e-01+j4.21215318494200852140e-01
  +2.01640482095659739903e-01+j4.17650255580030660418e-01
  +2.08626202782390746115e-01+j4.13963701181367937920e-01
  +2.15540043854560686709e-01+j4.10157223531191106325e-01
  +2.22379775522212747019e-01+j4.06232443328971182250e-01
  +2.29143215243390763192e-01+j4.02191031949417188152e-01
  +2.35828229316327020459e-01+j3.98034709579500156629e-01
  +2.42432734378733028002e-01+j3.93765243289346589250e-01
  +2.48954698811553187809e-01+j3.89384445041968341172e-01
  +2.55392144044159385974e-01+j3.84894169647438388893e-01
  +2.61743145758406903223e-01+j3.80296312667142699659e-01
  +2.68005834989552049752e-01+j3.75592808273769063199e-01
  +2.74178399122279203848e-01+j3.70785627072780510360e-01
  +2.80259082780287160919e-01+j3.65876773891328999078e-01
  +2.86246188608406615383e-01+j3.60868285540491440244e-01
  +2.92138077946594854062e-01+j3.55762228556700366155e-01
  +2.97933171395508233914e-01+j3.50560696928186865673e-01
  +3.03629949273413801691e-01+j3.45265809812548785107e-01
  +3.09226951964972962550e-01+j3.39879709251051598251e-01
  +3.14722780162669080184e-01+j3.34404557885350839364e-01
  +3.20116095001566680622e-01+j3.28842536682503683299e-01
  +3.25405618088902948148e-01+j3.23195842673657862676e-01
  +3.30590131430210376617e-01+j3.17466686711762147155e-01
  +3.35668477253715236142e-01+j3.11657291253593926594e-01
  +3.40639557735274212114e-01+j3.05769888171221859707e-01
  +3.45502334626243357008e-01+j2.99806716597737277219e-01
  +3.50255828787095713217e-01+j2.93770020811910004266e-01
  +3.54899119629642878504e-01+j2.87662048166234640689e-01
  +3.59431344470862557117e-01+j2.81485047062832172138e-01
  +3.63851697801959417244e-01+j2.75241264980935484985e-01
  +3.68159430475875737443e-01+j2.68932946560010988080e-01
  +3.72353848817182364606e-01+j2.62562331741859722456e-01
  +3.76434313657970531786e-01+j2.56131653975166906356e-01
  +3.80400239303768927801e-01+j2.49643138485506732582e-01
  +3.84251092433633534284e-01+j2.43099000613428706252e-01
  +3.87986390938373171267e-01+j2.36501444223401774414e-01
  +3.91605702701248226116e-01+j2.29852660185806495496e-01
  +3.95108644325421420884e-01+j2.23154824933843809465e-01
  +3.98494879812400504271e-01+j2.16410099097390007383e-01
  +4.01764119195907876136e-01+j2.09620626215070882115e-01
  +4.04916117135480257971e-01+j2.02788531525896764673e-01
  +4.07950671474112736004e-01+j1.95915920841601171043e-01
  +4.10867621764359092218e-01+j1.89004879500256239844e-01
  +4.13666847767114931322e-01+j1.82057471401866871608e-01
  +4.16348267927390824905e-01+j1.75075738126194313526e-01
  +4.18911837831239974861e-01+j1.68061698132960624097e-01
  +4.21357548647979252010e-01+j1.61017346044351417067e-01
  +4.23685425561790229843e-01+j1.53944652009482041422e-01
  +4.25895526196680695996e-01+j1.46845561150273445916e-01
  +4.27987939038615539111e-01+j1.39721993088382206993e-01
  +4.29962781858747367103e-01+j1.32575841551808293328e-01
  +4.31820200141275145622e-01+j1.25408974060794042860e-01
  +4.33560365519596091488e-01+j1.18223231691437793978e-01
  +4.35183474224220878668e-01+j1.11020428915863958452e-01
  +4.36689745545716490049e-01+j1.03802353517551543272e-01
  +4.38079420315954704002e-01+j9.65707665803503673141e-02
  +4.39352759410744364565e-01+j8.93274025493197565417e-02
  +4.40510042276818170048e-01+j8.20739693618341425996e-02
  +4.41551565486013430917e-01+j7.48121486470170460326e-02
  +4.42477641319345416093e-01+j6.75435959916181327678e-02
  +4.43288596383613731078e-01+j6.02699412702534451092e-02
  +4.43984770262953298836e-01+j5.29927890379320448710e-02
  +4.44566514207684893023e-01+j4.57137189829099205296e-02
  +4.45034189862709150809e-01+j3.84342864373937442846e-02
  +4.45388168037506693153e-01+j3.11560229440253390332e-02
  +4.45628827519747972019e-01+j2.38804368759082778773e-02
  +4.45756553934359867064e-01+j1.66090141077549491300e-02
  +4.45771738649822779621e-01+j9.34321873587118378879e-03
  +4.45674777733330029772e-01+j2.08449384464458493949e-03
  +4.45466070956344606380e-01-j5.16573768298213883282e-03
  +4.45146020852027479719e-01-j1.24060723132040362504e-02
  +4.44715031825820006350e-01-j1.96351249699329710730e-02
  +4.44173509320496484598e-01-j2.68515281062331745421e-02
  +4.43521859036799248610e-01-j3.40539307416316272548e-02
  +4.42760486210746706526e-01-j4.12409974671375176292e-02
  +4.41889794948615854953e-01-j4.84114074207415909235e-02
  +4.40910187620497662220e-01-j5.55638532357867614975e-02
  +4.39822064313278804359e-01-j6.26970399643898695929e-02
  +4.38625822343811644366e-01-j6.98096839786897099822e-02
  +4.37321855832963568567e-01-j7.69005118521848135549e-02
  +4.35910555341237904159e-01-j8.39682592232711411118e-02
  +4.34392307566447422040e-01-j9.10116696440461253603e-02
  +4.32767495104022348329e-01-j9.80294934162788539345e-02
  +4.31036496270456426227e-01-j1.05020486416972966270e-01
  +4.29199684990126673068e-01-j1.11983408916433907487e-01
  +4.27257430746074196026e-01-j1.18917024390525399857e-01
  +4.25210098594786423121e-01-j1.25820098330418794763e-01
</dep>
<dep S[3,5] frequency>
  +3.00307953797788323991e-02+j7.58756755336895821751e-02
  +3.15449118271220185772e-02+j7.42952487839743103137e-02
  +3.30006898375960894265e-02+j7.26852383477762514774e-02
  +3.43975736862819764239e-02+j7.10475595266350096191e-02
  +3.57350678437928781506e-02+j6.93841362201427086509e-02
  +3.70127369298470926262e-02+j6.76968990709409940143e-02
  +3.82302056134084800032e-02+j6.59877836276084872580e-02
  +3.93871584602580593337e-02+j6.42587285269433788892e-02
  +4.04833397299022984539e-02+j6.25116736964373281848e-02
  +4.15185531230080340226e-02+j6.07485585780124862088e-02
  +4.24926614809124220118e-02+j5.89713203740123842467e-02
  +4.34055864384733230965e-02+j5.71818923162445355568e-02
  +4.42573080318520439835e-02+j5.53822019586503455635e-02
  +4.50478642622946651164e-02+j5.35741694947866609056e-02
  +4.57773506175601779811e-02+j5.17597061001368874411e-02
  +4.64459195519990458711e-02+j4.99407123004351957696e-02
  +4.70537799267280315574e-02+j4.81190763661294290676e-02
  +4.76011964111046001480e-02+j4.62966727335951053202e-02
  +4.80884888466766025061e-02+j4.44753604536092458921e-02
  +4.85160315747647924445e-02+j4.26569816673201887558e-02
  +4.88842527288951972375e-02+j4.08433601101409887724e-02
  +4.91936334930426211187e-02+j3.90362996439630460799e-02
  +4.94447073269382586513e-02+j3.72375828176493908761e-02
  +4.96380591592640654786e-02+j3.54489694564160545687e-02
  +4.97743245498676600835e-02+j3.36721952800608584355e-02
  +4.98541888219045242758e-02+j3.19089705502611648003e-02
  +4.98783861647743298473e-02+j3.01609787471623230770e-02
  +4.98476987087938527843e-02+j2.84298752753348871192e-02
  +4.97629555724110536619e-02+j2.67172861991662180525e-02
  +4.96250318827252123732e-02+j2.50248070079097800766e-02
  +4.94348477701065588952e-02+j2.33540014103598148054e-02
  +4.91933673376360389162e-02+j2.17064001593276212354e-02
  +4.89015976059942597542e-02+j2.00834999058522867266e-02
  +4.85605874345066690356e-02+j1.84867620834893164883e-02
  +4.81714264188894195073e-02+j1.69176118223871158053e-02
  +4.77352437663255552147e-02+j1.53774368935540445280e-02
  +4.72532071483290627700e-02+j1.38675866832105032511e-02
  +4.67265215319952048612e-02+j1.23893711974718684354e-02
  +4.61564279900520541000e-02+j1.09440600972966206594e-02
  +4.55442024901121580993e-02+j9.53288176397512621030e-03
  +4.48911546637023595174e-02+j8.15702239532696549151e-03
  +4.41986265552580387395e-02+j6.81762513263166336497e-03
  +4.34679913516281407615e-02+j5.51578921862345972205e-03
  +4.27006520923646631926e-02+j4.25256918681048146080e-03
  +4.18980403611209500925e-02+j3.02897408218501251742e-03
  +4.10616149585687553736e-02+j1.84596671382518395799e-03
  +4.01928605570701577565e-02+j7.04462939645641994524e-04
  +3.92932863374975266391e-02-j3.94669016410817419249e-04
  +3.83644246084225010174e-02-j1.45060921426118372146e-03
  +3.74078294081415033134e-02-j2.46258661420507840578e-03
  +3.64250750897191083455e-02-j3.42987965968091779168e-03
  +3.54177548894920798950e-02-j4.35181682568462624427e-03
  +3.43874794793525562220e-02-j5.22777713230278273659e-03
  +3.33358755032398951235e-02-j6.05719062274595598794e-03
  +3.22645840982046794299e-02-j6.83953880534687863602e-03
  +3.11752594005463672111e-02-j7.57435505870249214944e-03
  +3.00695670373959007826e-02-j8.26122499945579347180e-03
  +2.89491826044661684780e-02-j8.89978681172061414362e-03
  +2.78157901303164797890e-02-j9.48973153767665444924e-03
  +2.66710805279267403056e-02-j1.00308033283194042440e-02
  +2.55167500341533272368e-02-j1.05227996536594037291e-02
  +2.43544986378854549924e-02-j1.09655714714767954510e-02
  +2.31860284976058705908e-02-j1.13590233538277685099e-02
  +2.20130423492914603645e-02-j1.17031135704254579677e-02
  +2.08372419056247759617e-02-j1.19978541279691930388e-02
  +1.96603262473993636861e-02-j1.22433107646302691274e-02
  +1.84839902083530627230e-02-j1.24396028987940471255e-02
  +1.73099227544642741972e-02-j1.25869035311916982467e-02
  +1.61398053590856571660e-02-j1.26854390995680688103e-02
  +1.49753103750923585724e-02-j1.27354892851263695741e-02
  +1.38180994056278406978e-02-j1.27373867699259457620e-02
  +1.26698216747521685832e-02-j1.26915169444695580259e-02
  +1.15321123997075697387e-02-j1.25983175648236855881e-02
  +1.04065911664188992525e-02-j1.24582783585688583461e-02
  +9.29486030986940992005e-03-j1.22719405790618490970e-02
  +8.19850330131897953034e-03-j1.20398965073966468520e-02
  +7.11908314409701037384e-03-j1.17627889016823083956e-02
  +6.05814078002854528027e-03-j1.14413103932551468711e-02
  +5.01719350845436506958e-03-j1.10762028295123132748e-02
  +3.99773341993082953483e-03-j1.06682565632174042314e-02
  +3.00122584679608783720e-03-j1.02183096881892920837e-02
  +2.02910783270717626214e-03-j9.72724722138618158596e-03
  +1.08278662344235554471e-03-j9.19600023151934120591e-03
  +1.63638181214162403698e-04-j8.62554491446129723009e-03
  -7.26994275210682272537e-04-j8.01690161583250293642e-03
  -1.58780170229030903606e-03-j7.37113380127164818933e-03
  -2.41751063301202939737e-03-j6.68934697499758146311e-03
  -3.21488454545626467507e-03-j5.97268754748683794453e-03
  -3.97872519621422782166e-03-j5.22234165312288056704e-03
  -4.70787391645191566347e-03-j4.43953391892543125508e-03
  -5.40121286825206992077e-03-j3.62552618546720106796e-03
  -6.05766625904075040054e-03-j2.78161618137257038441e-03
  -6.67620151189766974920e-03-j1.90913615282506388127e-03
  -7.25583038956993664481e-03-j1.00945144968393740736e-03
  -7.79561007017978702116e-03-j8.39590699961562103582e-05
  -8.29464417257481934076e-03+j8.65913835389683916866e-04
  -8.75208372943614421047e-03+j1.83871149586082444083e-03
  -9.16712810632400176836e-03+j2.83295108989205929317e-03
  -9.53902586495533610922e-03+j3.84712434724619745108e-03
  -9.86707556913837824375e-03+j4.87969918238451150216e-03
  -1.01506265318315191948e-02+j5.92912135649274751881e-03
  -1.03890795020874782129e-02+j6.99381616568520159127e-03
  -1.05818872905926314454e-02+j8.07219015272050283150e-03
  -1.07285553327872706930e-02+j9.16263283957446245109e-03
  -1.08286421886664430136e-02+j1.02635184780251811909e-02
  -1.08817599784853252798e-02+j1.13732078155820946763e-02
  -1.08875747538113576418e-02+j1.24900498736926386656e-02
  -1.08458068034857219031e-02+j1.36123837355582519293e-02
  -1.07562308942273088253e-02+j1.47385403404367391900e-02
  -1.06186764457965043817e-02+j1.58668442816172899912e-02
  -1.04330276408269029265e-02+j1.69956156051341705782e-02
  -1.01992234695056915861e-02+j1.81231716062388581445e-02
  -9.91725770959189789622e-03+j1.92478286207947851816e-02
  -9.58717884232607175932e-03+j2.03679038087535430046e-02
  -9.20908990493668477839e-03+j2.14817169268140956140e-02
  -8.78314828074147624370e-03+j2.25875920876265172399e-02
  -8.30956542779455464842e-03+j2.36838595027952583671e-02
  -7.78860654736478197346e-03+j2.47688572071344051406e-02
  -7.22059019356208198204e-03+j2.58409327615739120576e-02
  -6.60588782559454190668e-03+j2.68984449324740915177e-02
  -5.94492330429637061417e-03+j2.79397653448724761494e-02
  -5.23817233459575315457e-03+j2.89632801076359081005e-02
  -4.48616185584489735039e-03+j2.99673914083883261017e-02
  -3.68946938186823225614e-03+j3.09505190763052114022e-02
  -2.84872229283796019050e-03+j3.19111021110105030907e-02
  -1.96459708098821461686e-03+j3.28476001759614860687e-02
  -1.03781855244026999241e-03+j3.37584950547833509416e-02
  -6.91589873022119272505e-05+j3.46422920692598806935e-02
  +9.40562739656189417126e-04+j3.54975214577777226088e-02
  +1.99048207544824662385e-03+j3.63227397132345197761e-02
  +3.07968974010927598606e-03+j3.71165308794892054300e-02
  +4.20723271037516666215e-03+j3.78775078056765995838e-02
  +5.37211523348317399051e-03+j3.86043133578615471624e-02
  +6.57329986875829219706e-03+j3.92956215875579772945e-02
  +7.80970855466529834121e-03+j3.99501388569044879606e-02
  +9.08022369908612070333e-03+j4.05666049204114267934e-02
  +1.03836892905994904179e-02+j4.11437939632771365606e-02
  +1.17189120285679793110e-02+j4.16805155964747320319e-02
  +1.30846624699294256100e-02+j4.21756158088921889737e-02
  +1.44796761906959559063e-02+j4.26279778770073808358e-02
  +1.59026549602015454532e-02+j4.30365232326049215739e-02
  +1.73522679261912254889e-02+j4.34002122891853359121e-02
  +1.88271528090369621999e-02+j4.37180452278974757130e-02
  +2.03259171033884078472e-02+j4.39890627437680564737e-02
  +2.18471392857428198253e-02+j4.42123467532314004536e-02
  +2.33893700264312803805e-02+j4.43870210639396647889e-02
  +2.49511334047308186435e-02+j4.45122520079436756468e-02
  +2.65309281259297202737e-02+j4.45872490393964399091e-02
  +2.81272287391889364017e-02+j4.46112652979192836344e-02
  +2.97384868552781553297e-02+j4.45835981389004071263e-02
  +3.13631323633837069687e-02+j4.45035896319195406479e-02
  +3.29995746462134822985e-02+j4.43706270285785658869e-02
  +3.46462037928774516105e-02+j4.41841432009983728357e-02
  +3.63013918090582810017e-02+j4.39436170522239030745e-02
  +3.79634938241014616156e-02+j4.36485738997977046338e-02
  +3.96308492948867288619e-02+j4.32985858336873835617e-02
  +4.13017832062858719633e-02+j4.28932720497882807864e-02
  +4.29746072682817975563e-02+j4.24322991601009599782e-02
  +4.46476211098314132442e-02+j4.19153814807057822911e-02
  +4.63191134696931683390e-02+j4.13422812985339283021e-02
  +4.79873633845173952484e-02+j4.07128091179357054497e-02
  +4.96506413746614361227e-02+j4.00268238878797311120e-02
  +5.13072106280840004033e-02+j3.92842332106603242536e-02
  +5.29553281830560107490e-02+j3.84849935327591791134e-02
  +5.45932461101293342587e-02+j3.76291103185627945349e-02
  +5.62192126941724601430e-02+j3.67166382073973729394e-02
  +5.78314736171632870487e-02+j3.57476811544003292287e-02
  +5.94282731425376034573e-02+j3.47223925554296514173e-02
  +6.10078553018413433096e-02+j3.36409753563746277694e-02
  +6.25684650846332346408e-02+j3.25036821468362158161e-02
  +6.41083496323829743480e-02+j3.13108152382797211288e-02
  +6.56257594372890856738e-02+j3.00627267264599318253e-02
  +6.71189495468270114209e-02+j2.87598185379478871182e-02
  +6.85861807749161694892e-02+j2.74025424603578371396e-02
  +7.00257209204900310517e-02+j2.59914001558515794787e-02
  +7.14358459942454754321e-02+j2.45269431573430785054e-02
  +7.28148414543745292615e-02+j2.30097728467021228616e-02
  +7.41610034519378652496e-02+j2.14405404141820021824e-02
  +7.54726400865163848941e-02+j1.98199467982030780311e-02
  +7.67480726727402251530e-02+j1.81487426044678740178e-02
  +7.79856370181830627075e-02+j1.64277280033480327370e-02
  +7.91836847130367449399e-02+j1.46577526043818462398e-02
  +8.03405844319260431519e-02+j1.28397153065876179490e-02
  +8.14547232480384714171e-02+j1.09745641233306573392e-02
  +8.25245079597717590136e-02+j9.06329598026638094677e-03
  +8.35483664298191652797e-02+j7.10695648501202814629e-03
  +8.45247489367355886447e-02+j5.10663966688074122402e-03
  +8.54521295386258539217e-02+j3.06348768527152370833e-03
  +8.63290074487136627202e-02+j9.78690505028509405427e-04
  +8.71539084222941184965e-02-j1.14651446284347313664e-03
  +8.79253861544364578862e-02-j3.31084275669434047185e-03
  +8.86420236877719092128e-02-j5.51296329770528670267e-03
  +8.93024348294523401259e-02-j7.75149886294568268852e-03
  +8.99052655762451052857e-02-j1.00250265995694837207e-02
  +9.04491955467068842189e-02-j1.23320785819313882836e-02
  +9.09329394190792200670e-02-j1.46711424130993445258e-02
  +9.13552483734966641604e-02-j1.70406618722659386478e-02
  +9.17149115370091833066e-02-j1.94390376097463291050e-02
  +9.20107574296444019613e-02-j2.18646278907430741123e-02
  +9.22416554098039048748e-02-j2.43157493895285459207e-02
</dep>
<dep S[3,4] frequency>
  +3.00307953797784021877e-02+j7.58756755336899846309e-02
  +3.15449118271220046994e-02+j7.42952487839743241915e-02
  +3.30006898375964363712e-02+j7.26852383477757657548e-02
  +3.43975736862824066353e-02+j7.10475595266345516521e-02
  +3.57350678437928920284e-02+j6.93841362201426808953e-02
  +3.70127369298463848590e-02+j6.76968990709419099483e-02
  +3.82302056134084800032e-02+j6.59877836276084872580e-02
  +3.93871584602580593337e-02+j6.42587285269433650114e-02
  +4.04833397299022984539e-02+j6.25116736964373143071e-02
  +4.15185531230079507559e-02+j6.07485585780124931476e-02
  +4.24926614809121860894e-02+j5.89713203740128907859e-02
  +4.34055864384732953409e-02+j5.71818923162445147401e-02
  +4.42573080318520439835e-02+j5.53822019586503594413e-02
  +4.50478642622946512386e-02+j5.35741694947866678445e-02
  +4.57773506175601779811e-02+j5.17597061001368874411e-02
  +4.64459195519988654599e-02+j4.99407123004356606755e-02
  +4.70537799267280176796e-02+j4.81190763661294568232e-02
  +4.76011964111044405534e-02+j4.62966727335955702261e-02
  +4.80884888466766302617e-02+j4.44753604536092458921e-02
  +4.85160315747649104057e-02+j4.26569816673197238499e-02
  +4.88842527288951972375e-02+j4.08433601101406834610e-02
  +4.91936334930425309131e-02+j3.90362996439634624135e-02
  +4.94447073269381753846e-02+j3.72375828176498141486e-02
  +4.96380591592640654786e-02+j3.54489694564160337520e-02
  +4.97743245498676600835e-02+j3.36721952800608584355e-02
  +4.98541888219044618258e-02+j3.19089705502615672561e-02
  +4.98783861647743229084e-02+j3.01609787471623161381e-02
  +4.98476987087939013565e-02+j2.84298752753350952860e-02
  +4.97629555724109981507e-02+j2.67172861991666066306e-02
  +4.96250318827251846177e-02+j2.50248070079094053764e-02
  +4.94348477701065519563e-02+j2.33540014103601756279e-02
  +4.91933673376360458551e-02+j2.17064001593276073576e-02
  +4.89015976059941973042e-02+j2.00834999058524116267e-02
  +4.85605874345066551578e-02+j1.84867620834893442439e-02
  +4.81714264188894195073e-02+j1.69176118223871158053e-02
  +4.77352437663255274591e-02+j1.53774368935541833059e-02
  +4.72532071483290835867e-02+j1.38675866832103367177e-02
  +4.67265215319952187389e-02+j1.23893711974718684354e-02
  +4.61564279900520887945e-02+j1.09440600972966484150e-02
  +4.55442024901121927938e-02+j9.53288176397509845472e-03
  +4.48911546637023733952e-02+j8.15702239532696549151e-03
  +4.41986265552581497618e-02+j6.81762513263196867630e-03
  +4.34679913516282170893e-02+j5.51578921862386217789e-03
  +4.27006520923646909482e-02+j4.25256918681049533859e-03
  +4.18980403611208321313e-02+j3.02897408218484598397e-03
  +4.10616149585687692514e-02+j1.84596671382515620241e-03
  +4.01928605570701508176e-02+j7.04462939645628116736e-04
  +3.92932863374975613335e-02-j3.94669016410623130220e-04
  +3.83644246084224871396e-02-j1.45060921426121147704e-03
  +3.74078294081415310690e-02-j2.46258661420505065021e-03
  +3.64250750897191014066e-02-j3.42987965968091779168e-03
  +3.54177548894920868339e-02-j4.35181682568465399985e-03
  +3.43874794793526811221e-02-j5.22777713230254681420e-03
  +3.33358755032398881846e-02-j6.05719062274595598794e-03
  +3.22645840982048320855e-02-j6.83953880534671210256e-03
  +3.11752594005462110860e-02-j7.57435505870268643847e-03
  +3.00695670373960360910e-02-j8.26122499945558530499e-03
  +2.89491826044661892947e-02-j8.89978681172061414362e-03
  +2.78157901303163271334e-02-j9.48973153767679322712e-03
  +2.66710805279265876500e-02-j1.00308033283195152663e-02
  +2.55167500341533307062e-02-j1.05227996536594037291e-02
  +2.43544986378854480535e-02-j1.09655714714768232065e-02
  +2.31860284976057214046e-02-j1.13590233538278656544e-02
  +2.20130423492913666894e-02-j1.17031135704255134788e-02
  +2.08372419056247829006e-02-j1.19978541279691652832e-02
  +1.96603262473993636861e-02-j1.22433107646302691274e-02
  +1.84839902083530835397e-02-j1.24396028987940193700e-02
  +1.73099227544644095056e-02-j1.25869035311916427355e-02
  +1.61398053590857820661e-02-j1.26854390995679716658e-02
  +1.49753103750923793891e-02-j1.27354892851264389630e-02
  +1.38180994056278788618e-02-j1.27373867699259180064e-02
  +1.26698216747521477665e-02-j1.26915169444695580259e-02
  +1.15321123997075489220e-02-j1.25983175648236994659e-02
  +1.04065911664189061914e-02-j1.24582783585688583461e-02
  +9.29486030986940992005e-03-j1.22719405790618490970e-02
  +8.19850330131897953034e-03-j1.20398965073966607298e-02
  +7.11908314409714221282e-03-j1.17627889016822806401e-02
  +6.05814078002864936368e-03-j1.14413103932551468711e-02
  +5.01719350845444139742e-03-j1.10762028295122855193e-02
  +3.99773341993080871815e-03-j1.06682565632174181092e-02
  +3.00122584679608089830e-03-j1.02183096881893198393e-02
  +2.02910783270722483440e-03-j9.72724722138618158596e-03
  +1.08278662344234166692e-03-j9.19600023151934120591e-03
  +1.63638181214204037062e-04-j8.62554491446132498567e-03
  -7.26994275210682272537e-04-j8.01690161583247518085e-03
  -1.58780170229035066942e-03-j7.37113380127162043376e-03
  -2.41751063301204327516e-03-j6.68934697499752595196e-03
  -3.21488454545626467507e-03-j5.97268754748678243338e-03
  -3.97872519621420006608e-03-j5.22234165312288056704e-03
  -4.70787391645188790790e-03-j4.43953391892544513286e-03
  -5.40121286825206992077e-03-j3.62552618546721494575e-03
  -6.05766625904073652276e-03-j2.78161618137254262884e-03
  -6.67620151189765587141e-03-j1.90913615282499449233e-03
  -7.25583038956996440039e-03-j1.00945144968397904073e-03
  -7.79561007017981477674e-03-j8.39590699961562103582e-05
  -8.29464417257490260749e-03+j8.65913835389642283502e-04
  -8.75208372943610257710e-03+j1.83871149586081056304e-03
  -9.16712810632397401278e-03+j2.83295108989208704875e-03
  -9.53902586495533610922e-03+j3.84712434724619745108e-03
  -9.86707556913835048817e-03+j4.87969918238456701332e-03
  -1.01506265318314498058e-02+j5.92912135649280996885e-03
  -1.03890795020874782129e-02+j6.99381616568518077459e-03
  -1.05818872905924926675e-02+j8.07219015272053752597e-03
  -1.07285553327872845708e-02+j9.16263283957448326777e-03
  -1.08286421886664291359e-02+j1.02635184780251534353e-02
  -1.08817599784854501799e-02+j1.13732078155820669207e-02
  -1.08875747538113576418e-02+j1.24900498736926282572e-02
  -1.08458068034854859807e-02+j1.36123837355582970321e-02
  -1.07562308942274337253e-02+j1.47385403404367426594e-02
  -1.06186764457964905040e-02+j1.58668442816172934606e-02
  -1.04330276408268474153e-02+j1.69956156051341567004e-02
  -1.01992234695057054639e-02+j1.81231716062388581445e-02
  -9.91725770959182850728e-03+j1.92478286207947713038e-02
  -9.58717884232608563710e-03+j2.03679038087535534129e-02
  -9.20908990493651824494e-03+j2.14817169268140643890e-02
  -8.78314828074158726601e-03+j2.25875920876265068316e-02
  -8.30956542779455464842e-03+j2.36838595027952583671e-02
  -7.78860654736486524019e-03+j2.47688572071344190184e-02
  -7.22059019356206810425e-03+j2.58409327615739085882e-02
  -6.60588782559481946244e-03+j2.68984449324741782539e-02
  -5.94492330429664816993e-03+j2.79397653448725420688e-02
  -5.23817233459575315457e-03+j2.89632801076359046311e-02
  -4.48616185584488347260e-03+j2.99673914083883191628e-02
  -3.68946938186821837835e-03+j3.09505190763052148717e-02
  -2.84872229283787692378e-03+j3.19111021110104337017e-02
  -1.96459708098822849465e-03+j3.28476001759614999465e-02
  -1.03781855244003407002e-03+j3.37584950547832468581e-02
  -6.91589873019621270700e-05+j3.46422920692597557935e-02
  +9.40562739656300439428e-04+j3.54975214577776532199e-02
  +1.99048207544823274606e-03+j3.63227397132345336539e-02
  +3.07968974010920659712e-03+j3.71165308794892886968e-02
  +4.20723271037513890658e-03+j3.78775078056766065226e-02
  +5.37211523348318786830e-03+j3.86043133578615124679e-02
  +6.57329986875829219706e-03+j3.92956215875579911723e-02
  +7.80970855466518731891e-03+j3.99501388569046822496e-02
  +9.08022369908598192545e-03+j4.05666049204115169990e-02
  +1.03836892905995875624e-02+j4.11437939632771365606e-02
  +1.17189120285678405331e-02+j4.16805155964748014208e-02
  +1.30846624699293145877e-02+j4.21756158088923277516e-02
  +1.44796761906959142729e-02+j4.26279778770075265526e-02
  +1.59026549602015454532e-02+j4.30365232326049076961e-02
  +1.73522679261912254889e-02+j4.34002122891853428510e-02
  +1.88271528090370315889e-02+j4.37180452278974479574e-02
  +2.03259171033883800916e-02+j4.39890627437680842293e-02
  +2.18471392857427088030e-02+j4.42123467532315600481e-02
  +2.33893700264311554804e-02+j4.43870210639399076502e-02
  +2.49511334047309851769e-02+j4.45122520079433842133e-02
  +2.65309281259297202737e-02+j4.45872490393964468480e-02
  +2.81272287391890266073e-02+j4.46112652979191240399e-02
  +2.97384868552780720630e-02+j4.45835981389006985598e-02
  +3.13631323633837763576e-02+j4.45035896319193879922e-02
  +3.29995746462136349542e-02+j4.43706270285783299645e-02
  +3.46462037928775626328e-02+j4.41841432009980189521e-02
  +3.63013918090581838571e-02+j4.39436170522239585856e-02
  +3.79634938241014546767e-02+j4.36485738997976838172e-02
  +3.96308492948868398842e-02+j4.32985858336869741669e-02
  +4.13017832062858927800e-02+j4.28932720497882807864e-02
  +4.29746072682817975563e-02+j4.24322991601009391616e-02
  +4.46476211098313924275e-02+j4.19153814807057545355e-02
  +4.63191134696931752779e-02+j4.13422812985339005465e-02
  +4.79873633845173813706e-02+j4.07128091179357470830e-02
  +4.96506413746614500004e-02+j4.00268238878800919345e-02
  +5.13072106280840004033e-02+j3.92842332106605740538e-02
  +5.29553281830560801380e-02+j3.84849935327589015577e-02
  +5.45932461101293550754e-02+j3.76291103185627945349e-02
  +5.62192126941724462652e-02+j3.67166382073974006950e-02
  +5.78314736171633009265e-02+j3.57476811544002737175e-02
  +5.94282731425376450907e-02+j3.47223925554301510177e-02
  +6.10078553018412253484e-02+j3.36409753563745028693e-02
  +6.25684650846331791296e-02+j3.25036821468357023379e-02
  +6.41083496323829882257e-02+j3.13108152382797350066e-02
  +6.56257594372891689405e-02+j3.00627267264602093810e-02
  +6.71189495468269697875e-02+j2.87598185379476650736e-02
  +6.85861807749162111225e-02+j2.74025424603578926508e-02
  +7.00257209204900310517e-02+j2.59914001558515794787e-02
  +7.14358459942455170655e-02+j2.45269431573434948390e-02
  +7.28148414543747096728e-02+j2.30097728467026502175e-02
  +7.41610034519379485163e-02+j2.14405404141822797381e-02
  +7.54726400865165514276e-02+j1.98199467982032306868e-02
  +7.67480726727402112752e-02+j1.81487426044679156512e-02
  +7.79856370181831043409e-02+j1.64277280033480604926e-02
  +7.91836847130367726955e-02+j1.46577526043818601176e-02
  +8.03405844319261541742e-02+j1.28397153065877983602e-02
  +8.14547232480384714171e-02+j1.09745641233306850948e-02
  +8.25245079597718839137e-02+j9.06329598026658911358e-03
  +8.35483664298191930353e-02+j7.10695648501201426850e-03
  +8.45247489367357274226e-02+j5.10663966688103265756e-03
  +8.54521295386258539217e-02+j3.06348768527150983054e-03
  +8.63290074487136765979e-02+j9.78690505028537161003e-04
  +8.71539084222941184965e-02-j1.14651446284350089222e-03
  +8.79253861544362913527e-02-j3.31084275669461802760e-03
  +8.86420236877717010460e-02-j5.51296329770550874727e-03
  +8.93024348294521042035e-02-j7.75149886294596024428e-03
  +8.99052655762452856969e-02-j1.00250265995692477983e-02
  +9.04491955467071201413e-02-j1.23320785819311662390e-02
  +9.09329394190792617003e-02-j1.46711424130993306481e-02
  +9.13552483734964282380e-02-j1.70406618722660357923e-02
  +9.17149115370090861621e-02-j1.94390376097463984939e-02
  +9.20107574296441244055e-02-j2.18646278907432684013e-02
  +9.22416554098036273190e-02-j2.43157493895287124541e-02
</dep>
<dep S[3,3] frequency>
  -1.56216642910197989202e-04+j1.82143193488620708242e-02
  -2.10520431206069613683e-04+j1.77389936180255836096e-02
  -2.67400730632375016604e-04+j1.72622361829144373158e-02
  -3.27065101088458431988e-04+j1.67841707560024110124e-02
  -3.89712413324028172923e-04+j1.63049267873323702749e-02
  -4.55532986020967811669e-04+j1.58246391820892756686e-02
  -5.24708717371633048820e-04+j1.53434480431915015730e-02
  -5.97413209226932417906e-04+j1.48614984379739807629e-02
  -6.73811882147073992755e-04+j1.43789401866145916120e-02
  -7.54062079938666585122e-04+j1.38959276708236073583e-02
  -8.38313162343007345356e-04+j1.34126196607524793974e-02
  -9.26706584636657892950e-04+j1.29291791582826220974e-02
  -1.01937596335698044125e-03+j1.24457732544927882068e-02
  -1.11644712711626847845e-03+j1.19625729995636830016e-02
  -1.21803815209343968551e-03+j1.14797532827308167158e-02
  -1.32425938159425049534e-03+j1.09974927205420403009e-02
  -1.43521342940340634886e-03+j1.05159735512378327976e-02
  -1.55099516691174776906e-03+j1.00353815331272293310e-02
  -1.67169169384331905981e-03+j9.55590584509662978319e-03
  -1.79738229296648455158e-03+j9.07773898725064420923e-03
  -1.92813836900113111383e-03+j8.60107667962475494483e-03
  -2.06402337219536990975e-03+j8.12611775735901098461e-03
  -2.20509270730000206395e-03+j7.65306406012154077922e-03
  -2.35139362857969547171e-03+j7.18212031450740640004e-03
  -2.50296512179855323854e-03+j6.71349400740055973769e-03
  -2.65983777417257843956e-03+j6.24739524882992475208e-03
  -2.82203363339310342450e-03+j5.78403662292473891293e-03
  -2.98956605695909621856e-03+j5.32363302556320555636e-03
  -3.16243955315427538455e-03+j4.86640148720433873830e-03
  -3.34064961502218704670e-03+j4.41256098020280373984e-03
  -3.52418254890865534357e-03+j3.96233220915868933343e-03
  -3.71301529905707777823e-03+j3.51593738350498147271e-03
  -3.90711527001437464168e-03+j3.07359997162968273665e-03
  -4.10644014835295084742e-03+j2.63554443579359920502e-03
  -4.31093772563507365847e-03+j2.20199594724222041942e-03
  -4.52054572431568463253e-03+j1.77318008116674613595e-03
  -4.73519162833513362898e-03+j1.34932249130912534918e-03
  -4.95479252033717565418e-03+j9.30648563989278088115e-04
  -5.17925492733063014272e-03+j5.17383051492688317285e-04
  -5.40847467657993435930e-03+j1.09749685159921117616e-04
  -5.64233676361730607240e-03-j2.92029231712835624091e-04
  -5.88071523424264774871e-03-j6.87733250702579623770e-04
  -6.12347308224239772478e-03-j1.07714422428487749395e-03
  -6.37046216462054670782e-03-j1.46004677023270357239e-03
  -6.62152313615237825273e-03-j1.83622875385021366856e-03
  -6.87648540486615264533e-03-j2.20548178687622609129e-03
  -7.13516711007899234742e-03-j2.56760174199115176474e-03
  -7.39737512466570948377e-03-j2.92238928190936830820e-03
  -7.66290508292930688805e-03-j3.26965040155957620271e-03
  -7.93154143555535248722e-03-j3.60919698202323557812e-03
  -8.20305753299319095895e-03-j3.94084735471440794630e-03
  -8.47721573845580146644e-03-j4.26442687409951670663e-03
  -8.75376757171511532540e-03-j4.57976849727229073928e-03
  -9.03245388466844718878e-03-j4.88671336850461657253e-03
  -9.31300506969339608743e-03-j5.18511140697190675564e-03
  -9.59514130141259774520e-03-j5.47482189550772824216e-03
  -9.87857281278574708705e-03-j5.75571406848822408886e-03
  -1.01630002057419999845e-02-j6.02766769650434075523e-03
  -1.04481147970875466735e-02-j6.29057366590086985969e-03
  -1.07335989997446208666e-02-j6.54433455076330883315e-03
  -1.10191267394864813450e-02-j6.78886517515690790514e-03
  -1.13043639071615173441e-02-j7.02409316327685939729e-03
  -1.15889688462190911661e-02-j7.24995947521725470075e-03
  -1.18725928752615485229e-02-j7.46641892609344048903e-03
  -1.21548808449837512230e-02-j7.67344068600037121364e-03
  -1.24354717290629003534e-02-j7.87100875867519089724e-03
  -1.27139992480828026983e-02-j8.05912243647037562777e-03
  -1.29900925255736453268e-02-j8.23779672936461593302e-03
  -1.32633767750383029654e-02-j8.40706276570786503743e-03
  -1.35334740167681460976e-02-j8.56696816264463506529e-03
  -1.38000038230301873277e-02-j8.71757736401015947969e-03
  -1.40625840899605974998e-02-j8.85897194355703826441e-03
  -1.43208318346622898165e-02-j8.99125087169330705628e-03
  -1.45743640153939025411e-02-j9.11453074361685822158e-03
  -1.48227983732345559853e-02-j9.22894596736038852480e-03
  -1.50657542926723279908e-02-j9.33464890968475902167e-03
  -1.53028536792882245698e-02-j9.43180999855454393899e-03
  -1.55337218519109622472e-02-j9.52061778063063857136e-03
  -1.57579884468860079161e-02-j9.60127893241746743769e-03
  -1.59752883318742683327e-02-j9.67401822402504107945e-03
  -1.61852625264891428203e-02-j9.73907843444243859210e-03
  -1.63875591271120876757e-02-j9.79672021755242233843e-03
  -1.65818342329324963647e-02-j9.84722191810455393934e-03
  -1.67677528704256589842e-02-j9.89087933718341139055e-03
  -1.69449899132622719411e-02-j9.92800544685676356060e-03
  -1.71132309947988024701e-02-j9.95893005385591750800e-03
  -1.72721734099033075172e-02-j9.98399941220581149670e-03
  -1.74215270033486746559e-02-j1.00035757852284176717e-02
  -1.75610150414954174769e-02-j1.00180369570528338130e-02
  -1.76903750644909138479e-02-j1.00277756946002272187e-02
  -1.78093597157209654336e-02-j1.00331991604524634054e-02
  -1.79177375456930909614e-02-j1.00347282778653623669e-02
  -1.80152937874581281497e-02-j1.00327970490336620957e-02
  -1.81018311004953261212e-02-j1.00278518278709496969e-02
  -1.81771702805551202409e-02-j1.00203505491332778288e-02
  -1.82411509324396300946e-02-j1.00107619151546846370e-02
  -1.82936321033873305897e-02-j9.99956454269855521400e-03
  -1.83344928742903978680e-02-j9.98724607145792114826e-03
  -1.83636329066271947186e-02-j9.97430223685700362291e-03
  -1.83809729426412174491e-02-j9.96123590932691121980e-03
  -1.83864552566849470683e-02-j9.94855610261580897147e-03
  -1.83800440559401395690e-02-j9.93677695400243393697e-03
  -1.83617258285094647752e-02-j9.92641667901390453710e-03
  -1.83315096373234953653e-02-j9.91799650365529986140e-03
  -1.82894273585145900052e-02-j9.91203957730770954249e-03
  -1.82355338628015575808e-02-j9.90906986915787366121e-03
  -1.81699071390044319951e-02-j9.90961105169867184639e-03
  -1.80926483587134298570e-02-j9.91418537430292790003e-03
  -1.80038818814340917385e-02-j9.92331253038072728934e-03
  -1.79037551997787008906e-02-j9.93750852140882351415e-03
  -1.77924388244853487473e-02-j9.95728452131783813017e-03
  -1.76701261090745354032e-02-j9.98314574453898484485e-03
  -1.75370330144159203289e-02-j1.00155903212580700556e-02
  -1.73933978136284958516e-02-j1.00551081832622457579e-02
  -1.72394807376161224299e-02-j1.01021799636114434362e-02
  -1.70755635624010165818e-02-j1.01572759137614279656e-02
  -1.69019491388609499616e-02-j1.02208548411175798032e-02
  -1.67189608663133454369e-02-j1.02933630704783486698e-02
  -1.65269421111276376690e-02-j1.03752334323574738062e-02
  -1.63262555720607299703e-02-j1.04668842813458781021e-02
  -1.61172825939259606320e-02-j1.05687185474329769369e-02
  -1.59004224314917008698e-02-j1.06811228230082357060e-02
  -1.56760914658361366625e-02-j1.08044664885149355182e-02
  -1.54447223750574375023e-02-j1.09391008790419488189e-02
  -1.52067632620589421322e-02-j1.10853584945615479818e-02
  -1.49626767415087930102e-02-j1.12435522558796928416e-02
  -1.47129389889419509574e-02-j1.14139748086368210400e-02
  -1.44580387544586963511e-02-j1.15968978771806910388e-02
  -1.41984763439304551014e-02-j1.17925716701939922726e-02
  -1.39347625707152492081e-02-j1.20012243397486090268e-02
  -1.36674176806425295982e-02-j1.22230614951146857039e-02
  -1.33969702535181034442e-02-j1.24582657727387684232e-02
  -1.31239560842350763692e-02-j1.27069964634759710598e-02
  -1.28489170464717999964e-02-j1.29693891978801857656e-02
  -1.25723999423595772518e-02-j1.32455556904207544244e-02
  -1.22949553412167317257e-02-j1.35355835431316406936e-02
  -1.20171364105424727242e-02-j1.38395361090177942964e-02
  -1.17394977425283875139e-02-j1.41574524154761891004e-02
  -1.14625941792785776552e-02-j1.44893471477175114770e-02
  -1.11869796399004239884e-02-j1.48352106920339038565e-02
  -1.09132059525519561904e-02-j1.51950092385533599981e-02
  -1.06418216946255125843e-02-j1.55686849429714363469e-02
  -1.03733710441228227372e-02-j1.59561561467261373015e-02
  -1.01083926451778424727e-02-j1.63573176545899964807e-02
  -9.84741849058601292910e-03-j1.67720410688745810712e-02
  -9.59097282438541032246e-03-j1.72001751790282417232e-02
  -9.33957106707087453268e-03-j1.76415464054362897128e-02
  -9.09371876622089292397e-03-j1.80959592959556714309e-02
  -8.85391057510967471877e-03-j1.85631970737272777860e-02
  -8.62062926187264627620e-03-j1.90430222345820271412e-02
  -8.39434475147166417330e-03-j1.95351771922914196900e-02
  -8.17551320293549016460e-03-j2.00393849697699660828e-02
  -7.96457612387216004612e-03-j2.05553499342950030115e-02
  -7.76195952446565029526e-03-j2.10827585746629284080e-02
  -7.56807311286342154766e-03-j2.16212803181200646785e-02
  -7.38330953367136166854e-03-j2.21705683848016366078e-02
  -7.20804365151134218692e-03-j2.27302606774510002063e-02
  -7.04263188093224440367e-03-j2.32999807039437623057e-02
  -6.88741156439115140286e-03-j2.38793385302417532357e-02
  -6.74270039941528634420e-03-j2.44679317612155333705e-02
  -6.60879591640117954043e-03-j2.50653465468662628446e-02
  -6.48597500783752722864e-03-j2.56711586112777778723e-02
  -6.37449351015671912546e-03-j2.62849343016974823506e-02
  -6.27458583885916187928e-03-j2.69062316550978397611e-02
  -6.18646467774126764677e-03-j2.75346014794990157082e-02
  -6.11032072254528990651e-03-j2.81695884473273511217e-02
  -6.04632247991091290040e-03-j2.88107321981802277922e-02
  -5.99461612130297236134e-03-j2.94575684480917060482e-02
  -5.95532539272474684827e-03-j3.01096301026993473648e-02
  -5.92855157974423591094e-03-j3.07664483714909370304e-02
  -5.91437352814154666814e-03-j3.14275538804261178605e-02
  -5.91284771958878324627e-03-j3.20924777801619987017e-02
  -5.92400840242342588415e-03-j3.27607528471948600268e-02
  -5.94786777665243585056e-03-j3.34319145752057789167e-02
  -5.98441623289628146787e-03-j3.41055022539584334895e-02
  -6.03362264438432171348e-03-j3.47810600330338143271e-02
  -6.09543471117299229256e-03-j3.54581379678954311530e-02
  -6.16977935568464082999e-03-j3.61362930456262804180e-02
  -6.25656316840801293711e-03-j3.68150901878374070542e-02
  -6.35567290255059473558e-03-j3.74941032282791741892e-02
  -6.46697601630137619555e-03-j3.81729158627174408602e-02
  -6.59032126129906886680e-03-j3.88511225687226818826e-02
  -6.72553931563681095529e-03-j3.95283294930652839838e-02
  -6.87244345976783035934e-03-j4.02041553045007910017e-02
  -7.03083029352843946747e-03-j4.08782320098002721620e-02
  -7.20048049226086964159e-03-j4.15502057309292821552e-02
  -7.38115960011062610668e-03-j4.22197374414686882327e-02
  -7.57261885827533592908e-03-j4.28865036603229971002e-02
  -7.77459606604070929681e-03-j4.35501971009963073644e-02
  -7.98681647219138396432e-03-j4.42105272747614908013e-02
  -8.20899369436506320952e-03-j4.48672210461114953639e-02
  -8.44083066389328395829e-03-j4.55200231391582749163e-02
  -8.68202059343999021923e-03-j4.61686965936184134929e-02
  -8.93224796469348908401e-03-j4.68130231691643722280e-02
  -9.19118953349348788429e-03-j4.74528036972592104359e-02
  -9.45851534938565302602e-03-j4.80878583794318581468e-02
  -9.73388978677378058357e-03-j4.87180270313386995507e-02
  -1.00169725847258708762e-02-j4.93431692720642245398e-02
  -1.03074198923129023431e-02-j4.99631646581460142631e-02
  -1.06048853166221812572e-02-j5.05779127622232801964e-02
</dep>
<dep S[3,2] frequency>
  +4.28993747607576900172e-02-j1.65942401402857236947e-01
  +4.19261141072963944287e-02-j1.64138622568750863762e-01
  +4.09661225139243828641e-02-j1.62342306847694461958e-01
  +4.00189861400724183893e-02-j1.60553271559795679435e-01
  +3.90843041729159457187e-02-j1.58771327537279849373e-01
  +3.81616886083294276633e-02-j1.56996279451232373381e-01
  +3.72507640390554728427e-02-j1.55227926111090236416e-01
  +3.63511674522938449394e-02-j1.53466060738514403772e-01
  +3.54625480379844454371e-02-j1.51710471217446490888e-01
  +3.45845670094410556628e-02-j1.49960940322259317359e-01
  +3.37168974375440938518e-02-j1.48217245926084928431e-01
  +3.28592240997020168525e-02-j1.46479161191203577363e-01
  +3.20112433442854005250e-02-j1.44746454743491986816e-01
  +3.11726629716914255264e-02-j1.43018890833363193638e-01
  +3.03432021321868167218e-02-j1.41296229484792923436e-01
  +2.95225912413768290521e-02-j1.39578226635107383036e-01
  +2.87105719133120551589e-02-j1.37864634267092001085e-01
  +2.79068969113779735691e-02-j1.36155200535944043150e-01
  +2.71113301170062409584e-02-j1.34449669892889894784e-01
  +2.63236465159018689919e-02-j1.32747783207537883854e-01
  +2.55436322014308200834e-02-j1.31049277890997156737e-01
  +2.47710843947874237436e-02-j1.29353888021627616567e-01
  +2.40058114810423120500e-02-j1.27661344475289206812e-01
  +2.32476330605821471242e-02-j1.25971375061862400635e-01
  +2.24963800148283155078e-02-j1.24283704669782654739e-01
  +2.17518945852628806104e-02-j1.22598055420131551996e-01
  +2.10140304646684247802e-02-j1.20914146831837737706e-01
  +2.02826528993133581302e-02-j1.19231695999404516129e-01
  +1.95576388006350743165e-02-j1.17550417784505700780e-01
  +1.88388768651722368630e-02-j1.15870025022473122078e-01
  +1.81262677010965295166e-02-j1.14190228745010696754e-01
  +1.74197239597605330053e-02-j1.12510738419874301020e-01
  +1.67191704706491778287e-02-j1.10831262208418268589e-01
  +1.60245443780618335161e-02-j1.09151507241769737955e-01
  +1.53357952776271497242e-02-j1.07471179916022285816e-01
  +1.46528853509642030539e-02-j1.05789986207139544150e-01
  +1.39757894966507714707e-02-j1.04107632005514427753e-01
  +1.33044954556531640211e-02-j1.02423823470777469735e-01
  +1.26390039292328046350e-02-j1.00738267406464188092e-01
  +1.19793286876427804155e-02-j9.90506716545997978329e-02
  +1.13254966676875484799e-02-j9.73607455100958668615e-02
  +1.06775480571960901255e-02-j9.56682001542324134125e-02
  +1.00355363647184198106e-02-j9.39727491069710374472e-02
  +9.39952847265173446756e-03-j9.22741086973404844862e-02
  +8.76960467190054937525e-03-j9.05719985510540920304e-02
  +8.14585867649825559611e-03-j8.88661420945128094351e-02
  +7.52839761654155309456e-03-j8.71562670740816114456e-02
  +6.91734200775823496188e-03-j8.54421060895539652424e-02
  +6.31282569626726713929e-03-j8.37233971403020249547e-02
  +5.71499577712537148999e-03-j8.19998841830438668365e-02
  +5.12401248521224955690e-03-j8.02713176993603144682e-02
  +4.54004905730624047644e-03-j7.85374552715414897541e-02
  +3.96329156414666414210e-03-j7.67980621649958228314e-02
  +3.39393871148696915641e-03-j7.50529119153932194886e-02
  +2.83220160913627214128e-03-j7.33017869187105874929e-02
  +2.27830350729315862096e-03-j7.15444790220729487373e-02
  +1.73247949933378643517e-03-j6.97807901134245844865e-02
  +1.19497619072490585818e-03-j6.80105327079004312596e-02
  +6.66051333439377640788e-04-j6.62335305287558295806e-02
  +1.45973425689178547965e-04-j6.44496190805881608021e-02
  -3.64978723138093853751e-04-j6.26586462125727217121e-02
  -8.66516462333862501344e-04-j6.08604726695354258936e-02
  -1.35834180436218048341e-03-j5.90549726283803727567e-02
  -1.84014796371984295370e-03-j5.72420342177183683052e-02
  -2.31161992952798236306e-03-j5.54215600182689921427e-02
  -2.77243507143318593244e-03-j5.35934675417236577877e-02
  -3.22226377788561307858e-03-j5.17576896858717716565e-02
  -3.66077012593115334871e-03-j4.99141751635403252418e-02
  -4.08761258134736349401e-03-j4.80628889032839595741e-02
  -4.50244472795806663368e-03-j4.62038124195074811906e-02
  -4.90491602470331453101e-03-j4.43369441501117733662e-02
  -5.29467258883604963149e-03-j4.24622997591979148280e-02
  -5.67135800369653053643e-03-j4.05799124033511537935e-02
  -6.03461414900257134275e-03-j3.86898329592226045137e-02
  -6.38408205203468831490e-03-j3.67921302108223935434e-02
  -6.71940275715016827052e-03-j3.48868909947748981337e-02
  -7.04021821182709839348e-03-j3.29742203019717794454e-02
  -7.34617216661793970278e-03-j3.10542413342175943614e-02
  -7.63691108661693901505e-03-j2.91270955145735421787e-02
  -7.91208507193645604882e-03-j2.71929424501154703986e-02
  -8.17134878443495638045e-03-j2.52519598463506189656e-02
  -8.41436237808081133327e-03-j2.33043433722030721156e-02
  -8.64079242998826851929e-03-j2.13503064749996016025e-02
  -8.85031286932833755055e-03-j1.93900801449849308211e-02
  -9.04260590115355672447e-03-j1.74239126289143925197e-02
  -9.21736292222463671209e-03-j1.54520690927481690879e-02
  -9.37428542565792860541e-03-j1.34748312332881314823e-02
  -9.51308589159707840288e-03-j1.14924968391269810564e-02
  -9.63348866061936037752e-03-j9.50537930128358965476e-03
  -9.73523078714075978946e-03-j7.51380707413867865441e-03
  -9.81806286953013779284e-03-j5.51812308742612861456e-03
  -9.88174985411423983939e-03-j3.51868411036768136135e-03
  -9.92607181019839607261e-03-j1.51586006904656789285e-03
  -9.95082467300492656825e-03+j4.89966681564028838647e-04
  -9.95582095206676287447e-03+j2.49840212928859745078e-03
  -9.94089040195995227167e-03+j4.50904141864501284420e-03
  -9.90588065318077914956e-03+j6.52146970466919995157e-03
  -9.85065780027136184138e-03+j8.53526304494056642369e-03
  -9.77510694514086009299e-03+j1.05499893272560998914e-02
  -9.67913269309744750402e-03+j1.25652092308042931390e-02
  -9.56265959950429456082e-03+j1.45804772180713054786e-02
  -9.42563256526893905596e-03+j1.65953425549095479052e-02
  -9.26801717917212497522e-03+j1.86093503559223577559e-02
  -9.08980000544371002924e-03+j2.06220426521888100524e-02
  -8.89098881530298035258e-03+j2.26329594782863074975e-02
  -8.67161276089829791136e-03+j2.46416399756193213455e-02
  -8.43172249089836622904e-03+j2.66476235085010351722e-02
  -8.17139020660615639224e-03+j2.86504507901345732701e-02
  -7.89070965804321289294e-03+j3.06496650147463842173e-02
  -7.58979607951913715080e-03+j3.26448129927863830990e-02
  -7.26878606440654884135e-03+j3.46354462855640518604e-02
  -6.92783737905024177284e-03+j3.66211223360453363984e-02
  -6.56712871597502079180e-03+j3.86014055922727708503e-02
  -6.18685938684361558249e-03+j4.05758686201134199933e-02
  -5.78724895549009854534e-03+j4.25440932017644643515e-02
  -5.36853681212932920541e-03+j4.45056714168155023725e-02
  -4.93098168941413783628e-03+j4.64602067025750575802e-02
  -4.47486112168579697190e-03+j4.84073148903021582834e-02
  -4.00047084870505664789e-03+j5.03466252142753742382e-02
  -3.50812416543561100823e-03+j5.22777812906946165450e-02
  -2.99815121958989239115e-03+j5.42004420632882857878e-02
  -2.47089825873939017420e-03+j5.61142827129566396094e-02
  -1.92672682926661731351e-03+j5.80189955285866573731e-02
  -1.36601292903275328694e-03+j5.99142907365536464548e-02
  -7.89146116462566271643e-04+j6.17998972863220558116e-02
  -1.96528578148405519421e-04+j6.36755635900076583100e-02
  +4.11425842063231628210e-04+j6.55410582136173869294e-02
  +1.03429265007197457304e-03+j6.73961705179930564702e-02
  +1.67163774167754242139e-03+j6.92407112477131658768e-02
  +2.32301847294621999218e-03+j7.10745130662557844659e-02
  +2.98798475798116303093e-03+j7.28974310359079419319e-02
  +3.66608019088753012138e-03+j7.47093430411748110620e-02
  +4.35684318887116783792e-03+j7.65101501545973339269e-02
  +5.05980815345299927976e-03+j7.82997769439971874617e-02
  +5.77450664646490807730e-03+j8.00781717203582765752e-02
  +6.50046857772752784133e-03+j8.18453067259026639801e-02
  +7.23722340124149932095e-03+j8.36011782618561460900e-02
  +7.98430131661020947575e-03+j8.53458067557376909296e-02
  +8.74123447255251845300e-03+j8.70792367681406526136e-02
  +9.50755816933929881474e-03+j8.88015369391347841876e-02
  +1.02828120570827644120e-02+j9.05127998746659834239e-02
  +1.10665413266925402591e-02+j9.22131419732957757773e-02
  +1.18582978904929053909e-02+j9.39027031940681544686e-02
  +1.26576415495222860397e-02+j9.55816467661990271099e-02
  +1.34641411446918476957e-02+j9.72501588416102014101e-02
  +1.42773756887582814468e-02+j9.89084480913631075572e-02
  +1.50969354765387447914e-02+j1.00556745247187079295e-01
  +1.59224231706435251366e-02+j1.02195302589600398036e-01
  +1.67534548600856841860e-02+j1.03824393384006979923e-01
  +1.75896610893048269131e-02+j1.05444311266373214053e-01
  +1.84306878553067710058e-02+j1.07055369580360465465e-01
  +1.92761975705018143157e-02+j1.08657900667544382589e-01
  +2.01258699892093821660e-02+j1.10252255112877811660e-01
  +2.09794030957104124524e-02+j1.11838800947272803965e-01
  +2.18365139518594437995e-02+j1.13417922809487994873e-01
  +2.26969395026290904349e-02+j1.14990021069500389372e-01
  +2.35604373376331263645e-02+j1.16555510915672899674e-01
  +2.44267864073106841238e-02+j1.18114821408046549722e-01
  +2.52957876921367195988e-02+j1.19668394500116875845e-01
  +2.61672648236958224621e-02+j1.21216684031610386074e-01
  +2.70410646562456828679e-02+j1.22760154694761161598e-01
  +2.79170577879519696274e-02+j1.24299280976611151162e-01
  +2.87951390306016401233e-02+j1.25834546079920228667e-01
  +2.96752278272399971915e-02+j1.27366440825363580469e-01
  +3.05572686168078533342e-02+j1.28895462537550797855e-01
  +3.14412311455445903086e-02+j1.30422113917626203428e-01
  +3.23271107243250158114e-02+j1.31946901905112767839e-01
  +3.32149284321670013043e-02+j1.33470336531594346852e-01
  +3.41047312652143497225e-02+j1.34992929769076119850e-01
  +3.49965922316397490266e-02+j1.36515194375535664495e-01
  +3.58906103921901031839e-02+j1.38037642740538202268e-01
  +3.67869108469469352496e-02+j1.39560785733412323628e-01
  +3.76856446683165244305e-02+j1.41085131556744736159e-01
  +3.85869887810563402808e-02+j1.42611184607746521724e-01
  +3.94911457897153123087e-02+j1.44139444350240508719e-01
  +4.03983437543202344999e-02+j1.45670404199627512298e-01
  +4.13088359152052539414e-02+j1.47204550423551017158e-01
  +4.22229003678834466373e-02+j1.48742361060676758777e-01
  +4.31408396891217876812e-02+j1.50284304860030165640e-01
  +4.40629805154450979177e-02+j1.51830840243310949411e-01
  +4.49896730754357487836e-02+j1.53382414292488222785e-01
  +4.59212906772208523387e-02+j1.54939461764977609581e-01
  +4.68582291528719524498e-02+j1.56502404138617851048e-01
  +4.78009062612801821635e-02+j1.58071648688490828949e-01
  +4.87497610514121965108e-02+j1.59647587597749135435e-01
  +4.97052531878286463218e-02+j1.61230597104275397147e-01
  +5.06678622405530854067e-02+j1.62821036685178999193e-01
  +5.16380869413830198567e-02+j1.64419248280787966277e-01
  +5.26164444088923488607e-02+j1.66025555559812548756e-01
  +5.36034693445196011585e-02+j1.67640263227298164095e-01
  +5.45997132021204534258e-02+j1.69263656376657745106e-01
  +5.56057433335384529438e-02+j1.70895999887224980807e-01
  +5.66221421128188240335e-02+j1.72537537868460461032e-01
  +5.76495060417257232377e-02+j1.74188493151683276849e-01
  +5.86884448393610660966e-02+j1.75849066830499056735e-01
  +5.97395805187188669305e-02+j1.77519437850419348202e-01
  +6.08035464529947666801e-02+j1.79199762648292737488e-01
  +6.18809864347395210959e-02+j1.80890174842126022492e-01
  +6.29725537306810023708e-02+j1.82590784971237235501e-01
  +6.40789101353837903252e-02+j1.84301680287173530459e-01
</dep>
<dep S[3,1] frequency>
  -4.71489201197940910326e-01+j4.57772373417431460707e-02
  -4.70469007634864766487e-01+j5.37255070988284927358e-02
  -4.69317357073980478965e-01+j6.16462187198540678690e-02
  -4.68035156514275352269e-01+j6.95374600552593202796e-02
  -4.66623322614933555563e-01+j7.73973517489117551760e-02
  -4.65082780567884213063e-01+j8.52240460176671849046e-02
  -4.63414463065761284000e-01+j9.30157254036630964933e-02
  -4.61619309365215835239e-01+j1.00770601502781248504e-01
  -4.59698264444751869551e-01+j1.08486913675777618682e-01
  -4.57652278256447608840e-01+j1.16162927746288058284e-01
  -4.55482305070636528388e-01+j1.23796934690395155076e-01
  -4.53189302912384905930e-01+j1.31387249322580307309e-01
  -4.50774233088303000194e-01+j1.38932208983042648764e-01
  -4.48238059802658628250e-01+j1.46430172229351007740e-01
  -4.45581749860613218761e-01+j1.53879517538553667322e-01
  -4.42806272457418659272e-01+j1.61278642021939505602e-01
  -4.39912599051290265084e-01+j1.68625960157741228151e-01
  -4.36901703318144374322e-01+j1.75919902545006112682e-01
  -4.33774561186133889024e-01+j1.83158914682258866513e-01
  -4.30532150947657177298e-01+j1.90341455774751228125e-01
  -4.27175453446602348961e-01+j1.97465997573523927011e-01
  -4.23705452338566657122e-01+j2.04531023249278215426e-01
  -4.20123134421157229390e-01+j2.11535026305038620364e-01
  -4.16429490032306892644e-01+j2.18476509529506784935e-01
  -4.12625513513614539107e-01+j2.25353983994753814812e-01
  -4.08712203736038393043e-01+j2.32165968100782382777e-01
  -4.04690564685227294195e-01+j2.38910986669474051380e-01
  -4.00561606103625678088e-01+j2.45587570090445989068e-01
  -3.96326344186182843998e-01+j2.52194253521452860234e-01
  -3.91985802326999754897e-01+j2.58729576145181272562e-01
  -3.87541011913570265790e-01+j2.65192080484889347591e-01
  -3.82993013165647488982e-01+j2.71580311780665661914e-01
  -3.78342856015341899578e-01+j2.77892817428582128425e-01
  -3.73591601025614616916e-01+j2.84128146483758226015e-01
  -3.68740320343263427993e-01+j2.90284849229969998952e-01
  -3.63790098683561768933e-01+j2.96361476816449975757e-01
  -3.58742034342775684141e-01+j3.02356580963866083955e-01
  -3.53597240235472842773e-01+j3.08268713740150079872e-01
  -3.48356844952599609133e-01+j3.14096427408009692961e-01
  -3.43021993837052840970e-01+j3.19838274344688089368e-01
  -3.37593850073370560505e-01+j3.25492807034570008629e-01
  -3.32073595787221120812e-01+j3.31058578136135706060e-01
  -3.26462433151567310574e-01+j3.36534140623123478875e-01
  -3.20761585495665302314e-01+j3.41918048000508734141e-01
  -3.14972298412713069826e-01+j3.47208854595938642973e-01
  -3.09095840862855464337e-01+j3.52405115926241463420e-01
  -3.03133506267464769568e-01+j3.57505389139220974837e-01
  -2.97086613590833770182e-01+j3.62508233530520640464e-01
  -2.90956508405263880590e-01+j3.67412211135318689248e-01
  -2.84744563936170369534e-01+j3.72215887393851752041e-01
  -2.78452182082579768885e-01+j3.76917831890694554620e-01
  -2.72080794409677195755e-01+j3.81516619166416548481e-01
  -2.65631863109218435692e-01+j3.86010829600768656800e-01
  -2.59106881924201781775e-01+j3.90399050365941802099e-01
  -2.52507377033597213423e-01+j3.94679876448692956714e-01
  -2.45834907893695026049e-01+j3.98851911739422415604e-01
  -2.39091068031761139201e-01+j4.02913770186711317489e-01
  -2.32277485789101956204e-01+j4.06864077014725933346e-01
  -2.25395825008986555593e-01+j4.10701470001830548640e-01
  -2.18447785666466276489e-01+j4.14424600817544452891e-01
  -2.11435104436278137330e-01+j4.18032136415422139741e-01
  -2.04359555195695846708e-01+j4.21522760478805491591e-01
  -1.97222949458679241985e-01+j4.24895174916651741093e-01
  -1.90027136738385171721e-01+j4.28148101405989633950e-01
  -1.82774004835211639763e-01+j4.31280282977532791744e-01
  -1.75465480046938487879e-01+j4.34290485641035728381e-01
  -1.68103527298820221159e-01+j4.37177500046305345105e-01
  -1.60690150190612529579e-01+j4.39940143176089759613e-01
  -1.53227390958642101237e-01+j4.42577260066441879882e-01
  -1.45717330350212781465e-01+j4.45087725550449175849e-01
  -1.38162087409092498858e-01+j4.47470446020542922394e-01
  -1.30563819169569134138e-01+j4.49724361205050160439e-01
  -1.22924720258271238937e-01+j4.51848445953921373786e-01
  -1.15247022402354015735e-01+j4.53841712028813015767e-01
  -1.07532993842622048852e-01+j4.55703209892608374076e-01
  -9.97849386517338787783e-02+j4.57432030493011565486e-01
  -9.20051959562595000897e-02+j4.59027307035230203169e-01
  -8.41961390630682343650e-02+j4.60488216738297262420e-01
  -7.63601744899317369519e-02+j4.61813982569788228361e-01
  -6.84997409007709057160e-02+j4.63003874953557770233e-01
  -6.06173079467476755289e-02+j4.64057213445063343471e-01
  -5.27153750137559634625e-02+j4.64973368368958750452e-01
  -4.47964698781527018157e-02+j4.65751762413586123390e-01
  -3.68631472723673705993e-02+j4.66391872177041810765e-01
  -2.89179873624490386963e-02+j4.66893229659592623459e-01
  -2.09635941399329041313e-02+j4.67255423697268301719e-01
  -1.30025937307941211879e-02+j4.67478101331627038384e-01
  -5.03763262440448406770e-03+j4.67560969110712265628e-01
  +2.92862417388404334614e-03+j4.67503794316484644344e-01
  +1.08934950633047342855e-02+j4.67306406114101846594e-01
  +1.88542838371380874762e-02+j4.66968696618667244991e-01
  +2.68082817368961341675e-02+j4.66490621875241373573e-01
  +3.47527695669783351362e-02+j4.65872202748151387208e-01
  +4.26850198647003298280e-02+j4.65113525715930176130e-01
  +5.06022991209316153061e-02+j4.64214743568401477791e-01
  +5.85018700463299581860e-02+j4.63176076002785763741e-01
  +6.63809938771565688498e-02+j4.61997810116005047654e-01
  +7.42369327157391262206e-02+j4.60680300790618391105e-01
  +8.20669518992923896494e-02+j4.59223970972234829535e-01
  +8.98683223916863643810e-02+j4.57629311836502850053e-01
  +9.76383231914691451792e-02+j4.55896882844279260905e-01
  +1.05374243750709847833e-01+j4.54027311683719514424e-01
  +1.13073386397948921767e-01+j4.52021294098647774540e-01
  +1.20733068759174957951e-01+j4.49879593602754146442e-01
  +1.28350626170469245269e-01+j4.47603041079679186964e-01
  +1.35923414076267567996e-01+j4.45192534269272632841e-01
  +1.43448810406394788863e-01+j4.42649037140975920579e-01
  +1.50924217926518361432e-01+j4.39973579155204297386e-01
  +1.58347066554979515329e-01+j4.37167254414551009756e-01
  +1.65714815640569557154e-01+j4.34231220706507548002e-01
  +1.73024956195184931307e-01+j4.31166698440011597615e-01
  +1.80275013075407275487e-01+j4.27974969478503053377e-01
  +1.87462547107626192888e-01+j4.24657375872405262740e-01
  +1.94585157151455578894e-01+j4.21215318494200852140e-01
  +2.01640482095659906436e-01+j4.17650255580030882463e-01
  +2.08626202782390690604e-01+j4.13963701181368048942e-01
  +2.15540043854560575687e-01+j4.10157223531190995303e-01
  +2.22379775522212858041e-01+j4.06232443328971293273e-01
  +2.29143215243390818703e-01+j4.02191031949417132640e-01
  +2.35828229316326881682e-01+j3.98034709579500101118e-01
  +2.42432734378733000247e-01+j3.93765243289346755784e-01
  +2.48954698811553076787e-01+j3.89384445041968230150e-01
  +2.55392144044159496996e-01+j3.84894169647438444404e-01
  +2.61743145758407014245e-01+j3.80296312667142977215e-01
  +2.68005834989552105263e-01+j3.75592808273768952176e-01
  +2.74178399122279203848e-01+j3.70785627072780676894e-01
  +2.80259082780287160919e-01+j3.65876773891328721522e-01
  +2.86246188608406504361e-01+j3.60868285540491218200e-01
  +2.92138077946594854062e-01+j3.55762228556700366155e-01
  +2.97933171395508289425e-01+j3.50560696928186699139e-01
  +3.03629949273413912714e-01+j3.45265809812549007152e-01
  +3.09226951964972740505e-01+j3.39879709251051431718e-01
  +3.14722780162669302229e-01+j3.34404557885351172430e-01
  +3.20116095001566625111e-01+j3.28842536682503849832e-01
  +3.25405618088903114682e-01+j3.23195842673658195743e-01
  +3.30590131430210432129e-01+j3.17466686711762258177e-01
  +3.35668477253715402675e-01+j3.11657291253594093128e-01
  +3.40639557735274323136e-01+j3.05769888171222026241e-01
  +3.45502334626243412519e-01+j2.99806716597737388241e-01
  +3.50255828787095657706e-01+j2.93770020811910059777e-01
  +3.54899119629643100549e-01+j2.87662048166234862734e-01
  +3.59431344470862612628e-01+j2.81485047062832061116e-01
  +3.63851697801959528267e-01+j2.75241264980935484985e-01
  +3.68159430475875570909e-01+j2.68932946560010877057e-01
  +3.72353848817182475628e-01+j2.62562331741859833478e-01
  +3.76434313657970309741e-01+j2.56131653975167072890e-01
  +3.80400239303769205357e-01+j2.49643138485506704827e-01
  +3.84251092433633367751e-01+j2.43099000613428456452e-01
  +3.87986390938373226778e-01+j2.36501444223401691147e-01
  +3.91605702701248392650e-01+j2.29852660185806689785e-01
  +3.95108644325421698440e-01+j2.23154824933843809465e-01
  +3.98494879812400393249e-01+j2.16410099097389896361e-01
  +4.01764119195908042670e-01+j2.09620626215070826603e-01
  +4.04916117135480257971e-01+j2.02788531525896931207e-01
  +4.07950671474112680492e-01+j1.95915920841600976754e-01
  +4.10867621764358981196e-01+j1.89004879500256017799e-01
  +4.13666847767115042345e-01+j1.82057471401866899363e-01
  +4.16348267927390880416e-01+j1.75075738126194369038e-01
  +4.18911837831239863839e-01+j1.68061698132960735119e-01
  +4.21357548647979307521e-01+j1.61017346044351333800e-01
  +4.23685425561790118820e-01+j1.53944652009482041422e-01
  +4.25895526196680695996e-01+j1.46845561150273584694e-01
  +4.27987939038615983200e-01+j1.39721993088382345771e-01
  +4.29962781858747533636e-01+j1.32575841551808182306e-01
  +4.31820200141275145622e-01+j1.25408974060794070615e-01
  +4.33560365519596035977e-01+j1.18223231691437821733e-01
  +4.35183474224220712134e-01+j1.11020428915863750285e-01
  +4.36689745545716601072e-01+j1.03802353517551765316e-01
  +4.38079420315954426446e-01+j9.65707665803501452695e-02
  +4.39352759410743975987e-01+j8.93274025493195067416e-02
  +4.40510042276818225560e-01+j8.20739693618341564774e-02
  +4.41551565486013486428e-01+j7.48121486470172680772e-02
  +4.42477641319344916493e-01+j6.75435959916179246010e-02
  +4.43288596383613842100e-01+j6.02699412702533618424e-02
  +4.43984770262953465370e-01+j5.29927890379318575209e-02
  +4.44566514207685059556e-01+j4.57137189829100037963e-02
  +4.45034189862709428365e-01+j3.84342864373938622458e-02
  +4.45388168037507248265e-01+j3.11560229440253841360e-02
  +4.45628827519748083041e-01+j2.38804368759083195106e-02
  +4.45756553934359978086e-01+j1.66090141077547340243e-02
  +4.45771738649822335532e-01+j9.34321873587127572913e-03
  +4.45674777733329696705e-01+j2.08449384464477055490e-03
  +4.45466070956344717402e-01-j5.16573768298199745286e-03
  +4.45146020852027646253e-01-j1.24060723132041264560e-02
  +4.44715031825820283906e-01-j1.96351249699329884202e-02
  +4.44173509320496540109e-01-j2.68515281062332161754e-02
  +4.43521859036799526166e-01-j3.40539307416316827659e-02
  +4.42760486210746706526e-01-j4.12409974671374621180e-02
  +4.41889794948616021486e-01-j4.84114074207417435791e-02
  +4.40910187620497828753e-01-j5.55638532357868447642e-02
  +4.39822064313278082714e-01-j6.26970399643897724484e-02
  +4.38625822343811644366e-01-j6.98096839786897238600e-02
  +4.37321855832963568567e-01-j7.69005118521851049884e-02
  +4.35910555341237793137e-01-j8.39682592232712798896e-02
  +4.34392307566447644085e-01-j9.10116696440461114825e-02
  +4.32767495104022459351e-01-j9.80294934162789927123e-02
  +4.31036496270456204183e-01-j1.05020486416972702592e-01
  +4.29199684990126784090e-01-j1.11983408916433810343e-01
  +4.27257430746073585404e-01-j1.18917024390525122302e-01
  +4.25210098594786423121e-01-j1.25820098330418905785e-01
</dep>
<dep S[2,5] frequency>
  +3.00307953797788601547e-02+j7.58756755336897348307e-02
  +3.15449118271220463328e-02+j7.42952487839743103137e-02
  +3.30006898375960894265e-02+j7.26852383477760988217e-02
  +3.43975736862819070350e-02+j7.10475595266348430856e-02
  +3.57350678437928642728e-02+j6.93841362201427086509e-02
  +3.70127369298472452819e-02+j6.76968990709413270812e-02
  +3.82302056134084938810e-02+j6.59877836276085011358e-02
  +3.93871584602580870893e-02+j6.42587285269433650114e-02
  +4.04833397299022845761e-02+j6.25116736964373281848e-02
  +4.15185531230080340226e-02+j6.07485585780124862088e-02
  +4.24926614809124775229e-02+j5.89713203740125022079e-02
  +4.34055864384733369743e-02+j5.71818923162445286179e-02
  +4.42573080318519745946e-02+j5.53822019586503663802e-02
  +4.50478642622946096052e-02+j5.35741694947866470278e-02
  +4.57773506175601502255e-02+j5.17597061001368735633e-02
  +4.64459195519991568935e-02+j4.99407123004353137308e-02
  +4.70537799267280176796e-02+j4.81190763661294221287e-02
  +4.76011964111046695369e-02+j4.62966727335952163425e-02
  +4.80884888466766302617e-02+j4.44753604536092320143e-02
  +4.85160315747646883611e-02+j4.26569816673201124280e-02
  +4.88842527288952249931e-02+j4.08433601101407112166e-02
  +4.91936334930427321410e-02+j3.90362996439631293466e-02
  +4.94447073269383627347e-02+j3.72375828176494810817e-02
  +4.96380591592640654786e-02+j3.54489694564160476298e-02
  +4.97743245498676739613e-02+j3.36721952800608653744e-02
  +4.98541888219046422370e-02+j3.19089705502612411281e-02
  +4.98783861647743298473e-02+j3.01609787471623230770e-02
  +4.98476987087938805399e-02+j2.84298752753351091638e-02
  +4.97629555724111438675e-02+j2.67172861991663013193e-02
  +4.96250318827251152287e-02+j2.50248070079097384433e-02
  +4.94348477701067323675e-02+j2.33540014103598703166e-02
  +4.91933673376360527940e-02+j2.17064001593276628688e-02
  +4.89015976059943013876e-02+j2.00834999058521063153e-02
  +4.85605874345066690356e-02+j1.84867620834893164883e-02
  +4.81714264188894125684e-02+j1.69176118223871158053e-02
  +4.77352437663256107259e-02+j1.53774368935538918723e-02
  +4.72532071483290350145e-02+j1.38675866832106142734e-02
  +4.67265215319952187389e-02+j1.23893711974718406799e-02
  +4.61564279900520887945e-02+j1.09440600972966484150e-02
  +4.55442024901121372826e-02+j9.53288176397511233251e-03
  +4.48911546637023595174e-02+j8.15702239532697936930e-03
  +4.41986265552581497618e-02+j6.81762513263166336497e-03
  +4.34679913516282795394e-02+j5.51578921862330706638e-03
  +4.27006520923646354371e-02+j4.25256918681049533859e-03
  +4.18980403611208598869e-02+j3.02897408218483210618e-03
  +4.10616149585687623125e-02+j1.84596671382514232462e-03
  +4.01928605570701646954e-02+j7.04462939645600361160e-04
  +3.92932863374975613335e-02-j3.94669016410928441552e-04
  +3.83644246084225079563e-02-j1.45060921426121147704e-03
  +3.74078294081415380079e-02-j2.46258661420510616136e-03
  +3.64250750897190944677e-02-j3.42987965968094554725e-03
  +3.54177548894920729561e-02-j4.35181682568459848870e-03
  +3.43874794793526464276e-02-j5.22777713230279661438e-03
  +3.33358755032398604290e-02-j6.05719062274596986573e-03
  +3.22645840982047349410e-02-j6.83953880534690639159e-03
  +3.11752594005462457805e-02-j7.57435505870250602722e-03
  +3.00695670373959944577e-02-j8.26122499945584898295e-03
  +2.89491826044661892947e-02-j8.89978681172055863247e-03
  +2.78157901303163791751e-02-j9.48973153767657118252e-03
  +2.66710805279266501000e-02-j1.00308033283194042440e-02
  +2.55167500341533272368e-02-j1.05227996536594037291e-02
  +2.43544986378854515230e-02-j1.09655714714768232065e-02
  +2.31860284976058081408e-02-j1.13590233538277685099e-02
  +2.20130423492913389338e-02-j1.17031135704254996011e-02
  +2.08372419056247759617e-02-j1.19978541279691930388e-02
  +1.96603262473993636861e-02-j1.22433107646302691274e-02
  +1.84839902083530488452e-02-j1.24396028987940193700e-02
  +1.73099227544643262389e-02-j1.25869035311917815134e-02
  +1.61398053590857473716e-02-j1.26854390995680965659e-02
  +1.49753103750924244919e-02-j1.27354892851263279407e-02
  +1.38180994056278753923e-02-j1.27373867699259596398e-02
  +1.26698216747521547054e-02-j1.26915169444695580259e-02
  +1.15321123997075627998e-02-j1.25983175648236994659e-02
  +1.04065911664189131303e-02-j1.24582783585688583461e-02
  +9.29486030986940992005e-03-j1.22719405790618629748e-02
  +8.19850330131897953034e-03-j1.20398965073966468520e-02
  +7.11908314409698955716e-03-j1.17627889016823639068e-02
  +6.05814078002857997474e-03-j1.14413103932551885045e-02
  +5.01719350845433731401e-03-j1.10762028295123549082e-02
  +3.99773341993080177925e-03-j1.06682565632174042314e-02
  +3.00122584679608089830e-03-j1.02183096881893337171e-02
  +2.02910783270714850657e-03-j9.72724722138618158596e-03
  +1.08278662344235554471e-03-j9.19600023151935508370e-03
  +1.63638181214148525910e-04-j8.62554491446128335230e-03
  -7.26994275210668394749e-04-j8.01690161583250293642e-03
  -1.58780170229030903606e-03-j7.37113380127162043376e-03
  -2.41751063301201551958e-03-j6.68934697499755370753e-03
  -3.21488454545623691949e-03-j5.97268754748679631117e-03
  -3.97872519621420006608e-03-j5.22234165312289444483e-03
  -4.70787391645191566347e-03-j4.43953391892543125508e-03
  -5.40121286825206992077e-03-j3.62552618546721494575e-03
  -6.05766625904072264497e-03-j2.78161618137255650662e-03
  -6.67620151189764199362e-03-j1.90913615282505000348e-03
  -7.25583038956996440039e-03-j1.00945144968393740736e-03
  -7.79561007017987028789e-03-j8.39590699961423325703e-05
  -8.29464417257486097412e-03+j8.65913835389690855759e-04
  -8.75208372943610257710e-03+j1.83871149586081056304e-03
  -9.16712810632394625721e-03+j2.83295108989208704875e-03
  -9.53902586495529447586e-03+j3.84712434724620438997e-03
  -9.86707556913830885481e-03+j4.87969918238451844106e-03
  -1.01506265318314775614e-02+j5.92912135649274057991e-03
  -1.03890795020875059684e-02+j6.99381616568522240796e-03
  -1.05818872905925481787e-02+j8.07219015272044732034e-03
  -1.07285553327873400820e-02+j9.16263283957445551220e-03
  -1.08286421886663875025e-02+j1.02635184780251950687e-02
  -1.08817599784853946687e-02+j1.13732078155821293708e-02
  -1.08875747538113992752e-02+j1.24900498736926213184e-02
  -1.08458068034856108808e-02+j1.36123837355581894792e-02
  -1.07562308942273088253e-02+j1.47385403404367773539e-02
  -1.06186764457964905040e-02+j1.58668442816172934606e-02
  -1.04330276408268890487e-02+j1.69956156051341636393e-02
  -1.01992234695057054639e-02+j1.81231716062388650834e-02
  -9.91725770959187014064e-03+j1.92478286207947851816e-02
  -9.58717884232607175932e-03+j2.03679038087535499435e-02
  -9.20908990493661538945e-03+j2.14817169268140192862e-02
  -8.78314828074142073255e-03+j2.25875920876265900983e-02
  -8.30956542779458240400e-03+j2.36838595027952618366e-02
  -7.78860654736482360683e-03+j2.47688572071344537129e-02
  -7.22059019356208198204e-03+j2.58409327615739085882e-02
  -6.60588782559455578447e-03+j2.68984449324742372345e-02
  -5.94492330429639836975e-03+j2.79397653448726010494e-02
  -5.23817233459575315457e-03+j2.89632801076359081005e-02
  -4.48616185584489735039e-03+j2.99673914083883399795e-02
  -3.68946938186821837835e-03+j3.09505190763052114022e-02
  -2.84872229283798794608e-03+j3.19111021110104337017e-02
  -1.96459708098821461686e-03+j3.28476001759615207631e-02
  -1.03781855244029774799e-03+j3.37584950547831844081e-02
  -6.91589873021841716749e-05+j3.46422920692597210990e-02
  +9.40562739656203294913e-04+j3.54975214577776601588e-02
  +1.99048207544826050164e-03+j3.63227397132345128372e-02
  +3.07968974010927598606e-03+j3.71165308794892609412e-02
  +4.20723271037516666215e-03+j3.78775078056765995838e-02
  +5.37211523348316011273e-03+j3.86043133578615194068e-02
  +6.57329986875830607485e-03+j3.92956215875579772945e-02
  +7.80970855466527058564e-03+j3.99501388569046683719e-02
  +9.08022369908612070333e-03+j4.05666049204115031213e-02
  +1.03836892905994487846e-02+j4.11437939632771365606e-02
  +1.17189120285680070666e-02+j4.16805155964747597874e-02
  +1.30846624699294533656e-02+j4.21756158088922999960e-02
  +1.44796761906960114175e-02+j4.26279778770074641026e-02
  +1.59026549602015593310e-02+j4.30365232326049076961e-02
  +1.73522679261912254889e-02+j4.34002122891853289732e-02
  +1.88271528090368650554e-02+j4.37180452278974895908e-02
  +2.03259171033884078472e-02+j4.39890627437680564737e-02
  +2.18471392857428753365e-02+j4.42123467532314906592e-02
  +2.33893700264313220138e-02+j4.43870210639398868335e-02
  +2.49511334047306798656e-02+j4.45122520079435229912e-02
  +2.65309281259297202737e-02+j4.45872490393964607258e-02
  +2.81272287391888461960e-02+j4.46112652979192281233e-02
  +2.97384868552782732909e-02+j4.45835981389006152931e-02
  +3.13631323633836028852e-02+j4.45035896319194851367e-02
  +3.29995746462133435206e-02+j4.43706270285785381313e-02
  +3.46462037928773544659e-02+j4.41841432009981299744e-02
  +3.63013918090583503906e-02+j4.39436170522238614411e-02
  +3.79634938241014546767e-02+j4.36485738997976838172e-02
  +3.96308492948865345729e-02+j4.32985858336871823338e-02
  +4.13017832062859066578e-02+j4.28932720497882530308e-02
  +4.29746072682817975563e-02+j4.24322991601009530394e-02
  +4.46476211098314132442e-02+j4.19153814807057684133e-02
  +4.63191134696931891557e-02+j4.13422812985339005465e-02
  +4.79873633845173952484e-02+j4.07128091179357054497e-02
  +4.96506413746616165339e-02+j4.00268238878799809122e-02
  +5.13072106280840906090e-02+j3.92842332106604213982e-02
  +5.29553281830558025822e-02+j3.84849935327592068690e-02
  +5.45932461101293481365e-02+j3.76291103185627529015e-02
  +5.62192126941724393263e-02+j3.67166382073974145728e-02
  +5.78314736171632939876e-02+j3.57476811544003014731e-02
  +5.94282731425378740742e-02+j3.47223925554297624396e-02
  +6.10078553018412739206e-02+j3.36409753563745167471e-02
  +6.25684650846328876961e-02+j3.25036821468360354048e-02
  +6.41083496323829743480e-02+j3.13108152382797211288e-02
  +6.56257594372892660850e-02+j3.00627267264599595809e-02
  +6.71189495468268448874e-02+j2.87598185379478732404e-02
  +6.85861807749161972447e-02+j2.74025424603578648952e-02
  +7.00257209204900310517e-02+j2.59914001558516488677e-02
  +7.14358459942457252323e-02+j2.45269431573429952387e-02
  +7.28148414543749594730e-02+j2.30097728467021783727e-02
  +7.41610034519380595386e-02+j2.14405404141820993269e-02
  +7.54726400865165097942e-02+j1.98199467982032168090e-02
  +7.67480726727402251530e-02+j1.81487426044679156512e-02
  +7.79856370181830904631e-02+j1.64277280033480604926e-02
  +7.91836847130367449399e-02+j1.46577526043818739954e-02
  +8.03405844319262651965e-02+j1.28397153065876040712e-02
  +8.14547232480384575393e-02+j1.09745641233306712170e-02
  +8.25245079597719533027e-02+j9.06329598026632543561e-03
  +8.35483664298192207909e-02+j7.10695648501201426850e-03
  +8.45247489367358106893e-02+j5.10663966688069959066e-03
  +8.54521295386258955551e-02+j3.06348768527153758612e-03
  +8.63290074487136765979e-02+j9.78690505028509405427e-04
  +8.71539084222941184965e-02-j1.14651446284348701443e-03
  +8.79253861544362219638e-02-j3.31084275669428496069e-03
  +8.86420236877716594126e-02-j5.51296329770517568036e-03
  +8.93024348294520486924e-02-j7.75149886294562717737e-03
  +8.99052655762453412081e-02-j1.00250265995695253540e-02
  +9.04491955467071756525e-02-j1.23320785819314993059e-02
  +9.09329394190792755781e-02-j1.46711424130993722814e-02
  +9.13552483734964143602e-02-j1.70406618722660357923e-02
  +9.17149115370091694288e-02-j1.94390376097463984939e-02
  +9.20107574296441244055e-02-j2.18646278907430186011e-02
  +9.22416554098035995635e-02-j2.43157493895284348984e-02
</dep>
<dep S[2,4] frequency>
  +3.00307953797784993322e-02+j7.58756755336901372866e-02
  +3.15449118271220463328e-02+j7.42952487839743380693e-02
  +3.30006898375964641268e-02+j7.26852383477756269770e-02
  +3.43975736862822539797e-02+j7.10475595266343989964e-02
  +3.57350678437929059061e-02+j6.93841362201426947731e-02
  +3.70127369298466069036e-02+j6.76968990709422152596e-02
  +3.82302056134084938810e-02+j6.59877836276085011358e-02
  +3.93871584602580870893e-02+j6.42587285269433511337e-02
  +4.04833397299023123317e-02+j6.25116736964373143071e-02
  +4.15185531230079785114e-02+j6.07485585780124931476e-02
  +4.24926614809122138450e-02+j5.89713203740130156860e-02
  +4.34055864384733369743e-02+j5.71818923162445008623e-02
  +4.42573080318520162280e-02+j5.53822019586503871968e-02
  +4.50478642622946096052e-02+j5.35741694947866609056e-02
  +4.57773506175601502255e-02+j5.17597061001368735633e-02
  +4.64459195519989764822e-02+j4.99407123004357647589e-02
  +4.70537799267280315574e-02+j4.81190763661294151898e-02
  +4.76011964111045238202e-02+j4.62966727335956743095e-02
  +4.80884888466766302617e-02+j4.44753604536092528310e-02
  +4.85160315747647924445e-02+j4.26569816673196475221e-02
  +4.88842527288951694819e-02+j4.08433601101404128442e-02
  +4.91936334930426627521e-02+j3.90362996439635664969e-02
  +4.94447073269382447736e-02+j3.72375828176499043543e-02
  +4.96380591592640516008e-02+j3.54489694564160615076e-02
  +4.97743245498676739613e-02+j3.36721952800608653744e-02
  +4.98541888219046006037e-02+j3.19089705502616297061e-02
  +4.98783861647743229084e-02+j3.01609787471623161381e-02
  +4.98476987087939082954e-02+j2.84298752753353728417e-02
  +4.97629555724110883563e-02+j2.67172861991666621417e-02
  +4.96250318827251221676e-02+j2.50248070079093359874e-02
  +4.94348477701067323675e-02+j2.33540014103602450168e-02
  +4.91933673376360527940e-02+j2.17064001593276212354e-02
  +4.89015976059942944487e-02+j2.00834999058522867266e-02
  +4.85605874345066551578e-02+j1.84867620834893164883e-02
  +4.81714264188894125684e-02+j1.69176118223871158053e-02
  +4.77352437663255968481e-02+j1.53774368935540584058e-02
  +4.72532071483290905256e-02+j1.38675866832104893733e-02
  +4.67265215319951979223e-02+j1.23893711974718545576e-02
  +4.61564279900521026723e-02+j1.09440600972966622928e-02
  +4.55442024901122136105e-02+j9.53288176397509845472e-03
  +4.48911546637023595174e-02+j8.15702239532697936930e-03
  +4.41986265552583024174e-02+j6.81762513263191316515e-03
  +4.34679913516283419894e-02+j5.51578921862379278895e-03
  +4.27006520923646631926e-02+j4.25256918681049533859e-03
  +4.18980403611207558034e-02+j3.02897408218470720609e-03
  +4.10616149585687761903e-02+j1.84596671382512844684e-03
  +4.01928605570701577565e-02+j7.04462939645628116736e-04
  +3.92932863374975543946e-02-j3.94669016410831297037e-04
  +3.83644246084225010174e-02-j1.45060921426123923261e-03
  +3.74078294081415518857e-02-j2.46258661420510616136e-03
  +3.64250750897191014066e-02-j3.42987965968094554725e-03
  +3.54177548894920937728e-02-j4.35181682568461236649e-03
  +3.43874794793527852055e-02-j5.22777713230253293641e-03
  +3.33358755032398673679e-02-j6.05719062274595598794e-03
  +3.22645840982048667800e-02-j6.83953880534669822477e-03
  +3.11752594005460861859e-02-j7.57435505870263092731e-03
  +3.00695670373961158883e-02-j8.26122499945566857171e-03
  +2.89491826044661823558e-02-j8.89978681172055863247e-03
  +2.78157901303162057027e-02-j9.48973153767673771597e-03
  +2.66710805279265078527e-02-j1.00308033283194736329e-02
  +2.55167500341533307062e-02-j1.05227996536594037291e-02
  +2.43544986378854445841e-02-j1.09655714714767815732e-02
  +2.31860284976056416073e-02-j1.13590233538278795322e-02
  +2.20130423492912313810e-02-j1.17031135704255134788e-02
  +2.08372419056247829006e-02-j1.19978541279691930388e-02
  +1.96603262473993636861e-02-j1.22433107646302830052e-02
  +1.84839902083530488452e-02-j1.24396028987940332478e-02
  +1.73099227544644650167e-02-j1.25869035311916982467e-02
  +1.61398053590858583939e-02-j1.26854390995680826881e-02
  +1.49753103750924591864e-02-j1.27354892851263834519e-02
  +1.38180994056279274340e-02-j1.27373867699259318842e-02
  +1.26698216747521477665e-02-j1.26915169444695580259e-02
  +1.15321123997075558609e-02-j1.25983175648236717104e-02
  +1.04065911664189131303e-02-j1.24582783585688583461e-02
  +9.29486030986943073673e-03-j1.22719405790618490970e-02
  +8.19850330131897953034e-03-j1.20398965073966607298e-02
  +7.11908314409717690729e-03-j1.17627889016823222734e-02
  +6.05814078002868405814e-03-j1.14413103932551746267e-02
  +5.01719350845441364184e-03-j1.10762028295123687860e-02
  +3.99773341993081565704e-03-j1.06682565632174181092e-02
  +3.00122584679608783720e-03-j1.02183096881893198393e-02
  +2.02910783270719707883e-03-j9.72724722138619546374e-03
  +1.08278662344234166692e-03-j9.19600023151936896149e-03
  +1.63638181214176281486e-04-j8.62554491446131110788e-03
  -7.26994275210654516961e-04-j8.01690161583251681421e-03
  -1.58780170229035066942e-03-j7.37113380127160655597e-03
  -2.41751063301205715295e-03-j6.68934697499751207417e-03
  -3.21488454545626467507e-03-j5.97268754748679631117e-03
  -3.97872519621417231050e-03-j5.22234165312289444483e-03
  -4.70787391645186015232e-03-j4.43953391892545901065e-03
  -5.40121286825206992077e-03-j3.62552618546722882353e-03
  -6.05766625904070876718e-03-j2.78161618137250099547e-03
  -6.67620151189761423804e-03-j1.90913615282498061454e-03
  -7.25583038956997827817e-03-j1.00945144968397904073e-03
  -7.79561007017985641010e-03-j8.39590699961562103582e-05
  -8.29464417257487485191e-03+j8.65913835389642283502e-04
  -8.75208372943611645489e-03+j1.83871149586078280747e-03
  -9.16712810632391850163e-03+j2.83295108989207317096e-03
  -9.53902586495534998701e-03+j3.84712434724620438997e-03
  -9.86707556913828109924e-03+j4.87969918238454619663e-03
  -1.01506265318314081725e-02+j5.92912135649279609106e-03
  -1.03890795020874782129e-02+j6.99381616568520853017e-03
  -1.05818872905923955230e-02+j8.07219015272050283150e-03
  -1.07285553327873400820e-02+j9.16263283957445551220e-03
  -1.08286421886663736247e-02+j1.02635184780251742520e-02
  -1.08817599784855195688e-02+j1.13732078155821016152e-02
  -1.08875747538114131530e-02+j1.24900498736926213184e-02
  -1.08458068034853888362e-02+j1.36123837355582241737e-02
  -1.07562308942274753587e-02+j1.47385403404367842928e-02
  -1.06186764457964627484e-02+j1.58668442816172969301e-02
  -1.04330276408268474153e-02+j1.69956156051341532309e-02
  -1.01992234695057193417e-02+j1.81231716062388650834e-02
  -9.91725770959187014064e-03+j1.92478286207947782427e-02
  -9.58717884232608563710e-03+j2.03679038087535499435e-02
  -9.20908990493650436715e-03+j2.14817169268139845917e-02
  -8.78314828074155951043e-03+j2.25875920876265762205e-02
  -8.30956542779458240400e-03+j2.36838595027952583671e-02
  -7.78860654736485136240e-03+j2.47688572071344641212e-02
  -7.22059019356206810425e-03+j2.58409327615739120576e-02
  -6.60588782559486109580e-03+j2.68984449324743343790e-02
  -5.94492330429663429214e-03+j2.79397653448726634995e-02
  -5.23817233459575315457e-03+j2.89632801076359081005e-02
  -4.48616185584488347260e-03+j2.99673914083883261017e-02
  -3.68946938186824613393e-03+j3.09505190763052148717e-02
  -2.84872229283784916820e-03+j3.19111021110103851295e-02
  -1.96459708098822849465e-03+j3.28476001759615277020e-02
  -1.03781855244003407002e-03+j3.37584950547830803247e-02
  -6.91589873019760048578e-05+j3.46422920692595961989e-02
  +9.40562739656342072792e-04+j3.54975214577775907698e-02
  +1.99048207544827437943e-03+j3.63227397132345128372e-02
  +3.07968974010916496376e-03+j3.71165308794893650246e-02
  +4.20723271037513890658e-03+j3.78775078056766065226e-02
  +5.37211523348314623494e-03+j3.86043133578614777734e-02
  +6.57329986875829219706e-03+j3.92956215875579911723e-02
  +7.80970855466518731891e-03+j3.99501388569048418442e-02
  +9.08022369908603743660e-03+j4.05666049204115933269e-02
  +1.03836892905994904179e-02+j4.11437939632771365606e-02
  +1.17189120285678682887e-02+j4.16805155964748569319e-02
  +1.30846624699293145877e-02+j4.21756158088924318350e-02
  +1.44796761906959559063e-02+j4.26279778770075890026e-02
  +1.59026549602015732088e-02+j4.30365232326049076961e-02
  +1.73522679261912393667e-02+j4.34002122891853081565e-02
  +1.88271528090369344444e-02+j4.37180452278974479574e-02
  +2.03259171033883800916e-02+j4.39890627437680842293e-02
  +2.18471392857427504364e-02+j4.42123467532316294371e-02
  +2.33893700264311832360e-02+j4.43870210639401296948e-02
  +2.49511334047308602768e-02+j4.45122520079431760465e-02
  +2.65309281259296925182e-02+j4.45872490393964399091e-02
  +2.81272287391889294628e-02+j4.46112652979190060787e-02
  +2.97384868552781622686e-02+j4.45835981389008928488e-02
  +3.13631323633836722742e-02+j4.45035896319193116644e-02
  +3.29995746462135169930e-02+j4.43706270285783230256e-02
  +3.46462037928774377327e-02+j4.41841432009977969075e-02
  +3.63013918090582879405e-02+j4.39436170522239100134e-02
  +3.79634938241014754934e-02+j4.36485738997976838172e-02
  +3.96308492948866455952e-02+j4.32985858336868284502e-02
  +4.13017832062859135966e-02+j4.28932720497882530308e-02
  +4.29746072682818044952e-02+j4.24322991601009322227e-02
  +4.46476211098313785497e-02+j4.19153814807057545355e-02
  +4.63191134696932030335e-02+j4.13422812985339005465e-02
  +4.79873633845174021872e-02+j4.07128091179357332052e-02
  +4.96506413746616512284e-02+j4.00268238878803278569e-02
  +5.13072106280841044867e-02+j3.92842332106606850761e-02
  +5.29553281830558858490e-02+j3.84849935327588738021e-02
  +5.45932461101293550754e-02+j3.76291103185627667793e-02
  +5.62192126941724532041e-02+j3.67166382073974423284e-02
  +5.78314736171633009265e-02+j3.57476811544003014731e-02
  +5.94282731425379157075e-02+j3.47223925554302204066e-02
  +6.10078553018411628983e-02+j3.36409753563743224580e-02
  +6.25684650846328599405e-02+j3.25036821468355358045e-02
  +6.41083496323829882257e-02+j3.13108152382797350066e-02
  +6.56257594372893493517e-02+j3.00627267264602371366e-02
  +6.71189495468268171319e-02+j2.87598185379475818069e-02
  +6.85861807749162527559e-02+j2.74025424603578787730e-02
  +7.00257209204900310517e-02+j2.59914001558516905011e-02
  +7.14358459942457668657e-02+j2.45269431573433838167e-02
  +7.28148414543751260064e-02+j2.30097728467027334842e-02
  +7.41610034519381566831e-02+j2.14405404141823352493e-02
  +7.54726400865166902054e-02+j1.98199467982033833424e-02
  +7.67480726727402251530e-02+j1.81487426044679434067e-02
  +7.79856370181831459742e-02+j1.64277280033480743704e-02
  +7.91836847130367726955e-02+j1.46577526043818601176e-02
  +8.03405844319263762188e-02+j1.28397153065878399936e-02
  +8.14547232480384852948e-02+j1.09745641233306989726e-02
  +8.25245079597721059583e-02+j9.06329598026658911358e-03
  +8.35483664298192485465e-02+j7.10695648501201426850e-03
  +8.45247489367359494672e-02+j5.10663966688097714641e-03
  +8.54521295386258955551e-02+j3.06348768527156534169e-03
  +8.63290074487136765979e-02+j9.78690505028537161003e-04
  +8.71539084222941046187e-02-j1.14651446284348701443e-03
  +8.79253861544360137970e-02-j3.31084275669457639424e-03
  +8.86420236877714234902e-02-j5.51296329770536996939e-03
  +8.93024348294518544034e-02-j7.75149886294590473312e-03
  +8.99052655762455354971e-02-j1.00250265995693449428e-02
  +9.04491955467073838193e-02-j1.23320785819312633835e-02
  +9.09329394190793033337e-02-j1.46711424130993584036e-02
  +9.13552483734962339490e-02-j1.70406618722661606924e-02
  +9.17149115370090722843e-02-j1.94390376097463984939e-02
  +9.20107574296438746053e-02-j2.18646278907432128902e-02
  +9.22416554098033913967e-02-j2.43157493895286153096e-02
</dep>
<dep S[2,3] frequency>
  +4.28993747607551920153e-02-j1.65942401402854738945e-01
  +4.19261141072963736121e-02-j1.64138622568750836006e-01
  +4.09661225139264228989e-02-j1.62342306847697154248e-01
  +4.00189861400744029130e-02-j1.60553271559798538259e-01
  +3.90843041729158902076e-02-j1.58771327537279877129e-01
  +3.81616886083251810602e-02-j1.56996279451226961044e-01
  +3.72507640390554867205e-02-j1.55227926111090291927e-01
  +3.63511674522938588172e-02-j1.53466060738514431527e-01
  +3.54625480379844731926e-02-j1.51710471217446463132e-01
  +3.45845670094410001516e-02-j1.49960940322259317359e-01
  +3.37168974375420399392e-02-j1.48217245926082125118e-01
  +3.28592240997017878690e-02-j1.46479161191203716141e-01
  +3.20112433442854837917e-02-j1.44746454743492153350e-01
  +3.11726629716913700152e-02-j1.43018890833363193638e-01
  +3.03432021321868583552e-02-j1.41296229484792923436e-01
  +2.95225912413751775953e-02-j1.39578226635104635234e-01
  +2.87105719133119996478e-02-j1.37864634267091973330e-01
  +2.79068969113763637457e-02-j1.36155200535941045548e-01
  +2.71113301170064491252e-02-j1.34449669892889672740e-01
  +2.63236465159037980044e-02-j1.32747783207540742678e-01
  +2.55436322014308755945e-02-j1.31049277890997156737e-01
  +2.47710843947857722869e-02-j1.29353888021624729987e-01
  +2.40058114810405703876e-02-j1.27661344475286542277e-01
  +2.32476330605821401853e-02-j1.25971375061862400635e-01
  +2.24963800148283432634e-02-j1.24283704669782613106e-01
  +2.17518945852614858927e-02-j1.22598055420128526638e-01
  +2.10140304646683553913e-02-j1.20914146831837737706e-01
  +2.02826528993132054746e-02-j1.19231695999404613273e-01
  +1.95576388006335200043e-02-j1.17550417784502786445e-01
  +1.88388768651734789250e-02-j1.15870025022475980903e-01
  +1.81262677010950307155e-02-j1.14190228745007837929e-01
  +1.74197239597605121886e-02-j1.12510738419874384286e-01
  +1.67191704706477761722e-02-j1.10831262208415354253e-01
  +1.60245443780618543328e-02-j1.09151507241769724077e-01
  +1.53357952776271219686e-02-j1.07471179916022285816e-01
  +1.46528853509629089502e-02-j1.05789986207136504914e-01
  +1.39757894966521453717e-02-j1.04107632005517272700e-01
  +1.33044954556531605516e-02-j1.02423823470777455857e-01
  +1.26390039292328462683e-02-j1.00738267406464243603e-01
  +1.19793286876431273602e-02-j9.90506716545997145662e-02
  +1.13254966676875415410e-02-j9.73607455100959084948e-02
  +1.06775480571950388831e-02-j9.56682001542293602991e-02
  +1.00355363647158107865e-02-j9.39727491069651393873e-02
  +9.39952847265175528424e-03-j9.22741086973404289751e-02
  +8.76960467190054937525e-03-j9.05719985510541197860e-02
  +8.14585867649824171832e-03-j8.88661420945128094351e-02
  +7.52839761654155309456e-03-j8.71562670740815836901e-02
  +6.91734200775699289987e-03-j8.54421060895509121291e-02
  +6.31282569626726020040e-03-j8.37233971403020110769e-02
  +5.71499577712531250939e-03-j8.19998841830438668365e-02
  +5.12401248521237792644e-03-j8.02713176993603699794e-02
  +4.54004905730632200844e-03-j7.85374552715414897541e-02
  +3.96329156414580718870e-03-j7.67980621649928252292e-02
  +3.39393871148697783002e-03-j7.50529119153932194886e-02
  +2.83220160913542906567e-03-j7.33017869187075760129e-02
  +2.27830350729398521670e-03-j7.15444790220760573618e-02
  +1.73247949933286529700e-03-j6.97807901134214619843e-02
  +1.19497619072489458247e-03-j6.80105327079004173818e-02
  +6.66051333440290105337e-04-j6.62335305287589520828e-02
  +1.45973425690129176430e-04-j6.44496190805912555488e-02
  -3.64978723138112068347e-04-j6.26586462125726800787e-02
  -8.66516462333882450664e-04-j6.08604726695353981381e-02
  -1.35834180436142804710e-03-j5.90549726283835785257e-02
  -1.84014796371983861689e-03-j5.72420342177183683052e-02
  -2.31161992952792381614e-03-j5.54215600182689643871e-02
  -2.77243507143318766717e-03-j5.35934675417236508488e-02
  -3.22226377788562001747e-03-j5.17576896858717855343e-02
  -3.66077012593173621580e-03-j4.99141751635372513118e-02
  -4.08761258134788911522e-03-j4.80628889032824330174e-02
  -4.50244472795777173069e-03-j4.62038124195090493807e-02
  -4.90491602470363025068e-03-j4.43369441501101912984e-02
  -5.29467258883623698162e-03-j4.24622997591979287058e-02
  -5.67135800369679768385e-03-j4.05799124033511676712e-02
  -6.03461414900250889271e-03-j3.86898329592225975748e-02
  -6.38408205203482015389e-03-j3.67921302108223657878e-02
  -6.71940275715013704549e-03-j3.48868909947749189504e-02
  -7.04021821182761881053e-03-j3.29742203019654789298e-02
  -7.34617216661834215863e-03-j3.10542413342144579813e-02
  -7.63691108661719575412e-03-j2.91270955145704196765e-02
  -7.91208507193629645426e-03-j2.71929424501154565208e-02
  -8.17134878443496331935e-03-j2.52519598463506467212e-02
  -8.41436237808122072801e-03-j2.33043433721999149189e-02
  -8.64079242998806729137e-03-j2.13503064749995807858e-02
  -8.85031286932847632842e-03-j1.93900801449818360744e-02
  -9.04260590115361917452e-03-j1.74239126289144202753e-02
  -9.21736292222459507872e-03-j1.54520690927497372780e-02
  -9.37428542565820616117e-03-j1.34748312332881384212e-02
  -9.51308589159716166961e-03-j1.14924968391300966197e-02
  -9.63348866061937425531e-03-j9.50537930128360353255e-03
  -9.73523078714081530061e-03-j7.51380707413556309104e-03
  -9.81806286953013779284e-03-j5.51812308742614249235e-03
  -9.88174985411425371717e-03-j3.51868411037082468029e-03
  -9.92607181019852791160e-03-j1.51586006904977366183e-03
  -9.95082467300478779038e-03+j4.89966681567213790949e-04
  -9.95582095206676287447e-03+j2.49840212928851418406e-03
  -9.94089040195985512716e-03+j4.50904141864814922425e-03
  -9.90588065318075139398e-03+j6.52146970466918607379e-03
  -9.85065780027138959696e-03+j8.53526304494222481933e-03
  -9.77510694514062417060e-03+j1.05499893272561276469e-02
  -9.67913269309758628189e-03+j1.25652092308027041323e-02
  -9.56265959950447497206e-03+j1.45804772180681899152e-02
  -9.42563256526893211706e-03+j1.65953425549111507897e-02
  -9.26801717917216660858e-03+j1.86093503559191623953e-02
  -9.08980000544376554039e-03+j2.06220426521872522707e-02
  -8.89098881530275830798e-03+j2.26329594782878583403e-02
  -8.67161276089820076685e-03+j2.46416399756224299700e-02
  -8.43172249089839398462e-03+j2.66476235085010108861e-02
  -8.17139020660672538154e-03+j2.86504507901298513528e-02
  -7.89070965804310187064e-03+j3.06496650147480044490e-02
  -7.58979607951912327302e-03+j3.26448129927863761601e-02
  -7.26878606440674313038e-03+j3.46354462855640726771e-02
  -6.92783737905035279514e-03+j3.66211223360453572151e-02
  -6.56712871597524283640e-03+j3.86014055922728263615e-02
  -6.18685938684339353788e-03+j4.05758686201133644822e-02
  -5.78724895549019568985e-03+j4.25440932017628614670e-02
  -5.36853681212898226072e-03+j4.45056714168186595693e-02
  -4.93098168941413783628e-03+j4.64602067025750575802e-02
  -4.47486112168546390500e-03+j4.84073148903036848401e-02
  -4.00047084870505664789e-03+j5.03466252142753672993e-02
  -3.50812416543448690742e-03+j5.22777812906992656039e-02
  -2.99815121958867114582e-03+j5.42004420632929209689e-02
  -2.47089825873939017420e-03+j5.61142827129566465483e-02
  -1.92672682926670058023e-03+j5.80189955285867059454e-02
  -1.36601292903280879809e-03+j5.99142907365536117603e-02
  -7.89146116463065872004e-04+j6.17998972863205708883e-02
  -1.96528578148433274997e-04+j6.36755635900076583100e-02
  +4.11425842062621005546e-04+j6.55410582136143338161e-02
  +1.03429265007103088347e-03+j6.73961705179900449902e-02
  +1.67163774167704282103e-03+j6.92407112477117225868e-02
  +2.32301847294633101448e-03+j7.10745130662556595658e-02
  +2.98798475798160712014e-03+j7.28974310359094823664e-02
  +3.66608019088748848802e-03+j7.47093430411748110620e-02
  +4.35684318887117477681e-03+j7.65101501545973061713e-02
  +5.05980815345301315755e-03+j7.82997769439971874617e-02
  +5.77450664646570605010e-03+j8.00781717203598308874e-02
  +6.50046857772836050859e-03+j8.18453067259042182924e-02
  +7.23722340124092339275e-03+j8.36011782618545640222e-02
  +7.98430131661058417603e-03+j8.53458067557392868752e-02
  +8.74123447255305274783e-03+j8.70792367681421375369e-02
  +9.50755816933980535399e-03+j8.88015369391362135998e-02
  +1.02828120570827782898e-02+j9.05127998746659279128e-02
  +1.10665413266925402591e-02+j9.22131419732957480218e-02
  +1.18582978904922461960e-02+j9.39027031940666279120e-02
  +1.26576415495223137953e-02+j9.55816467661990132321e-02
  +1.34641411446926179130e-02+j9.72501588416116169444e-02
  +1.42773756887589337028e-02+j9.89084480913646341138e-02
  +1.50969354765373223182e-02+j1.00556745247184248226e-01
  +1.59224231706433655420e-02+j1.02195302589600356402e-01
  +1.67534548600850874411e-02+j1.03824393384005536634e-01
  +1.75896610893054930469e-02+j1.05444311266374768365e-01
  +1.84306878553059799719e-02+j1.07055369580359022175e-01
  +1.92761975705001767367e-02+j1.08657900667541579276e-01
  +2.01258699892086362349e-02+j1.10252255112876312859e-01
  +2.09794030957110230751e-02+j1.11838800947274330522e-01
  +2.18365139518592356327e-02+j1.13417922809487980995e-01
  +2.26969395026275777560e-02+j1.14990021069497488915e-01
  +2.35604373376330812617e-02+j1.16555510915672913552e-01
  +2.44267864073106980016e-02+j1.18114821408046563600e-01
  +2.52957876921366918432e-02+j1.19668394500116861967e-01
  +2.61672648236958432788e-02+j1.21216684031610399952e-01
  +2.70410646562457383790e-02+j1.22760154694761217109e-01
  +2.79170577879528473975e-02+j1.24299280976612552818e-01
  +2.87951390306027676935e-02+j1.25834546079921533179e-01
  +2.96752278272381514457e-02+j1.27366440825360804912e-01
  +3.05572686168078255786e-02+j1.28895462537550825610e-01
  +3.14412311455445833697e-02+j1.30422113917626258939e-01
  +3.23271107243250088725e-02+j1.31946901905112767839e-01
  +3.32149284321692633837e-02+j1.33470336531597039142e-01
  +3.41047312652142040057e-02+j1.34992929769076203117e-01
  +3.49965922316380212420e-02+j1.36515194375532944449e-01
  +3.58906103921902142062e-02+j1.38037642740538091246e-01
  +3.67869108469479483281e-02+j1.39560785733413655896e-01
  +3.76856446683156987021e-02+j1.41085131556743237358e-01
  +3.85869887810561945640e-02+j1.42611184607746549480e-01
  +3.94911457897153192476e-02+j1.44139444350240508719e-01
  +4.03983437543222745347e-02+j1.45670404199630176834e-01
  +4.13088359152074535707e-02+j1.47204550423553626182e-01
  +4.22229003678845776770e-02+j1.48742361060678007778e-01
  +4.31408396891219195202e-02+j1.50284304860030193396e-01
  +4.40629805154450354676e-02+j1.51830840243310949411e-01
  +4.49896730754358042947e-02+j1.53382414292488056251e-01
  +4.59212906772208384609e-02+j1.54939461764977581826e-01
  +4.68582291528730973673e-02+j1.56502404138619266583e-01
  +4.78009062612802931858e-02+j1.58071648688490662416e-01
  +4.87497610514135010229e-02+j1.59647587597750328925e-01
  +4.97052531878286185663e-02+j1.61230597104275313880e-01
  +5.06678622405542303242e-02+j1.62821036685180331460e-01
  +5.16380869413830267955e-02+j1.64419248280787966277e-01
  +5.26164444088923557996e-02+j1.66025555559812576512e-01
  +5.36034693445197538142e-02+j1.67640263227298136339e-01
  +5.45997132021192183027e-02+j1.69263656376656301816e-01
  +5.56057433335375717043e-02+j1.70895999887223565272e-01
  +5.66221421128177276882e-02+j1.72537537868459128765e-01
  +5.76495060417269306052e-02+j1.74188493151684692384e-01
  +5.86884448393624122420e-02+j1.75849066830500250225e-01
  +5.97395805187188599916e-02+j1.77519437850419320446e-01
  +6.08035464529947389245e-02+j1.79199762648292904021e-01
  +6.18809864347393684403e-02+j1.80890174842126216781e-01
  +6.29725537306797256143e-02+j1.82590784971236014256e-01
  +6.40789101353827494911e-02+j1.84301680287172198192e-01
</dep>
<dep S[2,2] frequency>
  -1.56216642905930569452e-04+j1.82143193488598226226e-02
  -2.10520431206090430365e-04+j1.77389936180255003428e-02
  -2.67400730636760397552e-04+j1.72622361829166438840e-02
  -3.27065101092621768331e-04+j1.67841707560048326864e-02
  -3.89712413324125317438e-04+j1.63049267873322314970e-02
  -4.55532986012793794650e-04+j1.58246391820843143594e-02
  -5.24708717371785704486e-04+j1.53434480431912899367e-02
  -5.97413209227168340298e-04+j1.48614984379739356601e-02
  -6.73811882147101748330e-04+j1.43789401866146193676e-02
  -7.54062079938749851848e-04+j1.38959276708237339931e-02
  -8.38313162339010542468e-04+j1.34126196607499588442e-02
  -9.26706584636713404102e-04+j1.29291791582825769946e-02
  -1.01937596335680003001e-03+j1.24457732544928367791e-02
  -1.11644712711629623403e-03+j1.19625729995637211656e-02
  -1.21803815209357846339e-03+j1.14797532827307854908e-02
  -1.32425938159029532581e-03+j1.09974927205395041352e-02
  -1.43521342940315654868e-03+j1.05159735512379802491e-02
  -1.55099516690800076635e-03+j1.00353815331244503040e-02
  -1.67169169384349947105e-03+j9.55590584509640600386e-03
  -1.79738229297039808774e-03+j9.07773898725335037785e-03
  -1.92813836900522506124e-03+j8.60107667962734315226e-03
  -2.06402337219133147350e-03+j8.12611775735633257156e-03
  -2.20509270729601913885e-03+j7.65306406011886583562e-03
  -2.35139362858005629420e-03+j7.18212031450717047765e-03
  -2.50296512179844221624e-03+j6.71349400740060484050e-03
  -2.65983777416887307021e-03+j6.24739524882705205000e-03
  -2.82203363339307566893e-03+j5.78403662292460707395e-03
  -2.98956605695534227696e-03+j5.32363302556049938774e-03
  -3.16243955315041735954e-03+j4.86640148720152848627e-03
  -3.34064961502608670507e-03+j4.41256098020540582505e-03
  -3.52418254890467241847e-03+j3.96233220915603173706e-03
  -3.71301529905700838929e-03+j3.51593738350512025059e-03
  -3.90711527001441627505e-03+j3.07359997162962028661e-03
  -4.10644014835287451959e-03+j2.63554443579369634953e-03
  -4.31093772563513610852e-03+j2.20199594724222735831e-03
  -4.52054572431564299917e-03+j1.77318008116673225816e-03
  -4.73519162833500872889e-03+j1.34932249130918086033e-03
  -4.95479252033722422643e-03+j9.30648563989139310237e-04
  -5.17925492733058850936e-03+j5.17383051492764645118e-04
  -5.40847467657996905377e-03+j1.09749685159768461951e-04
  -5.64233676361731301130e-03-j2.92029231712877257454e-04
  -5.88071523423897707383e-03-j6.87733250705729881602e-04
  -6.12347308223874786659e-03-j1.07714422428775713492e-03
  -6.37046216462057099394e-03-j1.46004677023271745018e-03
  -6.62152313615638199451e-03-j1.83622875384759076667e-03
  -6.87648540486615611478e-03-j2.20548178687623996908e-03
  -7.13516711007892295848e-03-j2.56760174199098523129e-03
  -7.39737512466561927815e-03-j2.92238928190939606377e-03
  -7.66290508292927913248e-03-j3.26965040155957620271e-03
  -7.93154143555515125930e-03-j3.60919698202333272263e-03
  -8.20305753299304524218e-03-j3.94084735471465774648e-03
  -8.47721573845597320407e-03-j4.26442687409962772893e-03
  -8.75376757171143771163e-03-j4.57976849727517731914e-03
  -9.03245388466838473873e-03-j4.88671336850461657253e-03
  -9.31300506968982602651e-03-j5.18511140697476557992e-03
  -9.59514130141627882842e-03-j5.47482189550473063999e-03
  -9.87857281278209896358e-03-j5.75571406849118005766e-03
  -1.01630002057420364137e-02-j6.02766769650436851080e-03
  -1.04481147970910993872e-02-j6.29057366589792776868e-03
  -1.07335989997481978664e-02-j6.54433455076021408647e-03
  -1.10191267394865732854e-02-j6.78886517515685239399e-03
  -1.13043639071614982622e-02-j7.02409316327698429738e-03
  -1.15889688462225658172e-02-j7.24995947521415995407e-03
  -1.18725928752649798059e-02-j7.46641892609047064244e-03
  -1.21548808449837321410e-02-j7.67344068600034345806e-03
  -1.24354717290628448423e-02-j7.87100875867519089724e-03
  -1.27139992480827541260e-02-j8.05912243647032011662e-03
  -1.29900925255701273076e-02-j8.23779672936776619085e-03
  -1.32633767750348907644e-02-j8.40706276571080712845e-03
  -1.35334740167663836186e-02-j8.56696816264616162195e-03
  -1.38000038230281750484e-02-j8.71757736401158889183e-03
  -1.40625840899605367845e-02-j8.85897194355707295887e-03
  -1.43208318346622273665e-02-j8.99125087169325154512e-03
  -1.45743640153938834592e-02-j9.11453074361687209937e-03
  -1.48227983732346808854e-02-j9.22894596736018035799e-03
  -1.50657542926720955379e-02-j9.33464890968468269383e-03
  -1.53028536792832355051e-02-j9.43180999855920687569e-03
  -1.55337218519074199419e-02-j9.52061778063370556247e-03
  -1.57579884468843564593e-02-j9.60127893241907726107e-03
  -1.59752883318743307828e-02-j9.67401822402511046839e-03
  -1.61852625264891358814e-02-j9.73907843444250104215e-03
  -1.63875591271103876467e-02-j9.79672021755385175057e-03
  -1.65818342329324477924e-02-j9.84722191810464414496e-03
  -1.67677528704237265023e-02-j9.89087933718504896952e-03
  -1.69449899132622858189e-02-j9.92800544685663866051e-03
  -1.71132309948020082391e-02-j9.95893005385268398344e-03
  -1.72721734099047785627e-02-j9.98399941220417391774e-03
  -1.74215270033501179459e-02-j1.00035757852267315204e-02
  -1.75610150414953480880e-02-j1.00180369570528476908e-02
  -1.76903750644892554522e-02-j1.00277756946018370421e-02
  -1.78093597157211319670e-02-j1.00331991604524980999e-02
  -1.79177375456961440747e-02-j1.00347282778621357813e-02
  -1.80152937874645743821e-02-j1.00327970490272019854e-02
  -1.81018311004919260632e-02-j1.00278518278741901604e-02
  -1.81771702805553561633e-02-j1.00203505491333402788e-02
  -1.82411509324380896602e-02-j1.00107619151563603799e-02
  -1.82936321033858595442e-02-j9.99956454270024830411e-03
  -1.83344928742905297070e-02-j9.98724607145793155660e-03
  -1.83636329066272641075e-02-j9.97430223685708688963e-03
  -1.83809729426426676779e-02-j9.96123590932533609088e-03
  -1.83864552566867928141e-02-j9.94855610261418527029e-03
  -1.83800440559399452800e-02-j9.93677695400229515910e-03
  -1.83617258285128787110e-02-j9.92641667901073693203e-03
  -1.83315096373219965642e-02-j9.91799650365695131815e-03
  -1.82894273585161720730e-02-j9.91203957730608237187e-03
  -1.82355338627985114064e-02-j9.90906986916102218432e-03
  -1.81699071390044458729e-02-j9.90961105169869266307e-03
  -1.80926483587179054435e-02-j9.91418537429799955063e-03
  -1.80038818814308859695e-02-j9.92331253038396081390e-03
  -1.79037551997786037461e-02-j9.93750852140885820862e-03
  -1.77924388244853348695e-02-j9.95728452131769761757e-03
  -1.76701261090744798921e-02-j9.98314574453911841856e-03
  -1.75370330144158648178e-02-j1.00155903212579243389e-02
  -1.73933978136284958516e-02-j1.00551081832623463719e-02
  -1.72394807376190090098e-02-j1.01021799636081231755e-02
  -1.70755635623994414529e-02-j1.01572759137631696280e-02
  -1.69019491388610332283e-02-j1.02208548411175780685e-02
  -1.67189608663118882692e-02-j1.02933630704801146183e-02
  -1.65269421111276793024e-02-j1.03752334323574911534e-02
  -1.63262555720560739725e-02-j1.04668842813508584932e-02
  -1.61172825939231295633e-02-j1.05687185474363960769e-02
  -1.59004224314917563810e-02-j1.06811228230082530533e-02
  -1.56760914658359840068e-02-j1.08044664885147134736e-02
  -1.54447223750574583190e-02-j1.09391008790419522884e-02
  -1.52067632620603576665e-02-j1.10853584945598791778e-02
  -1.49626767415087791324e-02-j1.12435522558798298848e-02
  -1.47129389889452538709e-02-j1.14139748086336499655e-02
  -1.44580387544620964091e-02-j1.15968978771772528169e-02
  -1.41984763439321343137e-02-j1.17925716701923893881e-02
  -1.39347625707154365582e-02-j1.20012243397485882102e-02
  -1.36674176806409752860e-02-j1.22230614951165245108e-02
  -1.33969702535179507885e-02-j1.24582657727388447511e-02
  -1.31239560842351596359e-02-j1.27069964634758877930e-02
  -1.28489170464716404019e-02-j1.29693891978802967879e-02
  -1.25723999423566906719e-02-j1.32455556904240989713e-02
  -1.22949553412152329246e-02-j1.35355835431332852115e-02
  -1.20171364105421465962e-02-j1.38395361090178359298e-02
  -1.17394977425269234073e-02-j1.41574524154778266793e-02
  -1.14625941792769608929e-02-j1.44893471477193086505e-02
  -1.11869796398989598818e-02-j1.48352106920355414355e-02
  -1.09132059525521088461e-02-j1.51950092385533738759e-02
  -1.06418216946254015620e-02-j1.55686849429713600190e-02
  -1.03733710441226562038e-02-j1.59561561467259846459e-02
  -1.01083926451778702282e-02-j1.63573176545898646417e-02
  -9.84741849058447943355e-03-j1.67720410688762672224e-02
  -9.59097282438226006462e-03-j1.72001751790314058588e-02
  -9.33957106707378886812e-03-j1.76415464054330423105e-02
  -9.09371876622094843512e-03-j1.80959592959556436753e-02
  -8.85391057511119433654e-03-j1.85631970737255153070e-02
  -8.62062926186935724049e-03-j1.90430222345852398491e-02
  -8.39434475147326011890e-03-j1.95351771922896710887e-02
  -8.17551320293694039343e-03-j2.00393849697684187094e-02
  -7.96457612387554275690e-03-j2.05553499342916445869e-02
  -7.76195952446560866189e-03-j2.10827585746627410579e-02
  -7.56807311286328970867e-03-j2.16212803181199120228e-02
  -7.38330953367435927071e-03-j2.21705683847983475721e-02
  -7.20804365151138728973e-03-j2.27302606774510557175e-02
  -7.04263188093229991482e-03-j2.32999807039438872058e-02
  -6.88741156439104385001e-03-j2.38793385302415311910e-02
  -6.74270039941540777484e-03-j2.44679317612155888817e-02
  -6.60879591640117086682e-03-j2.50653465468662767224e-02
  -6.48597500783442901251e-03-j2.56711586112809697635e-02
  -6.37449351015512838403e-03-j2.62849343016992725852e-02
  -6.27458583886069884428e-03-j2.69062316550962576933e-02
  -6.18646467774129800443e-03-j2.75346014794990573415e-02
  -6.11032072254502796327e-03-j2.81695884473272678550e-02
  -6.04632247991105081092e-03-j2.88107321981803249367e-02
  -5.99461612129988455355e-03-j2.94575684480950783506e-02
  -5.95532539272645294881e-03-j3.01096301026976959081e-02
  -5.92855157974740525073e-03-j3.07664483714874814613e-02
  -5.91437352814164207793e-03-j3.14275538804261872494e-02
  -5.91284771958734689523e-03-j3.20924777801637889363e-02
  -5.92400840242501836030e-03-j3.27607528471931391811e-02
  -5.94786777665225890876e-03-j3.34319145752058899390e-02
  -5.98441623289629881510e-03-j3.41055022539583363450e-02
  -6.03362264438266938937e-03-j3.47810600330356878285e-02
  -6.09543471116967203183e-03-j3.54581379678990810111e-02
  -6.16977935568298763852e-03-j3.61362930456279318747e-02
  -6.25656316840647250266e-03-j3.68150901878391001443e-02
  -6.35567290255058259252e-03-j3.74941032282792713337e-02
  -6.46697601630125129546e-03-j3.81729158627177461716e-02
  -6.59032126129897172229e-03-j3.88511225687226818826e-02
  -6.72553931563530521531e-03-j3.95283294930670325851e-02
  -6.87244345976764647865e-03-j4.02041553045009436573e-02
  -7.03083029352676025514e-03-j4.08782320098019860688e-02
  -7.20048049226076902762e-03-j4.15502057309296290999e-02
  -7.38115960010927302237e-03-j4.22197374414706033674e-02
  -7.57261885827536368465e-03-j4.28865036603229138334e-02
  -7.77459606604054276335e-03-j4.35501971009962102199e-02
  -7.98681647219168927565e-03-j4.42105272747615463125e-02
  -8.20899369436692283308e-03-j4.48672210461096634959e-02
  -8.44083066389467867596e-03-j4.55200231391564014150e-02
  -8.68202059344164167598e-03-j4.61686965936163595803e-02
  -8.93224796469174048275e-03-j4.68130231691662318516e-02
  -9.19118953349197520541e-03-j4.74528036972610839372e-02
  -9.45851534938540322583e-03-j4.80878583794319275357e-02
  -9.73388978677548755147e-03-j4.87180270313370897273e-02
  -1.00169725847258153650e-02-j4.93431692720641273953e-02
  -1.03074198923147342111e-02-j4.99631646581443489286e-02
  -1.06048853166238327139e-02-j5.05779127622213928173e-02
</dep>
<dep S[2,1] frequency>
  -4.71489201197941798505e-01+j4.57772373417431877041e-02
  -4.70469007634864877510e-01+j5.37255070988285968192e-02
  -4.69317357073979479765e-01+j6.16462187198540123578e-02
  -4.68035156514274297557e-01+j6.95374600552592925240e-02
  -4.66623322614933666586e-01+j7.73973517489117968093e-02
  -4.65082780567886266976e-01+j8.52240460176675040938e-02
  -4.63414463065761284000e-01+j9.30157254036631242489e-02
  -4.61619309365215890750e-01+j1.00770601502781248504e-01
  -4.59698264444751814040e-01+j1.08486913675777646437e-01
  -4.57652278256447608840e-01+j1.16162927746287905628e-01
  -4.55482305070637472078e-01+j1.23796934690395321610e-01
  -4.53189302912384850419e-01+j1.31387249322580390576e-01
  -4.50774233088303111217e-01+j1.38932208983042537742e-01
  -4.48238059802658628250e-01+j1.46430172229350979984e-01
  -4.45581749860613052228e-01+j1.53879517538553695077e-01
  -4.42806272457419825006e-01+j1.61278642021939755402e-01
  -4.39912599051290209573e-01+j1.68625960157741172640e-01
  -4.36901703318145262500e-01+j1.75919902545006445749e-01
  -4.33774561186133889024e-01+j1.83158914682258894269e-01
  -4.30532150947656122586e-01+j1.90341455774750700769e-01
  -4.27175453446600350560e-01+j1.97465997573524759678e-01
  -4.23705452338567656323e-01+j2.04531023249278742782e-01
  -4.20123134421158117568e-01+j2.11535026305039147720e-01
  -4.16429490032306837133e-01+j2.18476509529506812690e-01
  -4.12625513513614483596e-01+j2.25353983994753759301e-01
  -4.08712203736039225710e-01+j2.32165968100782910133e-01
  -4.04690564685227294195e-01+j2.38910986669474051380e-01
  -4.00561606103627620978e-01+j2.45587570090445406201e-01
  -3.96326344186183621154e-01+j2.52194253521453359834e-01
  -3.91985802326998811207e-01+j2.58729576145180828473e-01
  -3.87541011913571153968e-01+j2.65192080484889958214e-01
  -3.82993013165647544493e-01+j2.71580311780665550891e-01
  -3.78342856015340955889e-01+j2.77892817428583294159e-01
  -3.73591601025614672427e-01+j2.84128146483758281526e-01
  -3.68740320343263483505e-01+j2.90284849229970054463e-01
  -3.63790098683560880755e-01+j2.96361476816451030469e-01
  -3.58742034342776738853e-01+j3.02356580963864973732e-01
  -3.53597240235472731751e-01+j3.08268713740150024361e-01
  -3.48356844952599775667e-01+j3.14096427408009692961e-01
  -3.43021993837052729948e-01+j3.19838274344688144879e-01
  -3.37593850073370560505e-01+j3.25492807034570064140e-01
  -3.32073595787221897968e-01+j3.31058578136136538728e-01
  -3.26462433151567199552e-01+j3.36534140623125366254e-01
  -3.20761585495665302314e-01+j3.41918048000508678630e-01
  -3.14972298412710904891e-01+j3.47208854595938753995e-01
  -3.09095840862855408826e-01+j3.52405115926241463420e-01
  -3.03133506267464714057e-01+j3.57505389139220808303e-01
  -2.97086613590832548937e-01+j3.62508233530521695176e-01
  -2.90956508405263880590e-01+j3.67412211135318578226e-01
  -2.84744563936170425045e-01+j3.72215887393851974085e-01
  -2.78452182082579713374e-01+j3.76917831890694721153e-01
  -2.72080794409677195755e-01+j3.81516619166416548481e-01
  -2.65631863109219157337e-01+j3.86010829600769600489e-01
  -2.59106881924201726264e-01+j3.90399050365941746588e-01
  -2.52507377033597824045e-01+j3.94679876448693900404e-01
  -2.45834907893694387671e-01+j3.98851911739421138847e-01
  -2.39091068031761805335e-01+j4.02913770186712483223e-01
  -2.32277485789101956204e-01+j4.06864077014725877834e-01
  -2.25395825008985917215e-01+j4.10701470001829327394e-01
  -2.18447785666465665866e-01+j4.14424600817543120623e-01
  -2.11435104436278137330e-01+j4.18032136415422139741e-01
  -2.04359555195695624663e-01+j4.21522760478805436080e-01
  -1.97222949458678742385e-01+j4.24895174916650464336e-01
  -1.90027136738383201076e-01+j4.28148101405988912305e-01
  -1.82774004835211584252e-01+j4.31280282977532847255e-01
  -1.75465480046938571146e-01+j4.34290485641035783893e-01
  -1.68103527298820193403e-01+j4.37177500046305123060e-01
  -1.60690150190613056935e-01+j4.39940143176091202903e-01
  -1.53227390958643294727e-01+j4.42577260066442934594e-01
  -1.45717330350214419044e-01+j4.45087725550449730960e-01
  -1.38162087409092748658e-01+j4.47470446020543421994e-01
  -1.30563819169569189649e-01+j4.49724361205050049417e-01
  -1.22924720258271280571e-01+j4.51848445953921484808e-01
  -1.15247022402354043491e-01+j4.53841712028813015767e-01
  -1.07532993842622076608e-01+j4.55703209892608263054e-01
  -9.97849386517339204117e-02+j4.57432030493011565486e-01
  -9.20051959562591947783e-02+j4.59027307035232534638e-01
  -8.41961390630684980430e-02+j4.60488216738298761221e-01
  -7.63601744899310153070e-02+j4.61813982569789116539e-01
  -6.84997409007709612272e-02+j4.63003874953557825744e-01
  -6.06173079467477102233e-02+j4.64057213445063287960e-01
  -5.27153750137552765120e-02+j4.64973368368959527608e-01
  -4.47964698781526393656e-02+j4.65751762413586067879e-01
  -3.68631472723666489544e-02+j4.66391872177042587921e-01
  -2.89179873624491046158e-02+j4.66893229659592734482e-01
  -2.09635941399321061585e-02+j4.67255423697266747407e-01
  -1.30025937307934585235e-02+j4.67478101331626316739e-01
  -5.03763262440523953978e-03+j4.67560969110711710517e-01
  +2.92862417388406242810e-03+j4.67503794316484699856e-01
  +1.08934950633055600139e-02+j4.67306406114102623750e-01
  +1.88542838371381499263e-02+j4.66968696618667189480e-01
  +2.68082817368960266147e-02+j4.66490621875239819261e-01
  +3.47527695669794314814e-02+j4.65872202748148278584e-01
  +4.26850198647004963615e-02+j4.65113525715931896976e-01
  +5.06022991209317193895e-02+j4.64214743568401588814e-01
  +5.85018700463308116699e-02+j4.63176076002786485386e-01
  +6.63809938771560137383e-02+j4.61997810116005824810e-01
  +7.42369327157399172545e-02+j4.60680300790618169060e-01
  +8.20669518992923341383e-02+j4.59223970972234718513e-01
  +8.98683223916861423364e-02+j4.57629311836502128408e-01
  +9.76383231914683402675e-02+j4.55896882844278372726e-01
  +1.05374243750710486212e-01+j4.54027311683719292379e-01
  +1.13073386397948449922e-01+j4.52021294098645998183e-01
  +1.20733068759173708950e-01+j4.49879593602755256665e-01
  +1.28350626170470383247e-01+j4.47603041079678076741e-01
  +1.35923414076268067596e-01+j4.45192534269274076131e-01
  +1.43448810406394788863e-01+j4.42649037140975809557e-01
  +1.50924217926517362232e-01+j4.39973579155201965918e-01
  +1.58347066554979515329e-01+j4.37167254414552952646e-01
  +1.65714815640569529398e-01+j4.34231220706507659024e-01
  +1.73024956195184848040e-01+j4.31166698440011431082e-01
  +1.80275013075407303242e-01+j4.27974969478503275422e-01
  +1.87462547107626165133e-01+j4.24657375872405262740e-01
  +1.94585157151455578894e-01+j4.21215318494200852140e-01
  +2.01640482095659545614e-01+j4.17650255580028884062e-01
  +2.08626202782391856339e-01+j4.13963701181368604054e-01
  +2.15540043854560658954e-01+j4.10157223531191050814e-01
  +2.22379775522213385397e-01+j4.06232443328972014918e-01
  +2.29143215243390846458e-01+j4.02191031949417132640e-01
  +2.35828229316328380483e-01+j3.98034709579502266052e-01
  +2.42432734378734804359e-01+j3.93765243289347699474e-01
  +2.48954698811553104543e-01+j3.89384445041968174639e-01
  +2.55392144044159441485e-01+j3.84894169647438499915e-01
  +2.61743145758406958734e-01+j3.80296312667142921704e-01
  +2.68005834989551550152e-01+j3.75592808273768341554e-01
  +2.74178399122279425892e-01+j3.70785627072780954450e-01
  +2.80259082780285828651e-01+j3.65876773891327056187e-01
  +2.86246188608405172094e-01+j3.60868285540489663887e-01
  +2.92138077946594243439e-01+j3.55762228556699811044e-01
  +2.97933171395508289425e-01+j3.50560696928186588117e-01
  +3.03629949273414578848e-01+j3.45265809812549673286e-01
  +3.09226951964972740505e-01+j3.39879709251051431718e-01
  +3.14722780162669191206e-01+j3.34404557885351061408e-01
  +3.20116095001566680622e-01+j3.28842536682503738810e-01
  +3.25405618088904002860e-01+j3.23195842673659805566e-01
  +3.30590131430211375818e-01+j3.17466686711762924311e-01
  +3.35668477253714847564e-01+j3.11657291253594648239e-01
  +3.40639557735275044781e-01+j3.05769888171222470330e-01
  +3.45502334626244134164e-01+j2.99806716597737943353e-01
  +3.50255828787096379351e-01+j2.93770020811910614889e-01
  +3.54899119629643100549e-01+j2.87662048166234862734e-01
  +3.59431344470862501606e-01+j2.81485047062832005604e-01
  +3.63851697801958862133e-01+j2.75241264980936040097e-01
  +3.68159430475875570909e-01+j2.68932946560010877057e-01
  +3.72353848817183308295e-01+j2.62562331741860277567e-01
  +3.76434313657971586498e-01+j2.56131653975168627202e-01
  +3.80400239303767540022e-01+j2.49643138485505816648e-01
  +3.84251092433633423262e-01+j2.43099000613428650741e-01
  +3.87986390938372283088e-01+j2.36501444223401302569e-01
  +3.91605702701249835940e-01+j2.29852660185808188587e-01
  +3.95108644325420754750e-01+j2.23154824933843365375e-01
  +3.98494879812399283026e-01+j2.16410099097390395961e-01
  +4.01764119195906266313e-01+j2.09620626215069105758e-01
  +4.04916117135480702061e-01+j2.02788531525896348340e-01
  +4.07950671474112680492e-01+j1.95915920841601060021e-01
  +4.10867621764356816261e-01+j1.89004879500255407176e-01
  +4.13666847767115042345e-01+j1.82057471401866871608e-01
  +4.16348267927390880416e-01+j1.75075738126194313526e-01
  +4.18911837831239641794e-01+j1.68061698132960624097e-01
  +4.21357548647979307521e-01+j1.61017346044351278289e-01
  +4.23685425561790118820e-01+j1.53944652009482041422e-01
  +4.25895526196682527864e-01+j1.46845561150274805939e-01
  +4.27987939038617037912e-01+j1.39721993088382512305e-01
  +4.29962781858746201369e-01+j1.32575841551808654151e-01
  +4.31820200141275145622e-01+j1.25408974060794042860e-01
  +4.33560365519595924955e-01+j1.18223231691437891122e-01
  +4.35183474224220767645e-01+j1.11020428915863694774e-01
  +4.36689745545718599473e-01+j1.03802353517551862461e-01
  +4.38079420315953760312e-01+j9.65707665803493819912e-02
  +4.39352759410741533497e-01+j8.93274025493192569414e-02
  +4.40510042276818225560e-01+j8.20739693618341564774e-02
  +4.41551565486014596651e-01+j7.48121486470171570549e-02
  +4.42477641319343861781e-01+j6.75435959916179246010e-02
  +4.43288596383614119656e-01+j6.02699412702535630704e-02
  +4.43984770262953465370e-01+j5.29927890379319616043e-02
  +4.44566514207686391824e-01+j4.57137189829091919457e-02
  +4.45034189862711870855e-01+j3.84342864373937304068e-02
  +4.45388168037508358488e-01+j3.11560229440252176025e-02
  +4.45628827519749193264e-01+j2.38804368759089405416e-02
  +4.45756553934360033598e-01+j1.66090141077547860660e-02
  +4.45771738649822557576e-01+j9.34321873587125317773e-03
  +4.45674777733329641194e-01+j2.08449384464481218826e-03
  +4.45466070956345938647e-01-j5.16573768298223857942e-03
  +4.45146020852027590742e-01-j1.24060723132040709449e-02
  +4.44715031825821394129e-01-j1.96351249699331341370e-02
  +4.44173509320496873176e-01-j2.68515281062331537254e-02
  +4.43521859036800747411e-01-j3.40539307416319950161e-02
  +4.42760486210746762037e-01-j4.12409974671374690569e-02
  +4.41889794948616076997e-01-j4.84114074207416950069e-02
  +4.40910187620497717731e-01-j5.55638532357869210920e-02
  +4.39822064313276861469e-01-j6.26970399643893561148e-02
  +4.38625822343810367610e-01-j6.98096839786890577262e-02
  +4.37321855832962236299e-01-j7.69005118521846053881e-02
  +4.35910555341239069893e-01-j8.39682592232718350012e-02
  +4.34392307566448698797e-01-j9.10116696440466943496e-02
  +4.32767495104022625885e-01-j9.80294934162790343457e-02
  +4.31036496270455204982e-01-j1.05020486416973132804e-01
  +4.29199684990126728579e-01-j1.11983408916433851976e-01
  +4.27257430746072475181e-01-j1.18917024390524608823e-01
  +4.25210098594785090853e-01-j1.25820098330418295163e-01
</dep>
<dep S[1,5] frequency>
  -4.71489201197939078458e-01+j4.57772373417461506118e-02
  -4.70469007634864100353e-01+j5.37255070988288813139e-02
  -4.69317357073982699411e-01+j6.16462187198512506781e-02
  -4.68035156514277850270e-01+j6.95374600552561700217e-02
  -4.66623322614933944141e-01+j7.73973517489114359869e-02
  -4.65082780567879772171e-01+j8.52240460176726805086e-02
  -4.63414463065761006444e-01+j9.30157254036634295602e-02
  -4.61619309365215724217e-01+j1.00770601502781304015e-01
  -4.59698264444751703017e-01+j1.08486913675777979504e-01
  -4.57652278256447830884e-01+j1.16162927746288210940e-01
  -4.55482305070634030386e-01+j1.23796934690397777978e-01
  -4.53189302912384794908e-01+j1.31387249322580612620e-01
  -4.50774233088302833661e-01+j1.38932208983042454475e-01
  -4.48238059802658073139e-01+j1.46430172229351313051e-01
  -4.45581749860613329783e-01+j1.53879517538553695077e-01
  -4.42806272457415939225e-01+j1.61278642021942114626e-01
  -4.39912599051290376106e-01+j1.68625960157740839573e-01
  -4.36901703318141876320e-01+j1.75919902545008333128e-01
  -4.33774561186133555957e-01+j1.83158914682258561202e-01
  -4.30532150947660285922e-01+j1.90341455774749007679e-01
  -4.27175453446604291852e-01+j1.97465997573523122099e-01
  -4.23705452338563881565e-01+j2.04531023249279797493e-01
  -4.20123134421153898721e-01+j2.11535026305040674277e-01
  -4.16429490032306559577e-01+j2.18476509529507201268e-01
  -4.12625513513614261552e-01+j2.25353983994753676035e-01
  -4.08712203736035617485e-01+j2.32165968100784353423e-01
  -4.04690564685227405217e-01+j2.38910986669474023625e-01
  -4.00561606103623679687e-01+j2.45587570090446544180e-01
  -3.96326344186180068441e-01+j2.52194253521454581080e-01
  -3.91985802327002585965e-01+j2.58729576145179995805e-01
  -3.87541011913566879610e-01+j2.65192080484890679859e-01
  -3.82993013165647600005e-01+j2.71580311780665772936e-01
  -3.78342856015340400777e-01+j2.77892817428583016603e-01
  -3.73591601025614061804e-01+j2.84128146483758448060e-01
  -3.68740320343263761060e-01+j2.90284849229969832418e-01
  -3.63790098683560658710e-01+j2.96361476816450974958e-01
  -3.58742034342776516809e-01+j3.02356580963864973732e-01
  -3.53597240235473342373e-01+j3.08268713740150246405e-01
  -3.48356844952600164245e-01+j3.14096427408009692961e-01
  -3.43021993837052785459e-01+j3.19838274344687867323e-01
  -3.37593850073370005394e-01+j3.25492807034569953117e-01
  -3.32073595787217845654e-01+j3.31058578136136261172e-01
  -3.26462433151562869682e-01+j3.36534140623125199721e-01
  -3.20761585495665080270e-01+j3.41918048000508623119e-01
  -3.14972298412715234761e-01+j3.47208854595938587462e-01
  -3.09095840862855353315e-01+j3.52405115926241407909e-01
  -3.03133506267465047124e-01+j3.57505389139221307904e-01
  -2.97086613590832437914e-01+j3.62508233530521417620e-01
  -2.90956508405263991612e-01+j3.67412211135318800270e-01
  -2.84744563936170425045e-01+j3.72215887393851918574e-01
  -2.78452182082579824396e-01+j3.76917831890694277064e-01
  -2.72080794409676973711e-01+j3.81516619166416048881e-01
  -2.65631863109215382579e-01+j3.86010829600769433956e-01
  -2.59106881924202003820e-01+j3.90399050365941635565e-01
  -2.52507377033593882754e-01+j3.94679876448693234270e-01
  -2.45834907893698495496e-01+j3.98851911739422249070e-01
  -2.39091068031757586487e-01+j4.02913770186711428511e-01
  -2.32277485789101706404e-01+j4.06864077014725933346e-01
  -2.25395825008989636462e-01+j4.10701470001830437617e-01
  -2.18447785666469773691e-01+j4.14424600817545063514e-01
  -2.11435104436278331619e-01+j4.18032136415422361786e-01
  -2.04359555195696124263e-01+j4.21522760478805547102e-01
  -1.97222949458682628165e-01+j4.24895174916652129671e-01
  -1.90027136738387059101e-01+j4.28148101405990411106e-01
  -1.82774004835211556497e-01+j4.31280282977532902766e-01
  -1.75465480046938487879e-01+j4.34290485641035672870e-01
  -1.68103527298820110136e-01+j4.37177500046305400616e-01
  -1.60690150190609337688e-01+j4.39940143176089093480e-01
  -1.53227390958639242413e-01+j4.42577260066440880681e-01
  -1.45717330350212448398e-01+j4.45087725550448620737e-01
  -1.38162087409090778012e-01+j4.47470446020542422794e-01
  -1.30563819169569078626e-01+j4.49724361205050104928e-01
  -1.22924720258271030771e-01+j4.51848445953921373786e-01
  -1.15247022402354099002e-01+j4.53841712028813126789e-01
  -1.07532993842622076608e-01+j4.55703209892608762654e-01
  -9.97849386517338926561e-02+j4.57432030493011509975e-01
  -9.20051959562541155080e-02+j4.59027307035228537835e-01
  -8.41961390630650008404e-02+j4.60488216738296318731e-01
  -7.63601744899294193614e-02+j4.61813982569788006316e-01
  -6.84997409007710444939e-02+j4.63003874953557770233e-01
  -6.06173079467477865512e-02+j4.64057213445063565516e-01
  -5.27153750137537291387e-02+j4.64973368368958528407e-01
  -4.47964698781527018157e-02+j4.65751762413586345435e-01
  -3.68631472723649905587e-02+j4.66391872177041255654e-01
  -2.89179873624488131822e-02+j4.66893229659592678971e-01
  -2.09635941399350204939e-02+j4.67255423697270078076e-01
  -1.30025937307947630356e-02+j4.67478101331628148607e-01
  -5.03763262440654752128e-03+j4.67560969110712987273e-01
  +2.92862417388405765761e-03+j4.67503794316484588833e-01
  +1.08934950633068922815e-02+j4.67306406114100902904e-01
  +1.88542838371379764539e-02+j4.66968696618667356013e-01
  +2.68082817368932337099e-02+j4.66490621875243038907e-01
  +3.47527695669743175166e-02+j4.65872202748155161967e-01
  +4.26850198647031470189e-02+j4.65113525715928344262e-01
  +5.06022991209315042838e-02+j4.64214743568401200235e-01
  +5.85018700463319080152e-02+j4.63176076002784875563e-01
  +6.63809938771570684501e-02+j4.61997810116004270498e-01
  +7.42369327157398617434e-02+j4.60680300790618335594e-01
  +8.20669518992925700607e-02+j4.59223970972234940557e-01
  +8.98683223916851847690e-02+j4.57629311836503904765e-01
  +9.76383231914671051443e-02+j4.55896882844280371128e-01
  +1.05374243750710555600e-01+j4.54027311683719514424e-01
  +1.13073386397946729076e-01+j4.52021294098650161519e-01
  +1.20733068759174805296e-01+j4.49879593602753424797e-01
  +1.28350626170469439558e-01+j4.47603041079680075143e-01
  +1.35923414076269816197e-01+j4.45192534269270301373e-01
  +1.43448810406394844374e-01+j4.42649037140975809557e-01
  +1.50924217926515058519e-01+j4.39973579155208127656e-01
  +1.58347066554981097397e-01+j4.37167254414548789310e-01
  +1.65714815640569446131e-01+j4.34231220706507436979e-01
  +1.73024956195185097840e-01+j4.31166698440011875171e-01
  +1.80275013075407219976e-01+j4.27974969478503108888e-01
  +1.87462547107626248399e-01+j4.24657375872405484785e-01
  +1.94585157151455384605e-01+j4.21215318494200796628e-01
  +2.01640482095658768458e-01+j4.17650255580033380465e-01
  +2.08626202782392522472e-01+j4.13963701181366605653e-01
  +2.15540043854560575687e-01+j4.10157223531191106325e-01
  +2.22379775522213607442e-01+j4.06232443328969905494e-01
  +2.29143215243390929725e-01+j4.02191031949417354685e-01
  +2.35828229316329296417e-01+j3.98034709579495826759e-01
  +2.42432734378735137426e-01+j3.93765243289343314093e-01
  +2.48954698811553132298e-01+j3.89384445041968396684e-01
  +2.55392144044159385974e-01+j3.84894169647438555426e-01
  +2.61743145758406958734e-01+j3.80296312667142588637e-01
  +2.68005834989551716685e-01+j3.75592808273770784044e-01
  +2.74178399122279203848e-01+j3.70785627072780565872e-01
  +2.80259082780285773140e-01+j3.65876773891331830146e-01
  +2.86246188608405616183e-01+j3.60868285540494548869e-01
  +2.92138077946594354461e-01+j3.55762228556702031490e-01
  +2.97933171395508233914e-01+j3.50560696928186643628e-01
  +3.03629949273414023736e-01+j3.45265809812547230795e-01
  +3.09226951964972851528e-01+j3.39879709251051487229e-01
  +3.14722780162669191206e-01+j3.34404557885351061408e-01
  +3.20116095001566569600e-01+j3.28842536682503627787e-01
  +3.25405618088903059171e-01+j3.23195842673655364674e-01
  +3.30590131430210598662e-01+j3.17466686711760592843e-01
  +3.35668477253714570008e-01+j3.11657291253594148639e-01
  +3.40639557735274489669e-01+j3.05769888171220416417e-01
  +3.45502334626243412519e-01+j2.99806716597735611884e-01
  +3.50255828787096046284e-01+j2.93770020811908616487e-01
  +3.54899119629642711971e-01+j2.87662048166234474156e-01
  +3.59431344470862779161e-01+j2.81485047062832283160e-01
  +3.63851697801958862133e-01+j2.75241264980935873563e-01
  +3.68159430475875626421e-01+j2.68932946560010932568e-01
  +3.72353848817182364606e-01+j2.62562331741857946099e-01
  +3.76434313657970198719e-01+j2.56131653975164685910e-01
  +3.80400239303769094334e-01+j2.49643138485509896718e-01
  +3.84251092433633756329e-01+j2.43099000613428761763e-01
  +3.87986390938373171267e-01+j2.36501444223403300970e-01
  +3.91605702701247782027e-01+j2.29852660185803775450e-01
  +3.95108644325421309862e-01+j2.23154824933845252755e-01
  +3.98494879812400282226e-01+j2.16410099097392255585e-01
  +4.01764119195909152893e-01+j2.09620626215073768694e-01
  +4.04916117135480535527e-01+j2.02788531525896320584e-01
  +4.07950671474113124582e-01+j1.95915920841601143287e-01
  +4.10867621764359702841e-01+j1.89004879500259237446e-01
  +4.13666847767114931322e-01+j1.82057471401866871608e-01
  +4.16348267927390824905e-01+j1.75075738126194369038e-01
  +4.18911837831240196905e-01+j1.68061698132960735119e-01
  +4.21357548647979196499e-01+j1.61017346044351528089e-01
  +4.23685425561790174331e-01+j1.53944652009481985910e-01
  +4.25895526196679752307e-01+j1.46845561150271142203e-01
  +4.27987939038615261556e-01+j1.39721993088380735948e-01
  +4.29962781858747644659e-01+j1.32575841551810347241e-01
  +4.31820200141275090111e-01+j1.25408974060793987348e-01
  +4.33560365519596035977e-01+j1.18223231691437669078e-01
  +4.35183474224220878668e-01+j1.11020428915864000086e-01
  +4.36689745545715324315e-01+j1.03802353517548948125e-01
  +4.38079420315955259113e-01+j9.65707665803510056923e-02
  +4.39352759410745641322e-01+j8.93274025493224765881e-02
  +4.40510042276818114537e-01+j8.20739693618340315773e-02
  +4.41551565486012598249e-01+j7.48121486470156443760e-02
  +4.42477641319346082227e-01+j6.75435959916193817687e-02
  +4.43288596383613342500e-01+j6.02699412702532438812e-02
  +4.43984770262953243325e-01+j5.29927890379320032377e-02
  +4.44566514207684004845e-01+j4.57137189829079082504e-02
  +4.45034189862707485474e-01+j3.84342864373910797493e-02
  +4.45388168037505971508e-01+j3.11560229440240900323e-02
  +4.45628827519746917307e-01+j2.38804368759076776629e-02
  +4.45756553934359978086e-01+j1.66090141077548450466e-02
  +4.45771738649822557576e-01+j9.34321873587109358317e-03
  +4.45674777733329974261e-01+j2.08449384464451381582e-03
  +4.45466070956343607179e-01-j5.16573768298328114823e-03
  +4.45146020852027590742e-01-j1.24060723132041299255e-02
  +4.44715031825818951638e-01-j1.96351249699340014987e-02
  +4.44173509320496262553e-01-j2.68515281062332231143e-02
  +4.43521859036798082876e-01-j3.40539307416326958444e-02
  +4.42760486210746817548e-01-j4.12409974671375037514e-02
  +4.41889794948615965975e-01-j4.84114074207417435791e-02
  +4.40910187620497662220e-01-j5.55638532357868031308e-02
  +4.39822064313279970094e-01-j6.26970399643887593699e-02
  +4.38625822343812754589e-01-j6.98096839786890022150e-02
  +4.37321855832964789812e-01-j7.69005118521839808876e-02
  +4.35910555341236627402e-01-j8.39682592232720292902e-02
  +4.34392307566446311817e-01-j9.10116696440469302720e-02
  +4.32767495104022015262e-01-j9.80294934162789233234e-02
  +4.31036496270457536450e-01-j1.05020486416972633203e-01
  +4.29199684990127061646e-01-j1.11983408916433907487e-01
  +4.27257430746075361760e-01-j1.18917024390524470046e-01
  +4.25210098594787311299e-01-j1.25820098330418045363e-01
</dep>
<dep S[1,4] frequency>
  -4.71489201197940799304e-01+j4.57772373417431321929e-02
  -4.70469007634864266887e-01+j5.37255070988289229472e-02
  -4.69317357073980756521e-01+j6.16462187198541580746e-02
  -4.68035156514275962891e-01+j6.95374600552589594571e-02
  -4.66623322614933888630e-01+j7.73973517489114359869e-02
  -4.65082780567883768974e-01+j8.52240460176670877601e-02
  -4.63414463065761006444e-01+j9.30157254036634295602e-02
  -4.61619309365215557683e-01+j1.00770601502781304015e-01
  -4.59698264444751536484e-01+j1.08486913675777937871e-01
  -4.57652278256447719862e-01+j1.16162927746288086039e-01
  -4.55482305070636528388e-01+j1.23796934690395155076e-01
  -4.53189302912384683886e-01+j1.31387249322580557109e-01
  -4.50774233088303000194e-01+j1.38932208983042454475e-01
  -4.48238059802657962116e-01+j1.46430172229351202029e-01
  -4.45581749860613329783e-01+j1.53879517538553695077e-01
  -4.42806272457418437227e-01+j1.61278642021939755402e-01
  -4.39912599051290542640e-01+j1.68625960157740867329e-01
  -4.36901703318144374322e-01+j1.75919902545006168193e-01
  -4.33774561186133833512e-01+j1.83158914682258894269e-01
  -4.30532150947657621387e-01+j1.90341455774751200369e-01
  -4.27175453446602237939e-01+j1.97465997573523954767e-01
  -4.23705452338566601611e-01+j2.04531023249277799092e-01
  -4.20123134421156618767e-01+j2.11535026305038703631e-01
  -4.16429490032306559577e-01+j2.18476509529507173513e-01
  -4.12625513513614261552e-01+j2.25353983994753676035e-01
  -4.08712203736038337532e-01+j2.32165968100782410533e-01
  -4.04690564685227405217e-01+j2.38910986669474079136e-01
  -4.00561606103625511555e-01+j2.45587570090445878046e-01
  -3.96326344186182788487e-01+j2.52194253521452915745e-01
  -3.91985802326999865919e-01+j2.58729576145181716651e-01
  -3.87541011913569710678e-01+j2.65192080484889070036e-01
  -3.82993013165647600005e-01+j2.71580311780665772936e-01
  -3.78342856015341677534e-01+j2.77892817428582017403e-01
  -3.73591601025614061804e-01+j2.84128146483758392549e-01
  -3.68740320343263761060e-01+j2.90284849229969832418e-01
  -3.63790098683561768933e-01+j2.96361476816449975757e-01
  -3.58742034342775573119e-01+j3.02356580963866083955e-01
  -3.53597240235473231351e-01+j3.08268713740150190894e-01
  -3.48356844952600164245e-01+j3.14096427408009748472e-01
  -3.43021993837052896481e-01+j3.19838274344688144879e-01
  -3.37593850073369894371e-01+j3.25492807034569953117e-01
  -3.32073595787221065301e-01+j3.31058578136135484016e-01
  -3.26462433151567144041e-01+j3.36534140623123034786e-01
  -3.20761585495665246803e-01+j3.41918048000508734141e-01
  -3.14972298412712958804e-01+j3.47208854595938642973e-01
  -3.09095840862855353315e-01+j3.52405115926241574442e-01
  -3.03133506267465047124e-01+j3.57505389139221252393e-01
  -2.97086613590833714671e-01+j3.62508233530520529442e-01
  -2.90956508405263880590e-01+j3.67412211135318744759e-01
  -2.84744563936170203000e-01+j3.72215887393851918574e-01
  -2.78452182082579768885e-01+j3.76917831890694554620e-01
  -2.72080794409677029222e-01+j3.81516619166416215414e-01
  -2.65631863109218602226e-01+j3.86010829600768989867e-01
  -2.59106881924201948308e-01+j3.90399050365941691076e-01
  -2.52507377033597102400e-01+j3.94679876448692845692e-01
  -2.45834907893695109316e-01+j3.98851911739422360093e-01
  -2.39091068031760889401e-01+j4.02913770186711095445e-01
  -2.32277485789101734159e-01+j4.06864077014725933346e-01
  -2.25395825008986305793e-01+j4.10701470001830659662e-01
  -2.18447785666466470778e-01+j4.14424600817545063514e-01
  -2.11435104436278442641e-01+j4.18032136415422195252e-01
  -2.04359555195695985486e-01+j4.21522760478805547102e-01
  -1.97222949458679297496e-01+j4.24895174916651963137e-01
  -1.90027136738385116210e-01+j4.28148101405989744972e-01
  -1.82774004835211695275e-01+j4.31280282977532902766e-01
  -1.75465480046938571146e-01+j4.34290485641035728381e-01
  -1.68103527298820165647e-01+j4.37177500046305289594e-01
  -1.60690150190612640602e-01+j4.39940143176089648591e-01
  -1.53227390958641879193e-01+j4.42577260066441435793e-01
  -1.45717330350212614931e-01+j4.45087725550449286871e-01
  -1.38162087409092360080e-01+j4.47470446020542700349e-01
  -1.30563819169568967604e-01+j4.49724361205050049417e-01
  -1.22924720258271072404e-01+j4.51848445953921318274e-01
  -1.15247022402354154513e-01+j4.53841712028813126789e-01
  -1.07532993842622104363e-01+j4.55703209892608540610e-01
  -9.97849386517339342895e-02+j4.57432030493011509975e-01
  -9.20051959562595278452e-02+j4.59027307035229814591e-01
  -8.41961390630681649760e-02+j4.60488216738297206909e-01
  -7.63601744899317785853e-02+j4.61813982569788228361e-01
  -6.84997409007710444939e-02+j4.63003874953557881256e-01
  -6.06173079467477310400e-02+j4.64057213445063676538e-01
  -5.27153750137560606071e-02+j4.64973368368958861474e-01
  -4.47964698781526809990e-02+j4.65751762413586511968e-01
  -3.68631472723672110048e-02+j4.66391872177041921788e-01
  -2.89179873624488270600e-02+j4.66893229659592678971e-01
  -2.09635941399329076007e-02+j4.67255423697268468253e-01
  -1.30025937307940275128e-02+j4.67478101331627149406e-01
  -5.03763262440447452672e-03+j4.67560969110712043584e-01
  +2.92862417388409408681e-03+j4.67503794316484588833e-01
  +1.08934950633047655105e-02+j4.67306406114101624549e-01
  +1.88542838371380354345e-02+j4.66968696618667356013e-01
  +2.68082817368960821258e-02+j4.66490621875241373573e-01
  +3.47527695669784530974e-02+j4.65872202748151664764e-01
  +4.26850198647004200336e-02+j4.65113525715930342663e-01
  +5.06022991209316430616e-02+j4.64214743568401311258e-01
  +5.85018700463298749193e-02+j4.63176076002785874763e-01
  +6.63809938771564994608e-02+j4.61997810116004936631e-01
  +7.42369327157391123428e-02+j4.60680300790618391105e-01
  +8.20669518992925284273e-02+j4.59223970972235107091e-01
  +8.98683223916863782588e-02+j4.57629311836502961075e-01
  +9.76383231914691313014e-02+j4.55896882844279038860e-01
  +1.05374243750709778444e-01+j4.54027311683719625446e-01
  +1.13073386397949143811e-01+j4.52021294098647941073e-01
  +1.20733068759175055096e-01+j4.49879593602754257464e-01
  +1.28350626170469217513e-01+j4.47603041079679297987e-01
  +1.35923414076267512485e-01+j4.45192534269272521819e-01
  +1.43448810406394788863e-01+j4.42649037140975809557e-01
  +1.50924217926518361432e-01+j4.39973579155204630453e-01
  +1.58347066554979654107e-01+j4.37167254414551176289e-01
  +1.65714815640569557154e-01+j4.34231220706507659024e-01
  +1.73024956195184903551e-01+j4.31166698440011542104e-01
  +1.80275013075407219976e-01+j4.27974969478503053377e-01
  +1.87462547107626109621e-01+j4.24657375872405318251e-01
  +1.94585157151455440117e-01+j4.21215318494200685606e-01
  +2.01640482095659906436e-01+j4.17650255580031104508e-01
  +2.08626202782390940405e-01+j4.13963701181368048942e-01
  +2.15540043854560603442e-01+j4.10157223531191106325e-01
  +2.22379775522212830285e-01+j4.06232443328971126739e-01
  +2.29143215243390874214e-01+j4.02191031949417299174e-01
  +2.35828229316326964948e-01+j3.98034709579500156629e-01
  +2.42432734378733111269e-01+j3.93765243289346589250e-01
  +2.48954698811553132298e-01+j3.89384445041968396684e-01
  +2.55392144044159385974e-01+j3.84894169647438444404e-01
  +2.61743145758406958734e-01+j3.80296312667142810682e-01
  +2.68005834989552271796e-01+j3.75592808273769229732e-01
  +2.74178399122279259359e-01+j3.70785627072780621383e-01
  +2.80259082780287049896e-01+j3.65876773891328666011e-01
  +2.86246188608406781917e-01+j3.60868285540491551266e-01
  +2.92138077946594909573e-01+j3.55762228556700366155e-01
  +2.97933171395508344936e-01+j3.50560696928186699139e-01
  +3.03629949273413579647e-01+j3.45265809812548785107e-01
  +3.09226951964972907039e-01+j3.39879709251051598251e-01
  +3.14722780162669024673e-01+j3.34404557885350894875e-01
  +3.20116095001566680622e-01+j3.28842536682503738810e-01
  +3.25405618088902837126e-01+j3.23195842673657973698e-01
  +3.30590131430210210084e-01+j3.17466686711762147155e-01
  +3.35668477253715291653e-01+j3.11657291253593704550e-01
  +3.40639557735274101091e-01+j3.05769888171221915218e-01
  +3.45502334626243245985e-01+j2.99806716597737277219e-01
  +3.50255828787095824239e-01+j2.93770020811910281822e-01
  +3.54899119629642711971e-01+j2.87662048166234363133e-01
  +3.59431344470862668139e-01+j2.81485047062832172138e-01
  +3.63851697801959472756e-01+j2.75241264980935540496e-01
  +3.68159430475875737443e-01+j2.68932946560011099102e-01
  +3.72353848817182475628e-01+j2.62562331741859611434e-01
  +3.76434313657970420763e-01+j2.56131653975167239423e-01
  +3.80400239303769205357e-01+j2.49643138485506843605e-01
  +3.84251092433633645307e-01+j2.43099000613428734008e-01
  +3.87986390938373115755e-01+j2.36501444223401746658e-01
  +3.91605702701248059583e-01+j2.29852660185806328963e-01
  +3.95108644325421365373e-01+j2.23154824933843753954e-01
  +3.98494879812400615293e-01+j2.16410099097390007383e-01
  +4.01764119195908264714e-01+j2.09620626215070993137e-01
  +4.04916117135480146949e-01+j2.02788531525896986718e-01
  +4.07950671474113013559e-01+j1.95915920841601087776e-01
  +4.10867621764359258751e-01+j1.89004879500256128821e-01
  +4.13666847767115097856e-01+j1.82057471401866871608e-01
  +4.16348267927390880416e-01+j1.75075738126194313526e-01
  +4.18911837831239974861e-01+j1.68061698132960679608e-01
  +4.21357548647979196499e-01+j1.61017346044351417067e-01
  +4.23685425561790229843e-01+j1.53944652009482041422e-01
  +4.25895526196680640485e-01+j1.46845561150273529183e-01
  +4.27987939038615983200e-01+j1.39721993088382318016e-01
  +4.29962781858747478125e-01+j1.32575841551808126795e-01
  +4.31820200141275201133e-01+j1.25408974060794015104e-01
  +4.33560365519596091488e-01+j1.18223231691437780100e-01
  +4.35183474224220878668e-01+j1.11020428915863833552e-01
  +4.36689745545716434538e-01+j1.03802353517551806950e-01
  +4.38079420315954370935e-01+j9.65707665803502146584e-02
  +4.39352759410744364565e-01+j8.93274025493195622527e-02
  +4.40510042276818170048e-01+j8.20739693618340038217e-02
  +4.41551565486013486428e-01+j7.48121486470171292993e-02
  +4.42477641319345527116e-01+j6.75435959916179662343e-02
  +4.43288596383613509033e-01+j6.02699412702532993924e-02
  +4.43984770262953298836e-01+j5.29927890379320448710e-02
  +4.44566514207684726490e-01+j4.57137189829099968574e-02
  +4.45034189862709372854e-01+j3.84342864373939108180e-02
  +4.45388168037506859687e-01+j3.11560229440254674027e-02
  +4.45628827519748083041e-01+j2.38804368759082605300e-02
  +4.45756553934359867064e-01+j1.66090141077549074966e-02
  +4.45771738649822890643e-01+j9.34321873587109184844e-03
  +4.45674777733330029772e-01+j2.08449384464457973531e-03
  +4.45466070956344495357e-01-j5.16573768298205209665e-03
  +4.45146020852027590742e-01-j1.24060723132039946170e-02
  +4.44715031825819839817e-01-j1.96351249699327524978e-02
  +4.44173509320496595620e-01-j2.68515281062332265838e-02
  +4.43521859036799082077e-01-j3.40539307416316411325e-02
  +4.42760486210746706526e-01-j4.12409974671375176292e-02
  +4.41889794948616021486e-01-j4.84114074207416603124e-02
  +4.40910187620497606709e-01-j5.55638532357868308864e-02
  +4.39822064313278915382e-01-j6.26970399643901055153e-02
  +4.38625822343811644366e-01-j6.98096839786898626379e-02
  +4.37321855832963568567e-01-j7.69005118521850633551e-02
  +4.35910555341237682114e-01-j8.39682592232711133562e-02
  +4.34392307566447422040e-01-j9.10116696440458894379e-02
  +4.32767495104022237307e-01-j9.80294934162788123011e-02
  +4.31036496270456370716e-01-j1.05020486416973021782e-01
  +4.29199684990126673068e-01-j1.11983408916433990754e-01
  +4.27257430746074196026e-01-j1.18917024390525372102e-01
  +4.25210098594786201076e-01-j1.25820098330418961297e-01
</dep>
<dep S[1,3] frequency>
  -4.71489201197941076860e-01+j4.57772373417432223985e-02
  -4.70469007634864710976e-01+j5.37255070988285621247e-02
  -4.69317357073980478965e-01+j6.16462187198540054189e-02
  -4.68035156514275130224e-01+j6.95374600552592092573e-02
  -4.66623322614933555563e-01+j7.73973517489118245649e-02
  -4.65082780567884490619e-01+j8.52240460176674763382e-02
  -4.63414463065761395022e-01+j9.30157254036631936378e-02
  -4.61619309365215835239e-01+j1.00770601502781359526e-01
  -4.59698264444751869551e-01+j1.08486913675777618682e-01
  -4.57652278256447608840e-01+j1.16162927746288058284e-01
  -4.55482305070636805944e-01+j1.23796934690395071810e-01
  -4.53189302912384961441e-01+j1.31387249322580279554e-01
  -4.50774233088303111217e-01+j1.38932208983042537742e-01
  -4.48238059802658628250e-01+j1.46430172229351035496e-01
  -4.45581749860613218761e-01+j1.53879517538553667322e-01
  -4.42806272457419047850e-01+j1.61278642021939921936e-01
  -4.39912599051290265084e-01+j1.68625960157741033862e-01
  -4.36901703318144429833e-01+j1.75919902545006362482e-01
  -4.33774561186133833512e-01+j1.83158914682258838758e-01
  -4.30532150947657010764e-01+j1.90341455774750867302e-01
  -4.27175453446602182428e-01+j1.97465997573523954767e-01
  -4.23705452338566712633e-01+j2.04531023249277965625e-01
  -4.20123134421157118368e-01+j2.11535026305038786898e-01
  -4.16429490032306837133e-01+j2.18476509529506812690e-01
  -4.12625513513614483596e-01+j2.25353983994753703790e-01
  -4.08712203736038559576e-01+j2.32165968100782632577e-01
  -4.04690564685227349706e-01+j2.38910986669474023625e-01
  -4.00561606103625678088e-01+j2.45587570090446044579e-01
  -3.96326344186182843998e-01+j2.52194253521453193301e-01
  -3.91985802326999754897e-01+j2.58729576145181217051e-01
  -3.87541011913570043745e-01+j2.65192080484889070036e-01
  -3.82993013165647544493e-01+j2.71580311780665661914e-01
  -3.78342856015341899578e-01+j2.77892817428581961892e-01
  -3.73591601025614672427e-01+j2.84128146483758170504e-01
  -3.68740320343263427993e-01+j2.90284849229970054463e-01
  -3.63790098683561879955e-01+j2.96361476816450142291e-01
  -3.58742034342775628630e-01+j3.02356580963865917422e-01
  -3.53597240235472842773e-01+j3.08268713740150079872e-01
  -3.48356844952599498111e-01+j3.14096427408009581939e-01
  -3.43021993837053007503e-01+j3.19838274344688089368e-01
  -3.37593850073370560505e-01+j3.25492807034570064140e-01
  -3.32073595787221065301e-01+j3.31058578136135928105e-01
  -3.26462433151567088530e-01+j3.36534140623123700919e-01
  -3.20761585495665135781e-01+j3.41918048000508845163e-01
  -3.14972298412713125337e-01+j3.47208854595938531951e-01
  -3.09095840862855297804e-01+j3.52405115926241463420e-01
  -3.03133506267464825079e-01+j3.57505389139220974837e-01
  -2.97086613590833936716e-01+j3.62508233530520640464e-01
  -2.90956508405263880590e-01+j3.67412211135318689248e-01
  -2.84744563936170480556e-01+j3.72215887393851752041e-01
  -2.78452182082579768885e-01+j3.76917831890694499108e-01
  -2.72080794409677306778e-01+j3.81516619166416548481e-01
  -2.65631863109218657737e-01+j3.86010829600768934355e-01
  -2.59106881924201781775e-01+j3.90399050365941802099e-01
  -2.52507377033597268934e-01+j3.94679876448692901203e-01
  -2.45834907893695081560e-01+j3.98851911739422138048e-01
  -2.39091068031760861645e-01+j4.02913770186711261978e-01
  -2.32277485789101928448e-01+j4.06864077014726044368e-01
  -2.25395825008986638860e-01+j4.10701470001830326595e-01
  -2.18447785666466304244e-01+j4.14424600817545063514e-01
  -2.11435104436278054063e-01+j4.18032136415422139741e-01
  -2.04359555195695846708e-01+j4.21522760478805491591e-01
  -1.97222949458679353008e-01+j4.24895174916651741093e-01
  -1.90027136738385116210e-01+j4.28148101405989633950e-01
  -1.82774004835211612008e-01+j4.31280282977532847255e-01
  -1.75465480046938460124e-01+j4.34290485641035894915e-01
  -1.68103527298820193403e-01+j4.37177500046305345105e-01
  -1.60690150190612418557e-01+j4.39940143176089648591e-01
  -1.53227390958641934704e-01+j4.42577260066441768860e-01
  -1.45717330350212670442e-01+j4.45087725550449286871e-01
  -1.38162087409092471102e-01+j4.47470446020542811372e-01
  -1.30563819169568912093e-01+j4.49724361205050049417e-01
  -1.22924720258271197304e-01+j4.51848445953921373786e-01
  -1.15247022402353960224e-01+j4.53841712028813015767e-01
  -1.07532993842622104363e-01+j4.55703209892608485099e-01
  -9.97849386517339342895e-02+j4.57432030493011565486e-01
  -9.20051959562592780451e-02+j4.59027307035230147658e-01
  -8.41961390630681372205e-02+j4.60488216738297373443e-01
  -7.63601744899317091964e-02+j4.61813982569788339383e-01
  -6.84997409007709334716e-02+j4.63003874953557936767e-01
  -6.06173079467476477733e-02+j4.64057213445063343471e-01
  -5.27153750137558593791e-02+j4.64973368368958750452e-01
  -4.47964698781527503879e-02+j4.65751762413586289924e-01
  -3.68631472723672110048e-02+j4.66391872177042254854e-01
  -2.89179873624487611405e-02+j4.66893229659592734482e-01
  -2.09635941399328035173e-02+j4.67255423697268523764e-01
  -1.30025937307941073101e-02+j4.67478101331627149406e-01
  -5.03763262440441294404e-03+j4.67560969110712099095e-01
  +2.92862417388404291246e-03+j4.67503794316484644344e-01
  +1.08934950633048106133e-02+j4.67306406114101791083e-01
  +1.88542838371380631901e-02+j4.66968696618667244991e-01
  +2.68082817368959953896e-02+j4.66490621875241373573e-01
  +3.47527695669783698307e-02+j4.65872202748151498231e-01
  +4.26850198647003992170e-02+j4.65113525715930176130e-01
  +5.06022991209316708172e-02+j4.64214743568401200235e-01
  +5.85018700463298818581e-02+j4.63176076002785985786e-01
  +6.63809938771565827276e-02+j4.61997810116005047654e-01
  +7.42369327157391678540e-02+j4.60680300790618280082e-01
  +8.20669518992925284273e-02+j4.59223970972234996069e-01
  +8.98683223916864198921e-02+j4.57629311836502739030e-01
  +9.76383231914690619124e-02+j4.55896882844278927838e-01
  +1.05374243750709861711e-01+j4.54027311683719625446e-01
  +1.13073386397949116056e-01+j4.52021294098647719029e-01
  +1.20733068759175082851e-01+j4.49879593602754312975e-01
  +1.28350626170469245269e-01+j4.47603041079679520031e-01
  +1.35923414076267512485e-01+j4.45192534269272632841e-01
  +1.43448810406394844374e-01+j4.42649037140975920579e-01
  +1.50924217926518333677e-01+j4.39973579155204463920e-01
  +1.58347066554979543085e-01+j4.37167254414551065267e-01
  +1.65714815640569584909e-01+j4.34231220706507548002e-01
  +1.73024956195184931307e-01+j4.31166698440011653126e-01
  +1.80275013075407358754e-01+j4.27974969478503053377e-01
  +1.87462547107626054110e-01+j4.24657375872405318251e-01
  +1.94585157151455578894e-01+j4.21215318494200907651e-01
  +2.01640482095659961947e-01+j4.17650255580030937974e-01
  +2.08626202782390940405e-01+j4.13963701181368104454e-01
  +2.15540043854560769976e-01+j4.10157223531191217347e-01
  +2.22379775522212858041e-01+j4.06232443328971293273e-01
  +2.29143215243390818703e-01+j4.02191031949417243663e-01
  +2.35828229316327075971e-01+j3.98034709579500323162e-01
  +2.42432734378733250047e-01+j3.93765243289346700273e-01
  +2.48954698811553104543e-01+j3.89384445041968174639e-01
  +2.55392144044159496996e-01+j3.84894169647438555426e-01
  +2.61743145758406903223e-01+j3.80296312667142810682e-01
  +2.68005834989552216285e-01+j3.75592808273769063199e-01
  +2.74178399122279259359e-01+j3.70785627072780676894e-01
  +2.80259082780287105408e-01+j3.65876773891328554988e-01
  +2.86246188608406615383e-01+j3.60868285540491273711e-01
  +2.92138077946594798551e-01+j3.55762228556700310644e-01
  +2.97933171395508455959e-01+j3.50560696928186699139e-01
  +3.03629949273413801691e-01+j3.45265809812549284707e-01
  +3.09226951964972684994e-01+j3.39879709251051431718e-01
  +3.14722780162669302229e-01+j3.34404557885351061408e-01
  +3.20116095001566736133e-01+j3.28842536682503905343e-01
  +3.25405618088903170193e-01+j3.23195842673658362276e-01
  +3.30590131430210376617e-01+j3.17466686711762036133e-01
  +3.35668477253715402675e-01+j3.11657291253593982105e-01
  +3.40639557735274489669e-01+j3.05769888171222248285e-01
  +3.45502334626243468030e-01+j2.99806716597737610286e-01
  +3.50255828787095824239e-01+j2.93770020811910226310e-01
  +3.54899119629643156060e-01+j2.87662048166234696200e-01
  +3.59431344470862612628e-01+j2.81485047062832061116e-01
  +3.63851697801959250711e-01+j2.75241264980935373963e-01
  +3.68159430475875459887e-01+j2.68932946560010877057e-01
  +3.72353848817182586650e-01+j2.62562331741859722456e-01
  +3.76434313657970198719e-01+j2.56131653975167239423e-01
  +3.80400239303769094334e-01+j2.49643138485506815849e-01
  +3.84251092433633423262e-01+j2.43099000613428622986e-01
  +3.87986390938373060244e-01+j2.36501444223401691147e-01
  +3.91605702701248448161e-01+j2.29852660185806662030e-01
  +3.95108644325421476395e-01+j2.23154824933843753954e-01
  +3.98494879812400448760e-01+j2.16410099097389896361e-01
  +4.01764119195908375737e-01+j2.09620626215070993137e-01
  +4.04916117135480035927e-01+j2.02788531525896903451e-01
  +4.07950671474112791515e-01+j1.95915920841601060021e-01
  +4.10867621764359036707e-01+j1.89004879500255934532e-01
  +4.13666847767114931322e-01+j1.82057471401866788341e-01
  +4.16348267927390824905e-01+j1.75075738126194369038e-01
  +4.18911837831239863839e-01+j1.68061698132960679608e-01
  +4.21357548647979307521e-01+j1.61017346044351333800e-01
  +4.23685425561790118820e-01+j1.53944652009482041422e-01
  +4.25895526196681029063e-01+j1.46845561150273640205e-01
  +4.27987939038616316267e-01+j1.39721993088382373527e-01
  +4.29962781858747422614e-01+j1.32575841551808210061e-01
  +4.31820200141275145622e-01+j1.25408974060794042860e-01
  +4.33560365519595980466e-01+j1.18223231691437946633e-01
  +4.35183474224220767645e-01+j1.11020428915863861308e-01
  +4.36689745545716878627e-01+j1.03802353517551904094e-01
  +4.38079420315954370935e-01+j9.65707665803500758805e-02
  +4.39352759410743975987e-01+j8.93274025493197565417e-02
  +4.40510042276818336582e-01+j8.20739693618340870884e-02
  +4.41551565486013430917e-01+j7.48121486470171570549e-02
  +4.42477641319344972004e-01+j6.75435959916179939899e-02
  +4.43288596383613842100e-01+j6.02699412702533271480e-02
  +4.43984770262953465370e-01+j5.29927890379318575209e-02
  +4.44566514207685226090e-01+j4.57137189829099135907e-02
  +4.45034189862709650409e-01+j3.84342864373937165290e-02
  +4.45388168037507414798e-01+j3.11560229440253563804e-02
  +4.45628827519748249575e-01+j2.38804368759082848162e-02
  +4.45756553934360089109e-01+j1.66090141077547721882e-02
  +4.45771738649822446554e-01+j9.34321873587113174708e-03
  +4.45674777733329696705e-01+j2.08449384464477749379e-03
  +4.45466070956344717402e-01-j5.16573768298211020988e-03
  +4.45146020852027646253e-01-j1.24060723132040431893e-02
  +4.44715031825820172884e-01-j1.96351249699328704590e-02
  +4.44173509320496762154e-01-j2.68515281062332231143e-02
  +4.43521859036799359632e-01-j3.40539307416318354216e-02
  +4.42760486210746706526e-01-j4.12409974671374690569e-02
  +4.41889794948616132508e-01-j4.84114074207417227624e-02
  +4.40910187620497884264e-01-j5.55638532357868863976e-02
  +4.39822064313278526804e-01-j6.26970399643896475483e-02
  +4.38625822343811644366e-01-j6.98096839786896961044e-02
  +4.37321855832963568567e-01-j7.69005118521850911106e-02
  +4.35910555341237793137e-01-j8.39682592232712798896e-02
  +4.34392307566447533063e-01-j9.10116696440461669937e-02
  +4.32767495104022403840e-01-j9.80294934162789927123e-02
  +4.31036496270456204183e-01-j1.05020486416972924637e-01
  +4.29199684990126784090e-01-j1.11983408916433907487e-01
  +4.27257430746073807448e-01-j1.18917024390524983524e-01
  +4.25210098594786256587e-01-j1.25820098330418878030e-01
</dep>
<dep S[1,2] frequency>
  -4.71489201197942853216e-01+j4.57772373417402247964e-02
  -4.70469007634864766487e-01+j5.37255070988286037581e-02
  -4.69317357073978480564e-01+j6.16462187198569336322e-02
  -4.68035156514273242845e-01+j6.95374600552620958371e-02
  -4.66623322614933777608e-01+j7.73973517489118245649e-02
  -4.65082780567888431911e-01+j8.52240460176619807342e-02
  -4.63414463065761228489e-01+j9.30157254036632213934e-02
  -4.61619309365215890750e-01+j1.00770601502781290137e-01
  -4.59698264444751814040e-01+j1.08486913675777632560e-01
  -4.57652278256447664351e-01+j1.16162927746287891750e-01
  -4.55482305070639026390e-01+j1.23796934690392476663e-01
  -4.53189302912384850419e-01+j1.31387249322580196287e-01
  -4.50774233088303111217e-01+j1.38932208983042537742e-01
  -4.48238059802658628250e-01+j1.46430172229351007740e-01
  -4.45581749860613052228e-01+j1.53879517538553667322e-01
  -4.42806272457421268296e-01+j1.61278642021937423934e-01
  -4.39912599051290098551e-01+j1.68625960157741061618e-01
  -4.36901703318147149879e-01+j1.75919902545004114280e-01
  -4.33774561186134000046e-01+j1.83158914682259088558e-01
  -4.30532150947654457251e-01+j1.90341455774753087749e-01
  -4.27175453446600350560e-01+j1.97465997573524759678e-01
  -4.23705452338569488191e-01+j2.04531023249275911713e-01
  -4.20123134421159727392e-01+j2.11535026305036760741e-01
  -4.16429490032306837133e-01+j2.18476509529506895957e-01
  -4.12625513513614483596e-01+j2.25353983994753648279e-01
  -4.08712203736041335134e-01+j2.32165968100780717442e-01
  -4.04690564685227349706e-01+j2.38910986669474079136e-01
  -4.00561606103627509956e-01+j2.45587570090445350690e-01
  -3.96326344186185619556e-01+j2.52194253521451305922e-01
  -3.91985802326996923828e-01+j2.58729576145182993407e-01
  -3.87541011913572874814e-01+j2.65192080484887460212e-01
  -3.82993013165647433471e-01+j2.71580311780665550891e-01
  -3.78342856015343009801e-01+j2.77892817428580962691e-01
  -3.73591601025614838960e-01+j2.84128146483758170504e-01
  -3.68740320343263539016e-01+j2.90284849229970054463e-01
  -3.63790098683562990178e-01+j2.96361476816449143090e-01
  -3.58742034342774795963e-01+j3.02356580963866972134e-01
  -3.53597240235472787262e-01+j3.08268713740150079872e-01
  -3.48356844952599609133e-01+j3.14096427408009692961e-01
  -3.43021993837053174037e-01+j3.19838274344688477946e-01
  -3.37593850073370560505e-01+j3.25492807034570064140e-01
  -3.32073595787224229436e-01+j3.31058578136135150949e-01
  -3.26462433151571418399e-01+j3.36534140623121535985e-01
  -3.20761585495665246803e-01+j3.41918048000508845163e-01
  -3.14972298412711015914e-01+j3.47208854595938642973e-01
  -3.09095840862855408826e-01+j3.52405115926241407909e-01
  -3.03133506267464769568e-01+j3.57505389139220808303e-01
  -2.97086613590835157961e-01+j3.62508233530519696775e-01
  -2.90956508405263769568e-01+j3.67412211135318522714e-01
  -2.84744563936170425045e-01+j3.72215887393851918574e-01
  -2.78452182082579657862e-01+j3.76917831890694665642e-01
  -2.72080794409677251267e-01+j3.81516619166416715014e-01
  -2.65631863109221877384e-01+j3.86010829600768545777e-01
  -2.59106881924201726264e-01+j3.90399050365941746588e-01
  -2.52507377033600433069e-01+j3.94679876448692512625e-01
  -2.45834907893691695380e-01+j3.98851911739422415604e-01
  -2.39091068031764247825e-01+j4.02913770186710928911e-01
  -2.32277485789101900693e-01+j4.06864077014725933346e-01
  -2.25395825008983252680e-01+j4.10701470001830659662e-01
  -2.18447785666462973575e-01+j4.14424600817545119025e-01
  -2.11435104436278109574e-01+j4.18032136415422139741e-01
  -2.04359555195695707930e-01+j4.21522760478805491591e-01
  -1.97222949458675994583e-01+j4.24895174916651408026e-01
  -1.90027136738383228831e-01+j4.28148101405988801282e-01
  -1.82774004835211834052e-01+j4.31280282977532847255e-01
  -1.75465480046938515635e-01+j4.34290485641035894915e-01
  -1.68103527298820193403e-01+j4.37177500046305234083e-01
  -1.60690150190615888004e-01+j4.39940143176090203703e-01
  -1.53227390958644460461e-01+j4.42577260066442268460e-01
  -1.45717330350212892487e-01+j4.45087725550449953005e-01
  -1.38162087409094219703e-01+j4.47470446020543255461e-01
  -1.30563819169568939849e-01+j4.49724361205049938395e-01
  -1.22924720258271086282e-01+j4.51848445953921262763e-01
  -1.15247022402353960224e-01+j4.53841712028812904745e-01
  -1.07532993842622062730e-01+j4.55703209892608263054e-01
  -9.97849386517339204117e-02+j4.57432030493011509975e-01
  -9.20051959562648846713e-02+j4.59027307035231368904e-01
  -8.41961390630713291117e-02+j4.60488216738298206110e-01
  -7.63601744899339573980e-02+j4.61813982569788672450e-01
  -6.84997409007709751050e-02+j4.63003874953557936767e-01
  -6.06173079467477171622e-02+j4.64057213445063287960e-01
  -5.27153750137581353363e-02+j4.64973368368958972496e-01
  -4.47964698781527365101e-02+j4.65751762413586456457e-01
  -3.68631472723694730842e-02+j4.66391872177042865477e-01
  -2.89179873624488062434e-02+j4.66893229659592567948e-01
  -2.09635941399306108268e-02+j4.67255423697266969452e-01
  -1.30025937307934064818e-02+j4.67478101331626261228e-01
  -5.03763262440221157995e-03+j4.67560969110711432961e-01
  +2.92862417388405722393e-03+j4.67503794316484644344e-01
  +1.08934950633026682298e-02+j4.67306406114102623750e-01
  +1.88542838371381533957e-02+j4.66968696618667189480e-01
  +2.68082817368988229889e-02+j4.66490621875239652727e-01
  +3.47527695669824499003e-02+j4.65872202748148056539e-01
  +4.26850198646976305983e-02+j4.65113525715932230042e-01
  +5.06022991209317818395e-02+j4.64214743568401477791e-01
  +5.85018700463278487622e-02+j4.63176076002787096009e-01
  +6.63809938771560276161e-02+j4.61997810116005824810e-01
  +7.42369327157384323312e-02+j4.60680300790618169060e-01
  +8.20669518992924590384e-02+j4.59223970972235051580e-01
  +8.98683223916876827708e-02+j4.57629311836501906363e-01
  +9.76383231914711990918e-02+j4.55896882844277706592e-01
  +1.05374243750709056799e-01+j4.54027311683719625446e-01
  +1.13073386397951600180e-01+j4.52021294098645776138e-01
  +1.20733068759175235507e-01+j4.49879593602755034620e-01
  +1.28350626170468939957e-01+j4.47603041079678631853e-01
  +1.35923414076265236528e-01+j4.45192534269274742265e-01
  +1.43448810406394788863e-01+j4.42649037140975865068e-01
  +1.50924217926521608835e-01+j4.39973579155200966717e-01
  +1.58347066554978099795e-01+j4.37167254414553507758e-01
  +1.65714815640569557154e-01+j4.34231220706507603513e-01
  +1.73024956195184820285e-01+j4.31166698440011431082e-01
  +1.80275013075407358754e-01+j4.27974969478503053377e-01
  +1.87462547107625915332e-01+j4.24657375872405040695e-01
  +1.94585157151455578894e-01+j4.21215318494200907651e-01
  +2.01640482095661099926e-01+j4.17650255580028773039e-01
  +2.08626202782389330581e-01+j4.13963701181369658766e-01
  +2.15540043854560797731e-01+j4.10157223531191217347e-01
  +2.22379775522212053129e-01+j4.06232443328972570029e-01
  +2.29143215243390846458e-01+j4.02191031949417243663e-01
  +2.35828229316324716747e-01+j3.98034709579504653032e-01
  +2.42432734378731307157e-01+j3.93765243289350141964e-01
  +2.48954698811553104543e-01+j3.89384445041968174639e-01
  +2.55392144044159330463e-01+j3.84894169647438499915e-01
  +2.61743145758406792201e-01+j3.80296312667142755171e-01
  +2.68005834989552826908e-01+j3.75592808273767508886e-01
  +2.74178399122279425892e-01+j3.70785627072780843427e-01
  +2.80259082780288326653e-01+j3.65876773891325557386e-01
  +2.86246188608407670095e-01+j3.60868285540488165086e-01
  +2.92138077946595298151e-01+j3.55762228556698645310e-01
  +2.97933171395508455959e-01+j3.50560696928186588117e-01
  +3.03629949273413468624e-01+j3.45265809812550950042e-01
  +3.09226951964972740505e-01+j3.39879709251051431718e-01
  +3.14722780162669135695e-01+j3.34404557885350950386e-01
  +3.20116095001566680622e-01+j3.28842536682503738810e-01
  +3.25405618088903003660e-01+j3.23195842673661082323e-01
  +3.30590131430210154573e-01+j3.17466686711763756978e-01
  +3.35668477253716068809e-01+j3.11657291253593760061e-01
  +3.40639557735274101091e-01+j3.05769888171223691575e-01
  +3.45502334626243245985e-01+j2.99806716597739220109e-01
  +3.50255828787095657706e-01+j2.93770020811911725112e-01
  +3.54899119629643156060e-01+j2.87662048166234696200e-01
  +3.59431344470862501606e-01+j2.81485047062832005604e-01
  +3.63851697801959750311e-01+j2.75241264980934985385e-01
  +3.68159430475875404376e-01+j2.68932946560010877057e-01
  +3.72353848817182475628e-01+j2.62562331741861332279e-01
  +3.76434313657970420763e-01+j2.56131653975169681914e-01
  +3.80400239303769205357e-01+j2.49643138485503679469e-01
  +3.84251092433633312240e-01+j2.43099000613428595230e-01
  +3.87986390938373004733e-01+j2.36501444223399998057e-01
  +3.91605702701248892250e-01+j2.29852660185809215543e-01
  +3.95108644325421587418e-01+j2.23154824933842255152e-01
  +3.98494879812400670804e-01+j2.16410099097387620404e-01
  +4.01764119195907487558e-01+j2.09620626215068217579e-01
  +4.04916117135479536326e-01+j2.02788531525897430807e-01
  +4.07950671474112569470e-01+j1.95915920841600865732e-01
  +4.10867621764358648129e-01+j1.89004879500252853664e-01
  +4.13666847767115042345e-01+j1.82057471401866843852e-01
  +4.16348267927390880416e-01+j1.75075738126194313526e-01
  +4.18911837831239752816e-01+j1.68061698132960624097e-01
  +4.21357548647979307521e-01+j1.61017346044351278289e-01
  +4.23685425561790118820e-01+j1.53944652009482041422e-01
  +4.25895526196681861730e-01+j1.46845561150275916162e-01
  +4.27987939038616649334e-01+j1.39721993088383733550e-01
  +4.29962781858747311592e-01+j1.32575841551805961860e-01
  +4.31820200141275145622e-01+j1.25408974060794042860e-01
  +4.33560365519595980466e-01+j1.18223231691437988267e-01
  +4.35183474224220823157e-01+j1.11020428915863833552e-01
  +4.36689745545718044362e-01+j1.03802353517554901696e-01
  +4.38079420315953427245e-01+j9.65707665803491877021e-02
  +4.39352759410742643720e-01+j8.93274025493167589396e-02
  +4.40510042276818447604e-01+j8.20739693618341703552e-02
  +4.41551565486014152562e-01+j7.48121486470184893225e-02
  +4.42477641319344361381e-01+j6.75435959916164813110e-02
  +4.43288596383613953122e-01+j6.02699412702534936814e-02
  +4.43984770262953520881e-01+j5.29927890379319616043e-02
  +4.44566514207685836713e-01+j4.57137189829119189310e-02
  +4.45034189862711482277e-01+j3.84342864373965267810e-02
  +4.45388168037508080932e-01+j3.11560229440266331369e-02
  +4.45628827519749415309e-01+j2.38804368759088260499e-02
  +4.45756553934360089109e-01+j1.66090141077547721882e-02
  +4.45771738649822779621e-01+j9.34321873587107623593e-03
  +4.45674777733329585683e-01+j2.08449384464474973822e-03
  +4.45466070956345605580e-01-j5.16573768298094360835e-03
  +4.45146020852027923809e-01-j1.24060723132038974725e-02
  +4.44715031825821172085e-01-j1.96351249699317220720e-02
  +4.44173509320497039710e-01-j2.68515281062332716866e-02
  +4.43521859036800358833e-01-j3.40539307416307945875e-02
  +4.42760486210746762037e-01-j4.12409974671374690569e-02
  +4.41889794948616021486e-01-j4.84114074207416741902e-02
  +4.40910187620497884264e-01-j5.55638532357868863976e-02
  +4.39822064313277305558e-01-j6.26970399643908965492e-02
  +4.38625822343810756188e-01-j6.98096839786904316272e-02
  +4.37321855832962458344e-01-j7.69005118521860903114e-02
  +4.35910555341239069893e-01-j8.39682592232701696666e-02
  +4.34392307566448698797e-01-j9.10116696440451261596e-02
  +4.32767495104022570374e-01-j9.80294934162789927123e-02
  +4.31036496270455260493e-01-j1.05020486416973229948e-01
  +4.29199684990126451023e-01-j1.11983408916433962998e-01
  +4.27257430746072475181e-01-j1.18917024390525941091e-01
  +4.25210098594785090853e-01-j1.25820098330419627430e-01
</dep>
<dep S[1,1] frequency>
  -9.94398027295869679776e-02+j3.47864282286901027597e-02
  -1.00874950001065832872e-01+j3.64584232211662973011e-02
  -1.02214397761381636798e-01+j3.81623316636523490786e-02
  -1.03457960083167294085e-01+j3.98941267133887667029e-02
  -1.04605596315118690165e-01+j4.16498087504597741537e-02
  -1.05657408795650803457e-01+j4.34254099050073727462e-02
  -1.06613640469921833187e-01+j4.52169984486700260451e-02
  -1.07474672416037614342e-01+j4.70206830523365593155e-02
  -1.08241021287409436291e-01+j4.88326169117311026380e-02
  -1.08913336676784766599e-01+j5.06490017429527261683e-02
  -1.09492398407699698115e-01+j5.24660916501318297378e-02
  -1.09979113758186058947e-01+j5.42801968676771412481e-02
  -1.10374514621700503536e-01+j5.60876873794494273939e-02
  -1.10679754609306180146e-01+j5.78849964174724118671e-02
  -1.10896106097284077863e-01+j5.96686238427967530207e-02
  -1.11024957223528869532e-01+j6.14351394110462384335e-02
  -1.11067808835861508987e-01+j6.31811859255337476826e-02
  -1.11026271395377934548e-01+j6.49034822801246163992e-02
  -1.10902061837020643464e-01+j6.65988263947819847388e-02
  -1.10697000389645278107e-01+j6.82640980460344215519e-02
  -1.10413007357627684923e-01+j6.98962615947645860004e-02
  -1.10052099865205227358e-01+j7.14923686136569869198e-02
  -1.09616388565448960590e-01+j7.30495604162484657440e-02
  -1.09108074314343550526e-01+j7.45650704897204974486e-02
  -1.08529444811245365243e-01+j7.60362268330810886496e-02
  -1.07882871206248037721e-01+j7.74604542024082687313e-02
  -1.07170804674764863496e-01+j7.88352762645622706650e-02
  -1.06395772959797935142e-01+j8.01583176606207314929e-02
  -1.05560376882140427579e-01+j8.14273059798091558559e-02
  -1.04667286818104027235e-01+j8.26400736450930428756e-02
  -1.03719239145196762131e-01+j8.37945597105942963090e-02
  -1.02719032655345959837e-01+j8.48888115713397339857e-02
  -1.01669524935490029893e-01+j8.59209865853755722087e-02
  -1.00573628715280832813e-01+j8.68893536081125905657e-02
  -9.94343081817260499022e-02+j8.77922944384604414525e-02
  -9.82545752606051592259e-02+j8.86283051760642925920e-02
  -9.70374858640647014463e-02+j8.93959974889315389657e-02
  -9.57861361047774029220e-02+j9.00940997901975987316e-02
  -9.45036584763304654544e-02+j9.07214583227089199635e-02
  -9.31932179996372567210e-02+j9.12770381499433958172e-02
  -9.18580083360487215094e-02+j9.17599240515047792632e-02
  -9.05012478669228459527e-02+j9.21693213210863226958e-02
  -8.91261757404778476310e-02+j9.25045564649315116279e-02
  -8.77360478861590187272e-02+j9.27650777983582558450e-02
  -8.63341329977363736159e-02+j9.29504559377983957669e-02
  -8.49237084858993629410e-02+j9.30603841857903235635e-02
  -8.35080564014437365383e-02+j9.30946788060832142175e-02
  -8.20904593310531338624e-02+j9.30532791859410290947e-02
  -8.06741962667260753550e-02+j9.29362478825744020572e-02
  -7.92625384514917818990e-02+j9.27437705507743181954e-02
  -7.78587452032699356419e-02+j9.24761557483295970616e-02
  -7.64660597196693270217e-02+j9.21338346162735855049e-02
  -7.50877048665200691469e-02+j9.17173604305516615431e-02
  -7.37268789533236101885e-02+j9.12274080220142891129e-02
  -7.23867514993718069727e-02+j9.06647730615206259852e-02
  -7.10704589938690456385e-02+j9.00303712069828177000e-02
  -6.97811006548243878411e-02+j8.93252371092862901270e-02
  -6.85217341904515719886e-02+j8.85505232742184456018e-02
  -6.72953715687115983091e-02+j8.77074987775191966533e-02
  -6.61049747995264835865e-02+j8.67975478304173347910e-02
  -6.49534517352740314866e-02+j8.58221681931497781814e-02
  -6.38436518953640064211e-02+j8.47829694342687456565e-02
  -6.27783623208542362892e-02+j8.36816710336086844180e-02
  -6.17603034657130400831e-02+j8.25201003272514332920e-02
  -6.07921251308687904391e-02+j8.13001902930093611754e-02
  -5.98764024484063073217e-02+j8.00239771751612982698e-02
  -5.90156319229183656816e-02+j7.86935979478938230081e-02
  -5.82122275372298492169e-02+j7.73112876166974910541e-02
  -5.74685169301336409853e-02+j7.58793763578962665584e-02
  -5.67867376540410195851e-02+j7.44002864965797594543e-02
  -5.61690335204852661533e-02+j7.28765293238952671651e-02
  -5.56174510411095723850e-02+j7.13107017546207450076e-02
  -5.51339359729862699133e-02+j6.97054828271473081447e-02
  -5.47203299757126893077e-02+j6.80636300478027894689e-02
  -5.43783673895448585456e-02+j6.63879755823744699406e-02
  -5.41096721417260173581e-02+j6.46814222980017783371e-02
  -5.39157547902608114132e-02+j6.29469396591764290827e-02
  -5.37980097127886691677e-02+j6.11875594822374607729e-02
  -5.37577124487582588830e-02+j5.94063715530374070184e-02
  -5.37960172030010896904e-02+j5.76065191131483328446e-02
  -5.39139545183222254621e-02+j5.57911942206465033545e-02
  -5.41124291249628353029e-02+j5.39636329917062285144e-02
  -5.43922179739086270045e-02+j5.21271107299760283471e-02
  -5.47539684613313065720e-02+j5.02849369512389787751e-02
  -5.51981968507669132351e-02+j4.84404503112597292769e-02
  -5.57252868996004763202e-02+j4.65970134453915080242e-02
  -5.63354886953226358104e-02+j4.47580077284615296396e-02
  -5.70289177076436226699e-02+j4.29268279647843781222e-02
  -5.78055540608887266640e-02+j4.11068770175695638591e-02
  -5.86652420318713868630e-02+j3.93015603883686143183e-02
  -5.96076897765327323730e-02+j3.75142807565281566351e-02
  -6.06324692891768018965e-02+j3.57484324899052935409e-02
  -6.17390165971693841152e-02+j3.40073961378292155544e-02
  -6.29266321928308863809e-02+j3.22945329175025330759e-02
  -6.41944817047262195064e-02+j3.06131792059712790066e-02
  -6.55415968085781563968e-02+j2.89666410484324121644e-02
  -6.69668763785844362024e-02+j2.73581886960892264882e-02
  -6.84690878781849254775e-02+j2.57910511841689116252e-02
  -7.00468689895058366224e-02+j2.42684109632930605782e-02
  -7.16987294793730439713e-02+j2.27933985952831208444e-02
  -7.34230532991480000504e-02+j2.13690875257493903550e-02
  -7.52181009155793028897e-02+j1.99984889454049297175e-02
  -7.70820118681897065160e-02+j1.86845467514495378047e-02
  -7.90128075486823955309e-02+j1.74301326205829887339e-02
  -8.10083941970842769109e-02+j1.62380412052001085743e-02
  -8.30665661084504514111e-02+j1.51109854629352668987e-02
  -8.51850090434522755345e-02+j1.40515921310582908577e-02
  -8.73613038357501647813e-02+j1.30623973550965666313e-02
  -8.95929301878931466652e-02+j1.21458424819346003098e-02
  -9.18772706475869116449e-02+j1.13042700264080753225e-02
  -9.42116147552343186078e-02+j1.05399198204461919115e-02
  -9.65931633531431910189e-02+j9.85492535259921420554e-03
  -9.90190330465215012845e-02+j9.25131030594454617511e-03
  -1.01486260806078670837e-01+j8.73098530147806140000e-03
  -1.03991808700922117037e-01+j8.29574485286033169729e-03
  -1.06532568751278866603e-01+j7.94726453918595532322e-03
  -1.09105367889239551760e-01+j7.68709839992531840380e-03
  -1.11706973016088534356e-01+j7.51667655718238347795e-03
  -1.14334096144177804755e-01+j7.43730306850385464168e-03
  -1.16983399611755523040e-01+j7.45015401354590101057e-03
  -1.19651501358182865697e-01+j7.55627581671128312202e-03
  -1.22334980247832320055e-01+j7.75658380715513184889e-03
  -1.25030381430346004823e-01+j8.05186101755943350877e-03
  -1.27734221725156193994e-01+j8.44275722099499525974e-03
  -1.30442995018369950477e-01+j8.92978820617919277769e-03
  -1.33153177660140453753e-01+j9.51333528896414204468e-03
  -1.35861233850862378469e-01+j1.01936450590217747569e-02
  -1.38563621004716530649e-01+j1.09708293584084570771e-02
  -1.41256795079435421014e-01+j1.18448654891299132164e-02
  -1.43937215861492884272e-01+j1.28155966460483661251e-02
  -1.46601352196032430619e-01+j1.38827325701490061904e-02
  -1.49245687151507350210e-01+j1.50458504177604646124e-02
  -1.51866723109362222743e-01+j1.63043958401751232223e-02
  -1.54460986769309721600e-01+j1.76576842672996892070e-02
  -1.57025034061414769937e-01+j1.91049023893838793020e-02
  -1.59555454956742531758e-01+j2.06451098298305879553e-02
  -1.62048878168622567664e-01+j2.22772410017626626422e-02
  -1.64501975737258637755e-01+j2.40001071409723931716e-02
  -1.66911467490848119954e-01+j2.58123985073905326537e-02
  -1.69274125377088136002e-01+j2.77126867469305038227e-02
  -1.71586777659371164662e-01+j2.96994274053229839749e-02
  -1.73846312972464889235e-01+j3.17709625855278343654e-02
  -1.76049684233217956786e-01+j3.39255237401801384989e-02
  -1.78193912402273613171e-01+j3.61612345901780318780e-02
  -1.80276090093468399633e-01+j3.84761141605296369539e-02
  -1.82293385027857496317e-01+j4.08680799249904191939e-02
  -1.84243043330179906425e-01+j4.33349510502216012098e-02
  -1.86122392666022734575e-01+j4.58744517310164523494e-02
  -1.87928845218281681539e-01+j4.84842146077419100525e-02
  -1.89659900502172906744e-01+j5.11617842574947634393e-02
  -1.91313148018692424923e-01+j5.39046207504157159907e-02
  -1.92886269746484956267e-01+j5.67101032629896695259e-02
  -1.94377042473016570234e-01+j5.95755337401257870078e-02
  -1.95783339965953984141e-01+j6.24981405982713011937e-02
  -1.97103134986253258898e-01+j6.54750824618857418802e-02
  -1.98334501145041114389e-01+j6.85034519257170237960e-02
  -1.99475614606182655164e-01+j7.15802793362152744994e-02
  -2.00524755637427942734e-01+j7.47025365848229261356e-02
  -2.01480310012770641448e-01+j7.78671409070138542674e-02
  -2.02340770269390096692e-01+j8.10709586806217241683e-02
  -2.03104736822283887809e-01+j8.43108092180424595341e-02
  -2.03770918940647777218e-01+j8.75834685463466877664e-02
  -2.04338135589405084369e-01+j9.08856731705384723874e-02
  -2.04805316140302062777e-01+j9.42141238150496218573e-02
  -2.05171500956358748846e-01+j9.75654891390597828194e-02
  -2.05435841854409051432e-01+j1.00936409421422818022e-01
  -2.05597602449517968815e-01+j1.04323500212048031477e-01
  -2.05656158386519488657e-01+j1.07723355945523333044e-01
  -2.05610997462363831456e-01+j1.11132553514885032420e-01
  -2.05461719644546042529e-01+j1.14547655802170980643e-01
  -2.05208036989560693719e-01+j1.17965215164065009845e-01
  -2.04849773466458107141e-01+j1.21381776870090024589e-01
  -2.04386864689463654265e-01+j1.24793882492265126305e-01
  -2.03819357564607117617e-01+j1.28198073244424837203e-01
  -2.03147409854286115083e-01+j1.31590893270657344205e-01
  -2.02371289664306119871e-01+j1.34968892881738355971e-01
  -2.01491374857490995742e-01+j1.38328631739385060628e-01
  -2.00508152397795846866e-01+j1.41666681988165621409e-01
  -1.99422217628926534694e-01+j1.44979631335057201902e-01
  -1.98234273491151524738e-01+j1.48264086077115025963e-01
  -1.96945129679893304875e-01+j1.51516674077749213811e-01
  -1.95555701749408283874e-01+j1.54734047692507120653e-01
  -1.94067010164879344414e-01+j1.57912886645335259761e-01
  -1.92480179305812015844e-01+j1.61049900856410549421e-01
  -1.90796436423530224591e-01+j1.64141833223106770046e-01
  -1.89017110555408152095e-01+j1.67185462355338460005e-01
  -1.87143631398119347775e-01+j1.70177605267243459153e-01
  -1.85177528142035807690e-01+j1.73115120026726854174e-01
  -1.83120428268657653437e-01+j1.75994908364855873195e-01
  -1.80974056312701303550e-01+j1.78813918247132719319e-01
  -1.78740232590333891771e-01+j1.81569146408508297341e-01
  -1.76420871894532926838e-01+j1.84257640854468329739e-01
  -1.74017982158554962435e-01+j1.86876503330224985611e-01
  -1.71533663088360266435e-01+j1.89422891760039319164e-01
  -1.68970104763994405372e-01+j1.91894022659166885170e-01
  -1.66329586210448271411e-01+j1.94287173520353018130e-01
  -1.63614473937754273392e-01+j1.96599685177009986248e-01
  -1.60827220449911045819e-01+j1.98828964145426362320e-01
  -1.57970362722273188760e-01+j2.00972484947683549539e-01
  -1.55046520646266255961e-01+j2.03027792417690616800e-01
</dep>
